sale_price,living_area,overall_qual,year_built,total_bsmt_sf,garage_area,lot_area,full_bath,bedrooms,fireplaces,total_rooms,year_remod
215,1656,6,1960,1080,528,31770,1,3,2,7,1960
105,896,5,1961,882,730,11622,1,2,0,5,1961
172,1329,6,1958,1329,312,14267,1,3,0,6,1958
244,2110,7,1968,2110,522,11160,2,3,2,8,1968
189.9,1629,5,1997,928,482,13830,2,3,1,6,1998
195.5,1604,6,1998,926,470,9978,2,3,1,7,1998
213.5,1338,8,2001,1338,582,4920,2,2,0,6,2001
191.5,1280,8,1992,1280,506,5005,2,2,0,5,1992
236.5,1616,8,1995,1595,608,5389,2,2,1,5,1996
189,1804,7,1999,994,442,7500,2,3,1,7,1999
175.9,1655,6,1993,763,440,10000,2,3,1,7,1994
185,1187,6,1992,1168,420,7980,2,3,0,6,2007
180.4,1465,6,1998,789,393,8402,2,3,1,7,1998
171.5,1341,7,1990,1300,506,10176,1,2,1,5,1990
212,1502,8,1985,1488,528,6820,1,1,0,4,1985
538,3279,8,2003,1650,841,53504,3,4,1,12,2003
164,1752,8,1988,559,492,12134,2,4,0,8,2005
394.432,1856,9,2010,1856,834,11394,1,1,1,8,2010
141,864,4,1951,864,400,19138,1,2,0,4,1951
210,2073,6,1978,1542,500,13175,2,3,2,7,1988
190,1844,6,1977,1844,546,11751,2,3,1,7,1977
170,1173,7,1974,1053,528,10625,2,3,2,6,1974
216,1674,7,2000,814,663,7500,2,3,0,7,2000
149,1004,6,1970,1004,480,11241,1,2,1,5,1970
149.9,1078,5,1971,1078,500,12537,1,3,1,6,2008
142,1056,5,1968,1056,304,8450,1,3,1,6,1968
126,882,4,1970,882,525,8400,1,2,0,4,1970
115,864,4,1971,864,0,10500,1,3,1,5,1971
184,1337,7,1999,1405,511,5858,2,2,1,5,1999
96,987,6,1971,483,264,1680,1,2,0,5,1971
105.5,1092,5,1971,525,320,1680,1,3,0,6,1971
88,1092,6,1971,525,264,1680,1,3,0,6,1971
127.5,1069,6,1977,1069,440,4043,2,2,1,4,1977
149.9,1456,6,1975,855,440,2280,2,3,1,6,1975
120,836,7,1975,836,308,2280,1,2,0,4,1975
146,1456,6,1978,855,440,2280,2,3,1,7,1978
376.162,2334,9,2009,1590,751,12858,2,3,1,10,2010
306,1704,8,2007,1704,772,11478,2,3,1,7,2008
395.192,1940,9,2009,1930,606,10159,2,3,1,8,2010
290.941,1544,8,2009,1544,868,12883,2,3,0,7,2010
220,1541,7,2005,1541,532,12182,2,3,1,7,2005
275,1698,9,2005,1698,730,11520,2,3,1,7,2005
259,1822,8,2005,1822,678,14122,2,3,1,8,2006
214,1535,7,2004,1517,532,10171,2,3,0,7,2004
611.657,2364,9,2009,2330,820,12919,2,2,2,11,2010
224,1358,7,2009,1358,484,6371,2,2,1,6,2010
500,2696,9,2003,2846,958,14300,2,3,2,10,2004
320,2250,8,2002,1671,756,13650,2,3,1,7,2002
319.9,1752,9,2005,1752,576,7658,2,2,1,6,2005
205,1370,8,2006,1370,484,7132,2,2,1,6,2006
175.5,1626,7,2003,764,474,2628,2,2,0,6,2003
199.5,1324,6,2005,1324,430,18494,2,3,0,6,2005
160,1145,7,2006,1145,437,3203,2,2,0,6,2006
192,1269,8,2004,1256,430,3182,2,2,1,6,2005
184.5,1374,7,2004,384,400,13300,2,3,1,7,2004
216.5,1960,6,2002,860,440,7851,2,4,2,8,2002
185.088,1733,7,2004,847,433,8577,2,3,1,7,2004
180,1430,7,2000,384,400,7750,2,3,1,7,2000
222.5,2035,7,2001,884,434,9505,2,3,1,8,2001
333.168,2599,9,1999,1393,779,14774,2,4,1,10,1999
355,2475,8,1998,1629,962,17433,2,4,1,7,1998
260.4,1720,7,1996,1720,527,10593,2,3,1,7,1996
325,2622,8,1994,1463,712,12256,2,3,2,9,1995
290,2270,8,1999,1152,671,11764,2,4,1,9,2007
221,1839,7,1998,1195,486,16770,2,4,0,7,1998
410,3238,8,1995,2033,666,14720,2,4,1,9,1996
221.5,1595,8,2005,1595,880,8987,2,2,1,6,2006
204.5,1218,7,2009,1218,676,9215,2,2,0,4,2010
215.2,1547,7,2009,756,614,8640,2,3,0,7,2009
262.5,1566,8,2008,1566,750,9000,2,3,0,7,2008
254.9,1947,7,2004,991,678,12552,2,3,1,8,2005
271.5,1468,6,2005,1468,528,10440,2,2,1,6,2005
233,2084,7,2004,956,618,10142,2,4,0,8,2004
181,1659,7,2004,831,484,11920,2,3,0,8,2004
205,2110,7,1994,948,463,8880,2,3,2,8,2002
143,923,6,1980,923,264,8012,2,2,1,5,1980
189,1845,6,1992,1055,462,11218,2,3,1,8,1992
99.5,918,6,1979,918,264,7892,2,2,1,5,1979
125,752,6,1984,744,264,7175,1,2,0,4,1984
194.5,1744,7,1993,996,457,9453,2,3,0,7,2003
152,1097,6,1984,1040,480,9672,2,3,0,6,1985
171,1564,6,1980,650,476,8400,2,3,1,7,1981
67.5,1012,5,1920,816,429,9800,1,2,0,5,1950
112,1902,6,1978,0,539,8930,2,4,0,8,1978
148,1155,5,1961,1109,576,11782,1,3,0,6,1995
138.5,894,5,1965,894,336,8450,1,3,1,5,2009
122,900,5,1967,882,280,9819,1,3,0,5,1967
133,1040,5,1963,1040,308,7500,1,3,0,5,1963
127,1040,5,1962,1040,260,6897,1,3,0,6,2010
169,1494,6,1974,1208,461,15410,2,3,2,7,2002
190,1923,7,1992,750,564,10186,2,3,1,8,1992
362.5,2349,8,1993,1231,762,13143,2,4,1,9,1993
285,2225,8,1992,1390,713,11134,2,4,1,7,1993
260,1488,7,2004,1488,506,4835,2,2,1,6,2005
190,1680,7,2004,840,588,3515,2,2,0,3,2004
155,1200,7,2004,600,480,3215,2,2,0,4,2004
151,1200,7,2004,600,480,3182,2,2,0,4,2005
149.5,1200,7,2004,600,480,2544,2,2,0,4,2005
152,1236,6,2005,600,480,2544,2,2,0,4,2005
222,1478,7,2009,1470,484,4403,2,2,1,7,2009
177.5,1573,6,2000,756,440,2117,2,3,0,5,2000
177,1512,6,2000,756,440,2980,2,2,0,5,2000
155,1416,7,1999,696,484,2572,2,3,0,6,1999
147.11,1080,7,2003,530,496,2403,2,2,0,4,2003
267.916,1418,8,2010,1642,852,12853,1,1,1,6,2010
254,1848,8,2000,975,592,7379,2,3,1,7,2000
155,788,8,1980,728,484,4420,1,1,1,3,1980
206,1226,8,1978,1226,484,3880,1,1,1,4,1978
130.5,1479,6,1976,725,475,13517,2,3,0,6,2005
230,1492,7,2002,1492,596,8000,2,3,1,6,2002
218.5,1829,6,1967,1829,535,10456,2,4,0,8,1967
243.5,2495,6,1993,1280,660,10791,2,4,1,9,1993
205,1610,6,1977,1610,480,10603,2,3,2,6,2001
212.5,1891,6,1978,1224,678,18837,3,3,1,7,1978
196.5,1714,7,1988,980,496,10421,2,3,1,7,1988
197.5,1381,6,1972,1161,676,9360,1,3,1,5,2006
171,1645,6,1971,715,441,9600,1,4,0,7,1971
142.25,1232,5,1966,1232,490,9600,1,3,0,6,1966
143,1328,6,1963,1328,528,9790,1,3,2,6,1963
128.95,1225,4,1959,950,0,9320,1,3,0,6,1959
159,1209,5,1966,1209,504,9900,1,3,0,6,1966
178.9,1510,5,1967,1510,517,9680,2,3,0,6,1967
136.3,1775,6,1964,533,480,10600,2,3,0,8,1964
180.5,1152,5,1964,1152,484,14112,1,3,1,6,1964
137.5,1054,6,1963,936,480,8800,1,3,0,6,1963
84.9,1728,5,1962,1728,0,13260,2,6,0,10,2001
142.125,1078,5,1950,1078,240,9717,1,2,0,5,1996
197.6,2461,5,1952,1140,400,9724,2,3,2,7,2002
172.5,1556,6,1949,782,470,17360,2,3,1,6,1950
116.5,858,5,1958,858,0,7207,1,2,0,4,2008
76.5,1306,3,1940,728,0,5350,1,3,0,6,1966
128,1063,5,1954,1056,280,9920,1,3,0,6,1954
153,1520,6,1955,1156,364,9600,1,3,2,7,1972
132,1268,5,1954,1268,244,7800,1,2,1,7,1954
178,1128,6,1966,1080,315,11380,1,2,1,5,2008
154.3,2274,5,1960,1105,480,11600,2,5,0,12,1960
180,2207,7,1970,1947,576,19900,2,3,1,7,1989
190,1888,6,1966,1517,578,16492,2,2,1,6,2002
135,1604,5,1958,1604,576,8267,2,4,0,8,1958
214,1480,7,2003,1480,620,8197,2,3,0,7,2009
136,1143,5,1959,1143,308,8050,1,3,0,6,1959
165.5,1700,5,1959,1398,447,10552,1,4,1,6,1959
145,1314,5,1957,1314,294,8400,1,3,0,5,1957
148,1194,6,1959,1194,312,8760,1,3,0,6,1959
142,1188,5,1959,1188,531,12160,1,3,0,6,1959
167.5,1264,5,1960,1268,461,9300,1,3,2,6,1960
108.538,1206,5,1959,1206,312,10725,1,3,0,6,1959
159.5,1580,6,1959,1244,440,10032,1,3,2,6,1959
108,1337,4,1956,832,263,8382,1,3,0,5,1956
135,1064,5,1952,864,318,10950,1,2,0,4,1952
122.5,972,5,1955,972,305,10895,1,3,0,5,1955
119,988,5,1958,988,264,13587,1,2,0,5,1958
109,1057,5,1953,1057,246,7922,1,3,0,5,2007
105,985,4,1920,576,676,7898,1,2,0,4,1994
107.5,827,5,1955,0,392,7200,1,2,1,5,2007
144.9,1086,5,1954,1086,490,10200,1,3,0,6,2003
129,936,5,1956,936,308,5868,1,2,0,4,2000
97.5,1458,6,1948,912,330,17503,1,3,1,6,1950
144,1056,6,1980,1056,576,6979,0,0,0,4,1980
162,1287,5,1959,1063,576,9830,1,3,1,7,2006
242,2978,7,1967,710,564,11275,2,5,1,11,2007
132,1224,6,1948,816,280,8064,1,3,0,5,2004
154,1246,5,1959,1246,305,7500,1,3,0,6,1994
166,1385,5,1952,910,720,8520,2,4,0,6,1952
134.8,900,5,1951,900,576,7200,1,3,0,5,2000
160,1116,6,1962,1116,440,10000,1,3,0,5,1962
148,1175,5,1960,1175,484,7635,1,3,0,6,1960
192,1395,6,1963,1395,440,9760,1,2,1,7,1984
155,1839,6,1966,756,442,7700,1,4,1,7,1966
80.4,1844,4,1900,709,240,4800,1,3,2,9,1954
96.5,1140,4,1910,576,0,8800,1,3,0,7,2004
109.5,936,5,1920,936,0,4485,1,2,1,5,1950
115,1028,5,1927,1008,360,8960,1,2,1,5,1950
143,1347,5,1957,1347,551,5805,1,3,0,6,1957
107.4,1605,3,1915,840,379,5790,2,3,0,8,1950
80,747,4,1945,747,220,4608,1,2,0,4,1950
119,804,5,1940,788,240,7200,1,2,2,4,1992
130,1316,5,1929,926,484,5500,1,3,0,6,2001
119,1251,6,1938,827,240,6900,1,3,0,6,2000
129,1633,5,1948,1027,240,11851,1,3,1,7,2009
100,1245,5,1920,1008,315,8239,1,3,0,6,1962
12.789,832,2,1923,678,780,9656,1,2,1,5,1970
105.9,720,6,1928,624,484,8520,1,2,0,5,2003
150,1566,8,1900,930,288,9600,2,3,0,7,2003
139,1652,5,1915,686,416,10800,2,4,0,7,1950
240,2268,8,1890,346,624,9000,3,3,0,7,2002
76.5,2256,5,1910,840,0,9045,2,4,0,12,1950
149.7,1236,6,1957,912,923,7407,1,2,0,6,1996
125.5,1363,4,1910,622,528,7740,1,3,0,6,1950
122.5,2290,4,1885,777,560,11340,2,4,0,11,1950
140.75,1470,6,1922,738,624,10560,1,2,0,6,1994
128.5,1612,5,1950,988,363,5830,1,3,0,7,1997
209.5,2068,7,1922,1108,315,7793,1,3,1,8,2005
87,765,4,1925,765,200,5000,1,2,0,4,1950
134,1132,6,1939,608,240,6000,1,2,0,5,1950
128,1196,6,1940,572,576,6000,1,3,2,6,1950
132,1453,5,1942,835,240,6360,1,3,2,7,1950
139.9,1416,6,1948,780,312,6000,1,3,0,6,1950
123.9,1040,5,1936,528,624,6240,1,2,0,5,1980
138.4,1536,5,1930,928,480,6240,2,4,1,7,1950
109.5,1068,6,1923,1124,288,6120,1,2,1,5,1950
140,1710,7,1921,576,480,10300,2,3,0,9,1950
149.5,1962,4,1915,888,572,8094,1,4,1,9,1950
159.9,1560,6,1912,780,0,12900,1,3,0,7,2009
122,1324,6,1920,662,180,3068,1,3,0,6,1993
110,816,5,1963,816,516,8472,1,2,0,5,1963
55,1092,4,1930,0,0,5600,2,3,0,7,1950
140,1812,5,1900,360,672,7630,2,4,1,8,1996
244.4,2403,7,1940,1032,349,24090,2,4,2,10,1950
173,1675,5,1959,1422,365,15263,2,3,2,8,1959
107.5,1224,5,1917,689,180,10632,1,3,0,6,1950
100,1392,5,1915,1212,0,9900,1,3,0,6,1950
95,919,6,1940,600,231,6001,1,3,0,5,1950
93.369,1884,4,1907,707,0,6449,1,4,0,7,1950
114.9,1680,5,1910,856,450,6048,2,2,1,7,1950
94,1020,5,1875,780,0,6342,1,2,0,6,1996
136,1832,4,1967,1832,0,10773,2,4,0,8,1967
136.5,1768,4,1968,1768,0,10778,2,4,0,8,1968
131.5,1039,5,1965,1039,504,11625,1,3,0,6,1965
121.5,1392,5,1957,1392,528,11341,1,3,1,5,1996
125,912,5,1967,912,336,8521,1,3,1,5,1967
154,1060,5,1968,1060,270,8246,1,3,1,6,2001
137.9,892,5,1966,864,416,7800,1,3,0,5,2008
158,1352,6,1969,663,299,9364,1,4,0,7,1969
137.25,864,5,1968,864,280,7832,1,2,0,4,1968
160.25,1373,5,1978,1319,591,7424,1,3,2,5,1978
163,1440,5,1968,720,480,11227,1,4,2,7,1968
158.9,1386,6,1978,672,440,11616,2,3,1,6,1978
328,2260,7,1996,1306,533,14000,2,3,0,7,1997
270,1483,7,1977,1420,690,20062,1,1,2,4,2001
85,756,4,1927,660,440,9259,1,2,0,4,1950
128,1067,4,1950,1067,436,9600,2,2,0,4,1995
260,1524,7,1979,1332,586,23595,0,0,1,4,1979
230,1981,6,1978,1117,522,17082,2,4,1,8,1992
124,1610,3,1938,972,480,18600,2,4,1,8,1990
83,835,5,1920,458,366,10625,1,2,0,5,1950
144.5,1074,6,1950,663,467,11479,1,3,1,6,1987
129,1144,5,1956,1144,596,9571,1,3,0,6,1956
127,1531,4,1947,756,209,9350,1,3,1,8,1979
128,1172,5,1954,1172,366,9525,1,3,0,5,1998
186,1212,6,2009,1212,460,10420,2,3,0,6,2009
308.03,1508,7,2009,1508,572,17485,1,1,2,5,2010
114,1298,5,1964,1250,504,11200,2,3,0,5,1964
84.9,930,4,1946,0,308,11100,1,2,0,6,2006
178,1732,6,1985,741,476,9206,2,3,1,7,1985
270,1433,7,1987,1433,528,11980,1,1,2,4,1987
218,1802,6,1993,946,1017,12361,2,3,1,8,1993
236,1949,7,1993,1050,574,9938,2,3,1,8,1994
147,996,6,1992,936,564,9069,1,2,0,5,1992
245.35,1694,8,2008,1694,776,10475,2,3,0,7,2008
206,1208,7,2006,1187,632,6762,2,2,0,6,2006
198.9,1226,7,2009,1226,740,10402,2,3,0,6,2009
187,1222,7,2010,1222,615,7360,2,2,0,6,2010
320,3222,7,1990,1673,594,12376,3,5,2,11,1990
138.5,1445,6,1900,676,484,14235,2,3,0,6,1993
155,1052,6,1971,1010,440,8816,1,3,0,6,1971
159,965,5,1996,870,580,11105,1,2,0,4,1996
191,1692,7,1997,878,513,9337,2,3,1,8,1998
200.5,1682,6,1998,804,523,8750,2,3,0,7,1998
150,1026,5,1977,1026,308,15240,1,3,0,5,2004
161.75,1392,6,1977,689,299,10900,1,3,0,6,1977
128.2,894,5,1976,894,308,10650,1,3,0,5,1976
127,876,5,1972,876,484,7480,1,3,0,5,1972
318,1978,8,2003,1978,850,10389,2,3,1,8,2003
272,1601,8,2001,1581,670,11423,2,3,1,6,2002
237,1829,7,2003,941,613,9548,2,3,1,7,2003
240,2098,7,1997,1040,621,9375,2,4,1,9,1997
224.9,1661,7,1998,1649,598,12137,2,3,0,6,1998
143.75,848,6,2003,848,420,4435,1,1,0,4,2003
143,848,6,2004,848,420,4426,1,1,0,3,2004
232,1668,8,2003,1657,502,10635,2,3,1,8,2003
213,1484,7,2004,1473,606,8400,2,3,0,7,2005
185.5,1414,7,2004,1414,494,8773,2,3,0,6,2004
84.9,640,3,1945,0,240,8777,1,2,0,5,2007
155.891,992,5,1954,381,319,8842,1,3,0,6,1954
100,1664,5,1965,0,0,9825,2,4,0,8,1965
144,1196,5,1968,1196,336,10044,1,3,0,6,1968
64,1120,4,1948,744,480,11792,1,2,0,5,1950
125.2,1096,6,1975,1008,352,6305,1,3,1,5,1975
107,1117,6,1976,1029,672,7819,1,3,1,6,1976
90,960,4,1958,960,0,6410,1,3,0,5,1958
140,1121,4,2003,1121,440,8546,2,2,0,5,2004
113,1487,6,1945,735,220,8741,1,3,1,7,1950
80,924,4,1941,672,280,12180,1,2,0,5,1950
144.5,1526,5,1957,1216,364,8562,1,4,1,7,2002
104,1296,5,1924,1107,260,4853,2,2,1,5,1999
128,1647,6,1915,806,216,6858,1,4,0,6,1950
58.5,864,3,1914,864,200,8212,1,2,0,5,1950
127,1691,5,1924,1026,308,5000,2,3,1,6,1950
126,856,6,1939,856,399,7890,1,2,1,4,1950
160,2650,4,1967,0,0,7200,3,6,0,10,1967
100,1666,5,1931,894,0,9839,1,3,1,7,1950
169,2447,6,1919,804,336,9638,2,4,1,10,1990
257.5,2133,7,1941,1528,312,10452,1,4,2,8,1985
215,2177,5,1950,1032,484,15600,2,5,0,11,1991
266.5,2340,7,1941,1152,252,9042,2,4,2,9,2006
335,1902,7,1959,1902,567,17500,2,3,2,7,2002
203.135,1652,7,1994,423,473,19645,2,3,0,6,2007
185,1034,8,1989,982,598,3907,1,1,1,4,1989
162.5,1191,8,1989,1191,531,3907,2,2,1,5,1989
289,1801,7,1959,1501,484,15602,2,1,2,6,1997
125.5,1154,4,1922,796,240,5436,1,3,0,7,2007
82,540,2,1941,480,200,8154,1,1,0,4,1950
110,1107,6,1921,629,625,9140,1,2,0,5,1975
68.4,1128,4,1920,698,528,7500,1,2,0,6,1950
102.776,1178,4,1900,859,384,8712,1,2,0,7,1950
55.993,1044,5,1952,540,504,8712,1,2,0,4,1952
50.138,952,4,1896,756,330,8712,1,3,0,5,1950
246,1646,8,2004,1594,525,3811,2,2,1,5,2005
254.9,1916,8,1998,1049,741,11050,2,3,1,8,1999
190,1285,6,1977,1243,473,9620,2,3,1,6,1977
201,1560,7,2003,1560,573,9196,2,3,0,7,2003
169.9,1034,6,1976,1012,888,12328,1,3,0,6,1976
170,2048,6,1976,1958,776,12760,3,5,0,9,1976
160,1687,5,1948,747,572,57200,1,3,2,7,1950
220,1346,7,2008,1336,660,11896,2,3,1,6,2008
179.781,1214,7,2009,1214,520,9803,2,2,0,6,2010
174,1444,5,2006,384,400,9802,2,3,0,7,2007
269.5,1968,8,2009,774,680,12003,2,4,1,8,2010
214.9,1894,7,2002,817,510,11316,2,4,1,8,2003
202.9,1908,8,2002,967,431,14191,2,4,0,9,2002
378.5,2018,9,2008,2002,746,13214,2,3,1,10,2009
169,1264,5,1965,1068,528,15300,1,2,1,7,1977
173.5,1430,5,2004,1430,624,10114,2,3,0,7,2005
139,1824,6,1971,912,0,9400,2,4,0,8,1971
166.5,1344,5,1999,1344,686,11875,2,3,1,7,1999
83.5,1092,4,1973,546,286,1974,1,3,0,6,1973
119.5,945,5,1973,945,253,2394,1,2,1,5,1973
85,1112,5,1976,536,336,2592,1,3,0,4,1976
76,1092,4,1970,546,0,1476,1,3,0,5,1970
75.5,630,4,1972,630,0,1491,1,1,0,3,1972
88.25,1092,4,1970,546,0,1900,1,3,0,5,1970
85.5,1092,4,1972,546,286,1890,1,3,0,5,1972
130,874,5,1971,864,352,6953,1,3,0,5,2004
157.9,1188,5,1962,1188,312,26142,1,3,0,6,1962
149.9,833,5,1984,833,495,12887,1,2,0,5,1984
159,2432,5,1985,1216,616,7700,4,4,0,10,1986
136,1274,5,1991,624,576,10475,1,3,0,6,1991
161,1479,5,1969,864,275,10544,2,5,0,8,1969
285,1803,8,1994,1679,482,9892,2,3,2,6,1995
231,1797,6,1993,1152,616,12961,2,3,1,7,1994
124.5,882,6,1956,882,502,13008,1,2,0,5,1956
157,1434,6,1974,1434,528,10200,2,4,1,7,1974
345,2704,8,1972,1952,538,13860,2,4,3,9,1995
189.5,1608,6,1997,945,470,10179,2,3,1,7,1997
270,2283,8,2003,1008,632,11792,2,4,1,9,2003
189,1628,7,1996,384,390,8400,2,3,1,7,1997
377.5,1746,9,2006,1746,758,14892,2,3,2,7,2007
168.5,1474,7,1995,384,400,8530,2,3,1,7,1996
375,2522,8,2004,2208,564,7296,2,1,1,8,2005
278,1659,8,2000,1501,499,5664,2,2,1,5,2000
240,1478,8,1998,1418,495,7380,2,2,0,5,1998
239.5,1734,8,1995,1587,528,8013,2,2,0,6,1996
177.5,1382,7,1998,384,396,8923,2,3,1,7,1998
185,1718,7,1998,832,427,10141,2,3,1,7,1998
191,1636,6,1998,952,440,7500,2,3,1,7,1999
178,1571,6,1993,799,380,7837,2,3,1,7,1994
185,1470,6,1993,680,420,9765,2,3,1,6,1993
181.316,1516,6,1994,707,409,8803,2,3,1,7,1995
166,1190,6,1993,1181,430,7250,2,3,1,6,1993
178,1593,6,1992,808,389,9636,2,3,1,7,1993
174,1481,6,1994,702,343,8125,2,3,1,6,1995
173,1167,6,1992,1158,400,9248,2,3,0,6,1992
225,1983,7,1999,978,490,10762,2,3,1,9,1999
180.5,1442,7,1990,1424,500,11851,2,3,0,5,1990
187.5,1360,8,1984,1220,565,5814,1,1,1,4,1984
501.837,2234,9,2008,2216,1166,17423,2,1,1,9,2009
372.5,2046,8,2008,2046,834,11844,2,3,1,7,2008
260,1530,7,2005,1530,430,16158,2,3,1,7,2005
185,1934,5,1977,1122,567,11900,2,3,1,6,1977
260,2353,7,1980,845,484,13005,2,4,1,10,1980
181,1586,6,1979,1362,435,17043,2,3,1,7,1998
82.5,1411,7,1977,1386,544,11900,2,3,1,6,1977
215,1602,6,1977,1602,529,16635,2,3,1,8,2000
154,2050,7,1978,832,529,13250,2,4,1,8,1978
200,1671,6,1978,1427,484,10928,2,3,1,7,1986
249,2673,7,1980,1043,441,12388,2,4,1,9,1991
187.5,1472,7,1980,1372,588,14115,2,3,2,6,1980
184,1707,6,1978,1140,479,11088,2,3,1,7,1998
278,2524,8,1981,2524,542,9600,2,4,1,9,1981
157,1601,7,1978,1271,478,11880,2,3,1,7,1978
152,1370,7,1976,1090,479,10400,2,3,1,6,1976
197.5,1868,5,1976,780,484,10304,2,4,1,9,1976
240.9,1884,7,2003,926,581,7000,2,3,1,7,2003
263.435,1935,8,2009,832,552,8004,2,3,0,8,2009
220,1874,8,2000,1058,588,7500,2,3,1,7,2001
235,1811,8,2002,972,565,8470,2,3,1,7,2002
213,1621,5,1975,1621,478,9373,2,3,2,7,1975
167.9,1116,6,1974,1116,528,10140,2,3,1,6,1974
158,1193,7,1975,1176,506,11050,2,3,1,5,1975
165,1350,6,1974,1064,478,10140,2,3,1,7,1974
158,2119,6,1972,689,583,10448,2,3,1,7,1972
136,1792,5,1974,896,0,9000,2,4,0,8,1974
148.5,1002,5,1970,1002,902,8750,1,3,0,5,1970
156,1026,6,1969,1026,440,7930,1,3,0,5,2005
128,1180,5,1970,1180,477,7830,1,2,0,6,1970
143,1050,5,1971,1043,336,8510,1,3,0,6,1971
76.5,864,4,1970,864,576,7038,1,3,0,5,1970
120.5,864,4,1970,864,660,6960,1,3,0,5,1970
124.5,864,4,1970,864,463,8120,1,3,0,5,1970
97,864,4,1971,864,576,10500,1,2,0,4,1971
130,864,4,1971,864,576,9000,1,3,0,5,2006
111,987,6,1973,483,264,1680,1,2,0,5,1973
125,1365,5,1970,765,440,2368,1,3,0,7,1970
112,1302,5,1971,630,280,1680,2,3,0,6,1971
97,987,6,1972,483,288,1680,1,2,0,5,1972
118,987,6,1972,483,264,1680,1,2,0,5,2007
119.5,1302,5,1972,630,264,1680,2,3,0,6,1972
143.75,958,6,1976,958,440,4928,2,2,0,5,1976
146,1548,6,1976,804,440,2308,2,3,1,7,1976
148.5,1456,6,1976,855,440,2280,2,3,1,7,1976
123,1055,7,1975,1057,440,2280,2,2,1,4,1975
147,1322,6,1974,855,440,2308,2,3,1,6,1974
137.9,1456,6,1977,855,440,2349,2,3,1,6,1977
147,1548,6,1978,804,440,2364,2,3,1,7,1978
148.5,1441,6,1978,855,440,2289,2,3,1,7,1978
138,1456,6,1978,855,440,2364,2,3,1,6,1978
128.5,836,7,1976,836,345,2104,1,2,0,5,1976
100,892,5,1967,892,288,7150,1,3,0,5,1967
148.8,1120,5,1966,864,656,10710,1,3,1,5,2004
337.5,1718,10,2006,1700,786,12456,2,3,1,7,2007
462,2772,9,2007,1776,754,14257,3,4,3,10,2007
485,3140,9,2008,1926,820,13518,3,4,2,11,2009
555,2402,10,2008,3094,672,15431,2,2,2,10,2008
325,1652,9,2006,1652,840,13173,2,2,2,6,2007
256.3,1600,8,2007,1566,890,14230,2,3,1,7,2007
253.293,2042,8,2008,2042,1390,12704,2,3,1,8,2009
398.8,2690,9,2009,1365,864,12350,2,3,1,8,2009
335,2184,9,2008,1104,836,11308,2,3,1,10,2008
404,2020,9,2008,2020,896,12350,2,3,1,7,2008
402.861,2020,10,2009,2006,900,12220,2,3,1,9,2009
451.95,2296,10,2008,1722,842,13478,2,3,1,10,2008
610,2674,10,2007,2630,762,13693,2,2,2,8,2007
582.933,2822,9,2008,1734,1020,13891,3,4,1,12,2009
360,1736,9,2008,1736,834,11578,2,3,1,7,2008
296,1782,8,2004,1782,932,16870,2,3,2,7,2005
409.9,2520,8,2007,1508,640,23303,2,5,1,10,2007
255.5,1717,8,2006,1709,908,11146,2,3,1,7,2006
335,1743,9,2008,1739,927,10367,2,3,1,8,2008
274.9,1713,8,2004,1713,856,9591,2,3,1,7,2005
300,1531,9,2006,1504,700,10872,2,2,1,6,2006
324,1808,9,2008,1774,850,13514,2,3,1,7,2008
350,2224,9,2004,1462,738,8834,2,4,1,10,2005
280,1836,8,2004,1836,862,11362,2,3,1,7,2005
284,1629,8,2003,3206,880,10655,2,3,1,7,2004
269.5,1760,7,2003,1760,583,12878,2,3,1,8,2004
233.17,1502,7,2009,1502,644,9541,2,3,0,7,2009
386.25,2392,10,2003,2392,968,13472,2,3,1,8,2003
445,2452,9,2003,2452,886,15274,2,3,1,10,2003
290,2400,8,2003,1082,730,13262,3,4,1,10,2004
255.9,1606,8,2006,1598,871,9658,2,3,1,6,2006
213,1358,6,2005,1358,484,6904,2,2,1,6,2005
196,1306,6,2005,1306,624,5381,2,1,1,5,2005
184.5,1306,6,2005,1306,624,5122,2,1,1,5,2005
212.5,1358,7,2007,1350,484,10307,2,2,1,6,2008
230,1314,7,2007,1314,626,5001,2,2,1,6,2008
552,2492,10,2004,2492,949,14836,2,2,1,8,2005
382.5,2200,8,2003,2200,685,15262,2,3,1,8,2004
320,1884,9,2008,1884,649,7390,2,2,1,6,2009
248.5,1456,9,2008,1451,539,6472,2,2,1,6,2008
286.5,1712,8,2002,1712,701,16770,2,3,1,8,2003
254,1324,8,2006,1324,550,6240,2,2,1,6,2006
173,1405,7,2003,1405,478,3480,2,2,1,6,2003
173,1626,7,2003,764,474,2268,2,2,0,6,2004
184,1456,7,2005,728,390,10928,2,3,1,8,2005
167.8,1490,6,2005,745,392,8918,2,3,1,7,2006
174,1484,6,2005,742,390,12589,2,3,1,8,2005
174,1560,6,2005,684,400,11911,2,3,1,6,2005
174,1555,7,2007,1373,660,3684,2,2,1,7,2007
175.9,1569,7,2007,1386,660,3635,2,1,1,7,2007
192.5,1555,7,2005,1373,430,3182,2,2,1,7,2006
181,1504,7,2005,1346,457,3182,2,1,1,7,2006
180,1220,7,2005,1220,397,3182,2,2,1,5,2006
160.2,1145,7,2005,1145,397,3182,2,2,1,5,2006
188.5,1432,7,2004,716,432,7795,2,3,1,6,2005
200,2267,6,2002,1010,390,8068,2,4,1,8,2002
170,1374,7,2004,384,400,9434,2,3,1,6,2005
189.5,1630,7,2004,868,436,7984,2,3,1,7,2005
184.1,1419,8,2002,408,527,7750,2,3,1,7,2002
195.5,1594,7,2004,846,434,10125,2,3,1,7,2004
192,1489,7,2003,782,400,8965,2,3,1,8,2003
178,1342,7,2003,698,393,8174,2,3,1,7,2003
207.5,1314,7,2007,1314,626,5063,2,2,1,6,2008
236,2256,7,2000,952,554,8795,2,4,1,8,2000
257.5,2004,8,2002,870,644,12891,2,4,1,8,2002
244,2054,6,2000,992,390,12224,2,3,1,7,2000
167,1374,7,2004,384,400,9734,2,3,0,7,2004
179,1800,6,2000,982,463,8123,2,3,1,7,2000
190,1514,6,2000,794,394,8433,2,3,1,7,2000
156,1430,7,1999,384,400,7750,2,3,1,7,2000
245,2312,7,1999,1177,658,15896,2,4,1,8,1999
181,1675,6,1999,841,502,24682,2,3,1,7,1999
214,2060,7,1999,992,390,8755,2,3,1,8,1999
168,1430,7,1999,384,410,7848,2,3,1,7,1999
337,2365,8,1999,1252,856,9430,2,3,1,8,1999
403,2794,8,1995,1462,810,15138,2,4,1,9,1996
327,2687,8,2000,1455,810,12720,2,4,2,10,2000
340,2450,8,1998,1284,1069,16545,2,3,1,7,1998
336,2612,8,1998,1225,676,12203,2,4,1,8,1999
265,2344,7,1996,1264,889,10208,2,3,1,7,1997
315,2063,8,1994,2024,815,10750,2,3,2,7,1995
260,2646,7,1993,1347,656,9900,2,4,1,9,1993
260,2061,7,1995,1070,647,9085,2,3,1,7,1996
263.55,2232,8,1993,1173,623,11692,2,3,1,8,1994
402,2448,8,1994,1629,711,46589,2,4,1,8,2005
248,1850,7,1994,973,467,29959,2,3,1,7,1994
244.6,1468,8,2008,1468,898,9612,2,3,1,6,2009
275,1696,8,2008,1696,972,11194,2,3,0,7,2008
257.5,1658,8,2008,1614,726,10206,2,3,1,7,2008
287.09,1578,8,2008,1573,840,9262,2,3,1,7,2009
275.5,1702,8,2007,1702,844,10130,2,3,1,7,2007
245,1432,8,2006,1422,492,9139,2,3,1,7,2006
253,1971,7,2005,1113,689,9675,2,3,1,8,2005
468,2490,9,2005,2458,795,11128,2,2,2,9,2006
252.678,1852,7,2009,900,644,8640,2,3,1,7,2009
210,1590,8,2008,768,676,9000,2,3,0,6,2008
208.3,1218,6,2009,1218,676,7862,2,2,0,4,2009
225,1436,7,2008,1436,529,7993,2,3,0,6,2009
229.456,1314,8,2009,1300,552,8640,2,3,0,6,2009
229.8,1402,7,2008,1402,625,8640,2,3,0,7,2008
250,1530,9,2007,1530,984,12606,2,3,1,7,2008
370.878,1766,9,2009,1766,478,9187,2,2,1,7,2009
238.5,1448,8,2006,1372,692,7500,2,2,1,6,2007
310,2007,10,2008,1017,812,11003,2,3,1,10,2008
270,1795,8,2006,900,782,10603,2,3,1,8,2006
252,1953,8,2005,1082,1043,10574,2,3,1,9,2006
241,1550,7,2006,1092,438,8125,2,2,0,7,2007
264.5,1836,8,2008,1836,517,8125,2,3,1,8,2009
291,1662,7,2006,1652,711,10625,2,3,1,8,2007
263,2094,7,2003,912,615,9375,2,4,1,8,2004
185,1221,7,2004,1221,400,7500,2,2,0,6,2005
234.5,1553,7,2003,1553,588,8736,2,3,0,6,2004
209,1653,7,2003,812,628,8127,2,3,0,6,2003
159,1218,7,2007,1218,576,9605,1,3,0,6,2007
152,1141,7,2006,1141,484,7500,1,3,0,6,2006
143.5,1158,6,2004,1158,0,7500,1,3,0,5,2004
193,1812,7,2004,835,478,10628,2,3,0,8,2004
203,1512,8,2004,1512,845,10141,2,3,0,6,2004
184.9,1200,7,2003,1176,555,10083,2,2,0,5,2003
159,1114,7,2004,1114,576,13072,1,3,0,6,2005
142,1114,5,2004,1114,0,13072,1,3,0,6,2004
153,1114,5,2003,1114,576,12450,2,3,0,6,2004
224.243,1450,7,2008,1450,788,7328,2,2,0,6,2009
220,2122,7,1996,913,559,11492,2,4,1,8,1997
257,1844,8,2005,1844,620,10994,2,2,1,7,2006
189,1434,7,2001,1454,527,8529,2,3,1,6,2001
171.5,1730,6,1992,816,528,7703,2,3,0,6,1992
120,1217,6,1980,626,288,10762,1,3,1,6,1980
145,1332,6,1990,1332,542,7175,2,2,0,5,1991
184,1540,7,1994,754,495,9109,2,3,0,6,1994
162,1400,6,1986,676,465,10274,2,3,0,6,1986
160,1882,6,1981,0,612,8250,2,4,2,8,1981
82,841,4,1950,721,294,8400,1,2,0,4,1950
76,784,6,1928,784,360,9000,1,2,0,5,1950
110,980,5,1962,980,400,9750,1,3,0,5,1962
135,980,5,1977,980,484,7064,1,3,0,6,1977
141,864,5,1961,864,732,8499,1,3,0,5,1961
122,864,5,1961,864,440,9079,1,2,0,5,1961
124.1,1020,5,1965,1024,288,9316,2,3,0,5,1965
129,912,5,1963,912,300,7791,1,3,0,6,1995
131.4,1144,5,1961,864,264,10000,1,3,1,6,1983
62.383,864,5,1965,864,360,8281,1,3,1,5,1965
123,912,5,1962,912,252,7150,1,3,0,6,1962
275,2014,8,1980,2014,864,15676,2,2,2,6,1980
235,1755,7,1991,975,524,11949,2,3,1,7,2008
280.75,3005,7,2004,1376,704,2880,2,3,1,9,2005
164.5,1224,6,2009,612,528,3951,2,2,0,4,2009
173.733,1224,6,2009,612,528,3000,2,2,0,4,2009
222,1726,6,2008,1726,561,3830,2,2,1,6,2008
195,1256,6,2008,1145,641,4217,1,1,1,5,2008
172.5,1471,6,1999,729,440,3230,2,3,0,6,1999
180,1512,6,2000,756,440,2998,2,2,0,4,2000
156,1452,7,1999,691,506,3768,2,3,0,6,1999
172.5,1739,8,1999,970,480,2645,2,3,0,7,2000
318.75,1694,8,1977,1694,642,14694,2,2,1,5,2008
211.5,1226,8,1981,1226,484,3782,1,1,2,4,1981
241.6,1740,7,1981,1740,540,15417,1,2,0,7,1981
180.5,2499,8,1976,392,527,9600,2,4,1,5,1976
150,1620,4,1976,1281,490,9991,2,3,1,8,1993
154,1556,6,1968,727,441,11700,1,4,0,8,1968
185,1442,6,1970,1442,615,11717,2,2,1,6,1970
185.75,1489,6,1968,1489,462,9156,2,3,1,7,1968
200,2090,7,1973,1107,484,10382,2,3,2,7,1973
206,2067,7,1974,752,784,12732,2,3,2,7,1974
162,1395,6,1972,723,497,12936,1,3,1,6,1972
256.9,2640,6,1967,932,515,10400,2,5,1,8,1997
197.9,1724,6,1967,1680,480,17871,1,3,1,7,1976
163,1336,5,1969,1288,502,9600,2,3,1,6,1969
113,1216,6,1969,1216,336,9000,1,3,0,5,1969
230,2288,7,1977,908,520,13774,1,4,2,8,1992
167.9,1334,6,1977,1350,630,9650,2,2,1,6,1977
213.25,1680,7,1998,1650,583,10140,2,3,1,7,1999
227,1665,8,2001,810,528,8400,2,3,0,6,2001
130,864,5,1967,864,312,7130,1,2,0,5,1967
143,1568,5,1967,1568,440,9600,1,3,0,7,1967
117.5,925,5,1965,925,429,9100,1,2,0,5,1965
168.5,2061,7,1974,1165,498,9600,2,4,1,8,1974
172.5,1320,6,1971,1232,495,16500,2,3,1,5,1971
161.5,1342,6,1967,1372,457,9790,2,3,1,7,1967
141.5,894,4,1960,894,396,7436,1,2,1,5,1960
118,864,5,1959,864,308,8125,1,3,0,5,1959
127.5,864,6,1959,864,300,9100,1,2,0,5,1959
140,1362,4,1957,1040,768,9450,1,3,1,6,1957
177.625,1728,5,1956,1048,576,13495,2,3,1,7,1956
110,1776,5,1958,1584,888,11475,2,4,0,9,1958
167,1516,6,1964,1516,472,10004,1,3,0,6,1964
153,1313,5,1961,1313,610,9350,1,3,1,6,1995
145.1,1292,5,1964,1292,520,10500,1,3,2,6,1964
154,1154,5,1966,1154,480,11000,1,3,1,6,1966
177.5,2140,5,1965,744,549,8970,2,4,1,7,1965
158,1445,6,1964,1127,645,12095,1,3,1,7,1964
124.5,1041,5,1959,1041,270,9600,1,3,0,6,1959
174.5,1576,6,1961,1208,368,11475,1,4,1,7,1961
122,960,5,1955,960,330,9768,1,2,0,5,1955
82.5,708,4,1940,420,0,5330,1,2,0,5,1950
110,1203,5,1950,709,352,7015,1,3,1,5,1950
149.5,1505,6,1953,1505,505,12160,1,2,1,6,1953
175,1691,6,1967,1680,550,9900,1,2,0,5,1967
167,1644,6,1953,1416,418,9600,1,3,2,7,1953
128.9,1050,5,1956,1050,338,9600,1,2,0,5,1956
140,1668,6,1950,856,271,9600,1,3,0,6,2005
147,1113,5,1950,1113,264,9600,1,3,1,5,2007
124,1584,5,1967,1584,792,8944,2,4,0,8,1967
187.5,1453,6,1961,1453,530,10573,2,3,1,6,1961
159,1394,6,1963,1394,514,9500,1,3,2,6,1963
256,1567,6,1966,1562,542,14695,2,2,2,5,2008
205,1986,7,1965,768,486,13600,2,3,3,7,1990
193.5,2142,6,1968,896,509,13000,2,4,1,8,1968
110,1392,6,1968,1392,576,13560,1,2,2,5,1968
104.9,1738,4,1920,715,368,12513,2,4,1,7,2007
150,1144,5,1956,1169,286,8760,1,3,0,6,1956
156.5,1478,6,1957,1478,442,8400,1,3,2,6,1957
176,1329,7,1960,1329,441,12285,1,3,2,5,1960
149.5,988,6,1959,988,297,9240,2,3,0,6,1998
139,1632,6,1958,1240,338,9600,2,3,1,6,1988
155,1215,6,1958,1215,297,12400,1,3,0,6,1998
120,1202,5,1956,1202,304,8750,1,3,0,6,1956
153,1382,5,1955,1382,350,8750,1,3,0,6,1955
144,1200,4,1956,1200,294,10400,1,3,2,6,1956
176,1382,6,1962,1362,884,19296,1,3,1,6,1962
153,1297,5,1954,1297,498,8532,1,3,1,5,1990
135,1866,5,1958,1866,495,9482,2,4,0,8,1958
131,1062,6,1954,1062,297,8128,1,3,0,6,1954
123,1319,5,1953,608,270,10634,1,3,0,5,1953
126,1112,5,1951,631,480,13070,1,2,0,5,1951
115,1005,4,1955,1005,672,10434,1,2,1,5,1955
164.9,1363,5,1951,1008,288,14559,1,2,2,6,2000
113,793,5,1945,793,240,8480,1,2,0,4,1950
145.5,1031,5,1952,1031,230,7626,1,2,0,5,2005
102.9,1210,5,1953,0,616,9533,1,2,0,7,1953
95,1699,3,1900,978,420,10615,2,3,0,7,1970
152.5,1527,7,1948,699,410,11419,1,3,1,6,1999
129.9,1200,5,1950,1200,246,9600,1,3,0,6,1950
132,972,6,1948,972,240,8000,1,2,1,5,2002
99.9,792,3,1958,792,366,5470,1,2,0,4,1958
135,1656,5,1916,660,180,10410,2,3,0,8,1987
149,1352,5,1939,676,720,10800,2,4,0,7,2006
114,1039,4,1900,405,281,8146,1,2,0,6,2003
109.5,792,5,1924,768,240,9022,1,2,0,5,2006
125,1078,5,1925,1054,264,10230,1,3,0,6,1950
142.9,2377,4,1915,1313,528,10410,2,3,1,8,1950
156.5,1690,7,1910,560,624,7200,2,4,0,5,2008
59,599,2,1940,416,0,5400,1,2,0,4,1950
105,1374,4,1920,840,338,5400,1,2,0,6,1950
106,846,5,1920,720,576,10800,1,2,0,4,1950
78.5,725,3,1890,630,320,10800,1,1,0,4,1998
190,2544,6,1969,1248,907,9671,2,6,0,12,1969
154,1380,6,1963,1380,364,10143,1,3,0,6,1963
163,1040,6,1967,1040,480,11500,1,3,1,6,1967
200,2634,5,1969,1248,968,11643,2,6,0,12,1969
143.5,951,6,1958,951,480,8010,1,2,0,6,2007
135,1105,6,1957,1105,308,10454,1,3,0,5,1957
153,1306,5,1957,992,756,8712,1,2,0,5,2000
157.5,1478,6,1960,1478,498,17600,2,3,2,6,1960
113.5,1142,6,1958,160,384,9000,1,2,1,5,1958
133,1268,5,1949,832,288,12144,1,3,1,6,1950
92.9,1040,3,1950,0,400,8544,2,2,0,6,1950
128.5,1133,6,1950,795,900,8064,1,3,0,5,1950
90,1040,4,1949,0,420,7200,2,2,0,6,1950
138,1904,5,1950,1208,240,7200,1,3,0,7,1982
128,1041,5,1958,1041,294,7350,1,3,0,6,1958
139,1339,5,1958,1029,294,7560,1,3,0,6,1965
118.9,732,5,1952,732,240,7200,1,2,0,4,1952
138,1183,5,1959,528,288,8000,1,3,0,6,1959
132.5,1148,5,1959,1148,672,7931,1,3,0,6,1959
133.5,1461,4,1949,832,384,10800,2,4,0,6,1996
135,1495,6,1948,864,576,8064,1,3,0,6,1994
144.75,1806,6,1964,780,483,7570,1,4,0,8,1964
145,941,5,1978,941,564,8604,1,2,0,4,1978
127,1045,6,1963,1045,264,7936,1,3,1,6,1963
109.5,894,5,1962,894,308,6600,1,2,0,5,1962
115,1224,6,1926,818,210,3950,1,3,0,5,2004
110,1230,5,1910,440,440,10440,1,2,0,5,1981
128.9,1378,6,1935,901,162,4080,1,3,0,6,1998
103.5,1944,6,1910,972,324,10307,2,4,0,12,1950
66.5,1131,5,1941,676,200,5720,1,3,0,5,1950
130,1306,5,1910,240,472,15660,1,3,0,6,2003
129,1464,5,1910,504,0,9900,2,3,0,7,2002
150,1558,5,1939,690,400,6406,1,3,1,7,1950
107.5,2372,5,1892,994,432,6600,2,4,0,11,1965
94.55,1701,4,1920,600,0,7627,2,4,0,8,1950
124.5,1960,5,1952,960,400,7596,2,4,0,10,1952
135,1389,7,1946,651,240,3378,1,3,2,6,1992
103,1447,5,1910,801,0,10134,1,3,0,6,1950
93,936,4,1953,936,576,6000,1,2,0,4,1953
129.5,1328,5,1950,768,308,6000,1,3,0,6,1970
93,1387,5,1954,811,256,6000,2,3,0,7,1954
80,861,4,1920,861,288,7404,1,2,0,5,1950
45,612,2,1940,0,308,5925,1,1,0,4,1950
37.9,968,3,1910,600,0,5925,1,2,0,6,1950
91.3,886,5,1938,190,273,5784,1,2,0,4,1996
99.5,792,5,1923,624,287,8520,1,2,0,5,1950
113,1452,4,1920,736,0,4456,2,2,0,8,2008
87.5,1510,4,1910,677,720,9600,2,3,0,7,1950
110,1284,5,1947,720,240,3500,1,2,0,5,1950
106,2138,5,1898,849,360,8100,2,2,0,11,1965
265.979,2640,7,1880,1240,864,11700,1,4,1,8,2003
160,2007,6,1900,917,357,8400,2,3,0,8,1950
119,1288,6,1917,624,280,3600,1,3,1,5,2007
168,1742,8,1882,916,424,17671,1,4,1,8,1986
58.5,816,4,1910,624,0,3300,1,2,1,5,1950
143,1482,7,1920,650,324,9000,1,3,0,7,1988
85,1022,5,1910,1022,280,7200,1,2,0,4,2006
124.9,1869,5,1890,1088,456,8820,1,2,0,7,1996
119,1480,6,1920,972,207,5400,1,3,0,6,1950
146.5,1521,6,1910,741,640,9720,1,4,0,8,2002
34.9,720,4,1920,720,0,7879,1,2,0,4,1950
44,797,3,1900,245,0,9392,1,2,0,5,1950
223.5,1576,5,1923,1324,528,21384,1,3,1,6,2004
149,1432,6,1923,1022,216,6615,1,3,1,6,1950
205,1548,7,1925,952,672,7264,2,3,0,5,2007
137,1654,5,1930,297,336,4960,2,3,1,7,1982
121,952,6,1916,952,192,8854,1,2,1,4,1950
128,1324,4,1936,672,240,6000,1,3,0,6,1950
134.9,1176,6,1937,698,624,6000,1,2,0,4,2000
117,1348,5,1925,884,216,6000,1,3,1,5,1997
132.5,1412,6,1939,780,280,6000,1,4,1,6,1950
93,1142,5,1924,468,320,6000,1,3,0,6,1950
119,904,6,1926,884,180,6000,1,2,0,4,2004
100,1301,5,1924,1145,440,6911,1,2,0,5,1950
141.5,1539,5,1936,927,576,6120,1,3,0,5,1950
133,1573,4,1935,884,240,6120,1,3,0,6,1995
60,800,2,1936,264,0,6120,1,1,1,4,1950
105,875,5,1931,715,180,6120,1,2,0,5,1993
115,995,5,1925,960,264,6120,1,2,0,5,1999
150,1582,5,1938,952,250,6120,2,3,1,6,1950
126.5,1072,5,1925,1072,1184,8635,1,2,0,5,1950
214.5,2134,6,1916,844,441,11888,2,5,0,10,1994
167.5,2019,7,1910,728,532,11414,1,3,0,8,1993
155,1768,6,1915,1048,576,8094,2,3,0,8,1950
155,1826,7,1915,910,164,2500,1,4,1,7,2005
179.9,1944,7,1915,672,216,9928,2,3,0,8,1994
104,2229,6,1912,755,0,5520,1,5,0,8,1950
62.5,2128,5,1922,1040,0,3000,2,4,0,11,1950
149,1930,6,1927,720,316,6876,2,4,0,8,1950
103,1208,4,1925,780,539,6240,1,2,0,5,1950
123,1427,6,1915,483,379,5775,1,3,0,7,2002
97.5,1864,7,1902,1020,0,5852,2,6,0,9,2000
135,1666,6,1927,1204,384,5160,1,3,0,4,1950
70,892,4,1923,858,0,5160,1,1,0,5,1950
116,1403,6,1915,698,308,10320,1,3,0,7,1965
88.75,704,4,1946,560,220,4280,1,2,0,4,2001
179,1200,5,1987,1200,0,10800,3,3,0,5,1988
179,1200,5,1987,1200,0,10800,3,3,0,5,1988
159.9,1152,5,1978,1152,252,10547,2,2,0,6,1978
61,904,1,1922,683,0,10020,0,1,0,4,1950
103.6,1369,6,1925,672,300,6629,2,3,0,6,1950
63,1112,5,1934,585,226,9780,2,4,0,6,1950
175,1464,5,1963,520,480,12886,2,3,1,6,1999
139,1121,5,1963,1121,480,8816,1,3,0,5,1963
172.5,1683,6,1978,918,440,11184,2,3,1,7,1978
113.5,1052,5,1967,1052,668,11625,1,3,1,6,1967
130,899,5,1967,864,288,7800,1,3,0,5,2004
149.9,1034,6,1978,456,504,8014,1,3,1,5,1978
134.9,858,5,1982,858,576,7252,1,2,0,5,1982
137,860,5,1982,840,528,8740,1,2,0,4,1982
139,1092,5,1962,1092,288,11616,1,3,1,6,1962
165,1774,5,1961,552,384,15400,2,4,1,8,1961
148,1138,6,1960,1138,480,15312,1,3,1,6,1960
165,2071,5,1956,825,336,15584,1,4,1,9,1956
63.9,660,2,1947,0,0,9000,1,2,0,5,1950
161.5,1788,4,1957,1104,304,11250,1,5,2,8,1989
143,1473,5,1968,1437,452,25095,1,1,2,5,2003
135,1229,4,1956,1134,284,17140,1,3,0,6,1956
82.5,861,4,1940,861,539,12342,1,1,0,4,1950
190,1867,5,1955,1617,303,10708,1,2,3,7,1993
139.6,1733,3,1955,0,452,13680,2,4,1,8,1955
122,1383,4,1954,0,498,15635,1,2,0,6,1954
127.5,1689,6,1956,1436,480,9855,1,3,1,7,1956
121.5,1073,5,1956,1073,340,9571,1,2,0,5,1956
60,1276,5,1958,1276,350,9571,1,3,0,5,1958
154.4,1639,6,1946,747,240,9350,1,3,1,6,1950
113,672,4,1941,672,234,9340,1,2,0,4,1950
125,1089,5,1954,1089,252,7440,1,3,1,5,1954
84,845,4,1957,0,290,11500,1,3,0,5,1957
139.5,1049,5,1984,1049,266,4235,2,2,0,5,1984
131,1716,5,1949,768,281,11409,1,3,1,8,2008
105,1258,6,1939,560,280,9060,1,2,0,6,1950
108,1510,4,1940,755,296,9084,1,4,1,7,1950
162,1061,7,1990,1054,462,10778,1,1,0,4,1991
156.5,1338,6,1983,520,576,19255,1,2,1,5,1983
316.6,2132,8,1983,1496,612,12327,1,1,1,5,2009
271.9,2196,7,1990,2158,701,14684,2,3,1,7,1991
213,1775,7,1993,740,425,9317,2,3,1,7,1993
239.9,1879,7,1993,1079,473,10560,2,3,1,8,1994
239.5,2020,8,1995,1128,466,9828,2,3,1,8,1995
131,2016,5,1880,0,576,26400,1,4,1,7,2007
118.964,1535,5,1979,0,410,7018,2,4,0,8,1979
153.337,1224,5,1979,1086,528,7018,0,2,2,6,1979
147.983,2228,5,1979,0,720,7018,2,6,0,8,1979
118.858,1535,5,1979,0,400,7018,2,4,0,8,1979
118.858,1535,5,1979,0,400,7018,2,4,0,8,1979
142.953,2240,5,1979,0,528,7018,2,6,0,12,1979
148.325,1229,5,1979,1094,672,7040,0,2,2,6,1979
113.722,1513,5,1979,0,400,7007,2,4,0,8,1979
269.5,2787,7,2000,1168,820,11855,4,6,2,8,2000
269.5,2787,7,2000,1168,820,7939,4,6,2,8,2000
269.5,2787,7,2000,1168,820,7976,4,6,2,8,2000
323.262,1680,9,2009,1555,1138,10933,1,1,1,8,2009
297,1718,8,2007,1705,826,10637,2,3,1,7,2008
295.493,1630,8,2008,1622,860,10226,2,3,1,8,2008
332,1720,9,2008,1720,846,10816,2,3,1,8,2008
239.9,1468,8,2008,1468,904,9178,2,3,1,6,2008
212,1768,8,2007,866,578,10769,2,3,0,7,2007
272.5,1838,8,2007,1838,524,11422,2,3,2,7,2008
239,1800,9,2007,1800,702,11923,2,2,0,7,2007
220,1604,7,2006,1604,660,8814,2,3,1,8,2006
200,1290,7,2007,1282,662,6762,2,2,1,6,2007
221.8,1254,8,2008,1254,810,10324,2,2,0,5,2008
194.5,1232,7,2007,1232,632,7314,2,2,0,6,2007
237,1498,8,2005,1498,844,11645,2,3,1,7,2006
173,1422,6,2005,704,440,11646,2,3,1,7,2006
275,1644,7,1989,1518,569,12800,2,2,1,5,1989
233.5,1759,7,1992,1449,525,16698,2,3,1,7,1993
185,2126,5,1967,1013,538,28698,2,3,0,7,1967
152,1040,5,1996,1040,576,12464,1,3,0,6,1996
143,990,5,1994,990,440,9757,1,3,0,5,1994
231.5,1764,6,1997,928,470,15426,2,3,0,7,1997
212,1661,7,1996,799,550,10667,2,3,1,6,1996
207,1463,7,1998,1463,539,14753,2,3,0,5,1998
145,1097,5,1994,1097,672,10859,1,3,0,6,1995
138,990,5,1994,990,480,8072,1,3,0,5,1995
197.9,1779,7,1998,866,546,10400,2,3,0,6,1998
204,1501,7,1999,1490,577,10335,2,3,0,6,1999
192,1431,7,1999,1431,666,9017,2,3,0,6,1999
200,1772,6,1998,928,492,8750,2,3,1,7,1998
195,1660,7,2002,831,493,8935,2,3,0,7,2002
227,1573,7,2002,1573,544,9808,2,3,0,6,2002
230,1840,7,2001,944,622,12420,2,3,0,6,2001
187.1,1430,7,2001,1413,605,16285,2,3,0,6,2002
203,1444,7,2002,1431,577,10739,2,3,0,6,2001
201,1492,7,2001,1492,608,11166,2,3,1,6,2001
124,1040,5,1978,1040,0,8430,2,3,0,5,1978
140,907,5,1978,907,343,16269,1,3,0,5,1978
134.9,914,5,1979,914,444,6950,1,2,0,5,1979
150.5,1040,5,1977,1040,484,8800,2,3,0,5,2008
136.5,864,5,1978,864,336,7000,1,3,0,6,2005
143.5,1268,5,1977,1268,252,9286,1,3,0,5,1989
133.5,864,5,1972,864,338,15523,1,3,1,5,1972
123,894,5,1972,894,600,7200,1,2,0,6,1972
133.9,768,5,1972,768,396,7200,1,2,0,5,2003
133,768,5,1972,768,396,8445,1,2,0,5,2007
250,1611,7,2002,1569,1231,11664,2,3,0,6,2002
254.75,2184,8,2003,1068,570,12334,2,4,1,8,2003
236.5,1788,8,2001,1753,522,11838,2,3,1,7,2001
261.5,1872,8,2001,1299,531,11885,2,3,1,7,2001
313,2153,9,2000,1440,736,11050,2,3,2,8,2000
198.5,1725,7,2002,840,550,8749,2,3,0,6,2002
211,1870,7,2001,944,608,11250,2,3,0,6,2001
220,1513,8,1999,1462,521,15750,2,2,1,5,2000
203,1504,7,1996,1504,478,11883,2,3,1,6,1996
279.5,1828,8,2002,1822,523,12782,2,3,1,7,2003
210,1417,7,1997,1417,511,8750,2,3,1,7,1998
219.5,2034,7,1997,1057,645,9375,2,3,0,8,1998
191,1716,7,1996,880,512,8750,2,2,1,7,1996
178,1212,7,2001,1212,573,9100,2,3,0,6,2001
213,1630,7,2000,1630,451,9750,2,3,1,6,2001
144,848,6,2003,848,420,4435,1,1,0,4,2004
140,848,6,2003,848,420,4435,1,1,0,4,2003
293.2,1602,8,2007,1578,810,10200,2,3,1,7,2007
190,1728,7,2004,864,572,9313,2,3,0,7,2004
190,1500,7,2004,1500,570,8487,2,3,0,6,2004
173.5,1476,6,2005,738,540,8633,2,3,0,7,2005
170,1396,6,2007,608,440,11069,2,3,1,6,2007
108,1126,4,1949,0,520,8777,2,2,0,5,2003
167,1486,5,1964,1486,480,9937,1,3,0,7,1999
100,816,4,1938,816,288,8877,1,2,1,3,1958
198.5,1922,7,2003,0,672,7301,3,4,1,7,2003
159.5,1426,6,1977,690,440,7950,1,3,0,6,1977
127,1149,4,1960,1014,544,10682,1,3,0,7,1971
125,1125,6,1976,1041,352,7200,1,3,1,6,1976
320,1698,9,2007,1698,768,13286,2,3,1,8,2008
145.5,1072,6,2005,547,525,3675,1,2,0,5,2006
118,698,5,1947,698,0,9405,1,2,0,4,2008
85,876,4,1959,876,320,6410,1,3,0,5,1959
120,1368,5,1950,1078,195,11767,1,3,0,6,1950
98,1529,4,1945,0,240,8405,2,4,0,9,1950
99.9,864,5,1922,864,0,4060,1,2,0,4,1950
82,944,3,1952,0,528,10206,1,2,0,4,1952
119.9,1678,5,1959,1678,0,10926,2,6,0,10,1959
103.5,1560,5,1956,1150,313,11767,1,2,1,7,1956
112,960,4,1956,672,288,8926,1,3,0,5,1956
110,1196,6,1920,684,528,12354,1,3,0,7,2000
122,1298,5,1941,720,256,8212,1,3,2,6,1950
117,1604,5,1941,984,660,10998,2,3,0,6,1960
160,1268,5,1938,832,250,6300,1,3,2,7,1950
159.434,1520,5,1932,793,281,4500,1,3,0,6,2000
60,438,2,1920,290,246,8400,1,1,0,3,1950
139.5,1489,6,1940,778,240,9900,2,3,1,7,1950
197,3082,7,1920,824,672,15863,2,5,2,12,1970
105,1242,6,1935,583,180,5707,1,3,1,6,1950
135,1981,4,1928,1122,576,7804,2,4,2,7,1950
147.5,1232,6,1916,816,440,8574,1,3,1,6,2000
137.45,1608,6,1925,976,216,6171,2,3,1,7,1990
155,1135,7,1936,560,576,7200,1,3,0,6,2007
177,1913,6,1928,896,342,7558,1,3,1,9,1950
145,1477,7,1928,861,216,6292,2,3,1,6,1950
137,1228,7,1918,600,215,7155,1,3,1,6,1990
234,2080,7,1926,1276,282,10918,1,3,2,9,2004
205,1567,5,1940,840,440,13680,1,2,2,6,1950
177.5,1494,6,1942,771,213,7500,1,3,2,7,1950
160,1308,5,1940,728,256,9600,1,2,2,7,1950
155,1273,5,1960,1273,307,14680,1,2,0,5,1960
163.5,964,5,1921,876,432,13360,1,2,0,5,2006
154.9,1343,5,1921,731,186,7681,1,3,1,7,1950
205,2480,7,1940,920,400,8145,2,5,2,13,1950
144.8,1112,5,1954,1112,390,9100,1,2,1,6,1954
174.5,1564,7,1941,704,234,12000,1,3,1,7,1950
193,1561,6,1960,1561,463,13339,2,3,1,6,1960
158,1523,5,1949,1067,295,15600,2,3,1,7,2005
158.5,1152,6,1950,1092,300,14000,1,3,1,6,2004
224,1906,6,1954,1310,576,17500,1,3,2,6,1954
115,1032,6,1980,516,452,1733,1,2,1,5,1980
137,1229,6,1980,561,462,1488,1,2,1,5,1992
121,1229,6,1980,561,462,1612,1,2,1,5,1980
124,1229,6,1980,561,462,1300,1,2,1,5,1980
208,1982,6,1986,572,501,13607,2,3,1,6,1986
315,2365,7,1971,1803,551,17597,2,3,2,7,2009
222,1680,6,1988,880,540,21695,2,3,1,5,2007
147,1344,5,1920,672,468,10690,1,3,0,6,1997
123,2168,5,1900,760,576,8660,2,5,0,11,1993
78,1192,5,1920,596,189,6402,1,3,0,6,1950
85,1526,3,1915,1013,0,8470,1,2,0,6,1982
75,572,4,1925,572,200,10200,1,2,0,4,1950
230,1648,8,2007,1596,482,3843,2,2,1,5,2008
57.625,810,2,1910,0,280,21780,1,1,0,4,1950
251,2052,8,2000,1107,642,10125,2,3,1,7,2001
239.686,2149,7,2003,1434,670,12822,1,1,1,6,2003
240,1710,7,2004,1710,550,12118,2,3,1,7,2005
215,1961,6,2001,804,560,12209,2,3,1,7,2002
156.45,926,6,1977,902,351,9750,1,2,1,5,1977
173,1287,6,1977,957,541,9360,1,2,2,5,1977
126,1734,5,1977,0,539,10125,2,4,0,8,1977
173,1217,7,1990,1188,497,9947,2,3,0,6,1991
152,1595,5,1991,1582,672,11070,2,2,0,5,1991
137.5,1344,6,1958,819,525,14375,1,3,1,7,1958
375,2036,7,1965,2136,513,215245,2,3,2,8,1965
315.5,1620,9,2007,1620,912,12898,2,2,1,6,2008
224.5,1692,7,2009,846,650,13159,2,3,0,6,2009
410,2036,9,2008,2190,780,13438,2,3,1,9,2008
316.5,1641,9,2008,1641,885,14463,2,3,0,7,2008
201,1466,8,2007,1466,610,8925,2,3,0,7,2007
175,1412,6,1988,1392,576,11457,2,3,1,6,1988
204,2237,6,1980,712,440,9839,2,3,1,7,2006
213.5,1479,7,1987,1645,578,14419,2,3,1,7,1989
220,1296,8,2001,1267,471,6853,2,2,0,6,2002
170,2014,7,2003,912,486,9157,2,3,0,9,2003
315,1838,9,2006,1838,765,14601,2,2,1,8,2006
425,1978,9,2007,1978,920,12633,2,2,1,7,2007
139.5,1008,5,1968,1008,384,12518,1,3,0,6,1968
115,1771,5,1960,0,336,21750,1,3,1,9,2006
162,1204,6,1998,1204,412,4500,2,2,0,5,1998
165,1224,6,1999,1224,402,4500,2,2,0,5,1999
91,988,4,1973,462,297,1596,1,2,0,5,1973
130,874,5,1968,864,288,9858,1,3,0,5,1968
86,630,4,1970,630,286,1526,1,1,0,3,2002
160,1404,5,1969,1188,504,13383,2,3,1,7,2000
80,630,4,1970,630,286,1477,1,1,0,3,1970
97,1344,4,1970,546,0,1533,1,3,1,6,2008
88,1092,4,1970,546,286,2217,1,3,0,6,1970
131.9,796,5,1972,796,336,7689,1,2,0,4,1972
131.25,1091,6,1993,384,429,7706,1,2,0,5,1996
165.5,1110,5,1978,1097,602,9101,1,1,1,4,1978
112,833,5,1985,833,0,8780,1,3,0,5,1985
149,883,5,1992,828,698,7669,1,2,1,5,1993
143,1362,5,1993,796,480,14115,1,1,0,5,1995
130,1287,5,1992,624,440,10429,1,3,0,6,1992
196,1567,6,1977,1567,714,9819,2,2,2,5,1977
173,1632,5,1969,784,898,10457,1,4,1,7,1969
176.5,1414,6,1958,1184,601,11029,1,3,1,6,2002
237.5,2117,6,1970,1205,550,12925,2,4,2,7,1970
206.9,2112,6,1969,952,576,11075,2,4,2,9,1969
187.5,1604,6,1997,926,470,8702,2,3,1,7,1998
165,1470,6,1995,680,420,8139,2,3,1,7,1996
195.5,1604,6,1998,926,472,9535,2,3,0,7,1998
192,1638,6,1998,943,472,9042,2,3,2,7,1998
173,1636,6,1996,916,386,15038,2,3,1,7,1996
177.9,1384,5,1996,1348,404,14137,2,3,0,7,1997
175,1446,7,1996,729,406,21872,2,3,1,6,1997
286,1593,8,2001,1593,682,4923,1,0,1,5,2002
247.9,1682,8,1997,1664,528,6264,1,1,1,6,1997
180,1337,8,1993,1337,462,5395,2,2,1,5,1993
180,1280,8,1992,1280,506,5070,2,2,0,5,1992
181,1604,6,1997,926,470,10839,2,3,1,7,1998
183,1633,6,1998,932,460,11184,2,3,1,7,1998
188,1658,6,1995,773,431,8000,2,3,1,8,1996
194.5,1895,7,1994,712,409,10832,2,3,1,7,1996
185,1709,6,1991,836,416,14067,2,3,0,7,1991
189,1228,8,1988,1228,472,4671,2,2,1,5,1989
188.5,1337,8,1989,1337,462,5950,2,2,1,5,1989
355,2500,8,2005,1168,683,13543,3,5,1,9,2005
325,2504,9,2005,1122,656,11198,2,4,1,11,2007
387,1884,9,2004,1884,670,15401,2,2,1,7,2004
115,1474,6,1952,1632,495,31220,1,3,2,7,1952
334,1710,9,2007,1710,557,8118,2,2,1,6,2007
133,1488,6,1950,1488,738,47280,2,3,1,6,1950
215,2093,7,1986,791,542,20544,2,3,1,7,1991
226.5,1688,7,1988,1675,528,12680,2,2,1,6,1988
175.5,1422,6,1981,1422,576,12090,2,3,1,7,1981
181.9,1260,7,1983,1260,598,10825,2,3,0,6,1983
235,2064,7,1978,2048,550,18559,2,3,2,7,1978
220,1782,7,1979,1782,551,14450,2,3,1,6,1979
272,2872,6,1977,1330,619,12227,2,4,1,11,1995
161,1211,6,1976,1211,461,13068,2,3,1,6,1976
175,1126,5,1977,1126,540,15611,2,3,0,6,1977
185,2044,7,1980,738,489,10400,2,3,1,7,1988
146.9,1308,5,1969,720,484,9743,1,3,0,7,1969
292.5,2840,7,1978,1420,1314,12511,2,4,2,8,1978
180,1523,6,1976,1193,478,11361,2,3,1,7,1976
159.9,1444,6,1976,1444,473,10400,2,2,1,5,1976
205,1964,7,1976,803,483,10480,2,4,1,8,1976
157,1178,5,1973,1176,439,10000,1,3,1,5,2000
306,2340,8,1996,1236,787,14311,2,4,1,9,1996
133,1792,5,1974,896,480,9000,2,4,0,8,1974
151,1054,6,1969,1054,460,9750,1,3,0,6,1969
111.9,936,4,1969,936,288,10295,1,2,0,4,1969
123,864,5,1971,864,576,7560,1,3,0,5,1971
111.25,864,4,1972,864,576,12735,1,3,0,5,1972
181,1337,6,1998,1405,511,4060,2,2,0,5,1999
103.4,987,6,1973,483,264,1680,1,2,0,5,1973
100,987,6,1973,483,264,1680,1,2,0,5,1973
100.5,987,6,1972,483,352,1890,1,2,0,5,1972
106,987,6,1970,483,280,1869,1,2,0,5,1970
85.4,987,6,1971,483,264,1680,1,2,0,4,1971
89.5,987,6,1971,483,264,1680,1,2,0,5,1971
111.75,1302,5,1972,630,264,1680,2,3,0,6,1972
140,1069,6,1977,1069,440,4043,2,2,0,4,1977
143,1456,6,1975,855,460,2308,2,4,0,7,1975
148.5,1055,7,1977,1055,440,2529,2,2,0,4,1977
110,892,5,1966,864,264,9477,1,3,0,5,1966
394.617,1932,8,2008,1932,774,12444,2,2,1,7,2008
426,2332,10,2007,1682,846,12474,2,3,1,9,2008
385,2084,10,2007,2078,1220,14803,2,2,1,7,2008
446.261,2713,9,2008,1452,858,14948,2,3,1,11,2008
317.5,1582,8,2007,1582,905,12704,2,3,0,7,2007
372.402,1710,8,2007,1710,866,13891,2,2,1,6,2008
417.5,2464,8,2007,2418,650,13693,2,4,1,9,2007
383,1950,9,2007,1950,706,14418,2,2,1,7,2007
390,2748,9,2006,1850,850,13418,2,4,1,9,2006
460,2790,10,2005,1620,1150,12539,2,4,1,10,2006
379,2331,9,2005,1414,1003,12151,2,3,1,9,2005
250,2088,8,2007,948,656,8899,2,4,1,10,2007
316,2332,8,2004,1148,756,10574,2,4,1,9,2004
615,2470,10,2003,2535,789,12720,1,1,2,7,2003
412.5,2668,9,2003,1572,726,13688,2,3,2,10,2004
284,2046,7,2003,998,871,10625,2,3,1,8,2004
284,1575,8,2003,1603,732,10845,2,2,1,7,2004
421.25,2649,8,2001,1479,746,16900,2,4,1,10,2002
370,2690,8,2003,1765,795,16451,2,4,1,9,2003
336.86,1866,9,2008,1858,870,10110,2,2,1,7,2008
367.294,1702,9,2008,1702,1052,8769,1,1,1,7,2008
192,1367,7,2005,1367,484,12304,2,2,1,6,2005
274,1518,8,2003,1518,588,12677,1,1,1,6,2004
266,1684,9,2005,1684,564,8849,2,2,1,6,2005
370.967,1800,9,2007,1800,944,8232,2,2,1,6,2008
234.25,1342,8,2006,1342,550,6240,2,2,1,6,2007
219.5,1342,8,2006,1342,550,6240,2,2,1,6,2007
155,1626,7,2003,764,474,2448,2,2,0,6,2004
154,1626,7,2003,764,474,2448,2,2,0,6,2004
207,1358,7,2004,1358,484,8198,2,2,1,6,2004
195,1455,7,2003,1415,644,3940,2,2,1,6,2003
219.99,1576,7,2004,1393,668,3940,2,2,1,7,2004
191,1504,7,2005,1346,437,3182,2,2,1,7,2006
159.895,1266,7,2007,1266,388,3182,2,2,1,6,2007
187.687,1246,7,2007,1146,428,3710,2,2,1,5,2008
179,1515,6,2004,789,393,9024,2,3,1,8,2004
193,1593,6,2004,839,398,7415,2,3,1,8,2004
190,1166,7,2005,856,400,9587,2,2,0,5,2005
176,1456,6,2005,728,400,8029,2,3,0,8,2005
188,1720,7,2002,840,400,8010,2,3,1,7,2003
213,1986,7,2003,847,434,8396,2,4,1,9,2003
217.3,1358,7,2007,1350,484,7301,2,2,1,6,2008
186.5,1792,6,2000,936,451,10261,2,3,1,8,2000
226.75,1892,7,2000,982,431,8220,2,3,1,8,2001
184,1490,7,2004,788,388,15384,2,3,1,8,2005
176,1414,7,2002,707,403,7750,2,3,1,6,2002
225,2322,7,1999,1037,400,12460,2,4,1,8,2000
185.9,1651,7,1999,831,450,8390,2,3,1,7,1999
284.5,2199,8,1997,1173,516,9660,2,3,1,9,1997
315,2630,8,1998,1470,696,9200,2,4,1,8,1998
250,2198,8,2000,1145,836,14260,2,4,1,9,2000
291,2172,9,2000,1519,687,11000,2,4,1,8,2000
350,2006,8,1998,1982,938,11675,2,2,1,5,1998
279.5,2125,7,1996,1064,576,10990,2,4,2,12,1997
290,2501,8,1995,1242,751,11929,2,4,1,9,1995
350,2113,8,1995,2109,839,10437,2,2,1,7,1995
341,2418,7,1993,1311,983,10542,2,3,1,9,1994
287.5,2197,7,1993,1080,783,10010,2,4,1,9,1994
271,2127,7,1994,1223,525,10944,2,3,2,5,1994
301.5,1987,8,1994,1986,691,14303,2,2,1,7,1994
235.128,1580,8,2007,1580,830,11932,2,3,0,7,2008
214,1933,6,2007,894,668,14598,2,4,1,9,2007
232,1574,8,2006,1574,824,11957,2,3,1,7,2006
240,1578,7,2006,1578,642,13253,2,3,1,7,2006
264.132,1506,9,2008,1498,592,14587,2,2,1,6,2008
245,1563,8,2007,1563,758,10206,2,3,1,6,2007
227.68,1428,7,2008,1417,554,12274,2,3,0,6,2008
257,1861,8,2007,1341,851,9801,3,3,1,7,2007
297.9,1874,8,2007,955,880,9428,2,3,1,8,2008
247,1460,8,2006,1460,480,10037,2,3,1,6,2007
212.7,1372,8,2007,1363,588,8640,2,3,0,6,2008
250.58,1372,7,2007,1372,529,8640,2,3,0,6,2008
182,1428,7,2007,1428,480,11639,2,3,0,6,2008
226.7,1768,7,2005,866,603,9803,2,3,0,7,2005
250,1992,8,2003,1053,648,9375,2,3,1,9,2004
250,1958,7,2005,1026,936,10625,2,3,1,9,2005
339.75,2078,8,2007,1034,836,10800,2,3,1,8,2008
205.95,1665,7,2007,813,562,8125,2,3,0,7,2007
256,1660,8,2007,1660,660,10625,2,3,1,7,2007
230.348,1218,7,2007,1218,462,7500,2,2,0,6,2008
207.5,1728,6,2003,864,673,8791,2,3,0,7,2003
141,1080,7,2004,1080,0,7500,1,3,0,6,2005
188,1696,6,2003,835,542,10110,2,3,0,7,2003
192.5,1663,7,2003,835,478,12774,2,3,0,8,2004
146,1175,6,2005,1175,0,13072,1,3,0,6,2006
159,1114,5,2004,1114,576,13695,1,3,0,6,2004
155,1114,6,2003,1114,576,13695,1,3,0,6,2004
173,1640,6,2004,798,520,8366,2,3,0,6,2004
170,1162,7,2007,1162,483,9260,2,3,0,6,2007
182,1609,6,1995,754,525,8453,2,3,0,6,1995
163,1680,6,1993,886,474,8480,2,3,0,7,1994
193.5,1679,6,1994,1408,575,8125,2,3,1,7,1998
189,1657,7,1994,832,483,14565,2,3,0,6,1995
190.5,1677,6,2001,827,627,8450,2,3,0,7,2001
175,1737,7,1992,836,506,8285,2,3,0,7,1992
179.2,1294,6,1991,1278,496,7153,2,3,0,6,1991
187,1710,6,1993,832,506,9291,2,3,0,7,1993
193,1617,6,1993,1604,533,8012,2,2,1,5,1994
153.9,1199,6,1993,1199,530,7892,2,2,0,5,1993
128,984,5,1963,984,384,9100,1,3,1,5,1963
144,912,5,1962,912,352,12968,1,2,0,4,1962
135,864,5,1961,864,420,8100,1,3,1,5,2007
115,890,5,1968,890,308,8450,1,3,0,5,1968
119.916,864,5,1963,864,276,6360,1,3,0,5,1963
142,912,6,1961,912,288,6768,1,3,0,5,1996
192,1430,6,1974,1430,484,19508,2,3,2,6,1974
140,1641,5,1972,1001,490,10759,2,4,1,5,1972
290,2683,6,1990,930,473,9205,2,4,2,9,1991
372.5,2786,9,1993,1848,636,11025,2,4,1,10,1994
196,1391,7,2004,1391,530,4282,2,2,0,5,2004
171.9,1250,7,2006,625,625,4017,2,2,0,5,2007
178,1245,7,2004,1235,495,3435,2,1,0,5,2005
165,1200,6,2005,600,480,3180,2,2,0,5,2005
146,1392,7,2007,689,540,3180,2,2,0,5,2007
146,1392,7,2007,689,540,3604,2,2,0,5,2007
179.4,1501,7,1999,744,440,2280,2,3,0,6,1999
172.9,1549,6,1999,744,440,2280,2,3,0,6,1999
300,1638,9,2000,1614,495,4765,2,2,1,5,2000
285,1310,9,2001,1310,545,4538,1,1,1,5,2001
290,1419,9,2001,1419,588,4385,1,2,1,5,2001
305,1557,9,1999,1557,484,4109,2,2,1,5,2000
328.9,1709,9,1999,1698,506,5119,2,2,1,5,2000
160,1252,7,1999,600,462,2160,2,2,0,4,2000
170,1404,7,1999,672,462,2160,2,3,0,5,2000
223,1789,7,2001,858,546,10646,2,3,1,7,2001
170,1586,8,1999,960,480,2645,2,3,0,7,1999
200,1607,8,1999,960,480,2645,2,3,0,7,2000
345,2393,10,1998,970,846,3951,2,2,1,7,1999
245.5,1288,8,1996,1260,500,14963,1,1,2,4,1996
217.5,1239,8,1995,1230,477,11064,1,1,1,4,1995
324,1719,8,1993,1719,473,10846,1,1,2,6,1993
162.5,1232,6,1984,1232,516,11120,2,3,0,6,1984
150,2944,9,1977,994,864,24572,2,3,1,9,1977
290,1671,8,1976,1426,550,16280,3,3,1,6,2007
205,1812,7,2002,952,469,7500,2,3,1,7,2002
174,1682,7,1970,1304,530,10400,2,3,1,7,1970
183,1427,6,1969,1427,516,11104,2,4,0,7,1969
150,1740,6,1968,1740,512,11050,1,4,1,8,1968
145,1258,6,1971,1258,528,11040,2,3,0,5,2004
215,1620,7,1967,1620,578,15387,2,4,1,8,1967
140.5,1625,5,1965,1625,484,9750,2,4,0,8,1965
240,2614,6,1974,1522,624,10800,2,4,1,9,1997
141,1464,5,1968,732,470,8814,1,4,0,7,1968
147,912,5,1965,912,576,8872,1,2,0,5,2008
135,925,5,1965,912,576,8125,1,3,0,5,2005
145,1728,5,1965,1728,576,11072,2,6,0,10,1965
142.6,1728,5,1965,1728,576,13101,2,6,0,10,1965
135,1656,5,1973,1656,506,9246,2,4,0,8,1973
170,1670,7,1971,825,464,13355,1,4,0,7,1971
299.8,2715,8,1976,1142,831,8963,3,4,2,11,1996
185,1876,6,1974,901,540,9120,2,4,1,8,1974
173,1632,6,1966,800,484,9130,1,4,0,7,2000
178.4,999,7,1961,944,588,12122,1,3,0,6,2007
176,1978,7,1968,832,486,9900,2,4,1,9,1968
98,1014,5,1956,0,267,7785,1,2,0,6,1956
109.008,907,4,1957,907,352,8593,1,3,0,5,1957
135.75,952,4,1956,952,283,8475,1,2,0,4,1956
155,1128,5,1963,1120,525,8700,2,3,0,6,1963
180.5,1425,6,1964,1425,576,10175,2,3,1,7,1964
174.9,1165,6,1966,1127,490,9020,1,3,0,6,1966
140,1136,6,1965,1136,384,9200,1,3,1,5,1965
145,1092,6,1964,1092,504,8250,1,3,0,6,1964
179.9,1265,5,1965,1219,502,9350,2,3,1,6,1999
168.5,1350,6,1964,1248,520,9020,1,3,0,6,1964
140,1114,5,1961,1114,451,9900,1,3,0,5,1961
145.5,1053,5,1959,1053,312,10007,1,3,0,5,2006
142,1252,6,1959,1252,528,10721,1,3,0,7,1959
141,1100,4,1960,1100,312,12493,1,3,1,6,1960
153,1118,5,1960,1118,264,11332,1,3,0,6,2000
72.5,720,3,1949,0,287,6627,1,2,0,4,1950
52,729,3,1935,270,0,4130,1,2,0,5,2003
118,1077,5,1939,991,205,7420,1,2,2,5,1950
87,906,4,1937,348,231,4882,1,2,0,5,1950
141.5,1496,5,1960,1296,450,9600,2,3,0,6,1960
119,1252,6,1950,1032,288,9600,1,3,0,6,1950
141.5,1337,5,1950,572,264,9600,1,3,1,7,2006
165.5,1661,6,1955,992,377,9600,1,3,1,8,1996
112.9,1036,5,1953,1036,312,7584,1,3,0,5,1953
201.8,1820,7,1965,864,492,13700,1,4,2,8,1988
163,1362,6,1961,1362,504,10197,1,3,1,6,1961
139.95,1144,5,1961,1144,456,7875,1,3,0,6,1961
174,1537,6,1962,1319,462,8400,1,3,1,7,2005
165,1431,6,1962,1099,296,9150,1,3,1,6,1962
227,1988,6,1966,1104,480,14670,2,4,1,9,1999
135,1098,5,1955,1098,260,7390,1,3,0,6,1955
124,1144,5,1963,1144,336,9204,1,3,0,6,1963
140,1283,5,1962,931,506,7763,1,3,0,6,1980
136.5,1176,5,1957,1176,292,8856,1,3,2,6,1957
185,1440,5,1959,1248,480,9840,2,2,0,7,1998
163,1261,6,1958,1261,433,9120,1,3,1,6,1958
166.8,1570,6,1958,1395,441,13200,1,3,1,5,1958
139,1196,6,1956,1196,297,9000,1,2,1,6,1956
166,1392,6,1957,1392,458,11900,1,3,2,6,1957
136,1080,6,1958,1080,288,9464,1,3,0,5,1958
133,1104,5,1956,1104,384,10425,1,3,0,5,1958
116,882,5,1952,720,240,11556,1,2,0,4,1952
137.5,1152,5,1953,1152,636,9373,1,3,0,6,1953
130,950,5,1953,984,400,12774,1,2,0,5,1953
180,1790,6,1957,998,540,14250,2,3,2,6,1957
139,952,5,1951,952,840,7350,1,2,0,4,1951
110,773,5,1953,773,240,7677,1,2,0,4,1953
100,1764,5,1957,0,301,8838,2,4,1,7,1982
118.5,1216,5,1947,832,336,8480,1,2,0,6,1950
146,1824,5,1957,1824,484,12436,2,5,0,9,1957
89.9,869,4,1948,0,390,10122,1,1,0,3,1950
114,1159,5,1925,747,288,7506,1,3,0,5,1950
140,1558,5,1945,913,288,10930,1,3,1,6,1950
86.9,672,4,1940,672,308,5400,1,2,0,4,2005
139,1436,5,1922,892,1488,10836,1,3,1,7,1950
106.25,1294,4,1900,0,0,10800,2,3,0,7,2000
171,1716,6,1962,858,490,9247,1,4,1,8,1962
139,1044,5,1968,912,372,10180,1,3,1,5,1968
186,1312,7,1958,1312,495,11355,1,3,1,6,2001
157,1253,6,1960,1253,352,10920,1,2,1,5,1960
148,1081,6,1960,1081,401,12929,1,3,0,5,1993
242,2069,7,1960,585,505,27650,2,4,1,9,2007
116,910,5,1953,105,414,8892,1,3,0,5,1996
94,876,5,1951,876,576,7200,1,2,1,5,1951
98.3,1048,5,1950,0,420,7200,1,3,0,7,1950
127,1507,5,1960,1075,404,7910,2,4,0,7,1960
159,1256,5,1959,1256,311,8000,1,3,0,6,1959
125.9,1027,5,1962,1027,299,8000,1,3,0,6,1962
155,1269,5,1960,1269,308,7931,1,3,1,6,1960
138,1320,6,1948,768,576,8064,2,3,0,5,1950
112.5,984,6,1954,936,280,6390,1,2,0,4,1954
105.5,832,6,1954,832,528,7227,1,2,0,4,1954
127.5,1278,6,1954,854,240,7200,1,4,0,6,1954
130,1800,5,1961,1800,0,8513,2,6,0,10,1961
150,1588,5,1955,768,480,7200,1,3,0,6,1967
109.5,825,5,1954,825,350,7200,1,2,0,4,1954
140,1796,6,1963,780,483,7056,1,4,1,8,1963
167.9,1611,6,1964,780,442,9760,1,4,0,7,1964
136.87,1117,5,1963,1117,264,7590,1,3,0,6,1963
143,1133,6,2008,192,308,9836,1,3,0,7,2008
73,764,5,1925,680,504,5232,1,2,0,4,2004
157.5,1539,5,1904,650,686,10440,2,3,1,8,2002
122.6,1323,5,1948,780,400,9184,1,3,0,6,2005
111,1360,5,1910,680,330,4800,1,2,0,6,2003
256,2792,6,1920,1510,520,10440,2,5,2,8,1950
64,672,5,1940,672,256,4800,1,2,0,4,1950
139.5,1456,6,1915,728,308,6000,1,4,0,7,2005
118,1594,4,1910,828,0,11426,2,3,0,9,1996
200,2082,7,2003,1362,484,11426,2,3,0,6,2003
119.164,1656,4,1940,801,440,7628,2,2,0,8,1985
122.25,1740,5,1920,936,225,7308,1,2,1,6,1950
120,1027,7,1920,931,0,5400,1,2,1,5,2006
155,1436,6,1940,884,828,10800,2,3,2,8,1950
78,899,5,1910,481,200,6756,1,2,0,5,1950
95,1080,5,1890,684,0,5914,1,3,0,5,1996
115,789,5,1948,789,250,6000,1,2,0,5,1950
147,1122,5,1948,924,528,12000,1,2,0,6,2005
140,1499,5,1946,904,869,9000,1,3,1,5,1950
46.5,407,2,1946,407,297,7311,1,1,0,3,1950
112.5,928,5,1957,928,288,6000,1,3,0,5,1957
107.9,901,4,1954,901,281,6000,1,2,0,4,2000
65,1588,3,1949,448,0,12205,2,5,0,6,1992
295,3493,7,1880,1470,870,18386,3,3,1,10,2002
139.5,1627,5,1900,797,420,9142,2,4,0,10,2006
153.9,1416,5,1915,876,720,12665,1,4,1,7,1950
132,1450,7,1920,624,288,5350,1,3,0,7,1965
98,1344,5,1916,624,513,4571,1,4,0,7,1950
114,1017,5,1900,346,308,9143,1,2,0,5,2003
130,2350,5,1920,973,393,9600,2,4,0,10,1960
129.5,2058,6,1917,735,396,9600,1,3,1,8,1950
129.4,1540,5,1905,572,0,6000,1,3,0,7,2005
161,1378,7,1928,689,360,9600,2,3,1,7,2005
163,1912,6,1905,482,672,10800,2,3,1,7,2000
128,1484,6,1914,742,0,6300,2,3,1,9,2001
122,2358,8,1872,684,0,5250,2,4,0,8,1987
116.9,1111,7,1926,572,288,5700,1,2,1,5,1950
325,2775,10,1893,1237,880,13500,3,3,1,9,2000
55,1086,2,1920,723,400,11340,1,2,0,5,1950
184,2495,7,1890,1313,342,10800,2,5,1,10,1999
110,984,5,1959,984,308,9750,1,2,0,5,1959
131.5,1795,5,1954,1050,352,12150,2,4,0,7,1954
97,882,5,1956,0,308,12702,1,2,0,4,1956
115.5,1093,4,1958,869,308,8516,1,2,0,5,2006
138,1143,5,1928,1008,288,7111,1,2,1,5,1983
108,1668,7,1945,672,252,7425,1,3,0,8,1950
79.5,935,5,1930,742,308,9100,1,2,0,4,1960
153,1738,5,1935,1024,240,7010,2,3,1,6,1950
109.5,784,5,1924,784,0,6130,1,2,0,5,1950
124,1210,5,1941,672,240,5000,1,3,0,6,2006
106.9,1290,6,1900,554,200,5870,1,3,0,6,2000
164.9,1672,6,1940,981,240,6000,1,3,1,6,1989
119,949,5,1924,949,370,6000,1,2,1,5,2003
120,1158,6,1929,862,208,6000,1,3,1,5,1950
157,1497,6,1937,825,672,6000,2,3,0,5,2000
105,1342,6,1939,739,240,6000,2,2,1,7,1950
113,1013,6,1926,992,160,5000,1,3,0,6,1950
115,1216,5,1920,565,355,5520,1,3,1,6,1997
79,896,4,1946,0,280,5940,1,2,0,4,1950
123,1136,4,1929,704,336,6240,1,2,0,6,1950
81.3,808,5,1945,0,164,6120,1,1,0,6,1995
162.9,1573,5,1930,1078,360,6240,2,3,1,8,1992
150,2009,7,1939,989,400,6240,2,4,1,7,1950
123.5,1902,5,1923,1100,576,6120,2,4,0,7,1950
129.9,1774,7,1931,952,468,6120,2,2,2,8,1950
128,1362,6,1920,611,502,6155,2,3,0,6,1999
68.5,520,4,1927,520,240,6324,1,1,0,4,1950
127,1285,5,1948,672,240,8635,1,2,0,6,2001
207,1848,6,1923,833,370,13053,1,4,1,8,2000
184,1820,7,1925,1026,240,9120,2,4,0,8,1950
162.5,1716,6,1915,810,672,9144,2,4,0,8,2004
145,1505,5,1940,883,240,9144,1,3,0,8,1982
130,838,6,1918,816,275,10267,1,2,0,5,2000
160,1984,6,1910,1242,360,8094,2,5,0,8,1983
161,1666,8,1925,588,228,5100,1,3,1,7,1996
127.5,1609,6,1910,796,228,4347,1,3,0,7,1950
93.85,768,6,1930,768,440,6291,1,1,0,4,1950
136,1536,6,1952,768,308,10266,1,4,0,7,1952
141,1969,6,1938,1272,400,6876,2,4,1,9,1958
120,1308,5,1915,880,400,10320,2,2,0,6,1978
127.5,1040,6,1925,1040,320,7200,1,2,0,5,1992
127,1236,6,1925,768,384,7006,2,3,1,6,1950
89.5,1406,6,1920,319,0,7920,1,3,0,6,1950
125,825,5,1955,825,720,8235,1,2,0,4,1995
79.9,1198,6,1920,901,0,5586,1,4,0,7,1998
85,759,5,1912,451,576,10320,1,1,0,5,1991
82.375,1344,3,1915,536,0,10320,2,3,0,8,1950
135,1469,6,1906,756,216,10320,1,3,0,7,1995
124,1054,5,1947,1046,240,9488,1,3,0,6,1993
134,1211,5,1968,952,322,8250,1,3,1,5,1968
135,1271,5,1948,720,312,21286,2,4,1,7,1950
134.432,1588,4,1959,0,680,17120,2,4,1,7,1959
127.5,1355,5,1940,644,0,10106,2,4,0,6,1999
148,1075,5,1963,981,440,11235,1,3,0,6,1963
129.5,1040,5,1965,1040,384,11200,1,3,0,5,1965
157.5,1096,6,1978,1008,484,13014,1,3,1,6,1978
109.9,904,5,1966,876,408,7162,1,3,0,6,1966
145,992,5,1967,992,294,10265,1,3,0,6,2005
130,894,5,1967,894,450,9764,1,3,0,5,2003
153,1034,6,1978,450,504,7703,1,3,1,6,1978
120,1073,5,1967,1073,270,9981,1,3,0,6,1967
152,1126,5,1984,1060,506,7400,1,2,0,5,1984
108.959,1258,4,1969,1198,400,12900,0,0,0,6,1969
95.541,1140,5,1920,1300,400,12900,1,3,0,6,1950
80,1006,5,1959,1006,0,9000,1,3,0,5,1959
149.35,1228,5,1966,1228,271,8544,1,3,0,6,2006
144.9,960,5,1963,960,300,9239,1,3,0,6,2003
185,1188,6,1956,988,621,14175,1,1,1,4,1956
165,1383,5,1954,1383,354,13284,1,3,1,6,1954
235,1252,6,1960,1602,564,13500,1,1,1,4,1975
140,1601,5,1958,533,300,13825,1,3,0,6,1987
108,672,5,1940,672,240,10200,1,2,0,4,1997
145,1721,5,1960,988,626,10532,2,3,2,7,1960
152.4,1350,5,1941,576,627,8375,1,2,0,6,1973
144,904,5,1970,864,912,10200,1,3,0,5,1970
173,1291,6,1996,1291,431,2887,1,2,1,6,1997
192,2022,7,1977,1160,505,10005,2,4,1,8,1977
245,1524,7,1979,1524,478,20270,2,3,2,7,1979
241.5,1363,7,1954,1385,439,39104,1,2,2,5,2005
256,1663,4,1954,1364,529,53227,1,2,2,6,1994
177,1357,6,1959,1019,312,11512,1,2,1,5,2006
125.6,1079,7,1948,570,249,5190,1,2,1,5,1950
155,1094,6,1953,1094,495,10452,1,3,2,5,1953
240,2358,6,1908,907,360,45600,3,5,1,10,1997
260,1518,5,1940,1580,0,19550,1,2,2,5,2007
185,1674,6,1918,1163,396,21780,2,4,1,8,1950
235,2108,6,1935,1127,540,13728,2,4,2,7,1986
159.9,1509,5,1956,1509,322,9571,1,3,1,6,1956
99.6,864,5,1975,864,0,9350,1,2,0,4,1975
134.5,1269,6,1962,621,280,9360,1,3,0,7,2001
119,1367,5,1900,861,384,8405,1,4,0,7,1950
107.5,1347,5,1910,1117,0,7000,1,3,0,5,1991
125,1164,5,1950,1164,240,10880,1,3,0,5,1950
79,1096,6,1924,572,0,9600,1,2,0,5,1950
95,1111,5,1941,616,200,9084,1,3,0,5,1950
262.28,2329,7,1990,1475,514,11839,2,4,1,10,1990
260,2814,6,1995,1077,614,9771,2,4,1,9,2002
226.5,1626,7,1994,1602,534,9938,2,3,1,7,1994
225,2200,7,1993,812,453,14171,2,4,1,9,1994
229,2037,7,1996,672,472,10541,2,3,1,8,1996
177.439,1356,7,2007,628,484,10616,2,3,1,6,2007
248.5,1615,8,2007,1615,864,9345,2,3,1,7,2007
475,2276,9,2008,2271,1348,11778,2,3,2,7,2008
395.039,1766,9,2008,1751,874,11778,2,3,2,8,2008
228,2097,7,1993,1080,678,11228,2,3,1,9,1993
225,1511,8,1995,1401,811,11454,2,3,1,6,1995
195,1643,6,1966,1182,438,11500,2,2,1,6,1966
200,1688,6,1997,616,603,12798,2,4,0,8,1997
155,990,5,1994,990,528,9750,1,3,0,5,1994
144,1099,5,1995,1099,352,9525,1,3,0,6,2006
145,990,5,1994,990,672,9245,1,3,0,5,1995
226.001,1418,7,1997,1418,558,8696,2,3,1,5,1998
215.7,1771,6,1997,864,600,13142,2,3,0,6,1997
207.5,1652,7,2000,782,532,8998,2,3,0,6,2000
193,1790,7,1999,873,588,9179,2,3,0,7,1999
188,1724,7,1998,880,527,8924,2,3,0,8,1999
191,1479,7,1999,1468,577,9382,2,3,0,6,2000
221,1494,7,2002,1494,530,12803,2,3,1,6,2002
231.5,1792,7,2001,963,564,12435,2,3,1,7,2001
235,1823,7,2000,928,626,12192,2,3,0,6,2001
223.5,1786,7,2001,920,608,11250,2,3,1,6,2002
130.25,938,5,1975,938,308,9200,1,3,0,5,1980
149.9,985,5,1977,985,328,8385,2,3,0,6,1977
158,1174,5,1978,864,528,12250,1,3,0,5,1978
147,1026,6,1978,940,576,10970,1,3,0,5,1978
143.195,1076,5,1975,1076,576,9216,1,3,1,5,1975
163,1558,5,1975,864,440,14330,2,2,0,5,2001
110,924,5,1975,924,280,7990,1,3,0,5,1975
127,864,5,1972,864,352,7180,1,3,0,5,1972
124.9,780,5,1972,780,352,7200,1,2,0,4,1972
230,1795,8,2002,1777,534,9742,2,3,1,7,2002
237,2031,8,2002,1128,577,9473,2,3,1,7,2002
235,1865,7,2000,992,839,10316,2,3,1,7,2000
230.5,2161,7,2001,1257,570,10400,2,3,1,8,2001
230,1852,8,1999,1004,660,9066,2,3,2,7,2000
222.5,2031,7,1998,1153,541,11404,2,3,1,8,1999
287,2263,8,2001,1055,905,9240,2,3,1,7,2002
274,1947,9,2001,1357,725,9720,2,3,1,7,2002
300,1786,8,2002,1778,715,14860,2,3,1,6,2003
255.9,2290,8,2002,1128,779,11250,2,4,1,9,2002
224.9,1768,7,2003,884,543,8158,2,3,0,8,2003
240,2327,7,2003,1129,596,10905,2,4,1,9,2003
183,1640,7,2003,798,595,7226,2,3,0,6,2003
207,1764,8,1999,850,560,11690,2,3,1,7,2000
210,1908,7,1994,915,493,8750,2,4,1,8,1995
136.5,848,6,2003,848,420,4435,1,1,0,3,2003
145,848,6,2004,848,420,4426,1,1,0,3,2004
208.9,1493,6,1997,1478,508,13125,2,3,1,7,1998
185,1838,6,1997,1838,721,10126,2,2,0,8,1998
214,1536,7,2002,1536,532,9135,2,3,0,7,2003
208.5,1710,7,2003,856,548,8450,2,3,0,8,2003
186.5,1445,7,2004,1445,470,9750,2,3,0,6,2004
210,1436,7,2004,1436,484,8450,2,3,0,8,2004
185.9,1582,7,2004,770,520,8320,2,3,0,6,2004
179.9,1234,8,2007,1234,484,11049,2,3,0,7,2007
218.836,1564,7,2007,1564,814,11058,2,3,0,6,2007
193,1361,7,2007,1351,610,9627,2,3,0,6,2007
189,1456,7,2005,728,410,8199,2,3,1,7,2005
149.3,848,6,2004,848,420,4426,1,1,1,3,2004
141,848,6,2004,848,420,4426,1,1,1,3,2004
149,848,6,2004,848,420,4438,1,1,1,3,2004
144.5,848,6,2004,848,420,4438,1,1,1,4,2004
85,796,5,1910,796,0,8777,1,2,0,4,1950
145.9,2200,5,1900,1272,0,8777,2,4,0,9,2003
123,1092,5,1966,1092,264,9825,1,3,0,6,1966
147.5,1256,5,1965,1256,276,9937,1,3,0,6,1965
165,1033,5,1976,456,504,12102,1,3,0,6,1976
135,1127,6,1976,1127,480,6500,1,3,1,6,1976
108,996,5,1940,996,0,13907,1,3,1,6,1969
137.5,1181,4,1972,1138,588,10012,2,3,0,6,1972
165.4,1656,7,2003,746,397,6931,2,3,1,7,2004
147,1117,6,1977,1029,542,9638,1,3,1,6,1977
160.5,1398,6,1976,684,440,7200,1,3,1,6,2001
176,1132,4,2005,1132,451,7024,1,2,0,5,2005
284.7,3820,5,1959,0,624,47007,3,5,2,11,1996
160,5642,10,2008,6110,1418,63887,2,3,3,12,2008
148,1072,6,2005,547,525,3675,1,2,0,5,2005
82,1152,4,1955,0,0,6040,2,2,0,6,1955
82,1152,4,1955,0,0,6012,2,2,0,6,1955
118,1440,4,1955,1440,0,12108,2,4,0,8,1955
82.5,1152,4,1955,0,0,6845,2,2,0,6,1955
91.9,784,4,1955,784,0,6931,1,2,0,4,1955
120,1053,5,1938,585,0,12180,1,2,0,5,2007
96,1137,5,1947,0,0,8050,1,4,0,8,1993
99,930,4,1953,911,286,9520,1,2,0,5,1953
130.5,1200,5,1946,768,240,11767,1,3,0,6,1995
135,1470,4,1954,941,548,8172,2,4,0,7,1972
135.5,1393,5,1955,816,300,16466,1,3,0,8,1955
100,1204,4,1954,416,312,7692,1,3,0,6,1954
108,1292,4,1923,949,205,5142,1,3,0,6,2008
98,864,5,1925,864,0,5604,1,2,0,5,1950
67,864,3,1914,864,0,8248,1,2,0,5,1950
135.9,1716,5,1912,780,0,5687,2,6,0,9,2000
140,1482,6,1925,672,400,12155,2,4,0,7,1950
179.5,2192,5,1939,720,240,8400,2,4,1,8,1997
136.5,1694,6,1925,1181,576,8400,2,4,1,7,1950
168,1424,7,1921,1228,312,7290,2,2,1,7,1950
130,1964,5,1911,940,0,8525,1,4,0,7,1950
189,2601,5,1921,612,621,9842,3,4,0,8,1998
161.9,1920,6,1930,960,480,7804,2,4,2,10,1950
145,1316,6,1926,644,369,8969,1,2,1,6,1950
191,2555,6,1922,588,672,11526,2,3,1,11,1994
177,1680,6,1915,840,308,15576,2,4,0,8,1976
147.5,1264,6,1914,676,400,15564,1,3,0,6,1995
91,790,6,1930,768,160,6292,1,2,0,4,1950
231,1512,8,1925,798,180,7609,2,3,1,7,1997
115,1639,6,1936,1064,240,10480,1,3,0,6,1950
138,1603,6,1923,784,599,9650,1,4,1,7,1950
149,1502,7,1931,776,270,7200,1,3,1,6,2000
188.7,1660,6,1934,715,240,11988,1,3,1,6,1995
198,1938,5,1937,942,240,11700,2,4,1,7,1995
110,1374,5,1938,884,225,9260,1,3,0,6,1950
104,1091,6,1951,1091,344,7801,1,2,1,5,1951
257.076,1873,8,1935,608,786,9670,1,4,2,9,1950
381,3447,8,1935,728,1014,14100,3,4,2,11,1997
311.5,1954,7,1939,798,431,15660,1,3,2,8,2006
263.4,2161,7,1950,832,506,12392,2,3,2,8,2000
236.5,1898,5,1956,1898,484,26073,2,3,2,7,1956
224,1640,6,1954,1296,924,14778,1,3,1,7,2006
116.5,1032,6,1980,516,462,1879,1,2,1,5,1980
151,1556,6,1980,716,452,1950,2,3,1,6,1980
126,919,6,1926,894,195,7000,1,2,0,5,1998
120,1090,6,1940,720,240,6000,1,3,0,5,2006
55,796,4,1922,796,0,3636,1,2,0,5,1950
120.5,816,6,1930,816,432,5890,1,2,0,5,2007
120.5,778,5,1940,740,924,6900,1,2,1,4,1955
119,1200,5,1930,780,0,8155,1,4,0,7,1950
126,1656,5,1967,624,288,6000,1,3,1,7,1967
99.5,912,5,1930,520,360,7392,1,2,0,5,1995
165.5,1955,5,1958,1151,356,9000,2,4,0,7,1958
13.1,733,1,1952,0,487,14584,1,2,0,4,1952
89,1361,4,1895,173,185,5280,1,2,0,6,1950
40,1317,4,1920,649,250,8500,1,3,0,6,1950
80.9,1049,4,1910,356,195,5150,1,2,0,5,2000
81,894,3,1935,894,1248,18000,1,2,0,6,1950
65,864,4,1920,592,216,9000,1,3,0,5,1950
392.5,1652,8,2008,1600,482,5587,2,2,1,5,2008
294.464,1648,8,2007,1596,525,3843,2,2,1,5,2008
250,1646,7,2004,1594,482,3811,2,2,1,5,2005
275,1646,8,2004,1594,482,3842,2,2,1,5,2005
300,2032,7,1996,1840,786,23730,3,3,0,7,1997
271,1689,8,2002,1568,857,13265,2,3,2,7,2002
213,1820,7,1996,910,816,11050,2,3,1,8,1997
171,1118,6,1977,1096,358,9880,1,3,1,6,1977
171.5,1279,6,1977,1196,473,10125,2,3,2,6,1977
100,1872,5,1976,0,484,10260,2,4,0,8,1976
228.5,1689,4,1991,1680,432,9990,2,3,1,6,1991
228.95,1786,5,1965,1499,529,164660,2,3,2,7,1965
241.5,1501,7,1986,1277,512,4084,2,2,1,6,1986
287,2898,8,1976,1565,665,15498,2,2,1,10,1976
294,1537,8,2006,1518,788,11563,2,3,0,8,2007
293.077,1646,8,2007,1638,800,9520,2,3,1,7,2008
264.966,1780,8,2007,920,612,12852,2,3,1,6,2007
172.5,1442,5,2006,352,400,9802,2,3,0,6,2007
167.5,1394,5,2006,384,400,9735,2,3,0,7,2007
218.689,1612,7,2008,796,666,12018,2,3,0,6,2008
150,1495,6,1989,1495,438,12890,2,3,1,8,1989
184,1651,6,1986,1606,616,12416,2,3,1,7,1986
180,1256,6,1986,1256,578,18265,2,3,1,6,1986
175,1509,6,1988,1461,600,10200,2,3,1,5,1989
232.5,1440,8,2003,1432,467,11202,2,3,1,7,2003
195,1675,6,1999,1666,435,7915,2,3,0,6,2000
305,2262,8,2003,1482,749,12244,2,4,2,10,2003
298.751,1728,8,2007,1884,520,11449,2,3,1,7,2007
370,1964,8,2005,1964,892,11447,2,3,1,7,2006
209.2,1344,7,1997,1344,784,8940,2,2,0,8,1998
206.3,1344,7,1997,1344,784,7060,2,2,0,8,1998
146,1092,5,2007,1092,0,9278,1,2,0,5,2008
160.5,1189,6,1997,1189,392,4500,2,2,0,4,1997
173,1200,4,1964,1200,850,14137,1,3,0,6,1964
124,1040,5,1975,1040,499,4224,1,3,0,6,1975
115,1304,5,1976,264,336,2665,1,3,1,4,1976
129.5,1475,5,1976,550,336,2665,2,4,1,6,1976
105,988,4,1973,526,297,1974,1,2,0,5,2006
94.9,988,4,1973,462,297,1596,1,1,1,4,1973
152.5,1160,5,1968,1113,257,17979,1,3,0,6,1968
98,1092,6,1970,546,0,1477,2,3,0,6,2007
81,630,4,1972,630,0,1890,1,1,0,3,1972
113,988,5,1954,988,520,21750,1,2,0,4,1954
128.5,816,5,1983,816,264,6490,1,2,0,4,1983
119.5,923,5,1984,876,264,6951,1,3,0,5,1985
130.5,816,5,1982,816,264,6600,1,3,1,5,2008
138,816,5,1982,816,816,6600,1,2,0,4,2003
134.5,845,5,1982,845,264,6600,1,3,0,6,2005
160,1750,6,1940,983,423,12508,2,4,0,7,1985
137.5,889,5,1984,864,484,12395,1,3,0,6,1984
172,1968,5,1969,784,530,11075,2,4,1,7,1969
103,1836,5,1900,686,288,56600,2,4,0,7,1950
167.3,1587,6,1971,1587,525,10667,2,3,1,7,1971
167,1277,7,1970,1277,526,10628,1,2,1,5,1970
244,2223,7,1973,2223,516,13651,2,3,2,8,1973
268,2217,8,1970,2217,621,15865,2,4,1,8,1970
225,1733,7,2003,847,433,12394,2,3,1,7,2003
168,1572,6,1995,806,373,10364,2,3,1,7,1996
177,1470,6,1997,794,388,13869,2,3,0,6,1997
169,1600,6,1997,916,460,8773,2,3,1,7,1997
161.5,1384,6,1997,384,390,8872,2,3,1,7,1997
251,1652,8,2000,1494,499,5330,2,2,0,6,2000
160,1694,6,1994,392,398,10147,2,3,1,7,1994
180,1714,6,1999,923,451,8637,2,3,1,7,2000
178.75,1553,7,1996,691,420,7875,2,3,0,6,1996
176,1253,7,1995,1237,402,7875,2,3,1,6,1996
204,2299,6,1999,938,482,7500,3,5,1,7,2003
160,1187,7,1992,1168,420,9556,2,3,0,6,1993
160,1472,7,1991,384,402,10784,2,3,1,7,1992
163.9,1482,7,1992,384,392,9125,2,3,1,7,1992
168,1642,6,1993,903,392,7655,2,3,1,7,1994
154.204,1128,6,1964,1302,480,18160,1,3,1,6,1964
170,1088,8,1986,1074,461,3696,1,2,0,5,1986
207.5,2090,7,1984,1190,577,5062,2,3,1,6,1984
182,1179,8,1988,1166,480,4740,2,2,0,5,1988
212,1321,8,1990,1312,484,5118,1,1,1,4,1990
377.426,1922,9,2005,1922,676,14157,2,3,1,8,2006
349.265,2541,8,2005,1149,729,12328,3,4,1,10,2005
591.587,2338,9,2006,2660,1110,51974,2,4,2,8,2007
155,1424,5,1969,1100,828,41600,1,3,0,7,1990
319.9,1612,9,2006,1612,556,8035,2,2,1,6,2006
392,1419,8,2007,1419,567,8089,2,2,1,7,2007
441.929,2234,8,2006,2220,724,14082,1,1,1,7,2006
455,2042,10,2006,1742,724,13870,2,3,1,8,2007
182.9,1440,6,1981,1440,467,12546,2,3,1,7,1981
174,1284,6,1984,1284,480,10960,2,3,0,5,1984
178,1868,6,1984,585,477,12090,3,3,1,7,2003
176,1479,7,1981,725,484,12090,2,3,1,6,2003
213,1664,7,1978,1529,663,12299,2,3,1,7,1985
192,1930,7,1979,780,481,11339,2,4,1,9,1979
190,1969,7,1977,808,534,11952,2,3,1,8,1977
195,2030,6,1976,848,551,12046,2,4,1,8,1976
148,1032,6,1978,1032,564,10395,2,3,1,6,1978
151.5,1177,6,1984,1153,495,11850,2,3,0,6,1984
197,1725,7,1979,539,550,11584,2,3,1,6,1979
192.35,1353,6,1979,1259,478,10400,2,2,1,5,1999
152,1620,5,1969,780,462,10793,2,4,0,7,1969
170,1220,6,1971,1625,944,13001,2,2,1,6,1971
175,1484,5,1971,1484,487,12243,2,3,1,7,1971
175,1743,6,1968,702,539,11700,1,3,1,7,1968
197.9,1935,7,1976,793,550,12384,2,3,1,7,1976
174,1324,7,1976,1228,585,8991,2,3,1,5,1976
178.9,1877,6,1974,1084,488,8000,2,4,1,8,1974
139,1109,5,1971,372,288,10500,1,3,0,5,2005
143.25,981,6,1971,981,576,10530,1,3,0,5,1971
184,1479,7,1972,725,484,7472,1,4,0,7,2004
155,1422,5,1970,925,576,9457,1,3,0,7,1990
133,914,5,1970,914,368,7920,1,3,0,5,2002
119.5,950,5,1971,950,280,9758,1,3,0,5,1971
123,872,4,1971,858,480,8294,1,3,0,5,1971
110,858,4,1971,858,684,7340,1,2,0,4,1971
128,914,4,1961,914,270,17199,1,2,0,4,1961
120.5,864,4,1971,864,528,9000,1,3,0,5,1971
133,767,7,1998,723,367,4058,1,1,0,4,1998
155,1337,6,2001,1337,511,4113,2,2,1,5,2001
177,1337,6,1997,1405,522,10943,2,2,1,5,1998
113.5,1092,6,1973,525,264,2205,1,3,0,6,1973
113,1218,6,1973,672,264,1890,1,3,0,7,1973
113.7,1218,6,1973,672,264,2058,1,4,0,7,1973
106,1302,5,1970,630,440,2016,2,3,0,6,1970
122.5,1365,5,1971,765,440,1920,1,2,0,6,1971
128,958,6,1976,1078,440,4928,2,2,1,5,1976
155,1548,6,1976,804,440,2308,2,3,1,7,1976
142.5,1055,7,1978,1061,319,2304,2,2,0,4,1978
129.25,988,5,1966,988,360,7150,1,3,0,5,1966
356,1816,9,2006,1790,730,12469,2,3,1,7,2007
314.813,1828,9,2007,1822,774,11694,2,3,1,9,2007
318,1694,8,2007,1694,818,12030,2,3,0,7,2007
322.4,1694,8,2006,1694,856,11825,2,3,1,7,2007
318,1734,8,2007,1734,928,12085,2,3,1,7,2007
345.474,2122,8,2007,2108,938,14333,2,2,1,7,2007
415.298,2121,9,2006,2121,732,14450,2,3,1,8,2007
492,2656,9,2007,1934,1040,13641,2,3,1,8,2007
338.931,2550,8,2006,1108,670,13440,2,4,1,11,2007
450,2046,10,2005,1994,878,15431,2,2,2,7,2006
280,2172,7,2006,1063,947,14154,2,3,1,9,2006
479.069,2552,9,2007,2552,932,13891,2,3,2,8,2007
395,1973,8,2006,1935,895,14226,2,3,1,9,2006
380,2643,9,2006,2153,694,13693,2,3,1,9,2006
250,1634,8,2006,1626,866,11428,2,3,1,7,2006
440,1976,8,2006,1976,908,14977,2,2,1,7,2007
418,2758,9,2005,1704,814,13654,2,4,1,9,2006
500.067,2290,10,2007,2320,1174,17169,2,2,1,7,2007
260.116,2152,8,2007,1582,728,16659,2,3,1,7,2008
317,2473,8,2004,1143,852,9591,2,4,1,9,2005
319.5,2100,8,2007,918,786,9709,2,3,2,8,2007
325.624,2161,8,2007,1582,789,10562,1,3,1,8,2007
372,1802,9,2006,1802,843,13615,2,3,1,7,2006
342,2956,8,2004,1706,916,13069,2,5,1,11,2004
354,2468,8,2004,1136,872,12099,2,4,1,10,2004
350,2385,8,2003,1317,818,14277,2,3,1,7,2003
285,2374,8,2003,1181,656,11999,2,4,1,10,2004
281.5,1818,8,2007,895,774,12568,2,3,1,8,2007
245.7,1614,7,2005,1614,878,9926,2,3,0,7,2006
232.698,1721,8,2005,1721,554,9254,2,3,0,7,2005
250,1828,8,2006,1298,876,10732,2,3,0,7,2007
194.7,1362,6,2005,1362,460,7577,2,2,1,6,2006
204,1302,6,2005,1302,631,3901,1,1,1,5,2006
200,1302,6,2005,1302,631,3903,1,1,1,5,2006
207,1362,6,2005,1362,460,6289,2,2,1,6,2006
209.5,1554,8,2006,1554,627,4590,2,2,1,6,2006
209.5,1554,8,2006,1554,627,4590,2,2,1,6,2006
202.5,1370,8,2006,1370,484,6442,2,2,1,6,2006
280,1577,9,2005,1577,564,7841,2,2,1,6,2005
277.5,1561,9,2005,1561,556,7313,2,2,1,6,2005
318.061,1869,9,2007,1869,617,7820,2,2,1,6,2007
221.37,1324,8,2006,1324,550,6240,2,2,1,6,2006
200,1405,7,2003,1405,478,3242,2,2,1,6,2003
181.755,1496,6,2007,768,572,15810,3,3,0,7,2007
176,1536,6,2005,768,400,10237,2,3,1,6,2006
178.9,1484,6,2005,783,393,10237,2,3,1,8,2007
168.165,1458,7,2006,608,454,13204,2,3,0,6,2007
171.925,1495,6,2006,738,440,8857,2,3,1,7,2006
198.444,1746,6,2006,698,350,9729,2,3,1,6,2007
203,1326,6,2005,1326,388,12216,2,3,0,6,2005
179.54,1456,7,2007,728,400,9018,2,3,1,8,2007
176.485,1302,7,2007,1302,436,8993,2,3,0,6,2007
181.134,1340,7,2007,1340,396,8899,2,3,0,6,2007
156.932,1412,6,2006,616,432,8499,2,3,1,6,2007
166,1504,6,2007,752,440,8229,2,3,0,6,2007
177.594,1456,7,2007,728,400,7713,2,3,0,7,2007
173.5,1258,7,2007,1246,462,7697,2,3,0,6,2007
172.5,1258,7,2006,1258,648,3922,2,2,1,6,2007
194.201,1402,7,2006,1258,648,3922,0,2,1,7,2007
226.5,1589,8,2003,1406,630,3621,2,2,1,7,2003
185.485,1266,7,2007,1266,388,3710,2,2,1,6,2007
259,1530,7,2004,1530,630,14572,2,3,1,7,2004
188.5,1119,7,2004,835,437,16219,2,2,0,5,2005
175,1374,7,2004,384,400,11084,2,3,1,8,2004
215,1959,7,2004,847,434,11796,2,4,1,8,2005
206.58,1525,7,2006,1510,534,10936,2,3,1,6,2006
183.5,1720,7,2004,840,440,8244,2,3,1,7,2004
165.5,1394,7,2003,384,400,11950,2,3,1,7,2003
211,1948,7,2003,847,434,7875,2,4,1,8,2003
181,1690,6,2000,924,463,8063,2,3,1,7,2000
219.5,1995,7,2002,854,435,8740,2,4,1,8,2002
175,1647,6,1999,953,460,7917,2,3,1,7,2000
170,1430,7,2000,384,400,9967,2,3,1,8,2000
162,1320,7,2003,660,400,7750,2,3,0,6,2003
187,1690,6,2000,915,442,9487,2,3,1,7,2000
185,1644,6,1999,941,460,9649,2,3,1,7,2000
745,4476,10,1996,2396,813,15623,3,4,2,10,1996
384.5,2551,8,1997,1779,925,12191,2,4,2,8,1998
248,2285,8,2000,969,648,11000,2,4,1,8,2000
466.5,2633,10,2001,2633,804,11400,2,2,2,8,2002
410,3078,9,1998,1408,806,10557,2,4,1,9,1998
322.5,2582,8,1998,1389,758,11002,2,4,1,9,1999
252,2385,7,1998,1066,600,10790,2,4,1,8,1998
755,4316,10,1994,2444,832,21535,3,4,2,10,1995
269.79,2013,7,1996,1117,455,9920,2,3,1,8,1997
315.75,2398,7,1996,1379,834,11787,2,3,1,8,1997
290,2520,7,1995,1203,721,9950,2,4,1,9,1995
290,2531,8,1995,1318,752,12257,2,4,1,9,1995
430,3228,8,1992,3200,546,12692,3,4,1,10,1993
263,2202,8,1992,1105,517,11762,2,4,1,9,1993
330,2538,8,1996,1325,933,9044,2,4,1,8,1997
213.133,1369,7,2007,1369,605,9910,2,3,0,5,2007
260.261,1542,8,2007,1542,852,11830,2,3,1,6,2007
320,1905,9,2006,1905,788,11670,2,3,1,8,2006
282.922,1464,8,2007,1485,754,15256,2,3,0,6,2007
215,1534,8,2006,1524,484,10612,2,3,1,7,2006
419.005,1966,10,2007,1966,1092,12291,2,1,1,6,2007
255,1636,8,2006,1623,865,13501,2,3,1,8,2006
147,1795,8,2006,1795,895,9986,2,2,1,7,2007
235.876,1528,7,2007,1528,480,9965,3,3,1,6,2007
311.872,1726,7,2007,1726,786,9416,2,3,1,8,2007
248.328,1689,7,2007,1689,954,9849,2,3,0,7,2007
227,1588,8,2006,1588,825,10000,2,3,1,7,2006
260,1538,8,2005,1538,484,8847,2,3,0,7,2005
225,1496,8,2007,1496,474,9158,2,3,0,7,2007
249,1506,7,2005,1494,672,8251,2,3,1,7,2006
307,1694,8,2004,1686,636,10084,2,3,1,7,2005
250,1977,7,2006,982,574,9605,2,3,0,7,2006
221.3,1830,8,2006,1302,859,8778,2,3,0,7,2006
208.9,1338,8,2007,1338,598,8640,2,3,0,6,2007
210.4,1335,7,2006,1335,575,9000,2,3,0,6,2007
255,1792,8,2007,896,590,8640,2,3,0,8,2007
212.109,1588,5,2007,725,561,10411,3,3,0,8,2007
270,1959,8,2006,1088,1025,9000,2,3,1,8,2006
303.477,2610,8,2007,1184,550,9000,2,4,1,11,2007
310.013,1880,8,2007,955,880,12217,2,3,1,8,2007
249.7,1656,8,2006,1656,826,11096,2,3,0,7,2006
227.875,1761,7,2007,874,578,10207,3,3,0,7,2007
261.329,1584,8,2007,1574,594,10440,2,2,1,6,2007
253,1685,8,2006,1685,658,11824,2,2,1,5,2006
265,2443,6,2004,1158,744,10625,2,4,1,9,2004
340,2466,8,2004,1580,610,11143,3,4,1,8,2005
146,1100,6,2006,1100,0,7500,1,3,0,6,2007
147,1143,7,2006,1143,0,7500,1,3,0,5,2006
149,1094,5,2003,1094,576,12450,1,3,0,6,2004
181,1486,7,2006,1461,566,7441,2,3,0,7,2006
201,1721,6,1994,928,471,8462,2,3,0,7,1994
191.75,1820,6,1993,864,492,11613,2,3,0,7,1997
179,1349,7,2000,1349,539,8450,2,3,0,6,2001
215,1494,7,1998,1482,514,16196,2,3,1,5,1998
179.2,1575,6,1992,1575,529,8012,2,2,0,5,1992
128,1266,6,1980,630,283,8012,1,2,2,5,1980
144,884,5,1983,840,504,9180,1,2,0,5,1983
144,2020,5,1977,0,630,8400,2,4,2,10,1977
120.75,894,5,1977,894,308,6285,1,2,0,5,1977
132.5,970,5,1963,970,624,8480,1,2,0,5,1963
132,1057,5,1962,1057,576,7420,1,3,0,6,1962
132.5,999,5,1962,999,264,7758,1,3,0,6,2001
129,1120,4,1961,1040,544,6970,1,3,0,5,1961
143.9,1696,5,1962,1140,349,13673,1,3,1,8,1962
145,1040,5,1968,1040,686,7476,1,3,0,5,1968
128.5,988,5,1961,988,572,9945,1,3,0,5,1961
125.5,902,5,1967,876,288,6173,1,3,0,6,1967
300,2503,7,1990,1223,564,19522,2,3,1,7,1990
294,2167,7,1974,1192,518,17542,2,3,2,9,2003
129,1037,5,1974,1037,431,10751,1,2,0,5,1974
171,1701,5,1975,1390,611,16647,2,3,2,6,1981
147,1055,6,1973,1044,542,12712,1,2,1,5,2006
302,2810,8,1990,1453,750,9572,2,4,1,9,1990
285,2872,8,1992,1683,541,10678,2,4,1,9,2000
214,1378,8,2004,1378,540,4379,2,2,1,6,2004
166,1151,8,2006,1141,484,3523,2,2,0,5,2007
193.8,1565,8,2006,1511,476,3784,2,2,0,5,2007
208.9,1352,7,2006,1352,466,4230,2,2,1,5,2007
194,1352,7,2006,1352,466,3606,2,2,1,5,2007
207.5,1550,8,2006,1550,528,5330,2,2,0,5,2007
199.9,1241,7,2006,1241,569,4274,1,1,0,4,2007
164.7,1250,7,2006,625,528,4251,2,2,0,5,2007
176.5,1501,6,1999,744,440,2280,2,3,1,6,1999
176,1458,6,1999,729,440,3230,2,2,1,5,1999
168.5,1512,6,2000,756,440,2117,2,2,1,4,2000
177,1573,6,2000,756,440,2117,2,3,0,4,2000
177,1525,6,2000,756,440,2117,2,3,1,5,2000
148.8,1102,7,2004,551,480,5105,2,2,0,4,2004
174,1441,8,1999,776,492,2645,2,2,0,5,2000
239,1950,7,1997,975,576,7399,2,3,1,7,1998
204,1358,7,1999,1339,625,7321,2,3,0,5,2000
301,2048,8,2003,1054,552,8010,2,3,2,8,2004
312.5,2362,8,1998,1220,1105,8413,2,3,2,8,1998
279.7,1494,8,1994,1494,478,9466,1,1,1,5,1995
255,2362,7,1980,2002,546,12000,2,3,1,8,1980
194,1432,5,1978,1360,588,16157,1,2,1,5,1978
218,1437,5,1976,1437,528,10768,2,3,1,6,2004
213.75,1295,8,1978,1057,571,3840,1,1,2,4,1998
187,1855,6,1976,528,512,9600,2,3,1,7,1994
181.5,1262,6,1976,1262,460,9600,2,3,1,6,1976
373,2497,8,1981,2461,676,17778,2,2,2,7,1981
190,2620,5,1977,1361,600,18890,2,4,1,12,1977
226,1929,7,2001,1057,650,7050,2,3,1,7,2001
143.45,1152,6,1968,912,412,11700,1,3,0,7,1968
240.05,2411,6,1970,1008,570,8000,2,4,1,8,1970
162.5,1082,6,1969,973,480,8723,1,3,0,6,1969
164,1295,6,1968,1295,528,11700,1,3,0,6,1968
185,1610,7,1972,1124,515,11358,2,3,1,8,1987
188.5,1594,7,1993,1594,472,9547,2,2,1,6,1993
255,2075,7,1993,1148,473,10530,2,3,1,8,1993
136.905,1680,5,1976,1680,528,11500,2,4,0,8,1976
158.5,1093,6,1966,1093,484,10738,2,3,1,6,1966
175.5,1242,7,1973,1242,528,9600,1,3,1,6,1973
127,1052,6,1963,1052,311,10800,1,3,0,6,1963
127,1107,5,1967,949,308,8050,1,3,0,5,1993
143,1214,5,1967,1214,318,10355,2,3,1,5,1967
156,1073,5,1965,1073,515,10289,1,3,0,6,1965
144,1344,5,1958,1024,484,9503,1,2,1,6,1983
119,1728,5,1964,1728,352,10624,2,6,0,10,1964
103,1224,4,1964,0,530,10899,2,2,0,8,1964
139.9,1422,5,1960,978,286,12342,1,3,1,6,1978
151.5,958,6,1960,958,301,12772,1,2,0,5,1998
126.5,1065,5,1960,1065,461,8892,1,3,0,6,1960
145,1138,6,1958,588,264,10482,1,3,0,6,1958
120,912,5,1958,912,297,7535,1,2,0,5,1985
124,1074,5,1956,894,396,7450,1,2,1,6,1956
106.5,882,5,1959,0,294,8339,1,3,0,5,1959
140.5,1187,5,1961,864,440,14357,1,2,1,6,1961
137.5,964,5,1961,964,784,8243,1,3,1,5,1961
117.6,894,5,1960,894,312,8680,1,3,0,5,1960
163.5,1200,7,1966,1174,440,8800,2,3,1,6,1966
161,1042,6,1965,1042,440,9200,2,3,0,5,1965
158,1302,6,1964,1302,309,9350,2,3,0,7,1991
224.5,2154,6,1964,845,539,8800,2,5,1,8,1997
147,1374,6,1964,1130,286,11382,1,3,1,7,1964
200,1652,6,1959,1592,510,22002,1,3,1,6,1991
181.9,1429,6,1960,1144,572,14585,1,3,2,7,1987
150.75,1327,5,1959,1063,624,7388,1,3,0,7,2002
101.8,1224,4,1962,0,462,9842,2,2,0,6,1962
124,932,6,1950,932,306,8280,1,2,1,4,1950
138.5,908,5,1940,822,512,12172,1,2,0,4,1996
39.3,334,1,1946,0,0,5000,1,1,0,2,1950
64.5,666,3,1946,666,0,5000,1,2,0,4,1950
64,670,3,1945,370,0,3500,1,2,0,4,1950
112,808,5,1958,808,308,5175,1,2,0,5,2000
165,1977,6,1964,816,540,9500,1,4,1,9,1978
144,1150,5,1955,1078,288,9600,1,2,0,6,1955
137,1920,5,1948,928,400,11345,2,4,0,10,1950
105,1376,5,1941,768,240,9492,1,3,1,6,1950
146.5,1644,5,1942,728,312,9480,1,3,2,7,1995
126,1560,5,1968,1560,792,8668,2,4,0,8,1968
175,1280,5,1966,793,432,10050,2,3,1,6,1966
158.5,1254,6,1961,1218,525,9600,1,3,1,6,1961
114.5,912,5,1958,912,275,10150,1,2,0,5,1958
144,1524,5,1958,874,315,11344,1,3,0,7,1958
129,2380,6,1965,1021,596,18450,2,3,1,7,1979
141,936,6,1957,936,315,8760,1,2,0,4,1999
131,1008,5,1956,1008,308,6860,1,3,0,6,1956
142.1,1053,5,1963,1053,692,8250,1,3,0,6,1963
139,1056,5,1958,1056,308,8176,1,3,0,6,1992
157.9,1442,6,1958,1442,301,9750,1,4,0,7,1958
139.4,1056,5,1954,1056,260,9250,1,3,0,6,2005
150,1244,6,1957,1244,336,11988,1,3,2,6,1957
120,1144,5,1960,1144,336,9100,1,3,1,6,1960
174.85,1721,6,1957,1331,464,9736,1,4,3,8,1969
116,922,5,1957,922,308,9770,1,2,0,5,1957
135,1048,5,1956,1048,286,10152,1,3,0,6,1956
163.5,1657,6,1970,1657,484,12155,2,3,1,7,1970
130,1411,5,1955,1204,310,12198,1,3,1,7,1975
129.5,1216,5,1955,1216,336,10050,1,3,0,5,1955
142,1154,5,1953,864,336,11556,1,3,0,6,2006
128.6,1560,5,1958,1560,484,8078,2,4,0,8,1958
125,948,6,1952,948,410,10950,1,2,0,5,1952
136,1040,6,1953,1040,293,7942,1,3,0,6,1953
134.5,1008,5,1953,1008,240,8923,1,2,0,6,2006
127,925,5,1956,925,252,8540,1,3,0,5,2003
130,1360,5,1955,384,572,7134,1,3,1,6,1955
115,1540,4,1955,1190,352,7150,1,4,0,7,1955
116.9,925,5,1955,923,390,8400,1,3,2,5,1955
132,928,5,1956,928,252,13300,1,2,0,4,2000
153,1647,4,1953,1105,280,9532,1,3,1,6,1953
112.5,924,5,1952,924,420,15783,1,2,0,6,1952
138,1544,4,1890,925,0,14190,2,3,0,7,2006
135,893,5,1949,845,576,9600,1,2,0,4,2003
156,1728,5,1953,1216,371,12099,1,3,1,7,2004
301.6,3086,5,1935,666,1200,21281,3,4,0,9,2007
109,1034,5,1940,735,240,10134,1,2,0,5,1950
103.2,882,4,1956,882,0,5500,1,1,0,4,1956
128.5,1281,4,1925,1151,580,10284,2,1,0,6,1993
64.5,968,4,1927,656,216,10800,2,4,0,5,2007
148,1534,5,1895,736,0,10800,1,3,0,6,1999
86,691,5,1920,691,216,5400,1,2,0,4,1950
172,1651,7,1963,725,276,10090,2,4,2,6,1999
120,888,5,1961,920,240,8700,1,3,0,5,1961
128.5,952,6,1968,952,288,8300,1,3,0,5,1968
135,2080,5,1969,1040,504,11606,1,5,2,9,1969
122.9,924,5,1949,672,576,8064,1,3,1,6,2006
119.2,1082,6,1948,1082,240,11664,1,2,1,5,1950
143,1846,6,1949,1040,315,10496,2,3,1,7,1950
119,988,5,1950,876,276,7200,1,3,0,6,1950
102,1238,5,1950,864,357,7200,1,3,1,6,1950
129,864,5,1950,864,720,7200,1,3,0,5,2002
135,1134,5,1960,1010,254,7000,1,2,0,6,2002
152,1040,5,1959,1040,286,7500,1,3,0,6,2003
140,1170,5,1958,1170,338,7315,1,3,1,6,1958
152,1242,5,1960,1242,324,7903,1,3,0,6,1960
156.5,1377,5,1960,1377,351,8000,1,3,2,6,1960
141,1800,5,1961,1800,0,8000,2,6,0,10,1961
99,925,5,1961,0,300,7000,1,3,0,7,1961
187,1851,6,1964,822,440,9760,2,3,1,7,1993
169.5,1812,5,1962,864,264,7590,2,4,1,8,1962
125.5,864,5,1962,864,294,6600,1,2,0,5,1962
130,936,5,1962,896,288,6760,1,3,1,6,1962
103,960,5,1926,850,576,6978,1,2,0,5,1980
132,1432,5,1910,264,360,9600,2,2,0,7,2002
127.5,1296,6,1927,845,576,6000,1,3,0,6,1950
89.5,1022,5,1922,1022,184,4480,1,2,1,4,1950
140,936,5,1980,936,672,7200,1,2,0,4,1980
99.9,967,5,1920,967,180,3153,1,2,1,5,1990
100,1047,4,1885,641,273,10800,1,2,0,6,1995
130,1072,5,1940,808,379,7200,1,2,2,5,1950
135,1174,5,1900,680,576,9000,1,2,1,6,2006
120,1183,3,1948,649,308,6000,1,2,0,6,2002
89.471,1131,4,1937,907,672,5925,1,2,0,7,2000
85,1141,4,1900,570,252,5925,1,3,0,6,1950
108.5,960,4,1920,960,308,6000,1,2,0,5,1950
137,1798,4,1900,1075,342,9639,2,4,0,7,1950
110.5,866,5,1945,686,0,3880,1,2,0,4,1997
100,968,5,1923,968,480,8520,1,2,0,5,2006
184.9,1772,8,1910,725,816,10337,2,3,0,7,1999
145,1642,6,1927,728,374,9863,1,4,1,9,1950
125,1472,5,1925,702,250,9600,1,3,0,6,1994
114,1232,5,1910,616,480,4571,1,3,0,6,1950
90,2337,5,1900,662,560,13600,2,5,0,10,1950
144.1,1650,6,1910,926,468,8398,2,3,0,6,1990
117.5,2210,6,1880,1008,205,9900,2,5,0,8,1950
124.5,1358,5,1930,687,336,3600,1,3,1,6,2005
185,2454,7,1879,819,576,13500,2,3,1,8,1987
133.9,2291,6,1910,1214,506,7200,2,4,1,9,1998
152,1616,6,1926,1149,216,5400,2,3,0,5,2004
153.5,1559,5,1948,1559,812,8100,1,2,0,5,1973
159.5,2554,7,1890,718,704,10800,1,3,0,8,1998
87,1248,5,1930,912,160,9439,1,2,0,6,1950
104.5,968,4,1956,0,331,8626,1,2,0,5,1956
110,1382,4,1949,0,384,11800,2,1,1,6,2002
136.5,1060,5,1925,756,308,6854,1,1,1,6,1994
128.25,1435,5,1950,910,308,8674,1,3,0,6,1950
144,1167,5,1920,915,495,8731,1,3,1,6,1950
210,1635,6,1923,1065,440,8737,1,3,1,6,1950
135,1274,5,1939,728,224,6125,2,3,0,6,1998
128,1232,6,1939,600,217,6000,1,3,2,6,1950
131,1218,6,1941,735,440,6000,1,3,1,6,1950
113,884,5,1939,884,240,6120,1,2,0,5,1950
126,1409,6,1938,861,528,6240,1,3,1,6,1950
132,1322,5,1939,672,280,6240,1,4,0,7,1952
131.75,1426,5,1930,966,230,6240,1,3,1,6,1992
132.5,1281,5,1926,756,379,6120,1,2,0,6,1950
137.5,1513,5,1920,939,180,6120,1,4,0,8,2004
132,854,7,1929,832,576,6120,1,2,0,5,2001
127.5,1367,6,1931,884,560,6240,1,3,1,6,1950
102,986,6,1926,960,180,6180,1,2,1,5,1950
200,2264,6,1918,1100,408,7755,2,4,0,8,1995
180.5,1824,6,1919,764,520,13515,1,3,1,8,1950
165,1376,6,1920,768,576,8850,1,3,0,7,1950
90,1316,5,1926,750,576,8550,1,4,0,7,1950
153.575,1396,6,1915,698,384,8730,1,3,0,7,2003
140,1344,7,1929,672,456,5700,1,3,1,6,1990
136,2526,6,1916,714,216,8520,2,5,1,10,1950
113,1173,5,1901,592,240,5680,2,3,0,7,1950
117,1214,5,1901,969,216,5680,1,2,0,6,1950
169.5,1818,7,1931,1040,240,7758,1,4,2,7,1950
139.4,1108,7,1930,637,280,7449,1,3,1,6,1950
202.5,2294,6,1963,741,658,13200,3,5,1,9,1963
127,1355,6,1914,684,0,6882,1,3,0,7,2006
141,1375,6,1937,780,544,9000,1,3,1,6,1950
212.3,1952,7,1950,976,299,9780,1,4,2,8,2005
161,2180,6,1915,1138,720,10320,1,3,1,7,1950
99.5,1315,4,1958,808,436,4330,2,3,0,5,1958
101,1111,5,1920,530,288,7200,1,3,0,6,1996
109.9,1196,4,1916,1196,440,4800,1,2,0,5,1990
128.5,1382,5,1941,720,660,12358,1,2,0,7,1950
122,1889,7,1910,925,308,10120,1,4,1,9,1950
87,840,5,1930,672,0,4388,1,3,1,5,1950
50,1484,4,1910,771,264,10320,2,3,0,6,1950
219,2267,7,1937,1005,498,12888,1,3,2,7,1980
200.5,3086,5,1946,1598,0,18030,3,3,1,12,1994
126,1134,5,1940,756,240,8160,1,3,0,7,1950
108.5,1282,5,1942,672,240,4484,1,2,0,4,1979
130,999,5,1963,925,308,11235,1,3,0,6,1963
158.45,1452,5,1964,1420,572,11235,1,2,1,6,1980
115.4,1005,4,1964,1005,440,14299,1,3,0,5,1964
118.5,1029,4,1961,1029,261,7943,1,3,0,5,1961
165,1020,5,1964,980,528,14149,2,3,1,5,2001
123,1040,5,1966,1040,264,11677,1,3,0,6,1966
129,913,6,1966,814,240,8400,1,3,0,6,1966
125,894,5,1966,894,384,7094,1,3,0,5,1966
108,948,5,1968,948,300,8978,1,3,0,6,1968
119.9,868,5,1971,768,576,8425,1,2,0,6,1990
115,897,5,1968,876,264,8665,1,3,0,5,1968
134.5,943,5,1967,943,528,8398,1,2,0,5,1967
127,955,5,1966,955,386,7742,1,3,0,6,1966
129,894,5,1968,894,450,8724,1,3,1,5,1968
143.5,1285,6,1977,660,528,8197,1,3,1,7,1977
129,912,5,1966,912,315,8169,1,3,0,6,1966
187,1375,5,1956,1240,323,14175,1,3,1,6,1998
158,2654,5,1920,671,638,16779,3,4,1,11,1996
112,1416,5,1918,816,576,25339,2,3,0,7,2007
165.25,1302,7,1940,680,224,6960,1,2,2,6,1998
150,1299,6,1954,967,494,11375,1,3,1,6,1995
137,1176,5,1958,1158,303,13770,1,3,2,6,1998
89.5,998,4,1945,0,460,9000,1,3,0,5,1950
302,1824,7,1971,1643,739,115149,2,2,2,5,2002
182,1522,6,1984,1190,552,11075,2,3,1,7,1984
211,2060,6,1988,1151,521,10029,2,4,1,8,1989
216,1325,5,1948,409,576,17541,2,3,1,6,2005
130,1630,5,1953,1073,649,22692,2,3,1,6,1953
109.9,1242,4,1946,484,336,17808,1,2,0,4,1950
255,2422,6,1954,1288,527,12671,3,4,2,6,1994
243,2158,6,1950,1202,576,12615,2,4,1,7,2001
154,1626,6,1954,988,332,10512,1,3,0,6,1954
118,864,5,1958,864,399,5400,1,3,0,6,1958
80,943,4,1958,0,308,11515,1,3,0,5,1994
150,1440,4,1977,1440,0,7711,2,4,0,8,1977
86,605,4,1920,528,0,9098,1,2,0,5,2002
130,1038,5,1984,1038,264,3869,2,2,0,5,1984
125,1342,5,1951,1342,256,9280,1,4,0,7,1951
136.5,1480,5,1951,1080,253,11100,1,4,1,7,1994
96,1362,4,1920,951,280,7550,2,4,0,7,1950
120,1340,5,1957,0,252,9060,1,3,1,7,2006
228.5,1822,6,1984,1105,515,23920,2,4,1,7,1984
179.9,1442,7,1990,910,719,10357,2,3,1,6,1991
225,2243,7,1990,700,746,13474,2,4,1,8,1991
301,2730,7,1986,1502,576,10380,2,4,1,8,1987
238,2127,7,1991,1104,833,13125,2,4,1,8,1991
228.5,1982,7,1989,807,575,11287,2,3,1,7,1989
220,1958,7,1994,779,499,9317,2,3,1,7,2001
383.97,2696,7,2007,1264,792,9965,2,4,1,10,2007
424.87,2828,8,2006,1466,1052,9965,3,4,1,11,2007
250,1651,8,2007,1643,870,9178,2,3,1,7,2007
360,2140,8,2006,2140,894,10481,2,3,0,8,2007
279.5,1494,7,2006,1494,840,10652,2,3,1,7,2007
200.141,1316,7,2007,1316,440,11175,2,3,1,6,2007
246.5,1651,8,2007,1643,870,10235,2,3,1,7,2007
276,2574,8,2007,1482,868,9588,2,3,1,10,2007
203,1274,7,2005,1274,508,8814,2,3,0,6,2007
155.835,1456,7,2006,728,440,11103,2,3,1,8,2006
194,1240,7,2006,1240,826,8556,2,2,0,5,2006
195.4,1208,7,2007,1208,628,6762,2,2,0,6,2007
217,1546,7,2005,1546,796,11750,2,3,0,7,2006
212.999,1500,8,2006,1489,674,8760,2,3,1,7,2006
175.9,1270,7,2005,1270,524,7242,2,2,0,6,2006
191,1795,7,2005,879,578,9316,2,3,0,7,2006
176.432,1314,6,2006,1314,440,9317,2,3,1,6,2006
277,2062,7,1988,1157,454,14364,2,3,1,7,1989
207,1873,7,1988,929,619,8883,2,3,1,7,1988
277,2144,6,1958,1444,389,159000,2,4,2,7,2006
240,1953,6,1992,1580,501,53107,2,3,2,9,1992
187.5,2087,6,1966,832,444,12205,2,5,0,9,2007
279,1743,8,1976,966,529,20064,0,0,2,5,1976
139.5,1022,5,1994,1022,747,14217,1,3,0,6,1994
126,990,5,1994,990,299,8775,1,3,0,5,1994
177.5,1200,6,1995,1200,521,11249,2,3,0,6,1995
175,1308,6,1997,635,497,10021,2,3,0,6,2006
211,1796,6,1998,794,546,9531,2,3,0,7,1998
146,990,5,1994,990,384,8428,1,3,0,5,1994
147.9,1097,5,1996,1097,242,16561,1,3,0,6,1996
123.6,990,4,1994,990,0,8070,1,3,0,5,1995
204.75,1786,6,1997,824,684,9337,2,3,0,7,1997
235.5,1873,7,1999,988,597,10820,2,3,1,7,1999
217,1753,7,1998,853,534,12352,2,3,1,7,1999
190.55,1690,7,2001,845,517,9543,2,3,0,7,2001
217.5,1842,7,2000,985,486,8826,2,3,1,7,2000
226,1479,7,2003,1453,558,10665,2,3,0,7,2003
180,1668,7,2003,840,500,11317,2,3,0,8,2003
131,894,5,1974,864,440,11800,1,3,0,5,1974
153.5,1025,5,1976,1015,370,8660,2,3,1,6,1976
160,1009,5,1977,995,576,9720,2,3,1,6,1977
134.9,1040,5,1977,1040,748,8982,1,3,0,5,1977
130,907,5,1977,876,308,16300,1,3,0,5,1977
120,879,5,1975,864,440,9675,1,3,0,5,1975
112.5,882,5,1972,882,461,7700,1,3,0,5,1972
122,969,5,1975,969,440,10356,1,3,0,5,1975
127,864,5,1972,864,576,7200,1,3,0,5,2000
117,875,4,1972,385,728,7200,1,3,0,5,2006
305.9,2000,8,2004,2000,888,10386,2,3,0,8,2005
228.5,2169,8,2002,1284,647,9375,2,3,1,7,2002
270,1673,7,2000,1673,583,11354,2,3,1,7,2000
192,1459,7,2002,1459,527,8749,2,3,1,6,2002
213,1932,7,2003,979,610,8749,2,3,1,7,2003
200,1729,7,2002,860,542,8158,2,3,0,7,2002
267,2452,8,1998,1028,683,16226,2,4,1,9,1999
228,1592,8,1994,1556,484,11927,2,3,1,7,1995
275,2439,8,2001,1531,560,12728,2,4,1,7,2001
211,1992,7,1996,860,608,15295,2,3,2,7,2002
285,1668,9,2002,1626,702,11248,2,3,1,7,2002
240,2090,8,1995,1220,556,10000,2,3,1,8,1996
131.5,848,6,2003,848,420,4435,1,1,0,3,2003
246.9,1341,8,1999,1341,482,17227,1,1,1,5,2000
219.5,1928,7,2003,847,434,8200,2,4,1,8,2004
185,1337,7,2003,1337,531,8450,2,3,0,6,2003
179.4,1476,7,2007,738,552,8145,2,3,0,7,2007
213.5,1797,7,2006,939,639,9245,2,3,0,8,2006
179.6,1422,7,2004,1422,626,8500,2,3,0,7,2004
173.5,1190,7,2005,1169,578,8769,2,2,0,5,2005
167.84,1330,6,2006,1330,437,8334,2,3,1,6,2007
168.675,1491,7,2006,738,484,8333,2,3,1,7,2006
167,1536,5,2005,768,400,9045,2,3,0,6,2005
140,1214,5,1965,1214,461,9170,1,2,0,6,1965
118.5,936,5,1967,936,384,9825,1,2,1,4,1967
110,1088,4,1963,1088,520,8308,1,2,0,4,1963
94.75,960,4,1965,960,432,10921,1,3,0,6,1965
122,1351,5,1925,901,576,16287,1,3,1,7,1950
110,1179,6,1960,1179,622,8240,1,2,0,5,1960
118.5,816,6,1990,816,0,11841,1,3,0,5,1990
133.5,1044,6,1976,960,528,6285,1,3,1,7,1976
148,1113,6,1976,1143,504,7917,1,3,1,6,1976
141,2233,5,1979,0,579,9555,2,5,0,11,1979
155,1125,5,2006,1125,430,8536,1,2,0,5,2007
157,1090,5,2005,1090,450,7024,1,2,0,5,2006
171.5,1408,5,2005,734,489,7023,2,3,0,6,2006
183.85,5095,10,2008,5095,1154,39290,2,2,2,15,2009
184.75,4676,10,2007,3138,884,40094,3,3,1,11,2008
140,1072,6,2005,547,525,3675,1,2,0,5,2005
131.75,960,5,1959,960,392,6400,1,2,0,4,2000
61.5,1152,4,1955,0,0,6882,2,2,0,6,1955
111,948,4,1954,864,248,10215,1,3,0,5,1954
98.5,1195,5,1946,1195,0,8741,2,4,0,8,1950
79,774,3,1931,544,0,4270,1,3,0,6,2006
108.5,865,6,1920,660,216,10042,1,2,1,4,1995
110,894,4,1954,894,400,9450,1,3,0,5,1954
112,1346,4,1910,560,384,11767,1,2,0,6,2000
125,768,4,1955,768,355,8172,1,2,1,4,1955
79.275,864,4,1955,864,528,8172,1,3,0,5,1955
119,948,4,1954,948,280,8190,1,3,1,5,1954
200,3395,6,1914,1440,0,10896,2,8,0,14,1995
150,2592,5,1923,1296,0,10890,2,6,0,12,1950
165,1502,6,1923,602,180,10592,1,3,2,7,1996
96.5,789,5,1926,768,200,10594,1,2,0,5,1950
136.5,1422,5,1926,1290,352,7223,1,3,0,6,1950
146.5,1298,6,1921,651,240,6821,2,2,1,8,2005
175,1768,5,1937,731,240,7200,1,3,2,7,1950
148.5,1098,7,1930,531,216,4000,1,2,1,5,1995
141.5,1436,6,1921,585,228,6720,1,3,1,7,1950
189.95,1426,7,1918,912,216,7642,1,3,1,7,1998
135,1461,6,1926,686,225,7155,1,3,1,6,1991
164,1646,7,1941,918,240,7128,2,4,2,7,1950
90.35,694,5,1913,440,352,4280,1,2,1,4,2002
139,1250,5,1910,661,552,5362,2,3,1,8,2003
119.75,954,5,1938,920,240,6305,1,2,1,5,1950
145,1958,6,1946,979,492,7136,2,4,0,8,1950
145,2002,5,1949,1001,871,6270,2,4,0,8,1950
238,1718,7,1927,851,264,7230,2,4,1,8,1992
153.5,1226,5,1951,0,400,13108,1,2,1,7,1951
239,2624,6,1918,1370,864,22420,2,4,1,10,1950
359.1,3194,8,1934,965,380,12168,2,4,2,10,1998
188,1755,4,1930,930,231,7810,2,4,1,7,2003
220,1991,6,1932,854,432,11275,1,3,1,7,1950
140,1355,5,1941,728,528,6221,2,3,0,5,1950
315,2727,8,1932,853,440,10570,2,3,2,10,1994
259.5,2320,6,1945,1028,180,7259,2,3,1,9,2002
257.5,1839,6,1957,1477,416,14442,2,3,2,7,2004
219.5,1740,7,1940,800,240,13125,1,3,2,6,1984
217,2259,6,1953,1809,450,21000,2,3,2,7,1953
201,1560,6,1960,1560,580,25485,1,3,3,6,1960
215,1488,6,1968,1488,552,21579,2,3,2,7,1968
123.9,1045,6,1980,516,462,1782,1,2,1,5,1980
170,1680,4,1995,1680,628,17871,2,4,0,7,1996
200,1020,8,1988,1004,509,3907,1,1,0,4,1988
198,1696,7,1971,1696,625,20693,2,3,2,7,1971
200.624,2515,6,1957,2035,484,32668,3,4,2,9,1975
315,2726,8,1986,279,691,18044,2,2,1,6,1986
115,1517,5,1919,793,0,8500,2,3,0,7,2005
141,1215,6,1940,720,720,7000,1,3,0,6,1950
87,803,5,1941,720,360,5000,1,2,0,5,1950
129.85,1601,5,1925,936,0,7288,2,3,0,6,2003
100,1123,4,1939,732,264,6060,1,3,0,4,1950
150.909,1828,5,1923,859,0,9060,2,3,0,6,1999
75.2,816,5,1922,816,100,3672,1,2,0,5,1950
118.4,1012,6,1920,1012,308,8263,1,2,1,6,1950
67,1077,5,1920,961,338,8967,1,2,0,6,1950
152,1558,5,1950,910,282,13710,1,4,0,6,1950
68.104,845,2,1939,0,256,11067,1,1,0,4,1950
119.6,1991,5,1895,957,0,8250,2,4,0,9,2006
140,1073,4,1957,1073,720,6565,1,3,0,6,1980
124.9,1001,5,1930,837,216,6060,1,2,0,5,2007
375,1625,8,2006,1573,495,5568,2,2,1,5,2007
235,1625,8,2006,1573,538,4750,2,2,1,5,2007
183.5,1299,6,1979,1001,486,12150,2,2,1,5,1979
156,912,6,1978,888,470,7540,1,2,1,5,1978
134,1080,6,1983,1084,484,9187,1,3,0,5,1983
215,1392,5,2002,1441,650,10000,2,3,1,6,2002
245,1409,7,2002,1409,576,12864,1,1,1,4,2002
210,1478,7,1991,1454,506,9928,2,3,1,6,1992
148,918,7,1975,852,360,8750,1,3,0,4,1975
143,1026,6,1974,970,528,8410,1,2,1,5,1974
244,1501,7,1987,1501,512,4054,2,2,2,5,1987
330,1502,7,1998,1502,286,9763,1,1,1,5,1998
170,1328,5,1959,1350,308,16905,1,2,2,5,1959
257,2279,6,1958,585,461,19958,2,4,1,7,1995
231.713,1689,7,2006,1689,433,8368,2,3,0,7,2007
267.3,1564,8,2006,1546,502,8298,2,2,1,6,2007
265.9,1484,8,2006,1476,472,9037,2,2,1,6,2006
239,1571,8,2007,1571,722,10991,2,3,1,7,2007
248.9,1646,8,2006,1638,870,10656,2,3,1,6,2007
174,1240,7,1985,1265,528,10331,2,3,0,6,1985
187.5,1717,7,1990,1156,400,13758,2,3,1,7,1991
204,1756,6,1996,872,422,9303,2,3,0,7,1997
180.5,1312,8,2001,1267,471,6718,2,2,0,5,2001
187.5,1146,7,2003,868,438,9590,2,3,1,6,2003
282,1922,8,2002,1922,692,11305,2,2,1,6,2002
178,1491,6,1996,1491,571,7777,2,3,1,7,1996
270,1629,8,2002,1616,808,14536,2,3,1,9,2003
279.9,2486,7,2003,1122,452,11800,3,5,1,10,2004
186.7,1572,5,1963,1572,995,35133,1,3,2,5,1963
283.463,1776,8,2006,1732,712,15306,2,3,1,7,2007
392,1824,10,2006,1824,932,12633,2,3,1,8,2007
281.213,2482,8,2005,1094,642,12665,2,4,1,9,2006
147,1120,5,2007,1120,0,8402,1,3,0,6,2007
130,2034,3,1953,0,1041,43500,1,2,0,9,1953
140,936,6,1996,920,460,6710,0,0,0,3,1997
132.25,1040,4,1963,1064,648,25286,1,3,0,5,1963
143,1632,5,1967,1632,576,25000,2,4,0,8,1967
168,1622,4,1961,1249,1356,32463,1,3,1,7,1975
129.9,1060,5,1976,1040,572,4224,1,3,1,6,1976
134,1142,5,1976,1142,528,4224,1,3,1,6,1976
85.5,1092,4,1972,546,253,1504,1,3,0,5,1972
106.5,992,4,1970,530,297,1533,1,2,0,4,1970
93.9,1092,4,1970,546,0,1495,1,3,0,5,1970
75,1092,4,1970,546,286,2001,1,3,0,6,1970
84.5,630,4,1970,630,0,1936,1,1,0,3,1970
75.19,1092,4,1976,546,286,1890,1,3,0,6,1976
146.8,1062,6,1976,1029,539,11333,1,3,2,5,1976
153.5,1008,5,1977,923,678,9129,1,1,1,4,1977
188,1356,6,1977,1244,528,15957,2,3,1,6,1977
196,1676,5,1977,1160,672,33983,1,3,2,6,1994
157,1432,5,1977,716,531,8286,1,3,1,6,1977
138,796,5,1971,796,0,6723,1,2,0,5,1971
129.5,768,5,1970,768,624,7244,1,2,0,5,1970
80,1608,4,1961,1396,444,27697,1,3,0,6,1961
129.5,845,4,1982,845,360,7599,1,2,0,4,2006
135,1178,5,1976,1090,502,11000,1,3,0,6,2003
124.5,816,5,1982,816,264,8314,1,2,0,5,1982
139,816,5,1983,816,264,11625,1,2,0,4,1983
93.5,974,5,1991,974,0,10712,1,3,0,5,1992
124.5,887,5,1984,864,288,10447,1,3,0,5,1984
149.9,1293,6,1954,1178,452,11027,2,2,0,5,1954
157.5,1024,6,1956,1008,313,10533,1,2,2,5,1956
169,1797,5,1957,1617,963,11765,1,3,1,7,1957
252,1390,6,1957,1705,550,39384,1,1,2,4,1957
192.1,1851,7,1969,1851,506,11727,2,3,1,8,1969
183.5,1525,6,1997,813,400,8238,2,3,1,6,1998
222,2236,7,1997,964,642,13006,2,4,1,8,1997
170,1671,6,1995,781,423,13041,2,3,1,7,1995
187.5,1498,6,1995,691,409,13031,2,3,1,6,1996
202,1776,6,1996,821,443,9783,2,3,1,7,1996
185,1511,6,1997,802,413,11207,2,3,1,8,1997
320,2462,7,2005,1392,576,19378,2,4,1,9,2006
240,1670,7,2006,1670,690,14859,2,3,1,7,2006
250,2064,8,2005,1074,527,13128,2,4,1,7,2005
239.9,1801,8,2005,893,800,10463,2,3,1,8,2005
309,2212,7,2005,1700,773,13751,2,3,1,9,2006
274.725,2021,7,2006,868,422,23257,2,3,1,9,2006
270,2687,8,1994,2062,618,13108,2,4,0,9,1994
183.5,1169,6,1993,1160,402,8076,2,3,1,6,1994
165.6,1501,6,1993,697,420,7685,2,3,1,6,1994
176.5,1632,7,1998,935,462,9084,2,3,1,8,1998
130,1204,8,1987,1191,461,3701,2,2,0,5,1987
239,1767,7,1987,1064,504,5306,2,2,1,5,1987
275,1742,8,1985,1742,564,6563,2,2,1,5,1985
457.347,2798,9,2005,1398,670,16023,3,3,1,11,2006
545.224,3390,10,2006,1528,758,18062,3,5,1,10,2006
356.383,2473,9,2006,1094,675,12292,2,4,1,11,2006
556.581,2868,9,2005,1992,716,16056,3,4,1,11,2006
361.919,2576,8,2006,1234,666,12438,2,4,1,10,2006
535,2698,10,2006,1850,736,16052,2,4,1,11,2006
401.179,2795,9,2005,1390,660,15922,3,4,1,10,2006
438.78,2945,10,2006,1410,641,13682,3,3,1,10,2006
169,2320,5,1948,0,672,14762,2,2,1,7,1950
145,1056,5,1955,1056,572,34650,1,3,0,5,1955
318,1714,9,2005,1714,517,8147,2,2,1,7,2005
319,1826,8,2005,1814,758,11302,2,3,1,7,2006
470,2000,9,2005,1910,722,18261,2,3,2,8,2005
202.5,1621,7,1984,1208,440,14145,2,3,0,8,1998
229,2183,7,1988,1204,786,13837,2,4,0,9,1988
235,2263,7,1977,795,539,16659,2,3,1,9,1994
190,1574,6,1976,796,566,18800,2,3,1,6,1976
169,1102,6,1980,988,582,10464,1,2,1,5,1980
241.5,1872,7,1988,1845,604,10400,2,3,1,6,1988
188.9,1857,7,1978,945,482,10530,2,4,1,8,1978
207.5,1686,6,1980,1686,612,10240,2,3,1,7,1980
250,2784,7,1978,1392,564,16692,3,5,2,12,1978
179.9,1552,6,1975,713,434,11475,2,3,1,6,1975
172,1083,7,1976,1047,596,9927,1,2,1,5,1976
294.323,2318,7,2005,960,541,9512,2,3,1,8,2006
184.5,1875,6,1975,675,485,10530,3,3,1,8,2000
153.5,1074,5,1975,1056,495,10140,1,3,0,6,1975
162.9,1664,7,1976,832,528,10140,2,4,1,8,1976
181,1309,6,1974,1040,484,10140,1,3,1,5,1999
155,1103,6,1974,1103,462,10000,2,3,0,6,1974
138.8,1096,5,1969,1096,299,15870,1,3,0,6,1969
116.05,864,4,1970,864,280,9353,1,3,0,5,1970
88,858,4,1971,858,0,8125,1,3,0,5,1971
97.5,874,4,1971,864,576,7200,1,3,0,5,1971
190,1419,6,2002,1487,543,8773,2,2,0,4,2002
105.5,1092,6,1973,525,440,2760,1,3,0,6,1973
125.5,1365,5,1973,765,440,2160,1,3,1,7,1973
83,987,6,1973,483,264,1953,1,2,0,5,1973
116,1030,6,1972,494,264,1890,1,3,0,6,1972
91.5,1218,6,1971,672,0,1680,1,3,0,7,1971
118,1218,6,1972,672,264,1680,1,3,0,7,1972
89,948,6,1972,483,264,1680,1,2,0,5,1972
108,1092,6,1972,525,264,1680,1,3,0,6,1972
94.5,987,6,1972,483,288,1680,1,2,1,5,1972
146.3,1069,6,1975,1069,440,4043,2,2,1,4,1975
145,1387,5,1967,943,300,7514,1,3,1,6,1975
123,900,5,1967,864,288,7838,1,3,1,6,1967
137.5,1055,7,1976,1055,319,2280,2,2,0,4,1976
144,1456,6,1976,855,460,2179,2,3,1,6,1976
315,1980,9,2004,1980,770,16737,2,3,1,8,2005
412.083,2589,9,2006,1738,831,16387,2,4,1,11,2006
342.643,2596,9,2006,1249,840,16259,3,4,0,9,2006
252,1618,8,2004,1618,880,16163,2,2,1,6,2004
465,2076,10,2006,2076,850,13891,2,2,1,7,2006
293,1740,7,2006,1721,874,12228,2,4,0,8,2006
415,1868,9,2005,1868,1085,14780,2,2,1,7,2005
326,1850,9,2004,1833,772,16033,2,3,1,8,2005
325.3,2376,8,2005,1158,853,14215,3,4,1,9,2006
309,2452,8,2004,1117,691,13418,3,4,1,9,2005
300,2206,9,2005,1090,670,13975,2,4,1,10,2006
275.5,2098,8,2005,1030,878,10240,2,3,1,8,2005
338.5,2091,9,2005,1606,521,9942,2,3,1,8,2006
345,2324,9,2005,1175,736,11924,3,4,2,11,2006
344.133,2253,8,2005,1209,575,12867,2,3,1,8,2006
298.236,2389,8,2006,1054,672,10672,2,4,1,10,2006
329.9,2358,8,2005,1524,784,11643,2,4,1,10,2006
360,1944,9,2003,1896,708,12378,2,3,3,8,2004
281,1970,8,2006,1085,753,11065,2,3,1,8,2006
372.397,1792,9,2005,1792,925,13758,2,2,1,6,2006
378,1780,9,2004,1780,816,14828,2,2,1,7,2005
374,1792,9,2003,1792,874,11846,2,2,1,6,2004
437.154,2728,9,2005,1848,706,20431,2,4,2,10,2006
275,1904,8,2005,1058,736,10927,2,3,1,8,2005
279,1914,8,2004,1420,746,13215,2,3,1,9,2004
185.85,1364,7,2005,1364,484,7052,2,2,1,6,2005
282.5,1565,9,2005,1560,556,5911,2,2,1,6,2005
202.5,1368,7,2005,1368,474,6955,2,2,1,6,2006
202.665,1368,7,2005,1368,474,6792,2,2,1,6,2006
332.2,1686,9,2006,1686,899,7740,2,1,1,6,2006
310.09,1666,9,2006,1666,575,6373,2,2,1,6,2006
171.75,1405,7,2003,1405,478,3136,2,2,1,6,2003
169.99,1316,6,2005,1316,397,10237,2,3,1,6,2006
170.44,1456,6,2005,728,390,10237,2,3,1,8,2006
169.985,1492,7,2006,738,440,10237,2,3,0,8,2006
179.665,1496,7,2006,654,426,17104,2,3,1,7,2006
219.21,1863,7,2006,879,660,14054,2,4,1,9,2006
174.19,1326,6,2006,1326,427,11660,2,3,0,6,2006
172.785,1456,6,2006,728,429,15578,2,3,0,8,2006
258,2373,8,2004,1052,632,11631,2,4,1,9,2005
185.101,1492,7,2006,738,440,9073,2,3,0,8,2006
210.25,1364,7,2006,1220,437,3087,2,2,1,6,2006
234,1557,7,2003,1374,420,3196,2,2,1,7,2004
215,1456,8,2003,1273,400,3196,2,2,1,7,2003
246.99,1511,7,2002,1368,398,2938,2,2,1,5,2002
178.74,1414,7,2004,1375,398,3072,2,2,1,6,2004
225,1548,7,2004,1365,388,3072,2,2,1,7,2004
167.24,1248,7,2005,1248,438,3010,2,2,0,5,2006
156.82,1142,7,2005,1142,440,3010,2,2,0,6,2006
213.49,1506,7,2005,1362,440,3013,2,2,1,6,2005
264.561,1567,8,2006,1520,648,3982,2,1,1,7,2006
246.578,1500,7,2006,1356,648,4045,2,2,1,6,2006
192.14,1838,5,2005,732,372,21930,2,4,1,7,2005
183.2,1509,6,2002,783,393,7861,2,3,1,7,2003
178,1414,8,2004,707,403,9056,2,3,1,6,2004
201.49,1598,7,2004,848,433,9171,2,3,1,7,2005
230.5,1936,8,2000,1406,504,11194,2,3,1,7,2000
180,1509,7,2003,783,393,7875,2,3,1,8,2003
172.4,1664,6,2000,953,460,8121,2,3,1,7,2000
215,1889,6,2000,982,431,8658,2,3,1,9,2000
199.9,1886,7,1998,930,431,11214,2,4,1,10,1999
173,1671,6,2000,959,472,10852,2,3,1,7,2000
287.602,2322,7,2006,1035,617,12104,3,4,0,8,2006
230,2291,7,1999,975,429,8738,2,4,1,8,1999
348,2392,8,1997,1396,870,9452,2,3,1,7,1998
286,1976,8,1998,1044,885,9660,2,3,1,7,1998
300,2234,8,2000,1160,768,9545,2,3,1,7,2000
625,3627,10,1995,1930,807,35760,3,4,1,10,1996
405,2855,9,2000,1540,774,9233,2,4,1,9,2000
280,1924,8,1998,1086,592,12011,2,3,1,7,1998
258,2263,8,1998,1141,420,12090,2,4,1,10,1998
350,2726,8,1995,1342,725,10019,2,4,1,9,1995
584.5,3500,9,1993,1733,959,17242,3,4,1,11,1994
321,2494,8,1994,1290,803,10236,2,4,1,9,1995
290,2526,8,1994,1165,844,10120,2,4,1,8,1994
315,2799,8,1993,1286,704,12585,2,3,1,8,1993
252,1964,8,2005,1100,760,12447,2,3,1,8,2006
336.82,1670,8,2006,1670,928,15218,2,2,1,6,2006
423,2097,8,2005,2077,1134,20896,1,1,1,8,2006
290,1660,8,2006,1660,500,10182,2,3,1,8,2006
232,1616,7,2005,1616,834,8688,2,3,0,7,2005
199,1504,8,2006,1504,510,10936,2,3,0,7,2006
198.6,1278,8,2006,1278,584,8640,2,2,0,5,2006
405.749,2640,9,2006,2036,792,13162,3,3,1,11,2006
232.6,1489,8,2006,1489,776,11216,2,3,1,7,2006
266,1939,8,2006,1095,1053,10728,2,3,1,8,2006
186.5,1553,7,2005,756,615,8125,2,3,0,6,2006
200.825,1716,6,2005,858,615,8125,2,3,0,7,2005
197,1576,7,2006,770,614,8125,2,3,0,6,2006
185,1262,6,2006,1262,572,7200,2,2,0,5,2006
176,1266,7,2005,1257,453,7500,2,3,1,6,2005
187.75,1301,7,2006,1293,572,7200,2,2,1,5,2006
139.5,1142,6,2005,1142,0,7733,1,3,0,5,2005
186.8,1400,7,2005,1400,612,11024,2,3,0,6,2006
132,1131,6,2005,1131,0,13072,1,3,0,6,2006
142.5,1141,6,2005,1141,484,13072,1,3,0,6,2005
158,1158,6,2004,1158,576,13072,1,3,0,5,2004
184,1686,7,2005,891,462,7800,2,3,0,8,2005
184.9,1585,7,2005,784,449,7632,2,3,0,7,2005
187,1837,6,1997,941,688,8304,2,3,0,7,1998
175.9,1603,6,1992,761,484,7153,2,3,0,7,1992
248.5,1731,6,1992,836,462,9370,2,3,0,7,1993
172,1398,6,1990,1398,542,7175,2,2,0,5,1991
151,1217,6,1991,1217,484,7175,2,2,0,5,1991
150,1320,6,1994,636,472,9019,2,3,0,6,1994
107,1056,4,1966,1056,384,8900,1,2,0,5,1966
119.9,965,5,1965,828,300,7800,1,3,0,6,1965
129.5,988,5,1962,988,624,9100,1,3,0,6,1962
125,1728,5,1963,1728,504,9100,2,6,0,10,1963
119.5,1654,6,1977,0,528,8927,2,4,0,10,1977
144,1211,5,1962,864,576,9240,1,2,1,6,2002
151,1212,6,1977,506,492,8471,1,3,1,6,1995
126,984,5,1965,984,310,9308,1,3,0,5,1965
116,909,5,1968,882,294,8450,1,3,0,5,1968
133.5,925,5,1963,925,484,8638,1,2,0,5,1963
120.875,1024,5,1965,1024,308,13052,1,3,0,5,1965
137,935,5,1965,935,288,13526,1,3,0,5,1965
124,912,5,1964,912,0,8020,1,3,0,6,1964
135,1236,5,1961,912,288,6993,1,3,1,6,1994
129.2,941,5,1967,912,288,8789,1,3,1,6,1967
260,2646,7,1974,1748,550,14330,2,3,4,9,1974
260,2417,8,1991,1288,462,16059,2,4,1,9,1992
334,2826,8,1992,1334,888,11025,2,3,3,9,1993
310,2520,8,1993,1338,796,14541,2,5,1,10,1993
268,2295,7,1992,1095,590,13346,2,4,1,9,2000
262,1624,8,1994,1624,757,12461,2,2,1,5,1995
176.4,1143,7,2004,1143,588,3628,1,1,1,5,2004
197,1247,8,2005,1247,550,3316,1,1,1,4,2005
151,1200,7,2005,600,480,3180,2,2,0,4,2005
147.4,1223,7,2005,600,480,2544,2,2,0,4,2005
149.9,1223,7,2005,600,480,2544,2,2,0,4,2005
144.152,1200,7,2005,600,480,3180,2,2,0,4,2005
166,1524,6,2000,756,440,2998,2,2,0,4,2000
183.9,1452,7,1999,691,506,3735,2,3,0,6,1999
165,1382,7,2000,673,490,2651,2,3,0,6,2000
139,1080,7,2003,530,496,4447,2,2,0,4,2003
200,1694,7,1997,569,434,8314,2,3,1,6,1998
221,1568,8,2001,1568,564,7180,2,3,1,6,2002
270,1494,8,1995,1494,481,9549,1,2,1,6,1996
165,1208,6,1977,1208,546,11250,1,3,1,6,1977
214,1235,8,1980,1235,484,3760,1,1,3,4,1980
188,1036,8,1980,1036,484,3640,1,1,1,4,1980
190,1226,8,1980,1226,484,3874,1,1,1,4,1980
170,1226,8,1978,1226,484,3876,1,1,1,4,1978
385,1842,9,1981,1842,894,50271,0,0,1,5,1987
146.5,1193,5,1972,1153,501,13110,2,2,0,6,1972
170,1920,7,1968,570,487,10192,3,4,1,8,1992
262.5,2156,7,1968,1568,508,20781,2,3,1,9,2003
179.9,1416,6,1968,708,776,11700,2,3,1,7,1968
250,2654,6,1968,1054,619,11029,2,4,1,9,1984
165.15,1790,6,1972,732,484,10400,1,4,1,8,1972
164.5,1334,7,1967,1334,477,10140,2,3,0,7,1967
140,1164,7,1969,1164,528,9600,1,3,0,6,1969
135.5,980,5,1967,980,384,9750,2,3,0,6,1967
142,1051,5,1968,1051,504,9600,1,3,0,6,1968
155,1770,5,1968,900,530,8640,1,4,0,7,1968
157.5,976,6,1968,976,504,9360,1,2,1,4,2004
138.5,1052,5,1968,1052,288,8400,1,3,0,5,1968
140,898,5,1968,833,326,8400,1,3,0,6,1968
124.4,1051,5,1966,1051,264,9759,1,3,0,6,1966
158,1141,5,1967,1141,568,9600,1,3,0,6,1967
146,1200,5,1965,864,884,9230,1,1,0,6,1998
190,1993,6,1971,825,495,14803,2,4,1,8,1971
136.5,1050,5,1961,1050,368,10659,1,3,0,6,1961
129.9,864,5,1958,864,624,9100,1,3,0,5,1958
145,1712,5,1959,1626,588,8393,2,4,0,8,2005
185.9,1565,6,1965,1187,299,8800,2,3,2,7,2000
160,1251,6,1964,1251,461,8800,1,3,2,6,1964
167,1488,6,1964,1008,430,10368,1,3,1,7,1964
157.5,1440,5,1964,720,480,9350,1,4,1,7,1964
140,1095,6,1958,588,264,10382,1,2,0,6,1958
150,1053,5,1958,1008,750,8973,1,3,0,6,1991
151.5,1248,5,1960,1248,286,10800,1,3,0,6,1960
129.8,816,6,1934,816,240,8550,1,2,1,4,1950
137,1008,5,1954,1008,275,11425,1,2,1,4,1954
137,1043,5,1947,938,273,9724,1,2,1,5,1950
121.6,1230,4,1946,747,305,4712,1,3,0,5,1950
85.5,869,4,1923,440,0,5900,1,2,0,4,1958
79.9,747,4,1926,600,528,5825,1,1,0,5,1953
127,1252,5,1908,504,576,7438,1,3,0,5,1991
161,1433,5,1961,1251,441,9600,1,3,1,7,1990
146.5,1624,5,1952,1444,240,10858,1,2,1,6,1952
135,1216,5,1951,1056,280,9600,1,3,0,7,1951
137.9,2136,5,1951,2136,528,10680,2,4,0,7,1951
133,1578,6,1941,806,240,9490,1,3,2,5,1950
137,1728,5,1949,704,234,9462,1,3,1,7,1973
121,936,5,1954,936,240,9888,1,2,0,5,1975
119,1584,5,1967,1584,506,8917,2,4,0,8,1967
172,1246,6,1964,1246,441,12700,1,3,2,6,1964
98.6,1235,5,1961,1235,480,8500,1,2,0,6,1961
226,2157,7,1966,924,487,14200,2,4,2,8,1966
118,1128,5,1954,936,286,9000,1,2,0,5,1954
235,3112,8,1918,1360,795,25419,2,4,1,8,1990
135,1008,6,1963,1008,430,9723,1,2,0,5,1963
132.5,1190,5,1962,1106,540,7728,1,3,0,6,1962
143,1144,5,1959,1144,796,8163,1,3,1,6,1959
132,1364,5,1957,1179,331,8400,1,3,1,6,1957
145.25,1383,6,1960,1383,292,11600,1,3,0,7,1960
162,1336,6,1958,1121,488,9610,1,3,1,7,1958
148,1370,5,1956,1058,300,10000,1,3,1,6,1956
141,1092,5,1957,1092,299,14850,1,2,1,6,1957
153,1124,6,1956,1124,353,10152,1,3,1,6,1994
134.45,1236,5,1957,1070,447,10011,1,2,1,6,1996
135.96,943,5,1979,943,600,7032,1,2,2,4,1979
156,1050,6,1954,1050,286,8092,1,3,0,6,2000
140,1375,6,1954,1367,451,11310,1,2,1,5,1954
139.5,1008,5,1952,1008,280,12778,1,2,0,4,2003
155,1575,6,1951,216,400,10170,1,2,1,5,1951
127,1145,5,1956,301,684,7700,1,3,0,6,1956
133.5,1005,5,1956,1005,319,11050,1,2,1,6,1956
125,1056,5,1955,1056,300,13600,1,3,0,6,1955
142,884,5,1951,884,270,15428,1,2,0,4,1991
167,2039,7,1941,929,791,21299,1,3,3,7,1963
159,1384,5,1956,1015,896,13300,1,2,0,6,2001
180,2640,5,1925,2171,1008,22136,2,5,1,10,1975
127,1312,6,1947,784,649,7500,1,3,0,6,1950
112,1310,6,1924,617,398,7000,2,2,0,6,1950
99.8,713,3,1930,713,371,10410,1,2,0,5,2001
117,833,5,1954,833,326,5400,1,2,0,4,2000
108.48,1073,5,1921,1073,326,5400,1,2,0,4,1968
68,715,3,1929,715,660,10914,1,2,0,4,1950
86.9,720,4,1900,448,280,7008,1,1,0,5,1998
120,1130,5,1920,1120,720,10800,1,2,1,5,1950
155.5,1595,6,1915,663,528,7200,2,3,1,7,1950
80,1760,4,1910,1077,648,10818,1,4,1,7,1950
105,1214,3,1915,672,936,10410,1,3,0,6,1950
160,2414,5,1900,954,520,10800,2,3,1,10,1970
170,1466,5,1936,796,566,10800,2,3,1,7,1989
160,1324,6,1965,1088,440,8658,2,3,1,6,1965
159.95,1086,5,1966,1024,484,13400,1,3,1,6,1966
165,1146,6,1963,1083,294,10184,1,3,1,6,1963
159,1734,6,1962,912,440,9786,1,3,1,7,1981
147,1207,6,1962,1135,264,9510,1,3,0,6,1985
115,912,5,1964,912,288,7800,1,2,0,5,1964
159.5,1194,6,1959,655,539,8910,1,3,1,6,1959
120,864,6,1959,864,288,7332,1,2,0,4,1959
129.9,816,5,1957,816,308,7100,1,2,0,5,1957
183,1773,6,1961,1313,418,10800,2,3,2,6,1992
157.5,1472,7,1959,0,484,11650,2,2,1,5,1959
277.5,2448,7,1962,1438,441,18275,3,3,2,9,1998
207.5,1600,5,1957,1484,319,16321,1,2,2,6,1997
147.5,1521,4,1950,910,597,12144,1,3,0,6,1950
135,1192,4,1949,720,0,10800,1,4,0,6,1950
109.5,1040,5,1950,0,625,7200,1,2,0,5,1950
109.9,1040,4,1950,0,420,7200,1,2,0,4,1950
133.7,1040,5,1959,1040,286,7560,1,3,0,6,1959
81.4,1040,3,1950,0,400,8544,2,2,0,6,1950
87.5,1040,3,1949,0,400,8544,2,2,0,6,1950
93.5,1040,3,1950,0,400,8544,2,2,0,6,1950
119,1556,5,1960,1556,0,8512,2,4,0,8,1960
141,1150,5,1959,1150,300,7945,1,3,0,6,1959
146,1150,5,1961,1150,288,7000,1,3,0,6,1961
155,1348,6,1966,660,453,7590,1,3,1,6,1966
134.5,999,5,1962,925,300,10205,1,3,0,6,1962
120,1045,7,1962,1045,528,7400,1,3,0,6,1962
105,864,5,1962,864,336,7000,1,3,0,5,1962
124,1025,5,1962,1025,0,7000,1,3,0,6,1962
169,2014,5,1900,716,624,9856,2,5,0,8,2005
107,1328,4,1925,686,210,9906,1,3,0,8,1950
135,1668,5,1948,1212,240,9600,1,3,0,6,1950
111.5,1657,4,1920,1147,162,5520,1,4,1,9,1980
156.5,1416,6,1900,780,400,9600,1,3,0,7,2004
178,1641,7,1925,728,546,9600,1,3,1,6,1990
139.9,1428,7,1900,712,576,6451,1,4,0,7,1970
105,1004,7,1930,502,200,3960,1,2,1,5,1950
110,813,6,1930,813,270,5684,1,2,0,5,2005
111.5,1951,4,1900,938,576,7745,2,4,0,9,1950
108,1032,6,1924,1032,280,7741,1,2,0,5,1950
111.5,844,5,1925,844,216,5633,1,2,0,5,1950
124,1750,5,1880,636,240,9000,1,3,0,8,1991
105,864,4,1950,576,528,7200,1,2,0,5,1950
116,1118,6,1920,648,440,4400,1,2,0,6,1950
96.9,1376,3,1905,738,216,7614,1,2,0,7,1950
135.5,960,5,1955,960,576,6000,1,3,0,5,1955
139,1566,5,1924,816,450,6000,1,5,0,7,1950
61.5,492,3,1921,492,200,7830,1,1,0,3,1950
120,1182,6,1945,770,378,9576,1,3,0,5,1950
126.175,1163,3,1955,1162,220,5820,1,3,0,6,2005
64,840,3,1920,798,250,5747,1,2,0,5,1950
137,1928,6,1910,1020,440,9142,2,4,0,9,1950
87,1774,4,1900,1095,779,9600,2,4,0,8,1950
163,1768,7,1914,880,320,10800,1,2,2,6,1970
155,2104,7,1910,1226,432,6300,2,5,0,9,2005
79,1440,5,1900,540,352,5000,1,3,0,6,1950
144,1690,7,1916,815,225,8850,1,3,1,7,1950
114.504,1368,6,1910,684,216,3600,1,3,0,7,1993
157,1762,7,1920,596,576,7200,1,4,0,8,1950
125,1200,6,1923,1200,312,11340,1,4,0,7,1950
475,3608,10,1892,1107,840,22950,2,4,2,12,1993
93.5,1248,5,1920,624,0,5976,2,2,0,8,1950
125,960,5,1958,960,624,9750,1,3,0,5,1958
64.5,1020,3,1918,1020,0,4761,1,2,0,5,1950
100,788,4,1941,788,0,7446,1,2,2,4,1950
140.2,1577,6,1939,972,312,6435,1,3,1,6,1950
202.5,1827,6,1924,848,240,11737,1,2,1,9,1996
159,1664,6,1947,1004,420,5000,2,3,2,7,1950
119.9,1118,5,1939,793,410,7800,1,3,1,5,1950
114.5,1176,6,1934,816,528,6240,1,3,1,6,1950
115,1344,5,1936,896,240,6240,1,3,0,7,1950
75,1162,3,1930,728,258,6120,1,3,0,6,1950
88,1015,5,1925,768,450,6120,1,3,0,6,1950
80.5,912,4,1947,0,0,6240,1,2,0,3,1950
149,1576,5,1928,1042,225,6240,1,3,1,8,1950
110,1324,5,1930,741,180,6120,1,3,0,7,1984
110.5,1103,6,1925,1103,440,6000,1,2,1,5,1980
89,616,5,1921,616,205,6000,1,2,0,4,1950
113,1048,5,1922,993,280,6380,1,2,1,5,1950
109,816,5,1925,816,210,11672,1,2,0,4,1950
220,2486,6,1962,1595,576,33120,2,5,1,8,1962
129,960,4,1970,960,576,9873,1,3,0,6,1970
117,1635,6,1910,485,255,5310,1,2,0,5,2003
52.5,693,4,1941,693,0,4118,1,2,0,4,1950
107,1430,4,1924,596,370,10320,2,3,0,7,1950
116.5,1330,5,1910,396,390,7518,1,3,0,7,2004
72,819,5,1919,610,0,9000,1,2,0,4,1950
119.5,1376,6,1937,780,198,8600,2,3,1,7,1950
125.5,1360,5,1938,803,297,7200,1,2,0,6,1995
91,1077,3,1922,1007,210,9786,1,3,1,6,1950
84.5,754,6,1935,520,0,6780,1,2,0,5,1982
90,984,6,1930,984,308,7200,1,3,0,6,1950
137.5,1422,5,1951,806,288,12375,1,3,1,7,1951
150,1921,6,1964,1921,576,11136,2,4,0,8,1964
131,1640,5,1950,0,394,21370,1,3,1,7,1950
130,1352,5,1958,1062,288,6930,1,3,0,6,1958
125,1032,5,1935,0,260,8250,1,2,1,6,1950
80,879,5,1936,830,180,5220,1,2,0,4,1950
157,1073,7,2004,1073,246,5500,2,2,0,4,2004
148,1382,4,1963,1051,459,11235,1,3,1,6,1979
90,1296,4,1967,0,516,10791,2,2,0,6,1967
154.5,1068,6,1963,1059,264,8414,1,3,0,6,2003
153.6,1064,5,1967,1064,528,11327,1,3,1,6,1967
164.5,1320,5,1966,1164,564,11777,1,3,2,6,1966
132,934,6,1964,912,336,10366,1,2,0,4,1964
142.5,1059,5,1966,1059,286,9000,1,3,0,6,1966
158,1159,5,1968,1051,336,11553,1,3,1,7,1968
149.5,1400,6,1978,672,440,7844,1,3,1,6,1978
165,1458,5,1967,1176,512,9535,1,3,1,7,1967
180,1721,5,1968,1461,440,10335,2,3,1,7,1993
160.5,1040,6,1978,960,616,7176,1,3,1,6,1978
156.5,1967,5,1977,1967,580,9662,2,6,0,10,1977
157,1949,5,1977,1949,586,8235,2,6,0,10,1977
172.5,1920,5,1958,1052,451,13650,2,4,1,8,1958
155,1803,5,1957,1134,484,13125,2,3,1,8,2000
170,1779,5,1955,1763,454,17920,1,3,1,6,1974
105,872,5,1924,872,322,17529,1,2,1,5,1950
145,960,4,1965,648,364,10246,0,0,0,3,2001
168,1437,5,1956,1188,576,14175,1,3,1,6,1987
278,1830,7,1967,1865,521,20355,1,2,2,6,1967
164,1000,5,1963,1000,575,13050,1,1,2,4,1963
225,2287,7,1953,1304,667,15593,2,3,1,7,1953
130,810,5,1971,782,576,10820,1,2,0,4,1972
142.5,894,5,1974,864,440,13350,1,3,1,5,1974
148.4,1700,7,1980,430,450,1700,2,2,0,7,1981
190,1453,7,1986,1453,445,5271,1,2,1,6,1986
146,1350,4,1954,967,504,9375,1,3,1,6,1954
128,1150,5,1942,799,215,6488,1,3,2,6,1950
225,2008,5,1948,896,230,7800,3,3,0,8,2002
274.97,2201,6,1966,697,432,19690,2,4,1,8,1966
235,2009,6,1928,672,795,19950,2,4,2,8,1950
415,3672,6,1935,1836,836,19800,3,5,2,7,1990
182,1560,5,1962,1776,528,11679,2,3,1,6,1962
135,1488,5,1952,0,569,12048,1,3,1,7,2002
137,1057,5,1955,1057,288,10519,1,3,0,6,1999
136.9,1855,6,1954,994,325,9525,2,4,0,7,1972
149.9,1609,6,1953,1000,305,9525,1,5,0,7,1953
123.5,1148,5,1952,980,308,6420,1,2,0,6,1952
93,1124,5,1954,0,0,8335,1,3,1,5,1954
91.5,1456,5,1948,810,280,7585,1,4,1,7,1950
180,1298,6,1985,1298,403,11200,2,3,1,5,1985
209,2559,6,1989,868,506,12128,2,4,1,9,1989
215,1911,8,1993,777,471,9554,2,3,1,8,1994
224.5,1440,6,1993,1344,920,9069,2,2,0,8,1993
229.8,1876,7,2005,1308,848,11003,2,3,0,7,2006
183.6,1208,7,2005,1208,632,7488,2,2,0,6,2005
194,1220,7,2006,1199,632,7406,2,2,0,6,2006
193.879,1294,7,2006,1286,662,6762,2,2,1,6,2006
221.5,1614,7,2005,1614,865,11210,2,3,0,7,2006
204.9,1498,7,2006,1498,675,8990,2,2,0,5,2006
239.799,1962,7,2006,1391,868,8760,2,3,0,7,2006
233.555,1846,6,2006,1836,495,13377,2,3,1,7,2006
260,1734,7,2005,1734,660,11645,2,3,0,7,2005
294.9,1590,8,2005,1570,754,11645,2,2,0,6,2006
209.7,1809,7,2005,945,638,10984,2,3,0,8,2006
225,1614,7,2005,1614,576,9316,2,3,1,7,2005
181,1596,7,2005,784,610,9316,2,3,0,6,2005
220,1915,8,1992,908,506,10041,2,3,1,8,1992
190,1582,5,1964,1624,390,36500,2,4,0,7,1964
180,988,6,1969,938,540,21453,1,1,2,4,1969
280,1533,7,1975,1533,576,70761,2,2,2,5,1975
158.9,1388,6,1968,1388,522,12000,2,3,1,6,1968
148,914,5,1996,870,576,8846,1,2,0,5,1996
145,1100,5,1996,1100,462,13015,1,3,0,5,1996
187,1499,6,1995,781,473,12438,2,3,1,6,1995
193,1425,7,1998,1425,591,8685,2,3,0,5,1998
156,990,5,1995,990,576,13568,1,3,0,5,1995
235,1525,7,2000,1525,541,9100,2,3,0,6,2000
217,1494,6,1997,1479,576,9236,2,3,0,6,1997
214,1588,7,1999,1588,472,10264,2,3,0,6,1999
196,1749,7,1999,842,515,9272,2,3,0,7,1999
217,1779,7,1999,951,586,13426,2,3,1,7,2000
200,1861,7,2002,916,492,13450,2,3,0,8,2002
192.5,1776,7,2002,936,474,14006,2,3,1,7,2002
205,1541,7,2001,1541,843,13704,2,3,1,6,2002
132.5,954,5,1976,911,576,10780,1,3,0,6,1976
157.5,1388,6,1977,675,317,8340,1,3,0,6,1977
174,1282,6,1978,995,672,10385,2,3,0,6,1978
128.5,971,5,1969,971,300,9920,1,3,1,5,1969
128.5,864,5,1972,864,288,9560,1,3,0,5,1972
149.9,894,5,1972,894,552,9800,1,3,0,5,1972
119.9,864,5,1972,864,297,7200,1,3,0,5,1972
137,1320,6,1993,630,484,3612,2,3,0,5,1994
255,1989,8,2002,1065,586,11367,2,3,1,7,2002
222,1762,7,2002,826,591,9930,2,3,0,6,2002
214,1755,6,1999,840,530,9468,2,3,1,7,1999
220,1358,8,2002,1348,418,11088,1,1,1,5,2002
275,1787,8,2001,1753,748,14781,2,3,1,7,2002
197,1909,7,2002,872,529,8726,2,4,0,8,2002
230,1654,7,2002,1654,900,8125,2,3,0,6,2002
268.5,2214,8,1999,1090,646,10566,2,3,1,8,1999
210.9,2049,7,1996,1065,467,21533,2,4,1,9,1997
227,1939,7,1998,1054,555,11250,2,3,1,8,1998
237,1995,7,1995,930,610,11250,2,4,1,8,1996
274.3,2097,7,1998,1108,583,9750,2,3,1,8,1998
216.837,1836,7,2004,1860,484,9100,2,3,1,8,2005
133,848,6,2003,848,420,4435,1,1,0,4,2003
155.9,848,6,2004,848,420,4435,1,1,1,3,2004
233.23,1919,8,2006,1079,685,15611,2,3,1,8,2006
207,1390,7,2003,1390,545,8810,2,3,0,7,2003
195,1948,7,2004,847,434,12393,2,4,1,8,2005
200,1700,6,2003,1682,544,9135,2,3,0,7,2003
203.16,1737,7,2006,851,578,8581,2,3,0,7,2006
195.8,1611,7,2005,784,572,8400,2,3,0,6,2005
212.9,1552,7,2005,1552,782,10084,2,3,0,7,2006
196.5,1720,7,2004,860,565,11645,2,3,0,7,2004
198,1336,7,2005,1336,502,8772,2,3,0,6,2006
173.9,1500,6,2005,750,564,8846,2,3,0,6,2006
163.99,1456,6,2005,728,390,8461,2,3,1,8,2006
164.99,1310,7,2005,1310,400,8767,2,3,1,6,2005
98,1436,4,1910,676,528,8777,2,3,0,6,2000
149.9,1466,5,1959,1466,528,17755,1,3,2,6,1959
102,1220,4,1951,836,396,8877,1,2,0,6,1951
127.5,1012,6,1975,976,0,7840,2,4,0,4,1975
127.5,980,6,1975,945,0,9400,2,4,0,4,1975
119.9,1176,5,1969,1176,360,16133,1,2,0,5,1969
196.5,1724,7,2003,796,616,7162,2,3,1,8,2004
117.25,914,6,2002,914,0,8050,1,2,0,4,2002
229,2314,7,2003,1150,502,11060,2,3,1,9,2005
145,1072,5,2005,547,525,3675,1,2,0,5,2005
140,1072,6,2005,547,525,3675,2,2,0,5,2006
142.5,1072,6,2005,547,525,3675,1,2,0,5,2006
134,1709,7,2004,970,380,2522,2,3,0,7,2004
130,1709,7,2004,970,380,2522,2,3,0,7,2004
130,1709,6,2004,970,380,2522,2,3,0,7,2006
137.5,1709,7,2004,970,380,2522,2,3,0,7,2004
130,1708,7,2004,976,380,3363,2,3,0,7,2004
97.9,936,4,1948,624,265,6956,1,3,0,5,1950
92,1338,6,1915,832,528,7822,2,3,0,7,1950
107,1669,4,1924,1093,288,8707,1,4,0,9,1950
81,1184,5,1910,658,0,8410,1,5,0,8,1996
104.9,1221,5,1924,784,392,9738,1,4,0,7,1950
115,864,5,1955,864,572,8172,1,2,0,5,1990
125,1482,4,1954,954,609,16012,2,3,1,6,1968
116,1250,5,1918,686,280,8248,1,3,0,7,1950
83,1414,4,1922,864,0,8248,1,3,1,8,1950
118.5,2230,4,1912,795,440,6204,1,5,0,10,1950
35,498,2,1922,498,216,8088,1,1,0,3,1955
121,1273,4,1910,616,275,11388,1,3,0,5,1993
160,1928,5,1916,686,0,7082,2,5,0,10,1995
140,1595,6,1940,940,240,8400,1,2,2,6,2000
137,1551,5,1938,1058,240,10890,2,3,0,6,1950
128,1340,6,1945,780,440,6430,1,3,0,6,1950
160,1479,7,1926,624,312,7000,1,3,2,6,1997
138.887,1784,5,1914,747,180,13132,1,4,0,9,1950
149,1510,6,1920,755,216,4899,1,3,0,6,1950
102,1522,5,1926,1008,0,6000,2,4,0,7,1950
167,1636,7,1919,818,288,9399,1,4,1,7,1950
200.1,1802,7,1920,793,216,7588,1,4,1,9,1950
131,1465,5,1939,992,240,10164,2,3,2,6,1950
112,1288,5,1941,824,240,6191,1,4,0,6,1950
140,1717,7,1915,756,642,9550,1,3,1,7,1970
195,1550,6,1920,817,318,21780,1,3,1,7,1950
230,1517,8,1929,792,400,11435,1,3,2,7,1950
194,1717,5,1940,901,410,12400,1,2,1,7,1950
137.5,1180,4,1922,700,252,11600,1,2,1,5,1950
250,2057,7,1936,1017,180,11500,1,3,1,6,1987
218,1671,7,1929,1022,451,8170,2,4,1,7,1950
239,2345,6,1932,952,360,16560,2,4,1,9,1950
199.5,1609,7,1932,637,579,12320,1,3,2,8,1990
210,1801,6,1930,697,365,14210,1,3,1,8,1959
230,1811,6,1956,1073,470,14115,1,2,1,6,2004
217.5,1647,5,1977,1430,621,12984,2,3,1,7,1977
257,2315,5,1950,1168,342,15600,2,4,3,9,1963
157,1336,5,1953,1165,375,15750,1,2,2,5,1953
223,1844,6,1969,1844,540,16381,2,3,1,7,1969
102,976,5,1942,976,215,7288,1,2,0,5,1950
145.4,1285,6,1926,861,506,7000,1,3,0,6,1950
72,672,4,1925,432,0,8534,1,2,0,4,1950
85,641,4,1925,641,272,7030,1,2,0,4,1950
106.5,951,4,1936,951,327,8765,1,2,0,6,1950
139,1638,6,1957,967,384,9060,2,4,0,6,1957
108,1336,4,1920,637,570,11040,1,3,0,7,1950
51.689,729,3,1945,0,0,12366,1,2,0,5,1950
35.311,480,2,1949,480,308,9000,0,1,0,4,1950
115,1396,5,1951,660,0,9000,2,4,0,8,1951
78,936,3,1916,216,0,8520,1,2,0,6,1950
375,1778,8,2005,1573,495,5748,2,2,1,5,2006
300,1646,8,2004,1594,525,3842,2,2,1,5,2005
242.5,1625,6,1979,1625,576,23580,2,3,1,6,1979
145,1664,6,1978,1664,616,8385,2,4,0,10,1978
209,1491,8,2001,1491,490,9116,2,3,0,7,2001
135,1004,6,1977,975,504,10530,1,2,0,4,1977
148,1210,6,1975,1128,528,11080,2,3,0,6,1975
171,1959,7,1988,1907,766,11070,3,5,0,9,1989
335,2519,7,1989,1210,628,26178,2,4,2,9,1990
230,1295,7,1986,0,312,8239,2,2,0,5,1986
250.764,1650,6,1958,1632,518,50102,1,2,2,6,1958
228,1707,8,1981,1686,511,16669,2,2,1,6,1981
176,1137,6,1987,1112,551,13811,2,2,1,5,1987
180,1339,7,1990,1309,484,8049,2,2,1,6,1990
250,2514,7,1990,1216,693,11170,2,4,0,8,1991
202,1403,6,2000,1381,470,8098,2,2,0,5,2000
312.5,1800,8,2002,1800,765,14331,2,3,1,7,2002
320,1960,8,2005,1728,714,13618,2,3,2,8,2006
369.9,2028,8,2005,1868,880,11443,2,2,2,7,2006
359.9,1838,9,2005,1838,682,11577,2,3,1,9,2006
81.5,1600,1,1951,0,270,31250,1,3,0,6,1951
215,1368,7,1997,1288,784,7020,2,2,0,8,1997
164,1216,6,1998,1216,402,4500,2,2,0,5,1998
153.5,1337,6,1998,1237,405,4500,2,2,0,5,1998
84.5,1140,5,2006,1140,0,17217,1,3,0,6,2006
104.5,1304,5,1977,264,336,2665,1,3,1,5,1977
127,1475,5,1977,757,336,2665,2,4,1,6,1977
151.4,2521,6,1973,942,576,3964,2,5,1,10,1973
126.5,874,5,1968,864,288,10172,1,3,0,5,2003
146.5,1652,5,1970,1652,928,11836,2,4,0,8,1970
73,630,4,1970,630,0,1470,1,1,0,3,1970
79.4,1092,4,1972,546,253,1484,1,3,0,5,1972
140,1360,5,1969,1104,336,13384,1,3,1,8,1979
92,630,5,1970,630,0,1533,1,1,0,3,1970
87.55,1092,4,1970,546,286,1533,1,3,0,5,1970
79.5,1092,4,1970,546,0,1526,1,3,0,5,1970
90.5,1092,4,1970,546,0,1936,1,3,0,5,1970
71,1092,4,1970,546,286,1894,1,3,0,6,1970
150.9,1728,6,1976,1728,574,12640,2,4,0,8,1976
188,1728,5,1976,1728,560,9297,2,4,0,8,1976
160,1126,5,1977,1126,484,17400,2,3,1,5,1977
131,1224,5,1960,1224,576,20000,1,4,1,7,1996
142.5,1003,6,1984,1003,588,7937,1,3,0,6,1984
131,902,5,1983,864,484,8885,1,2,0,5,1983
132,970,5,1992,912,0,10441,1,3,0,6,1992
170,1389,5,1974,1389,418,10010,1,2,1,6,1975
188,2000,7,1993,996,650,9627,2,3,1,9,1994
