returned,price,discount_pct,shipping_days,late_delivery,category,device,membership,prior_returns,prior_purchases,region
0,94.66,0.03,1,0,Home,Mobile,Silver,0,3,S
0,41.43,0.22,4,1,Shoes,Mobile,None,0,8,MW
1,192.09,0.17,3,0,Electronics,Mobile,None,1,5,NE
1,69.57,0.09,1,1,Home,Mobile,Silver,1,8,NE
0,20.67,0.26,3,0,Beauty,Desktop,Gold,1,2,MW
1,201.34,0.19,5,0,Electronics,Mobile,Silver,0,6,S
0,93.98,0.21,2,0,Shoes,Mobile,Gold,0,8,S
0,62.23,0.13,3,0,Home,Mobile,None,0,6,S
1,162.9,0,3,0,Electronics,Desktop,None,1,3,NE
1,142.53,0.13,4,0,Home,Mobile,None,1,4,West
0,283.71,0.12,5,0,Electronics,Mobile,None,1,1,West
0,33.17,0.22,3,0,Beauty,Desktop,None,0,6,S
0,27.81,0.02,3,0,Beauty,Desktop,Silver,0,5,S
0,27.7,0.27,5,0,Apparel,Mobile,None,0,0,West
0,106.13,0.09,1,1,Electronics,Desktop,Gold,0,20,NE
0,21.56,0.32,1,0,Apparel,Mobile,Silver,0,4,MW
1,45.24,0.17,4,0,Apparel,Mobile,Silver,0,3,NE
0,111.56,0.17,2,0,Home,Desktop,Silver,0,3,NE
1,156.27,0.35,3,0,Shoes,Desktop,None,0,5,MW
0,49.86,0.18,2,0,Apparel,Mobile,Gold,0,10,MW
1,84.51,0.12,5,1,Apparel,Desktop,None,0,0,S
1,187.81,0.05,2,0,Electronics,Mobile,Silver,0,7,S
0,42.37,0,2,1,Apparel,Desktop,None,0,1,NE
0,27.04,0.33,3,0,Beauty,Desktop,None,1,3,NE
0,48.52,0.33,5,1,Apparel,Desktop,Gold,0,13,West
0,390.33,0.14,2,0,Electronics,Mobile,Silver,0,7,NE
0,118.95,0.14,2,0,Home,Mobile,Gold,0,2,S
0,37,0.19,2,0,Apparel,Desktop,None,0,1,NE
0,31.88,0.07,1,0,Apparel,Desktop,Gold,0,3,S
1,100.87,0.14,2,0,Shoes,Mobile,Gold,1,6,NE
0,138.07,0.15,3,0,Home,Mobile,Gold,1,3,MW
0,59.12,0.29,4,0,Apparel,Desktop,Silver,0,8,MW
0,53.25,0.2,3,0,Apparel,Desktop,None,1,9,West
0,169.51,0.18,3,0,Electronics,Desktop,None,0,5,West
0,201.37,0.2,3,0,Electronics,Mobile,None,0,2,West
0,91.27,0.12,4,1,Apparel,Mobile,Gold,0,1,S
0,186.95,0,3,1,Electronics,Mobile,None,0,5,MW
1,72.3,0.28,3,1,Apparel,Mobile,Gold,1,12,MW
1,273.8,0.19,5,1,Home,Mobile,Silver,1,4,West
0,62.41,0.26,3,1,Shoes,Mobile,None,0,6,West
0,172.87,0.15,1,0,Electronics,Mobile,None,0,1,S
0,66.35,0.14,2,0,Apparel,Mobile,None,0,0,MW
0,81.83,0.18,1,0,Home,Mobile,Gold,0,4,NE
0,98.16,0.27,3,0,Home,Mobile,Silver,0,2,S
1,81.89,0.32,1,0,Shoes,Desktop,Silver,0,0,MW
0,31.04,0.19,3,0,Beauty,Desktop,None,0,3,S
1,117.63,0.12,5,0,Home,Mobile,Gold,1,11,S
0,50.25,0.22,3,0,Apparel,Mobile,None,0,0,NE
0,242.63,0.1,1,0,Electronics,Mobile,Gold,4,63,West
1,38.12,0.28,4,1,Beauty,Desktop,None,0,4,NE
0,86.22,0.36,4,0,Shoes,Desktop,Silver,0,4,West
1,357.4,0.09,4,1,Electronics,Mobile,Silver,1,11,S
0,169.76,0.04,5,0,Shoes,Desktop,None,0,3,NE
1,26.09,0.26,5,0,Apparel,Mobile,None,0,3,West
0,432.38,0.03,3,0,Electronics,Mobile,Gold,3,18,S
1,29.45,0.31,4,0,Apparel,Mobile,Gold,0,4,S
0,97.81,0.2,4,0,Shoes,Mobile,None,0,3,S
1,194.47,0.23,1,0,Electronics,Desktop,None,0,2,NE
1,44.61,0.4,7,1,Beauty,Mobile,None,1,4,S
0,45.76,0.12,3,0,Apparel,Desktop,Silver,0,3,S
0,71.02,0.21,2,0,Beauty,Desktop,Silver,0,6,NE
0,42.63,0.26,3,0,Apparel,Mobile,Gold,1,8,S
0,187.33,0.14,1,0,Electronics,Mobile,Gold,0,11,NE
0,91.19,0.13,5,0,Home,Mobile,None,0,16,West
1,133.79,0.33,5,1,Home,Mobile,Silver,1,3,S
0,50.01,0.31,4,1,Beauty,Mobile,None,0,7,S
0,34.71,0.21,3,0,Beauty,Mobile,Silver,0,1,S
0,42.55,0.2,2,0,Beauty,Desktop,Silver,0,5,NE
1,64.98,0.33,6,1,Apparel,Mobile,Silver,0,14,MW
0,184.97,0.25,2,0,Home,Mobile,Silver,0,2,West
1,251.03,0.18,5,1,Electronics,Desktop,None,1,8,MW
1,49.8,0.06,4,0,Apparel,Mobile,Gold,0,6,S
0,32.68,0.26,5,0,Beauty,Desktop,Gold,1,21,S
0,66.87,0.23,3,0,Shoes,Desktop,Gold,0,4,S
0,70.64,0.12,2,0,Shoes,Desktop,Gold,0,0,West
0,73.44,0.26,3,0,Home,Mobile,None,0,0,NE
1,41.04,0.22,5,0,Beauty,Mobile,Silver,0,5,MW
0,37.79,0.32,4,1,Beauty,Desktop,Gold,0,25,West
0,100.51,0.14,5,0,Home,Mobile,None,0,8,West
0,368.55,0.16,4,0,Electronics,Mobile,None,0,3,MW
0,24.04,0.29,4,0,Beauty,Mobile,None,0,3,S
0,24.49,0.26,1,0,Beauty,Mobile,Silver,0,4,NE
0,240.43,0.12,6,1,Electronics,Desktop,None,0,0,S
1,29.74,0.26,4,0,Apparel,Desktop,None,0,2,S
0,101.45,0.17,1,0,Home,Mobile,Silver,1,4,MW
0,29.95,0.2,3,0,Apparel,Desktop,Gold,1,15,S
0,133.99,0.21,2,0,Home,Desktop,Silver,0,6,MW
0,289.81,0.06,3,0,Electronics,Desktop,None,0,4,West
1,31.42,0.22,1,0,Beauty,Mobile,Gold,0,2,S
1,38.41,0.22,4,0,Apparel,Mobile,Silver,0,10,West
1,69.58,0.32,3,1,Apparel,Mobile,None,0,2,S
0,87.24,0.07,4,0,Home,Desktop,None,0,2,S
0,23.39,0.29,4,1,Beauty,Desktop,None,0,5,MW
0,246.29,0.09,3,0,Electronics,Desktop,Silver,0,3,MW
0,27.27,0.32,2,0,Apparel,Desktop,None,0,2,NE
0,32.01,0.25,1,1,Beauty,Mobile,Silver,1,2,MW
0,165.06,0.05,3,0,Electronics,Desktop,Gold,0,9,West
0,32.83,0.27,3,0,Beauty,Mobile,Silver,0,5,West
0,24.65,0.22,2,0,Beauty,Desktop,Gold,0,16,NE
0,176.95,0.02,5,1,Electronics,Mobile,None,2,2,West
0,67.93,0.25,2,1,Home,Mobile,Silver,0,5,S
1,278.17,0.18,3,1,Electronics,Desktop,Silver,0,1,S
0,34.63,0.2,4,1,Apparel,Desktop,Gold,0,6,West
0,42.47,0.2,3,0,Beauty,Desktop,Silver,1,14,MW
0,37.98,0.19,5,0,Beauty,Desktop,Gold,0,5,NE
0,73.73,0.11,3,0,Apparel,Desktop,Gold,4,18,S
0,232.77,0.16,4,0,Electronics,Mobile,Gold,0,9,West
1,50.18,0.08,4,1,Shoes,Mobile,Silver,0,3,S
0,64.98,0.28,4,1,Apparel,Mobile,None,0,1,S
0,38.21,0.14,3,0,Apparel,Mobile,None,0,1,NE
0,235.23,0.2,2,0,Electronics,Mobile,Silver,0,4,NE
1,131.98,0.18,4,1,Shoes,Mobile,Silver,0,4,S
0,184.19,0.17,5,0,Home,Desktop,None,0,6,West
0,95.38,0.17,4,0,Home,Mobile,None,0,2,S
0,179.43,0.23,4,1,Home,Desktop,None,0,1,NE
0,76.72,0.27,3,0,Home,Desktop,Gold,0,3,S
0,96.05,0.1,3,0,Apparel,Mobile,None,0,6,West
0,24.26,0.17,3,0,Beauty,Mobile,None,1,5,S
1,103.71,0.24,4,0,Home,Mobile,None,0,4,S
0,136.49,0.04,2,0,Home,Mobile,None,0,4,S
0,97.56,0.37,2,0,Home,Desktop,Gold,0,5,West
0,120.14,0.13,1,0,Shoes,Desktop,Silver,0,6,S
0,182.18,0,1,0,Home,Desktop,None,0,3,NE
0,33.58,0.15,3,0,Shoes,Desktop,Gold,0,12,West
1,40.12,0.24,2,0,Beauty,Mobile,Gold,0,9,MW
1,121.16,0.08,7,1,Home,Mobile,Gold,1,10,West
1,38.27,0.31,4,1,Apparel,Mobile,None,0,1,NE
1,84.07,0.15,3,0,Home,Desktop,None,0,5,S
0,70.75,0.12,4,1,Home,Mobile,Gold,0,10,S
1,135.19,0.04,3,1,Electronics,Desktop,Gold,2,10,NE
0,76.05,0.21,2,0,Home,Mobile,Silver,0,8,S
0,82.94,0.29,2,0,Apparel,Mobile,Gold,2,19,MW
0,59.51,0.36,1,0,Apparel,Desktop,Gold,1,11,NE
1,52.38,0.25,4,1,Apparel,Mobile,Gold,3,10,S
0,50.65,0.07,4,0,Shoes,Mobile,Gold,0,1,NE
0,156.51,0.1,1,0,Home,Desktop,Gold,0,10,S
0,40.09,0.14,4,0,Beauty,Mobile,Gold,0,2,NE
1,25.33,0.19,1,1,Apparel,Mobile,Gold,0,25,MW
0,233.98,0.05,1,0,Electronics,Desktop,Gold,0,8,NE
0,78.28,0.2,2,0,Home,Desktop,Gold,2,22,NE
0,94.92,0.26,1,0,Beauty,Desktop,None,0,2,MW
0,206.35,0.03,3,0,Electronics,Desktop,Gold,2,7,S
0,29.65,0.2,3,1,Beauty,Mobile,Gold,0,9,West
0,69.75,0.1,3,1,Shoes,Desktop,Gold,1,4,West
0,94,0.29,1,0,Home,Desktop,Silver,0,5,MW
0,79.73,0.43,1,0,Apparel,Mobile,Gold,0,9,MW
0,115.26,0.11,2,0,Home,Desktop,Silver,0,0,NE
0,43.58,0.21,2,0,Apparel,Mobile,None,0,3,S
0,199.13,0,4,0,Electronics,Desktop,Silver,0,10,West
0,49.41,0.02,3,0,Apparel,Mobile,None,3,3,MW
0,42.84,0.34,4,0,Apparel,Mobile,Gold,0,3,S
1,126.61,0.24,2,0,Home,Mobile,None,0,3,MW
0,196.75,0.18,3,1,Electronics,Mobile,Silver,1,4,MW
0,154.34,0.14,3,0,Home,Mobile,Silver,0,3,S
0,106.82,0.08,3,0,Home,Mobile,Gold,1,18,West
1,127.04,0.22,3,0,Shoes,Desktop,Gold,0,28,West
0,198.79,0.18,3,0,Electronics,Desktop,None,0,1,NE
0,44.5,0.14,2,0,Apparel,Mobile,Gold,0,12,S
1,107.11,0.17,4,0,Home,Desktop,Gold,0,3,West
0,96.91,0.15,4,1,Home,Desktop,Silver,0,0,West
1,215.38,0.08,5,1,Electronics,Desktop,None,0,1,MW
1,48.89,0.21,4,1,Apparel,Mobile,Gold,0,6,S
1,160.14,0.1,5,0,Electronics,Desktop,None,0,0,West
1,152.41,0.16,4,0,Shoes,Mobile,None,0,2,MW
1,70.86,0.2,4,1,Shoes,Desktop,Silver,1,11,S
1,57.31,0.21,4,0,Shoes,Desktop,None,0,5,NE
1,69.33,0.18,3,1,Beauty,Desktop,None,0,1,S
0,134.91,0,3,0,Home,Desktop,Gold,3,23,West
0,34.49,0.17,3,0,Apparel,Desktop,Silver,0,3,S
1,146.44,0.03,2,1,Home,Desktop,None,0,2,West
0,151.09,0.23,1,0,Home,Desktop,Gold,0,7,NE
0,357.06,0,3,0,Electronics,Mobile,None,0,1,MW
0,77.05,0.19,2,0,Apparel,Mobile,Silver,0,7,MW
0,163.91,0.05,5,1,Electronics,Desktop,None,0,6,S
1,76.59,0.18,2,1,Shoes,Desktop,Silver,0,9,MW
0,240.11,0,4,0,Electronics,Mobile,Silver,1,6,MW
0,42.45,0,4,0,Apparel,Desktop,None,0,8,West
0,257.49,0.17,5,0,Home,Desktop,None,0,2,West
0,312.08,0.07,3,0,Electronics,Mobile,Silver,0,7,S
0,88.23,0.24,4,0,Shoes,Mobile,None,0,1,MW
1,175.18,0.19,2,0,Electronics,Mobile,Silver,0,2,West
0,75.33,0.33,1,0,Apparel,Desktop,None,0,0,NE
1,395.58,0.16,4,0,Electronics,Mobile,Gold,1,17,S
1,54.03,0.26,4,0,Apparel,Mobile,None,0,1,West
0,178.78,0.07,3,0,Electronics,Desktop,Silver,0,0,S
0,102.78,0.24,2,0,Home,Desktop,Gold,0,3,MW
0,36.54,0.24,3,0,Apparel,Desktop,Gold,0,8,NE
0,31.95,0.29,3,1,Beauty,Mobile,Gold,0,5,NE
0,94.87,0.15,1,0,Home,Mobile,Gold,0,3,NE
0,22.79,0.21,2,0,Apparel,Desktop,Silver,0,7,S
0,101.29,0.24,1,0,Apparel,Desktop,Gold,0,3,MW
1,245.27,0.08,5,0,Electronics,Mobile,Gold,1,8,S
0,225.51,0.11,1,0,Electronics,Mobile,Silver,0,13,MW
0,164.07,0.1,1,0,Electronics,Desktop,Silver,2,16,NE
0,19.05,0.34,5,1,Beauty,Mobile,Silver,1,11,West
0,217.29,0.12,4,0,Electronics,Mobile,Gold,0,5,MW
1,90.37,0.18,5,1,Shoes,Mobile,Gold,2,14,MW
1,137.48,0.4,4,1,Shoes,Desktop,Gold,0,10,S
0,25.47,0.21,1,0,Apparel,Mobile,None,0,3,NE
0,147.14,0.38,3,0,Shoes,Mobile,None,1,3,MW
1,47.94,0.12,3,1,Beauty,Mobile,None,0,3,S
0,134.02,0.17,1,0,Electronics,Desktop,Gold,0,7,West
1,16.55,0.26,5,1,Beauty,Mobile,Silver,0,6,West
1,63.2,0.14,1,0,Apparel,Mobile,Silver,0,1,NE
1,256.82,0.05,4,0,Electronics,Desktop,Silver,0,12,MW
0,183.81,0.25,2,0,Electronics,Mobile,None,0,1,MW
0,230.78,0.19,4,1,Electronics,Mobile,None,0,3,West
1,39.05,0.04,2,0,Beauty,Desktop,None,0,3,West
0,160.19,0.12,4,1,Electronics,Mobile,Gold,0,20,West
0,211.6,0.22,2,0,Electronics,Desktop,Silver,0,1,S
1,66.17,0.48,2,0,Apparel,Desktop,Silver,0,2,S
0,115.46,0.14,4,1,Home,Mobile,None,0,14,West
0,33.68,0.07,2,0,Apparel,Desktop,Silver,0,7,S
1,160.16,0.11,2,0,Home,Mobile,Silver,0,3,NE
1,45.31,0.29,1,0,Apparel,Desktop,None,0,6,MW
0,94.01,0.11,3,0,Home,Mobile,None,0,2,S
0,30.64,0.17,4,0,Apparel,Mobile,None,0,1,West
0,33.15,0.15,2,0,Apparel,Desktop,None,1,3,West
0,53.01,0.18,3,0,Beauty,Mobile,None,2,2,S
0,25.72,0.21,4,0,Beauty,Mobile,Silver,1,2,S
1,101.34,0.19,4,0,Home,Mobile,Gold,0,1,West
0,49.75,0.34,4,0,Beauty,Mobile,Silver,0,8,NE
0,45.39,0.19,1,0,Apparel,Desktop,Silver,0,2,S
0,27.41,0.31,4,1,Beauty,Desktop,Gold,0,6,MW
1,328.67,0.29,4,0,Electronics,Mobile,None,0,2,West
0,104.4,0.04,2,0,Home,Desktop,Silver,0,2,MW
0,127.12,0.27,3,0,Electronics,Desktop,Gold,1,5,S
0,236.48,0.09,1,0,Electronics,Mobile,Silver,0,10,NE
0,42.94,0.2,5,1,Beauty,Desktop,None,1,0,West
0,227.81,0.09,3,1,Electronics,Mobile,Silver,1,5,S
0,217.66,0.26,4,0,Electronics,Mobile,Silver,0,1,MW
0,137.58,0.28,1,0,Shoes,Desktop,Gold,0,6,NE
0,48.79,0.4,4,0,Apparel,Mobile,None,0,4,MW
0,41.2,0.23,5,1,Apparel,Desktop,None,2,0,NE
0,171.52,0.07,3,0,Electronics,Desktop,None,0,1,S
0,143.69,0.19,4,1,Home,Mobile,Silver,0,4,MW
0,17.76,0.18,2,0,Beauty,Mobile,None,1,1,MW
0,102.69,0.34,1,1,Shoes,Mobile,Silver,0,7,MW
0,64.47,0.28,3,0,Apparel,Mobile,None,0,7,S
0,64.83,0.28,3,0,Apparel,Mobile,Silver,0,3,S
0,143.23,0.35,5,0,Shoes,Mobile,None,0,3,West
0,75.04,0.24,3,0,Home,Mobile,None,1,5,West
1,343.97,0.12,3,0,Electronics,Mobile,Gold,5,32,MW
1,144.33,0.07,4,0,Electronics,Mobile,None,0,1,NE
1,90.69,0.1,4,1,Shoes,Desktop,Silver,0,1,S
0,429.67,0.09,4,1,Electronics,Desktop,None,0,3,MW
0,37.47,0.1,2,0,Apparel,Mobile,Gold,0,5,NE
1,29.81,0.28,5,1,Apparel,Mobile,None,0,3,West
0,32.14,0.27,2,0,Beauty,Mobile,Gold,0,8,MW
1,156.03,0.24,4,1,Electronics,Mobile,None,0,4,West
0,287.8,0.1,5,0,Electronics,Mobile,None,0,1,West
0,26.75,0.3,4,0,Beauty,Mobile,None,0,4,NE
0,160.02,0.21,2,0,Home,Desktop,None,0,1,West
0,371.91,0.05,3,0,Electronics,Mobile,None,0,3,S
0,35.39,0.12,2,1,Apparel,Desktop,Gold,0,9,S
0,90.87,0,1,0,Home,Desktop,Silver,0,3,S
0,229.77,0,3,0,Electronics,Mobile,Gold,2,7,MW
0,118.13,0.26,1,0,Home,Mobile,Silver,0,6,S
1,26.98,0.44,4,1,Apparel,Mobile,Gold,1,3,NE
0,106.23,0.26,1,0,Apparel,Desktop,Silver,0,3,NE
0,86.77,0.11,3,0,Home,Mobile,Silver,0,2,West
1,83.41,0.07,5,1,Apparel,Desktop,Silver,0,10,West
0,72.67,0.18,3,0,Home,Mobile,None,0,2,West
1,49.19,0.19,4,1,Beauty,Desktop,Silver,1,9,NE
0,136.87,0,1,0,Home,Desktop,Gold,0,8,NE
0,22.61,0.19,1,0,Beauty,Desktop,None,0,1,MW
1,49.55,0.31,5,1,Apparel,Mobile,Silver,0,2,S
0,197.53,0.31,1,1,Electronics,Mobile,Gold,1,6,NE
0,194.06,0.2,4,1,Electronics,Mobile,None,0,0,West
0,71.31,0.25,2,0,Shoes,Mobile,Silver,0,4,S
1,225.09,0.31,4,1,Electronics,Mobile,Silver,1,11,West
1,62.1,0.09,3,0,Apparel,Desktop,Gold,0,3,S
1,252.7,0.09,2,0,Electronics,Desktop,None,0,0,NE
0,211.8,0.13,3,1,Electronics,Mobile,Silver,0,10,West
0,328.05,0,6,0,Electronics,Mobile,None,0,5,West
0,113.27,0.08,2,1,Electronics,Mobile,Gold,2,14,NE
1,125.27,0.09,4,1,Home,Desktop,Silver,1,7,NE
0,18.64,0.13,3,0,Beauty,Desktop,Gold,2,36,MW
0,130.86,0.31,3,0,Home,Desktop,None,0,3,MW
0,24.91,0.14,3,0,Beauty,Mobile,Silver,0,7,S
0,46.38,0.21,1,0,Apparel,Mobile,Gold,1,4,NE
0,50.34,0.14,6,0,Shoes,Desktop,None,0,5,S
0,33.57,0.25,4,0,Beauty,Desktop,None,0,4,MW
0,249.77,0.15,2,1,Electronics,Mobile,Gold,0,2,NE
0,64.87,0.17,5,1,Shoes,Desktop,Silver,0,5,NE
1,53.55,0.23,1,0,Apparel,Mobile,Gold,1,9,NE
1,67.17,0.34,5,0,Beauty,Desktop,None,1,2,S
0,211.76,0.19,3,1,Electronics,Mobile,None,0,1,S
0,88.74,0.29,2,0,Home,Mobile,None,0,2,MW
1,44.78,0.13,5,1,Apparel,Mobile,Silver,1,7,S
1,83.46,0.18,5,1,Apparel,Desktop,None,0,0,MW
0,168.99,0.2,3,1,Electronics,Mobile,Silver,1,1,S
0,125.79,0.11,5,1,Electronics,Desktop,Gold,0,8,S
0,206.17,0.09,3,0,Home,Desktop,Gold,0,29,MW
1,142.08,0.13,4,1,Electronics,Mobile,Silver,3,17,S
1,60.32,0.18,5,1,Shoes,Desktop,None,0,3,West
1,189.21,0.03,4,1,Home,Desktop,None,0,1,MW
0,40.6,0.29,4,0,Apparel,Mobile,None,0,3,S
1,58.92,0.19,2,0,Apparel,Mobile,Gold,0,16,MW
0,75.28,0.07,5,0,Apparel,Mobile,Silver,0,5,S
0,37.65,0.06,1,0,Shoes,Desktop,Gold,1,27,NE
0,122.29,0,3,1,Electronics,Mobile,None,0,8,West
0,133.82,0.24,1,0,Shoes,Desktop,Gold,1,11,NE
1,22.87,0.24,3,1,Beauty,Mobile,Silver,0,5,S
1,68.64,0,3,0,Apparel,Mobile,None,0,4,S
0,159.98,0,3,0,Electronics,Mobile,Gold,0,5,MW
0,319.57,0,6,1,Electronics,Mobile,None,0,0,West
0,71.48,0.27,5,0,Apparel,Mobile,None,0,0,West
1,199.68,0.43,3,1,Home,Mobile,None,1,6,S
1,33.9,0.15,2,0,Beauty,Desktop,None,1,1,NE
1,52,0.34,2,0,Apparel,Mobile,None,0,2,MW
0,44.97,0.22,1,0,Apparel,Desktop,Gold,0,17,S
0,118.65,0.11,1,0,Home,Mobile,Gold,0,1,MW
1,211.88,0.16,1,0,Electronics,Mobile,Gold,1,28,NE
1,64.57,0.18,2,1,Shoes,Mobile,None,0,0,NE
0,109.92,0.06,3,0,Home,Desktop,Silver,0,1,West
0,50.2,0.39,3,0,Apparel,Mobile,Gold,1,9,S
0,34.97,0.11,4,1,Apparel,Mobile,None,0,0,S
1,97.4,0.01,3,0,Home,Mobile,Silver,1,7,MW
1,16.86,0.23,4,0,Beauty,Mobile,None,0,1,MW
0,71.4,0.11,3,0,Home,Desktop,Silver,1,8,NE
0,45.35,0.35,3,0,Apparel,Mobile,None,0,6,S
1,239.72,0.09,5,1,Electronics,Mobile,Silver,0,3,MW
0,279.01,0.23,2,0,Electronics,Mobile,Gold,0,4,MW
0,20.24,0.16,3,0,Beauty,Mobile,Gold,0,17,NE
0,126.38,0,4,0,Home,Desktop,Gold,0,5,NE
0,64.6,0.42,3,0,Apparel,Desktop,None,0,3,MW
1,39.31,0.17,3,0,Apparel,Desktop,None,0,2,West
1,32.36,0.16,3,0,Beauty,Mobile,Gold,2,10,S
0,54.17,0.34,3,0,Beauty,Desktop,None,0,2,S
0,70.63,0.26,4,1,Apparel,Desktop,Silver,0,1,NE
1,31.49,0.09,6,0,Beauty,Desktop,None,0,4,MW
0,27.11,0.27,5,1,Apparel,Desktop,None,0,4,S
0,82.3,0.42,3,0,Apparel,Mobile,Gold,1,12,NE
1,27.82,0.37,4,0,Apparel,Mobile,Gold,1,10,MW
0,199.3,0.25,4,1,Electronics,Desktop,Gold,0,12,S
0,61.11,0.24,2,1,Apparel,Mobile,None,0,9,NE
0,29.66,0.37,2,0,Beauty,Mobile,None,0,2,MW
0,148.29,0.29,2,0,Electronics,Mobile,Silver,0,4,NE
0,198.88,0.21,4,1,Electronics,Mobile,Gold,0,2,NE
0,155.91,0.15,4,1,Electronics,Mobile,Gold,1,8,S
0,92.9,0.19,4,1,Home,Mobile,Silver,0,2,NE
0,50.29,0.27,2,0,Beauty,Mobile,None,0,0,NE
0,129.61,0.05,3,0,Home,Mobile,None,0,5,S
0,111.13,0.19,4,0,Shoes,Mobile,Silver,0,2,NE
0,51.03,0.3,5,1,Apparel,Mobile,Silver,0,10,West
1,52.15,0.29,5,0,Apparel,Desktop,Gold,3,18,West
1,182.43,0.32,1,0,Electronics,Desktop,Gold,1,15,MW
0,108.83,0.09,2,0,Home,Desktop,Silver,0,5,MW
1,190.22,0.1,3,0,Electronics,Mobile,None,0,1,MW
1,114.25,0.2,4,0,Home,Desktop,Silver,0,2,West
1,38.35,0.15,5,1,Apparel,Mobile,None,0,0,S
1,77.5,0.16,1,1,Shoes,Desktop,None,0,2,NE
0,72.2,0.08,3,0,Home,Desktop,None,0,5,MW
1,86.25,0.14,5,0,Shoes,Mobile,None,0,1,West
0,205.81,0.18,5,0,Home,Desktop,None,0,7,West
1,64.64,0.07,4,0,Shoes,Mobile,Gold,2,14,MW
0,293.02,0.22,3,0,Electronics,Desktop,Gold,1,16,MW
0,99.4,0,3,0,Electronics,Desktop,Silver,0,1,NE
0,71.09,0.1,3,1,Apparel,Mobile,Gold,1,12,S
1,24.1,0.11,5,1,Beauty,Desktop,Silver,2,13,West
0,97.94,0.24,2,1,Electronics,Mobile,None,0,0,NE
0,41.86,0.1,1,0,Beauty,Desktop,Gold,0,22,NE
0,142.07,0.13,4,1,Home,Desktop,Silver,2,10,S
0,164.7,0.2,2,0,Home,Desktop,Gold,0,29,S
1,33.74,0.22,3,1,Beauty,Desktop,Gold,0,7,NE
0,42.79,0.35,1,0,Shoes,Mobile,None,0,1,MW
1,387.23,0.11,4,1,Electronics,Desktop,Gold,2,22,S
0,227.42,0.15,3,0,Electronics,Desktop,Silver,0,4,MW
1,394.78,0.1,2,1,Electronics,Desktop,Silver,0,7,S
1,257.35,0.24,5,0,Electronics,Mobile,None,0,1,S
0,278.16,0.11,2,0,Electronics,Mobile,None,0,1,MW
0,53.83,0.41,1,0,Apparel,Mobile,Silver,0,0,NE
0,55.8,0.18,6,0,Beauty,Mobile,None,0,0,MW
1,106,0.18,2,0,Home,Desktop,Gold,1,14,West
0,76.06,0.19,5,0,Apparel,Mobile,None,0,0,S
0,71.34,0.2,6,1,Apparel,Mobile,None,0,4,West
1,100.04,0.06,5,1,Home,Desktop,None,0,1,MW
0,87.74,0.12,3,0,Shoes,Mobile,Gold,0,5,MW
1,25.57,0.47,2,0,Apparel,Mobile,Gold,0,9,MW
0,187.01,0.34,4,1,Electronics,Desktop,None,0,7,MW
0,137.32,0.16,2,0,Home,Mobile,Gold,1,28,NE
0,49.25,0.12,3,0,Shoes,Mobile,Silver,0,2,S
1,52.56,0.21,5,0,Apparel,Mobile,Silver,0,6,West
0,39.75,0.09,2,1,Beauty,Mobile,Gold,1,8,S
0,113.97,0.05,1,0,Electronics,Desktop,Silver,0,4,MW
1,103.01,0.23,3,0,Electronics,Mobile,None,0,2,S
1,49.43,0.28,3,0,Apparel,Mobile,Gold,1,15,MW
0,27.59,0.23,2,0,Beauty,Mobile,None,0,1,MW
0,38.83,0.24,4,0,Beauty,Mobile,None,0,3,MW
0,227.11,0.13,2,0,Electronics,Desktop,Gold,1,14,West
1,30.08,0.16,4,1,Apparel,Desktop,Gold,1,5,West
0,48.18,0.25,1,0,Apparel,Mobile,None,1,9,MW
0,34.96,0.17,6,1,Beauty,Mobile,Gold,0,3,West
1,33.35,0.35,2,0,Apparel,Desktop,Silver,1,9,MW
0,126.84,0.15,2,1,Shoes,Mobile,Gold,0,5,S
1,92.53,0.1,4,0,Home,Mobile,Gold,1,3,West
0,124.07,0.2,1,0,Electronics,Desktop,Silver,0,3,MW
1,54.19,0.28,3,0,Apparel,Mobile,None,0,5,MW
0,134.46,0.09,4,0,Home,Mobile,None,0,3,S
0,88.33,0.33,3,0,Apparel,Desktop,None,0,3,NE
0,243.55,0.12,2,1,Electronics,Mobile,Silver,0,5,NE
0,42.79,0.07,3,1,Apparel,Desktop,Silver,0,10,MW
0,77.43,0.31,2,0,Shoes,Desktop,Gold,0,12,NE
0,39.13,0.23,4,0,Apparel,Desktop,Gold,1,9,MW
0,51.32,0.19,4,0,Apparel,Mobile,Gold,0,7,West
0,174.97,0.14,3,0,Home,Desktop,Gold,1,27,MW
1,57.66,0.24,3,0,Apparel,Desktop,None,0,3,MW
0,211.92,0,1,0,Electronics,Mobile,Silver,0,3,MW
0,46.2,0.21,3,0,Beauty,Mobile,None,0,4,S
0,29.75,0.14,2,0,Beauty,Desktop,Silver,0,3,NE
0,164.12,0.21,5,1,Home,Mobile,Gold,0,2,West
0,98.63,0.21,3,1,Shoes,Mobile,None,0,0,West
0,43.78,0.16,3,0,Beauty,Desktop,None,0,8,West
1,195.3,0.22,2,0,Electronics,Mobile,None,0,5,West
1,255.23,0.3,4,1,Electronics,Mobile,None,0,2,West
1,95.76,0.04,4,0,Shoes,Desktop,Gold,1,13,MW
0,63.79,0.17,3,0,Apparel,Desktop,None,0,0,S
0,193.16,0.11,2,1,Home,Desktop,Gold,0,7,S
1,89.46,0.23,5,1,Home,Mobile,Gold,2,14,West
0,244.74,0.33,2,0,Electronics,Mobile,Silver,0,9,S
0,195.28,0.08,1,0,Electronics,Mobile,Gold,0,1,MW
1,28.21,0.18,3,0,Apparel,Mobile,Gold,2,44,S
0,253.31,0.25,5,0,Electronics,Desktop,None,0,13,West
0,32.95,0.27,4,0,Apparel,Mobile,Silver,0,7,West
1,78.43,0.06,1,1,Shoes,Desktop,Gold,2,16,NE
1,103.67,0.14,5,0,Shoes,Mobile,None,0,1,MW
0,70.92,0.2,4,0,Apparel,Mobile,Silver,1,12,S
0,50.89,0.3,1,0,Apparel,Desktop,Silver,0,4,S
0,55.43,0.31,2,0,Apparel,Mobile,None,0,2,MW
1,57.93,0.23,3,0,Shoes,Mobile,None,0,2,NE
0,171.67,0.23,3,1,Home,Mobile,Gold,0,5,S
0,60.23,0.36,4,0,Apparel,Mobile,None,1,4,West
1,240.01,0.14,4,1,Electronics,Mobile,Gold,1,17,West
1,55.41,0.17,3,0,Beauty,Desktop,None,0,1,S
0,59.82,0,4,1,Shoes,Mobile,Gold,0,5,MW
0,123.43,0.2,2,0,Home,Mobile,Silver,2,7,S
0,41.36,0.31,2,0,Beauty,Mobile,Gold,1,9,MW
0,211.44,0,3,0,Home,Mobile,Gold,0,7,NE
0,113.56,0.13,2,0,Shoes,Desktop,None,0,0,MW
1,64.85,0.28,4,0,Beauty,Desktop,None,0,3,S
0,267.78,0,2,0,Electronics,Desktop,None,0,0,MW
1,176.39,0,5,1,Electronics,Desktop,Silver,1,3,S
0,109.99,0.15,3,0,Home,Desktop,Silver,0,2,MW
0,50.34,0.44,4,0,Apparel,Mobile,None,0,1,S
0,35.32,0.24,5,0,Beauty,Desktop,Gold,0,6,S
0,31.39,0.22,5,0,Beauty,Mobile,Silver,0,5,S
0,122.39,0.17,3,0,Home,Desktop,Gold,0,2,West
0,137,0.25,5,1,Home,Mobile,None,0,2,West
0,33.73,0.17,2,0,Apparel,Mobile,Silver,0,6,MW
0,54.45,0.13,3,0,Apparel,Desktop,Silver,1,8,S
0,116.57,0.25,3,0,Home,Mobile,None,0,2,West
1,144.63,0.05,3,0,Electronics,Desktop,None,0,2,West
0,32.99,0.08,3,0,Apparel,Desktop,None,0,2,MW
0,24.98,0.21,2,1,Apparel,Desktop,Silver,1,9,NE
0,62.5,0.24,1,1,Apparel,Mobile,Silver,0,1,S
0,61.65,0.31,3,0,Beauty,Desktop,None,0,3,NE
1,131.59,0.21,3,1,Home,Desktop,None,0,2,MW
1,29.74,0.21,6,1,Beauty,Desktop,Silver,0,8,S
0,208.74,0.14,2,0,Electronics,Mobile,Silver,0,7,NE
0,164.33,0.18,3,0,Home,Desktop,Gold,0,9,NE
0,35.73,0.15,1,0,Apparel,Desktop,Gold,1,11,West
0,43.67,0.1,4,0,Beauty,Mobile,Gold,0,9,West
0,88.09,0.1,3,0,Home,Desktop,None,0,1,NE
0,157.59,0.13,3,0,Home,Desktop,Silver,0,2,West
1,518.75,0.25,1,0,Electronics,Mobile,Silver,0,2,NE
1,27.17,0.17,1,0,Apparel,Desktop,Gold,0,11,S
0,153.05,0.04,2,0,Home,Mobile,None,0,0,S
0,78.72,0.13,4,0,Shoes,Desktop,None,0,1,S
0,51.9,0.36,4,1,Apparel,Desktop,Gold,0,4,MW
0,120.26,0.21,2,0,Home,Mobile,None,0,0,West
0,279.05,0.19,2,0,Electronics,Mobile,Gold,1,5,MW
0,22.45,0.2,4,1,Beauty,Mobile,Gold,0,4,West
1,147.64,0.21,1,0,Home,Mobile,None,1,2,NE
1,43.9,0.26,4,0,Beauty,Desktop,Silver,0,4,S
0,28.47,0.22,4,1,Apparel,Mobile,Gold,2,3,West
0,268.65,0.03,5,1,Electronics,Mobile,None,0,2,MW
0,129.09,0.08,4,0,Home,Mobile,None,0,2,NE
1,48.36,0.23,4,0,Apparel,Desktop,None,0,4,S
0,58.66,0.29,3,0,Apparel,Mobile,None,2,11,S
0,128.28,0,3,0,Home,Desktop,Gold,0,3,NE
0,90.09,0.26,4,0,Shoes,Desktop,Silver,0,3,S
0,37.82,0.27,4,0,Apparel,Desktop,None,0,0,S
0,40.9,0.08,5,1,Apparel,Mobile,None,0,16,West
0,106.32,0.05,3,0,Shoes,Desktop,Gold,0,0,West
0,27.95,0.19,5,0,Beauty,Desktop,None,0,0,S
1,119.8,0.17,5,1,Electronics,Desktop,Gold,0,14,West
0,302.1,0,5,0,Electronics,Mobile,None,0,5,MW
0,109.35,0.08,4,0,Home,Mobile,Gold,0,5,MW
0,42.32,0.22,1,0,Apparel,Mobile,Gold,0,10,NE
0,110.47,0.31,5,1,Home,Desktop,None,0,2,S
0,150.81,0.09,6,0,Electronics,Desktop,None,0,3,MW
1,108.01,0.05,3,0,Shoes,Mobile,Silver,1,3,NE
0,371.06,0,3,0,Electronics,Desktop,Silver,0,3,MW
0,157.12,0.07,2,0,Electronics,Mobile,Gold,1,7,West
0,184.96,0.16,2,0,Home,Desktop,Gold,0,2,NE
0,51.82,0.15,2,0,Apparel,Mobile,None,1,6,NE
0,259.87,0.16,2,0,Electronics,Mobile,None,0,2,S
0,161.64,0.15,4,1,Home,Desktop,None,1,0,S
0,133.79,0.26,5,1,Electronics,Mobile,None,0,1,West
0,36.91,0.1,2,0,Beauty,Desktop,None,0,1,NE
0,41.15,0.29,2,1,Apparel,Mobile,Gold,1,10,West
1,66.26,0.4,5,0,Apparel,Mobile,Silver,1,6,S
0,43.18,0.26,1,0,Shoes,Desktop,None,0,9,MW
1,61.64,0.21,3,1,Shoes,Desktop,None,0,2,NE
1,97.78,0,2,0,Home,Desktop,Silver,0,4,NE
0,169.31,0.09,3,1,Electronics,Mobile,None,0,3,S
0,94.5,0.16,1,0,Shoes,Mobile,Silver,0,3,NE
0,24.81,0.21,5,1,Beauty,Desktop,None,0,2,West
0,80.73,0.16,2,0,Shoes,Desktop,Silver,0,2,NE
0,19.7,0.21,4,1,Beauty,Desktop,Silver,0,12,West
1,219.91,0.1,2,1,Electronics,Mobile,None,0,0,MW
0,163.96,0.03,3,0,Electronics,Desktop,Gold,0,4,MW
0,199.48,0.11,2,0,Electronics,Desktop,None,0,1,S
0,35.5,0.29,1,0,Beauty,Mobile,Gold,0,7,NE
1,36.43,0.26,4,0,Apparel,Desktop,None,0,3,S
0,23.23,0.12,1,0,Apparel,Mobile,Gold,1,9,MW
0,316.11,0.09,3,0,Electronics,Mobile,Gold,1,13,West
0,95.14,0.22,2,1,Shoes,Desktop,Silver,0,4,MW
0,42.11,0.08,2,0,Apparel,Desktop,Gold,0,12,MW
0,24.62,0.34,4,0,Apparel,Desktop,None,0,3,MW
1,26.36,0.27,3,0,Beauty,Desktop,None,0,5,MW
0,184.64,0.22,3,0,Home,Mobile,None,0,1,S
0,80.45,0,5,0,Home,Desktop,None,1,1,West
0,32.63,0.22,3,1,Apparel,Mobile,None,0,1,NE
0,97.09,0.27,5,1,Home,Desktop,Silver,1,6,West
0,225.69,0.25,4,1,Home,Mobile,None,0,2,West
1,51.98,0.16,4,0,Apparel,Mobile,Silver,0,5,S
0,26.76,0.22,2,0,Beauty,Desktop,None,0,8,NE
1,134.43,0.31,2,0,Home,Mobile,None,3,19,NE
0,73.68,0.04,3,0,Shoes,Desktop,Gold,1,12,West
0,256.59,0.11,2,0,Electronics,Desktop,Gold,0,9,S
0,56.34,0.19,3,0,Beauty,Desktop,Gold,1,7,MW
0,194.76,0.1,3,0,Electronics,Desktop,Gold,0,33,S
0,72.39,0.26,3,0,Shoes,Desktop,Silver,0,13,West
0,27.53,0.22,1,0,Beauty,Mobile,Gold,3,36,S
0,135.29,0.11,2,0,Home,Desktop,Silver,0,25,West
0,380.11,0.05,3,0,Electronics,Desktop,Silver,0,2,NE
0,24.68,0.14,1,0,Apparel,Desktop,None,0,2,NE
1,42.2,0.28,1,0,Apparel,Mobile,Gold,0,12,West
1,26.15,0,3,0,Beauty,Desktop,Silver,1,7,S
0,165.96,0.11,4,0,Electronics,Mobile,None,1,1,NE
1,342.03,0.1,3,1,Electronics,Desktop,Gold,2,12,S
1,28.76,0.12,2,1,Apparel,Mobile,Gold,0,9,NE
0,102.36,0.32,2,0,Apparel,Mobile,Gold,0,4,NE
0,44.47,0.15,5,1,Shoes,Mobile,Silver,1,8,West
0,75,0.11,2,0,Shoes,Desktop,None,0,1,NE
1,83.51,0.19,2,0,Shoes,Mobile,None,0,2,NE
0,405.32,0.17,2,0,Electronics,Mobile,Gold,2,4,S
1,105.38,0.12,2,0,Shoes,Desktop,Silver,0,3,S
0,33,0.27,6,0,Beauty,Mobile,None,0,1,West
1,38.6,0.26,4,0,Apparel,Mobile,Gold,2,5,MW
1,34.97,0.3,5,1,Beauty,Mobile,None,0,3,S
0,37.07,0.12,3,0,Beauty,Mobile,None,0,2,MW
1,52.53,0.18,5,1,Beauty,Mobile,None,0,0,S
0,137.89,0.23,2,0,Home,Mobile,Silver,0,2,West
0,41.65,0.31,3,0,Apparel,Mobile,Silver,0,6,West
0,44.57,0.1,5,1,Beauty,Desktop,Silver,0,3,West
0,61.92,0.2,2,0,Beauty,Mobile,None,0,3,NE
1,107.77,0,2,0,Shoes,Mobile,None,1,4,MW
0,44.24,0.16,2,0,Beauty,Mobile,None,0,4,NE
1,100.14,0.18,3,0,Shoes,Mobile,None,0,5,MW
1,85.15,0.16,5,1,Shoes,Desktop,None,1,5,S
0,547.78,0.05,1,0,Electronics,Desktop,Silver,0,3,NE
0,35.12,0.21,3,0,Apparel,Mobile,Silver,1,8,MW
0,50.46,0.13,5,1,Apparel,Desktop,None,0,4,MW
0,128.01,0.27,1,0,Home,Mobile,None,0,5,NE
0,20.86,0.3,3,0,Beauty,Mobile,None,0,0,MW
0,38.91,0.2,3,0,Apparel,Mobile,Gold,0,15,West
0,140.27,0.17,2,0,Home,Desktop,Gold,0,6,NE
0,30.05,0.26,2,1,Apparel,Mobile,Gold,1,21,MW
1,51.36,0.15,4,1,Apparel,Mobile,None,1,2,NE
0,230.95,0.1,3,0,Home,Mobile,Gold,0,7,MW
1,56.86,0.21,4,1,Beauty,Mobile,None,0,3,S
0,152.29,0.06,3,0,Home,Mobile,Silver,0,6,MW
0,69.3,0.23,3,0,Shoes,Desktop,None,0,2,S
1,242.79,0.12,5,0,Electronics,Desktop,Silver,0,5,West
0,32.11,0.22,3,0,Beauty,Mobile,None,1,4,MW
0,70.79,0.09,5,0,Apparel,Mobile,Gold,0,5,S
0,128.19,0,3,1,Home,Desktop,None,0,3,NE
0,42.06,0.07,2,0,Apparel,Desktop,Gold,0,11,MW
0,86.8,0.18,3,0,Shoes,Mobile,Gold,1,20,West
0,422.13,0.09,3,0,Electronics,Desktop,Gold,0,4,S
1,94.83,0.25,6,1,Home,Mobile,None,0,3,West
0,91.19,0.27,3,1,Home,Desktop,None,0,3,NE
0,43.71,0.24,1,0,Beauty,Desktop,Gold,0,4,NE
1,11.94,0.22,1,1,Beauty,Mobile,Gold,0,18,NE
0,82.49,0.22,3,0,Shoes,Mobile,Gold,0,3,S
1,204.5,0.15,2,0,Home,Desktop,Silver,0,5,MW
0,125.89,0.04,4,0,Electronics,Desktop,None,0,3,MW
1,59.96,0.07,3,1,Home,Mobile,None,0,1,NE
0,58.68,0.27,4,0,Apparel,Desktop,None,0,0,NE
0,116.31,0.13,3,0,Home,Desktop,Gold,1,31,West
0,51.44,0.32,1,1,Apparel,Mobile,Gold,1,18,NE
0,26.89,0.37,3,0,Beauty,Desktop,None,0,4,NE
0,36.3,0.3,2,0,Beauty,Mobile,Gold,0,9,MW
0,248.44,0,4,1,Electronics,Desktop,Silver,0,3,S
0,60.78,0.23,3,1,Apparel,Desktop,Silver,0,4,S
0,35.66,0.28,2,0,Beauty,Mobile,Gold,0,14,NE
1,52.1,0.24,5,1,Apparel,Desktop,None,0,5,West
0,114.92,0.07,5,0,Home,Desktop,Gold,0,20,S
0,36.7,0.25,2,0,Apparel,Desktop,Gold,1,10,MW
0,294.41,0,1,0,Electronics,Desktop,Silver,0,4,NE
0,292.92,0.22,4,0,Electronics,Mobile,None,1,10,NE
1,93.62,0.11,4,0,Shoes,Desktop,None,1,2,NE
0,59.56,0.18,3,1,Apparel,Mobile,Silver,0,5,S
1,42.95,0.08,3,0,Beauty,Desktop,Gold,2,7,S
0,162.61,0.08,2,0,Electronics,Mobile,Silver,0,12,NE
1,50.28,0.12,3,0,Beauty,Mobile,Silver,1,12,MW
1,117.56,0.09,4,0,Home,Desktop,Gold,0,1,MW
0,50.15,0.28,3,0,Shoes,Mobile,None,1,7,S
1,73.61,0.28,2,1,Apparel,Desktop,Gold,1,6,MW
0,120.81,0.08,2,0,Home,Desktop,Gold,0,7,West
0,115.27,0.17,3,0,Home,Desktop,None,0,6,NE
0,63.99,0.25,4,0,Apparel,Desktop,Gold,1,14,S
0,48.02,0.24,3,0,Apparel,Mobile,None,1,2,MW
1,244.23,0.1,4,0,Electronics,Desktop,None,1,0,West
0,31.18,0.31,3,0,Apparel,Mobile,Gold,0,20,S
0,379.59,0.18,1,0,Electronics,Mobile,Gold,0,13,West
0,433.62,0.21,3,0,Electronics,Mobile,Silver,2,7,S
1,253.71,0.2,5,0,Electronics,Mobile,None,1,0,NE
0,36.65,0.09,4,0,Apparel,Desktop,None,1,0,MW
0,148.85,0.02,2,0,Home,Mobile,None,0,2,NE
0,70.65,0.28,3,1,Apparel,Desktop,Silver,0,8,NE
1,94.95,0.22,2,0,Shoes,Mobile,Silver,0,10,NE
1,326.28,0.09,1,0,Home,Desktop,Silver,0,6,West
0,25.24,0.29,4,0,Beauty,Mobile,None,0,3,NE
1,71.86,0.17,3,1,Home,Mobile,None,0,2,S
0,81.79,0.39,3,1,Apparel,Mobile,Gold,1,12,West
0,60.92,0.29,4,0,Shoes,Desktop,Silver,1,6,West
0,40.09,0.24,2,0,Apparel,Desktop,None,0,2,NE
0,394.23,0.21,6,0,Electronics,Desktop,None,0,3,West
0,52.95,0.16,2,0,Apparel,Mobile,Silver,0,10,NE
0,44.89,0.21,3,0,Apparel,Mobile,Gold,0,5,MW
0,164.81,0.09,3,0,Electronics,Desktop,Gold,0,6,S
0,36.27,0.31,4,0,Apparel,Desktop,Gold,0,8,West
1,42.33,0.53,3,1,Apparel,Mobile,None,0,1,MW
1,85.99,0.16,4,0,Home,Mobile,Gold,0,10,NE
0,29.61,0.2,4,1,Beauty,Mobile,Silver,0,8,West
0,96.88,0.23,1,0,Home,Mobile,None,0,2,NE
1,196.13,0.07,4,0,Electronics,Mobile,None,0,2,S
0,36.41,0.51,3,0,Apparel,Mobile,Gold,0,7,MW
1,30.63,0.21,5,1,Apparel,Mobile,Silver,0,0,MW
0,184.89,0.04,2,0,Home,Desktop,Silver,0,4,MW
0,165.44,0.06,4,1,Home,Mobile,None,0,2,MW
0,130.16,0.07,6,1,Home,Mobile,None,0,0,West
1,112.54,0.12,4,0,Shoes,Mobile,Gold,1,8,West
0,80.37,0.24,3,0,Home,Mobile,None,1,3,NE
0,150,0.16,3,1,Home,Desktop,Silver,1,1,S
1,66.29,0.35,4,1,Beauty,Desktop,Silver,0,7,MW
0,44.27,0.25,1,0,Apparel,Desktop,Gold,1,11,MW
1,120.21,0.34,3,0,Shoes,Desktop,Silver,1,4,S
0,29.61,0.09,4,0,Apparel,Desktop,None,0,1,MW
0,33.17,0.28,3,0,Apparel,Mobile,Gold,1,30,NE
1,75.69,0.3,2,0,Home,Mobile,Gold,1,13,MW
0,25.45,0.29,4,0,Apparel,Desktop,Gold,0,9,West
1,57.68,0.05,4,0,Home,Mobile,None,0,1,MW
1,31.36,0.19,4,1,Beauty,Mobile,Silver,0,3,MW
0,235.04,0.19,1,1,Electronics,Mobile,None,0,1,MW
1,155.51,0.21,2,0,Electronics,Desktop,None,0,2,S
1,42.76,0.18,4,1,Apparel,Mobile,None,0,2,S
0,54.58,0.16,4,0,Apparel,Mobile,None,0,2,S
0,117.76,0.26,3,0,Electronics,Mobile,Silver,0,15,S
0,75.09,0.39,3,1,Home,Mobile,None,0,1,MW
0,218.69,0.21,5,1,Electronics,Mobile,None,0,1,S
1,133.6,0.14,4,1,Home,Mobile,Silver,0,2,MW
1,108.35,0.16,2,0,Home,Desktop,Gold,2,22,S
0,147.45,0,1,0,Electronics,Desktop,Gold,2,6,MW
0,224.91,0.06,4,1,Shoes,Mobile,None,0,3,S
0,132.65,0.25,2,0,Home,Mobile,Gold,2,15,MW
0,34.87,0.28,1,0,Beauty,Mobile,None,0,1,S
0,73.36,0.11,3,0,Beauty,Desktop,Silver,0,3,MW
1,47.82,0.25,5,1,Apparel,Mobile,None,1,5,S
0,54.89,0.4,3,0,Beauty,Desktop,Silver,0,5,West
0,26.4,0.09,6,1,Beauty,Desktop,None,0,2,West
1,24.8,0.1,2,0,Beauty,Desktop,None,0,0,MW
0,81.53,0.2,3,0,Shoes,Mobile,Silver,0,4,West
0,75.03,0.2,4,0,Shoes,Mobile,Silver,0,4,West
0,312,0.2,3,0,Electronics,Mobile,None,0,6,West
1,27.24,0.35,4,0,Apparel,Mobile,None,0,1,West
1,27.56,0.32,3,1,Beauty,Desktop,Silver,1,6,S
1,107.23,0.22,3,0,Home,Mobile,None,1,7,MW
0,109.8,0.05,1,0,Home,Mobile,Gold,0,23,West
0,38.02,0.36,3,0,Apparel,Desktop,Silver,1,10,NE
0,83.1,0.12,2,0,Shoes,Mobile,Gold,0,10,West
0,42.75,0.6,5,1,Apparel,Mobile,Gold,1,5,West
0,249.47,0.01,5,0,Electronics,Desktop,None,0,1,NE
1,39.94,0.26,2,1,Apparel,Mobile,Gold,1,10,MW
0,203.47,0.29,1,0,Electronics,Mobile,Gold,3,30,West
1,142.56,0.05,3,1,Home,Mobile,Silver,0,7,NE
0,147.36,0.06,1,0,Home,Mobile,Gold,0,3,S
1,64.38,0.3,2,1,Home,Desktop,Gold,1,24,MW
1,135.66,0.12,2,0,Electronics,Desktop,None,0,4,S
0,26.94,0.17,3,0,Beauty,Desktop,None,0,1,S
0,88.66,0.14,2,1,Home,Desktop,Gold,0,2,MW
0,34.77,0.37,4,1,Beauty,Mobile,None,0,5,West
1,66.92,0.34,3,1,Apparel,Mobile,Silver,0,4,NE
1,43.02,0.28,4,0,Beauty,Mobile,Silver,0,3,S
1,84.16,0.21,4,1,Shoes,Desktop,None,0,1,S
0,207.68,0.24,5,0,Electronics,Mobile,None,0,1,West
0,95.98,0,3,0,Shoes,Desktop,None,0,2,S
1,78.96,0.19,5,1,Shoes,Mobile,None,0,1,S
0,75.95,0.07,2,1,Apparel,Mobile,None,0,5,NE
0,285.08,0.09,3,0,Electronics,Desktop,Silver,0,3,S
0,207.87,0.09,2,1,Electronics,Mobile,None,0,2,MW
1,130.8,0.2,2,0,Home,Mobile,Silver,1,11,NE
0,57.11,0.28,2,0,Shoes,Mobile,Silver,0,2,West
0,136.36,0.16,4,0,Home,Desktop,Silver,0,3,S
0,108.46,0.38,4,0,Home,Mobile,Silver,0,1,MW
1,125.87,0.16,4,1,Electronics,Mobile,Gold,0,13,NE
0,218.16,0.15,5,0,Electronics,Desktop,None,0,3,West
0,34.13,0.04,4,1,Beauty,Desktop,Silver,1,7,West
1,76.79,0.24,4,0,Shoes,Desktop,None,0,2,S
1,84.47,0.34,1,0,Beauty,Mobile,Gold,3,19,NE
1,79.4,0.29,3,0,Apparel,Mobile,None,0,0,MW
0,82.06,0.21,1,0,Apparel,Desktop,Gold,0,8,NE
0,38.31,0.18,3,0,Apparel,Mobile,Silver,1,23,West
0,352.79,0.15,3,0,Electronics,Mobile,None,0,8,S
1,102.53,0.23,4,1,Shoes,Mobile,None,4,6,MW
0,51.88,0.36,3,0,Apparel,Mobile,Silver,0,2,S
0,243.42,0.1,5,0,Electronics,Desktop,None,1,0,MW
0,33.85,0.3,4,0,Apparel,Mobile,None,0,3,West
1,59.25,0.31,5,1,Apparel,Mobile,Silver,0,4,S
0,139.23,0.18,2,0,Home,Mobile,Silver,0,6,NE
0,202.57,0.32,4,1,Electronics,Mobile,Silver,1,2,S
0,48.38,0.23,4,1,Apparel,Mobile,Gold,2,18,West
0,25.79,0.31,1,0,Beauty,Mobile,None,0,1,MW
0,290.45,0.2,3,1,Electronics,Mobile,None,0,2,S
0,52.78,0.17,3,0,Beauty,Desktop,Silver,0,5,S
1,267.55,0.08,5,1,Electronics,Mobile,Silver,0,11,S
0,34.33,0.18,3,1,Beauty,Mobile,Gold,0,15,West
0,31.44,0.16,5,0,Beauty,Mobile,None,0,4,West
0,127.34,0,5,0,Home,Mobile,Silver,1,7,MW
1,56.77,0.4,4,0,Apparel,Mobile,None,0,8,MW
0,218.7,0.29,2,0,Electronics,Mobile,Gold,0,2,S
1,196.91,0.23,4,0,Electronics,Mobile,Gold,1,11,MW
0,32.94,0.34,4,0,Beauty,Desktop,Silver,0,1,MW
0,268.09,0.05,4,0,Electronics,Desktop,Gold,0,3,S
1,82.81,0.07,4,1,Apparel,Mobile,None,0,1,West
0,69.73,0,3,0,Beauty,Desktop,Silver,2,17,S
1,39.39,0.24,4,0,Beauty,Mobile,None,1,9,S
0,39.84,0.33,3,0,Beauty,Desktop,Silver,0,1,NE
0,42.39,0.47,3,1,Apparel,Mobile,Gold,0,11,S
0,57.08,0.26,2,0,Apparel,Mobile,None,0,2,MW
1,26.53,0.25,3,1,Beauty,Desktop,Gold,0,5,S
0,33.1,0.19,3,1,Apparel,Desktop,None,0,1,West
0,51.83,0.34,3,0,Shoes,Desktop,Silver,0,3,MW
1,215.54,0.07,6,1,Electronics,Desktop,None,0,2,S
1,95.99,0.14,5,0,Shoes,Desktop,None,0,5,West
0,54.85,0.27,3,0,Beauty,Mobile,None,1,2,S
1,172.77,0.13,3,0,Home,Mobile,None,0,4,S
0,108.35,0.18,4,1,Home,Mobile,None,0,6,MW
1,48.83,0.29,5,1,Beauty,Desktop,None,0,1,West
1,44.19,0.15,2,0,Apparel,Desktop,None,0,0,NE
0,55.87,0.4,2,0,Apparel,Desktop,Gold,0,26,S
0,153.98,0.23,5,0,Electronics,Mobile,Silver,0,3,S
0,30.41,0.23,3,0,Apparel,Mobile,Silver,0,6,NE
0,25.34,0.11,3,1,Beauty,Desktop,None,0,2,NE
0,179.15,0.07,3,1,Home,Mobile,Silver,1,21,West
0,142.53,0.1,3,0,Home,Mobile,None,0,0,S
1,148.8,0.06,5,0,Home,Desktop,Silver,1,3,West
0,85.75,0.16,4,0,Home,Desktop,Silver,0,5,S
0,25.08,0.27,3,0,Apparel,Desktop,Silver,0,1,MW
1,60.68,0.23,2,0,Shoes,Mobile,Silver,0,1,MW
0,166.13,0.14,1,1,Electronics,Desktop,None,0,6,NE
0,74.13,0.14,5,1,Apparel,Desktop,None,0,0,S
0,179.41,0.12,1,0,Home,Desktop,Gold,1,20,NE
0,177.24,0.08,3,0,Home,Desktop,None,0,1,S
1,58.86,0.11,3,1,Apparel,Mobile,None,0,3,S
0,70.49,0.26,4,1,Apparel,Desktop,Silver,0,3,S
1,30.16,0.34,5,0,Apparel,Mobile,None,0,3,West
0,50.04,0.28,4,1,Apparel,Desktop,None,0,4,West
0,258.51,0.02,1,0,Home,Mobile,None,0,5,MW
0,83.89,0.33,4,1,Home,Mobile,Gold,0,7,West
0,149.15,0.17,2,0,Electronics,Mobile,Silver,0,3,S
0,96.09,0.14,3,0,Home,Desktop,None,0,7,S
0,50.31,0.04,2,0,Shoes,Desktop,Gold,1,16,S
0,46.95,0.37,3,0,Apparel,Mobile,Silver,0,6,S
0,67.01,0.31,2,0,Shoes,Desktop,Silver,0,3,NE
0,126.26,0.36,2,0,Home,Mobile,Silver,1,5,NE
0,129.95,0.15,2,0,Home,Desktop,Gold,0,5,West
0,290.36,0.12,1,0,Electronics,Desktop,Silver,0,2,MW
0,45.26,0.22,4,0,Apparel,Mobile,Silver,0,5,MW
0,32.6,0.24,2,0,Apparel,Desktop,Gold,2,18,NE
0,114.02,0.07,1,0,Shoes,Mobile,Gold,1,8,NE
0,66.66,0.39,3,1,Shoes,Mobile,Gold,0,11,S
0,68.86,0.21,3,0,Home,Mobile,None,1,4,West
1,288.21,0.21,3,0,Electronics,Mobile,Gold,1,18,MW
0,179.38,0,4,1,Electronics,Mobile,Silver,0,2,S
0,219.21,0.28,4,0,Home,Desktop,None,1,3,MW
0,130.13,0.21,3,0,Home,Mobile,None,0,2,MW
0,34.89,0.19,3,1,Beauty,Desktop,Silver,0,2,West
1,120.07,0.12,2,1,Home,Mobile,None,0,4,S
1,86.53,0.34,5,1,Shoes,Mobile,None,2,1,West
0,31.03,0.02,5,0,Apparel,Desktop,Silver,0,3,S
0,23.62,0.21,3,0,Beauty,Desktop,Gold,0,6,S
0,138.6,0.15,4,0,Home,Mobile,None,0,3,MW
1,74.32,0.3,4,0,Home,Mobile,None,0,2,MW
1,23.46,0.31,6,1,Beauty,Mobile,None,0,1,S
0,47.14,0.05,4,0,Beauty,Desktop,None,0,2,MW
1,85.05,0.21,3,0,Shoes,Desktop,Gold,0,11,MW
0,110.2,0.38,1,0,Home,Desktop,Gold,0,13,NE
0,149.95,0.14,6,0,Home,Desktop,Gold,1,3,West
0,139.85,0.29,1,0,Home,Mobile,Silver,0,2,MW
1,52.02,0.3,2,0,Beauty,Mobile,Silver,1,2,S
0,41.7,0.19,5,1,Apparel,Mobile,Silver,0,5,S
0,156.89,0.2,2,1,Home,Mobile,Gold,0,5,NE
0,323.8,0,2,0,Electronics,Mobile,Silver,0,4,West
0,34.06,0.19,5,1,Beauty,Mobile,Silver,0,2,S
0,79.3,0.03,4,1,Shoes,Mobile,None,0,1,West
0,134.04,0,2,0,Home,Desktop,Gold,0,10,NE
0,33.88,0.29,3,0,Beauty,Mobile,Gold,0,7,NE
1,35.38,0.3,4,0,Apparel,Mobile,None,0,3,West
0,124.13,0.14,2,0,Shoes,Mobile,Silver,1,13,NE
0,280.91,0.09,3,0,Electronics,Mobile,None,0,2,S
0,47.27,0.12,3,0,Apparel,Desktop,Silver,0,5,S
0,30.43,0.17,4,0,Beauty,Mobile,Gold,0,6,West
0,61,0.33,4,0,Beauty,Desktop,None,0,4,West
0,108.33,0.2,3,1,Home,Mobile,Gold,0,6,S
1,24.08,0.39,2,0,Beauty,Mobile,None,0,1,MW
0,68.96,0.2,1,0,Apparel,Mobile,None,0,1,S
0,144.66,0.29,2,0,Home,Mobile,Silver,1,0,MW
0,35.61,0.23,3,0,Apparel,Mobile,None,0,5,NE
0,40.04,0.23,2,0,Apparel,Desktop,Silver,0,2,NE
0,54.61,0.26,5,0,Shoes,Mobile,Gold,0,8,S
1,33.6,0.36,4,1,Apparel,Desktop,None,1,3,MW
0,50.18,0.3,3,0,Apparel,Mobile,Gold,1,14,West
0,40.29,0.15,3,0,Beauty,Desktop,None,0,2,West
0,158.85,0.01,1,0,Home,Mobile,Gold,1,11,NE
0,150.53,0,4,0,Home,Mobile,Gold,1,23,West
0,27.93,0.12,4,0,Apparel,Mobile,None,0,2,S
0,163.72,0.16,2,0,Shoes,Mobile,None,0,4,West
0,141.71,0.11,4,0,Home,Mobile,Silver,2,12,West
0,136.82,0,2,0,Home,Desktop,Gold,0,4,MW
1,30.85,0.29,4,0,Apparel,Desktop,Silver,0,5,S
0,101.24,0.16,4,0,Shoes,Mobile,None,1,5,MW
0,48.34,0.19,2,0,Apparel,Mobile,Gold,0,10,NE
0,165.58,0.2,1,0,Electronics,Desktop,Silver,0,6,NE
1,58.59,0.14,2,1,Apparel,Desktop,Gold,0,15,S
1,66.17,0.16,5,0,Shoes,Mobile,Silver,0,5,West
0,101.09,0.03,1,0,Home,Desktop,Silver,0,26,NE
1,39.1,0.19,5,0,Beauty,Mobile,None,0,4,West
0,69.36,0.09,2,0,Apparel,Mobile,Silver,0,5,MW
0,109.97,0.33,5,1,Apparel,Mobile,None,0,5,West
0,205.82,0.14,3,1,Electronics,Desktop,None,0,0,S
0,229.23,0,4,0,Electronics,Desktop,None,0,2,West
1,103.33,0.42,5,1,Home,Desktop,None,0,1,West
0,27.84,0.23,4,1,Apparel,Mobile,Gold,0,12,NE
0,168.82,0.03,2,0,Electronics,Desktop,None,0,2,NE
0,102.92,0.24,3,0,Shoes,Mobile,None,0,1,NE
0,65.54,0.29,4,0,Shoes,Mobile,Silver,0,4,MW
0,62.49,0.23,4,0,Apparel,Mobile,Gold,0,3,S
0,185.28,0.12,1,0,Home,Mobile,Silver,0,2,NE
0,86.68,0.27,3,1,Home,Desktop,Silver,0,5,S
0,456.48,0.04,5,1,Electronics,Mobile,None,0,3,S
1,105.23,0.2,3,0,Home,Mobile,Gold,1,9,West
0,43.93,0.39,4,1,Apparel,Mobile,Silver,1,18,West
0,291.22,0.08,4,0,Electronics,Mobile,Silver,1,8,MW
0,132.69,0.05,4,0,Home,Mobile,None,0,0,West
0,187.03,0.24,4,1,Electronics,Desktop,Gold,1,14,MW
1,79.15,0.22,2,0,Shoes,Mobile,None,0,0,S
0,151.68,0.04,5,0,Home,Desktop,Silver,0,3,NE
0,37.53,0.2,1,0,Apparel,Desktop,Silver,1,5,NE
0,75.27,0.14,5,0,Shoes,Mobile,Silver,0,3,West
0,32.09,0.23,5,1,Apparel,Mobile,None,0,3,S
0,322.83,0.19,2,0,Electronics,Desktop,Gold,1,8,West
0,37.94,0,5,0,Apparel,Mobile,None,0,1,MW
0,197.25,0,2,0,Electronics,Desktop,Silver,0,3,NE
1,60.94,0.04,3,0,Apparel,Desktop,None,0,1,S
0,187.75,0,3,1,Electronics,Desktop,Gold,0,2,West
0,72.93,0.31,4,0,Apparel,Mobile,None,0,3,S
0,55.33,0.02,2,0,Apparel,Mobile,Gold,0,7,NE
0,176.85,0.23,2,0,Electronics,Mobile,Silver,0,4,NE
1,318.69,0,5,1,Electronics,Mobile,Silver,0,5,MW
0,39.82,0.11,1,1,Beauty,Desktop,Silver,0,5,S
0,68.6,0.35,2,0,Home,Desktop,Silver,0,4,MW
0,158.32,0.21,1,0,Electronics,Desktop,None,0,1,MW
0,32.26,0.19,3,0,Apparel,Mobile,None,0,1,West
0,118.22,0.24,3,1,Home,Mobile,None,0,4,S
0,26.95,0.04,2,0,Apparel,Desktop,Silver,0,3,MW
0,77.67,0.07,4,0,Home,Mobile,Gold,0,2,MW
0,96.21,0.05,4,0,Electronics,Desktop,None,0,1,West
0,175.33,0,4,0,Electronics,Mobile,Silver,0,4,S
0,138.12,0.3,2,0,Electronics,Desktop,Gold,0,0,MW
0,95.41,0.12,3,1,Home,Desktop,Silver,0,0,S
0,31.31,0.31,3,0,Beauty,Mobile,None,0,2,MW
0,160.59,0.15,3,0,Home,Mobile,Silver,0,2,MW
0,173.96,0.32,3,0,Home,Mobile,None,0,1,MW
1,70.79,0.26,2,0,Apparel,Desktop,None,0,1,S
1,217.09,0.1,2,1,Electronics,Mobile,None,1,3,NE
0,37.1,0.26,2,0,Apparel,Mobile,None,0,2,NE
0,66.4,0.27,1,0,Apparel,Mobile,Silver,0,5,NE
0,175.74,0,2,0,Home,Mobile,Silver,0,0,S
0,62.46,0.09,3,0,Apparel,Desktop,Gold,1,9,NE
0,44.77,0.24,2,0,Apparel,Desktop,Silver,0,9,NE
1,241.99,0.18,5,1,Electronics,Desktop,Silver,1,8,S
1,88.05,0.28,1,0,Shoes,Mobile,Silver,0,4,MW
0,55.01,0.17,2,0,Beauty,Mobile,Gold,0,4,S
1,44.14,0.17,5,1,Apparel,Desktop,Silver,0,0,West
0,117.2,0.21,3,0,Home,Desktop,None,1,0,NE
0,110.85,0.23,4,1,Home,Mobile,Gold,0,2,West
0,85.11,0.25,5,0,Shoes,Desktop,None,0,2,MW
0,275.64,0,3,1,Electronics,Desktop,Gold,0,10,West
1,119.75,0.03,5,1,Home,Mobile,Silver,1,6,West
0,102.26,0.13,3,0,Home,Mobile,Gold,1,13,NE
0,253.78,0.14,2,0,Electronics,Mobile,Gold,0,8,MW
0,82.08,0.16,2,0,Home,Mobile,None,0,2,MW
0,60.18,0.3,4,0,Apparel,Mobile,Silver,0,3,NE
1,246.57,0.29,4,0,Electronics,Desktop,None,1,6,MW
0,35.07,0.25,3,1,Apparel,Desktop,Gold,0,9,NE
1,26.11,0.08,3,0,Beauty,Desktop,None,0,5,S
0,348.63,0.22,2,0,Electronics,Desktop,Gold,0,7,S
0,33.71,0.24,3,0,Shoes,Mobile,Gold,0,6,NE
0,122.21,0.15,7,1,Home,Mobile,None,0,4,West
1,81.02,0.04,3,0,Home,Mobile,None,0,4,NE
1,247.17,0.02,3,1,Home,Desktop,None,0,0,West
1,176.06,0.15,3,0,Electronics,Desktop,Gold,0,3,West
0,146.63,0.14,4,0,Home,Desktop,Gold,0,4,S
0,173.35,0,4,0,Electronics,Desktop,Gold,1,11,West
1,37.97,0.26,3,0,Apparel,Mobile,Gold,0,5,West
0,28.79,0.04,3,1,Beauty,Mobile,Silver,0,6,MW
0,107.79,0.1,3,1,Home,Desktop,None,0,2,NE
0,111.34,0.12,3,1,Shoes,Mobile,Silver,1,17,West
1,47.93,0.32,3,1,Apparel,Mobile,None,0,1,S
1,55.73,0.24,5,0,Shoes,Mobile,Silver,2,7,MW
0,51.46,0.2,4,1,Apparel,Desktop,Silver,0,3,S
0,28.22,0.18,3,1,Beauty,Mobile,None,0,4,S
0,42.77,0.05,1,0,Beauty,Desktop,None,0,0,West
1,250.62,0,1,0,Electronics,Desktop,None,0,6,NE
0,173.94,0.13,2,0,Electronics,Mobile,Gold,1,5,MW
1,109.73,0.14,1,0,Shoes,Desktop,Gold,0,16,NE
0,154.59,0.21,2,0,Shoes,Desktop,Silver,0,0,S
1,56.95,0.16,4,0,Apparel,Mobile,None,0,3,S
1,45.45,0.29,3,0,Apparel,Desktop,Gold,0,6,NE
0,145.66,0.11,2,0,Home,Desktop,Silver,0,6,West
0,38.84,0.27,3,1,Beauty,Mobile,Silver,0,1,West
0,45.22,0.32,2,1,Apparel,Mobile,None,0,6,NE
0,201.07,0.13,2,0,Electronics,Mobile,Silver,0,8,NE
1,25.52,0.34,6,1,Apparel,Mobile,None,0,3,West
0,157.92,0.17,1,0,Home,Mobile,Gold,0,16,MW
1,72.33,0.16,5,1,Home,Desktop,Silver,0,1,West
0,81.81,0.3,4,0,Shoes,Mobile,Silver,0,0,West
1,308.72,0,6,1,Electronics,Desktop,None,0,0,S
0,75.65,0,5,1,Home,Desktop,None,0,2,West
0,153.52,0.04,3,1,Electronics,Mobile,Gold,0,26,S
0,77.74,0.16,3,0,Home,Mobile,None,0,2,S
1,62.58,0.27,3,0,Apparel,Desktop,None,0,7,West
0,67.09,0.2,2,0,Shoes,Mobile,Silver,2,14,S
0,40.88,0.16,2,0,Apparel,Desktop,Silver,0,1,MW
1,243.16,0.21,3,1,Electronics,Desktop,Silver,0,1,NE
1,182.77,0.06,2,0,Home,Mobile,Silver,2,18,MW
0,344.46,0.01,4,1,Electronics,Mobile,None,0,2,MW
0,46.86,0.26,3,1,Apparel,Mobile,Silver,0,0,MW
1,35.81,0.16,6,0,Apparel,Desktop,Gold,1,12,MW
0,32.19,0.15,4,0,Apparel,Desktop,None,0,1,S
0,112.84,0.03,2,0,Home,Mobile,Silver,0,10,MW
0,27.21,0.24,3,1,Beauty,Mobile,None,0,0,S
0,80.52,0.14,4,0,Home,Mobile,Gold,0,9,MW
0,122.08,0.06,3,0,Electronics,Desktop,Silver,1,2,West
1,28.72,0.18,3,0,Beauty,Desktop,None,1,0,S
0,50.09,0.33,1,0,Shoes,Desktop,Silver,1,6,MW
1,74.69,0.26,2,0,Apparel,Mobile,Silver,2,10,West
0,70.47,0.08,1,0,Shoes,Desktop,Gold,1,13,MW
0,23.25,0.13,1,0,Beauty,Mobile,Gold,2,15,MW
0,111.68,0.15,3,0,Shoes,Mobile,Silver,0,5,MW
1,71.23,0,5,0,Shoes,Desktop,None,2,2,West
0,73.68,0.35,2,0,Home,Mobile,Gold,1,11,MW
0,42.38,0.14,3,1,Beauty,Mobile,None,0,2,West
1,29.31,0.26,3,0,Apparel,Mobile,None,2,11,MW
1,45.88,0.36,1,1,Apparel,Mobile,Silver,0,7,NE
0,193.65,0.06,3,0,Electronics,Desktop,Silver,0,3,S
0,32.93,0.23,5,0,Beauty,Mobile,None,1,5,MW
0,57.54,0.23,1,0,Apparel,Mobile,None,0,1,S
1,80.68,0.04,4,0,Shoes,Desktop,None,0,1,MW
0,166.61,0.11,3,1,Shoes,Desktop,Silver,1,2,S
0,188.84,0,1,0,Electronics,Desktop,Gold,2,11,NE
0,19.38,0.37,2,0,Beauty,Mobile,Gold,2,17,NE
1,258.47,0.1,4,0,Electronics,Desktop,None,0,7,MW
0,26.98,0.12,3,1,Apparel,Mobile,Gold,1,7,West
0,263.46,0,4,1,Electronics,Mobile,None,0,4,West
1,116.73,0.14,1,0,Home,Mobile,Gold,0,11,S
0,49.47,0.16,5,1,Shoes,Mobile,Silver,0,2,West
1,30.1,0.27,1,1,Apparel,Mobile,Gold,3,25,NE
1,26.87,0.36,6,1,Apparel,Desktop,None,0,3,West
0,75.77,0.32,2,0,Shoes,Desktop,Gold,0,2,MW
1,70.1,0.28,2,0,Apparel,Mobile,None,1,2,West
1,279.92,0.12,4,1,Electronics,Desktop,None,0,9,NE
0,57.52,0.13,4,1,Shoes,Mobile,Gold,0,10,NE
0,186.66,0.2,3,0,Home,Mobile,None,0,2,MW
0,157.96,0.07,2,0,Electronics,Mobile,Silver,0,9,West
0,92.47,0.12,3,0,Home,Mobile,None,1,3,MW
0,30.89,0.25,1,0,Apparel,Mobile,Silver,1,18,S
0,104.81,0.29,1,0,Home,Desktop,Silver,0,19,NE
1,37.72,0.16,2,0,Apparel,Mobile,Gold,0,17,MW
0,59.39,0.16,4,1,Apparel,Desktop,Gold,0,25,S
1,256.13,0.13,3,0,Electronics,Mobile,None,0,4,NE
1,88.92,0.14,4,0,Apparel,Desktop,None,0,2,S
0,26.42,0.12,2,0,Beauty,Desktop,Gold,0,10,MW
0,219.06,0.18,3,0,Home,Desktop,Silver,0,6,S
1,321.11,0.19,4,0,Electronics,Mobile,Silver,0,5,West
0,215.38,0.17,4,0,Electronics,Mobile,Silver,0,4,West
0,412.84,0.1,4,1,Electronics,Mobile,Silver,0,9,MW
1,43.5,0.28,2,0,Apparel,Mobile,None,0,2,NE
1,27.87,0.23,4,1,Beauty,Desktop,Silver,0,0,MW
0,83.61,0.25,3,0,Shoes,Desktop,Gold,0,11,S
0,98.7,0,1,0,Shoes,Desktop,Gold,0,6,West
0,53.88,0.22,3,1,Beauty,Desktop,None,0,3,NE
1,81.14,0.02,4,0,Home,Mobile,Silver,0,5,West
0,407.8,0.14,2,0,Electronics,Mobile,Silver,1,9,NE
0,59.23,0.22,3,0,Shoes,Mobile,Gold,0,4,S
0,104.12,0.13,2,0,Home,Mobile,None,1,6,MW
0,18.07,0.29,3,0,Apparel,Desktop,Silver,0,11,S
0,223.89,0.31,3,0,Electronics,Mobile,None,0,4,NE
0,43.01,0.08,2,0,Apparel,Mobile,None,0,3,S
0,131.45,0.3,1,0,Shoes,Desktop,Gold,0,17,NE
0,34.06,0.29,3,0,Apparel,Mobile,None,0,0,S
0,29.05,0.08,4,1,Beauty,Mobile,None,0,0,West
0,39.33,0.05,4,1,Apparel,Desktop,Gold,0,10,West
1,27.31,0.25,6,1,Apparel,Desktop,None,0,10,West
1,192.46,0.13,4,1,Electronics,Mobile,None,1,5,MW
0,284.06,0,5,0,Electronics,Desktop,Gold,0,2,S
1,68.83,0.2,4,0,Shoes,Desktop,None,0,3,S
1,44.95,0.22,4,1,Apparel,Desktop,Gold,2,14,MW
0,43.17,0.41,1,0,Apparel,Mobile,Silver,0,5,NE
0,54.89,0.35,2,1,Apparel,Mobile,Gold,0,4,West
0,74.94,0.18,4,1,Home,Desktop,None,0,4,NE
0,215.08,0.1,3,0,Electronics,Mobile,Silver,0,6,West
1,279.64,0.14,1,0,Electronics,Desktop,Silver,0,6,MW
1,90.52,0.11,3,1,Shoes,Mobile,Gold,3,26,West
1,51.08,0.46,5,0,Shoes,Mobile,None,1,0,S
1,103.08,0.18,4,0,Home,Mobile,Gold,0,11,MW
0,100.13,0.26,5,1,Shoes,Mobile,None,0,2,S
0,344.82,0.13,2,0,Electronics,Mobile,Gold,0,3,MW
0,34.97,0.28,2,0,Apparel,Mobile,None,0,1,S
0,263.82,0.22,3,1,Electronics,Mobile,None,0,1,NE
0,78.23,0.15,4,0,Shoes,Mobile,Gold,1,11,S
0,78.13,0.18,3,0,Shoes,Mobile,Gold,4,35,NE
0,54.97,0.19,2,0,Apparel,Mobile,Silver,1,1,S
1,54.56,0.25,4,0,Shoes,Mobile,Gold,0,2,West
1,78.53,0.27,2,0,Apparel,Desktop,None,0,0,West
0,50.78,0.14,2,0,Beauty,Desktop,None,1,3,NE
1,63.98,0.18,2,0,Apparel,Mobile,Silver,0,2,MW
0,103.61,0.25,5,1,Home,Mobile,Silver,0,6,West
0,107.2,0.29,4,1,Shoes,Desktop,Silver,1,3,MW
0,37.7,0.03,4,1,Shoes,Desktop,None,0,6,NE
0,153.94,0.36,3,0,Home,Mobile,None,0,3,West
0,72.62,0.07,3,0,Shoes,Desktop,Silver,0,1,NE
0,111.94,0.1,3,0,Shoes,Desktop,Silver,0,3,MW
0,40.44,0.01,4,1,Beauty,Desktop,None,0,1,S
0,57.71,0.18,2,0,Home,Mobile,Gold,0,7,S
0,65.48,0.12,1,0,Apparel,Desktop,None,0,1,NE
1,28.71,0.21,4,0,Apparel,Desktop,Silver,0,5,West
1,52.2,0.48,2,0,Apparel,Mobile,Gold,2,13,NE
1,78.01,0.39,4,0,Apparel,Mobile,Gold,1,7,NE
1,50.09,0.37,5,0,Apparel,Mobile,Silver,0,3,S
0,29,0.21,4,0,Beauty,Mobile,None,0,2,West
0,76.3,0.23,4,1,Apparel,Mobile,None,0,3,S
0,89.68,0.23,3,0,Apparel,Mobile,None,0,0,S
0,54,0.25,3,0,Apparel,Mobile,Gold,0,6,MW
0,45.12,0.43,1,0,Beauty,Desktop,Gold,0,8,NE
0,122.11,0.16,2,0,Shoes,Mobile,None,1,1,NE
0,42.97,0.2,2,0,Beauty,Mobile,None,1,3,West
0,34.16,0.19,3,1,Beauty,Desktop,Gold,1,12,West
1,208.59,0.05,4,1,Electronics,Desktop,Gold,1,14,NE
0,329.95,0.09,3,0,Electronics,Mobile,None,0,0,NE
1,151.76,0.06,2,0,Home,Desktop,Gold,0,10,MW
0,148.43,0.26,1,0,Home,Mobile,Gold,2,19,NE
0,52.21,0.1,2,0,Apparel,Desktop,Gold,1,20,S
0,130.03,0.2,3,0,Home,Mobile,None,0,1,S
0,48.52,0.16,3,1,Apparel,Mobile,None,0,2,MW
0,39.51,0.42,3,0,Apparel,Mobile,Gold,0,19,West
1,233.58,0.11,1,0,Electronics,Mobile,None,0,1,NE
0,65.98,0.21,1,0,Apparel,Desktop,Gold,0,12,MW
0,47.96,0.19,1,0,Beauty,Desktop,Gold,0,8,NE
0,232.27,0,2,1,Electronics,Desktop,None,0,2,NE
1,167.52,0.26,3,1,Electronics,Desktop,Gold,3,17,S
0,150.05,0.23,2,0,Home,Mobile,None,0,7,NE
1,126.64,0.18,2,0,Home,Mobile,None,0,0,MW
0,278.21,0.03,3,0,Electronics,Mobile,Gold,0,10,S
0,319.16,0.19,3,1,Electronics,Mobile,None,0,1,MW
0,68.84,0.01,2,0,Home,Desktop,Gold,0,6,NE
0,85.29,0.36,2,0,Shoes,Mobile,None,2,3,MW
1,88.08,0,3,0,Shoes,Desktop,Silver,0,0,MW
1,45.28,0.44,4,1,Apparel,Desktop,Silver,0,7,MW
0,173.54,0.22,2,0,Shoes,Desktop,Gold,0,6,West
0,146.04,0.18,2,0,Home,Mobile,Gold,1,10,NE
0,48.87,0.21,3,0,Apparel,Mobile,Gold,1,10,S
0,157.51,0.19,2,0,Electronics,Mobile,Gold,0,3,S
0,36.88,0.29,1,0,Apparel,Mobile,None,0,0,MW
1,34.05,0.14,3,0,Beauty,Desktop,None,0,3,S
0,53.74,0.33,1,0,Apparel,Mobile,Silver,0,5,NE
0,35.82,0.35,1,0,Beauty,Mobile,Gold,1,20,S
1,452.84,0.24,3,1,Electronics,Mobile,None,0,0,MW
0,30.23,0.22,1,0,Apparel,Mobile,Gold,0,7,NE
1,111.03,0.24,4,1,Shoes,Mobile,None,0,3,NE
0,193.02,0.11,5,0,Home,Mobile,None,0,1,West
1,62.42,0.39,6,0,Apparel,Mobile,None,1,8,West
0,36.13,0.11,2,0,Apparel,Desktop,Gold,0,7,NE
0,46.93,0.26,1,0,Apparel,Desktop,Gold,1,10,NE
1,31.48,0.21,2,1,Beauty,Mobile,Gold,1,7,NE
0,37.27,0.09,1,0,Beauty,Mobile,Gold,2,9,NE
0,58.7,0.14,3,0,Beauty,Mobile,None,1,7,West
0,43.73,0.06,3,0,Beauty,Desktop,Silver,0,3,NE
1,82.64,0.3,3,0,Apparel,Desktop,Gold,2,20,MW
1,137.9,0.03,1,0,Home,Mobile,Gold,0,6,NE
1,97.39,0.2,6,1,Shoes,Mobile,Silver,0,5,S
0,45.24,0.27,3,0,Apparel,Mobile,Gold,0,10,S
0,120.16,0.01,4,0,Home,Mobile,None,0,5,MW
1,248.42,0.26,3,1,Home,Mobile,Silver,0,6,MW
0,232.03,0.07,4,0,Electronics,Desktop,None,1,2,West
0,176.61,0.09,3,0,Electronics,Desktop,None,0,6,MW
0,75.37,0.17,4,0,Shoes,Mobile,None,0,1,MW
1,19.4,0.23,2,0,Apparel,Mobile,None,0,1,NE
1,63.95,0.28,3,0,Shoes,Mobile,Gold,0,5,S
0,23.54,0,3,0,Beauty,Desktop,Silver,0,10,NE
0,67.11,0.38,4,0,Apparel,Mobile,None,0,8,NE
1,36.95,0.37,4,1,Beauty,Mobile,None,0,0,NE
1,57.34,0.39,5,1,Apparel,Desktop,Silver,0,0,NE
0,204.69,0.12,4,0,Electronics,Desktop,None,0,4,West
1,65.83,0.24,2,0,Apparel,Mobile,None,0,1,NE
0,36.04,0.16,1,0,Beauty,Mobile,Gold,0,11,NE
0,140.37,0.27,4,0,Electronics,Mobile,None,0,4,NE
0,100.65,0.27,1,0,Shoes,Mobile,Silver,0,44,NE
0,131.45,0.3,4,0,Home,Mobile,Gold,0,23,MW
1,21.88,0.18,4,1,Beauty,Desktop,None,0,1,S
1,13.88,0.28,3,0,Beauty,Mobile,None,0,3,MW
0,68.07,0.13,2,0,Apparel,Mobile,Gold,1,16,West
0,145.96,0.06,2,0,Home,Mobile,Gold,0,9,West
0,103.95,0.25,1,0,Home,Desktop,None,1,6,NE
0,33.67,0.23,4,1,Beauty,Mobile,Gold,2,5,MW
1,100,0.15,4,0,Shoes,Desktop,None,1,11,MW
1,39.3,0.1,3,0,Apparel,Mobile,None,0,3,S
0,105.65,0.29,4,0,Shoes,Desktop,Silver,0,4,S
0,192.47,0,3,1,Electronics,Desktop,None,1,3,NE
0,124.98,0.15,4,0,Home,Desktop,Silver,0,3,S
0,67.35,0.35,2,0,Shoes,Desktop,None,0,1,NE
0,181.55,0.25,3,0,Shoes,Desktop,Silver,1,6,S
0,82.49,0.36,3,0,Apparel,Mobile,Gold,0,7,NE
0,72.49,0.35,5,0,Apparel,Desktop,None,0,3,MW
0,312.66,0.01,4,0,Electronics,Desktop,None,0,0,S
0,98.79,0.13,4,0,Home,Mobile,Gold,2,16,MW
0,197.86,0,3,1,Electronics,Desktop,Gold,1,7,MW
0,47.52,0.16,5,0,Apparel,Mobile,None,0,2,MW
1,107.41,0.12,6,1,Home,Mobile,Silver,1,5,West
0,138.58,0.16,3,0,Home,Desktop,Gold,1,8,S
0,95.75,0.16,1,0,Shoes,Desktop,Silver,2,16,NE
1,84.78,0.31,4,1,Shoes,Mobile,Silver,1,10,S
0,49.92,0.33,4,1,Apparel,Mobile,None,0,1,NE
1,51.82,0.23,3,1,Apparel,Mobile,Silver,1,8,MW
0,20.3,0.22,4,1,Beauty,Mobile,None,0,2,S
0,42.28,0.29,2,0,Apparel,Mobile,Gold,0,6,NE
0,250.04,0.1,2,0,Electronics,Desktop,Silver,0,3,NE
0,85.04,0.25,5,1,Shoes,Desktop,Silver,0,0,West
0,41.84,0.5,3,0,Apparel,Mobile,None,0,0,S
1,54.92,0.14,4,1,Apparel,Mobile,None,0,1,S
0,18.33,0.15,3,1,Beauty,Desktop,Gold,0,5,NE
0,210.89,0.23,1,0,Electronics,Desktop,None,1,1,NE
0,96.66,0.26,3,0,Home,Mobile,None,0,6,MW
1,36.73,0.24,5,1,Beauty,Mobile,Gold,0,7,West
1,47.13,0.12,2,0,Apparel,Mobile,None,0,2,West
0,39.62,0.25,3,1,Apparel,Desktop,Gold,0,6,S
0,283.4,0.19,3,1,Electronics,Mobile,Gold,0,10,S
0,37.39,0.32,2,0,Beauty,Mobile,None,0,3,NE
1,30.09,0.18,3,0,Beauty,Mobile,Silver,0,7,MW
0,87.2,0.09,3,0,Shoes,Mobile,None,0,1,NE
1,71.72,0.45,3,0,Shoes,Desktop,None,0,0,NE
0,73.6,0.14,4,0,Shoes,Desktop,Gold,0,5,West
0,329.1,0.09,4,1,Electronics,Mobile,None,0,5,NE
1,201.01,0.07,4,1,Home,Desktop,Silver,2,7,West
0,217.67,0.09,4,0,Electronics,Mobile,Silver,1,6,NE
0,30.58,0.3,2,1,Beauty,Desktop,Gold,0,11,NE
0,224.83,0.11,5,0,Electronics,Desktop,Gold,2,13,S
0,33.86,0.36,3,1,Apparel,Mobile,Silver,0,5,MW
0,31.82,0.25,4,0,Apparel,Mobile,None,0,1,MW
0,25.6,0.34,1,1,Apparel,Mobile,Silver,1,6,NE
0,262.29,0.16,2,0,Electronics,Mobile,Silver,0,3,NE
1,136.65,0.25,3,0,Home,Mobile,Silver,1,8,S
0,159.84,0.13,2,0,Electronics,Desktop,Gold,0,5,MW
1,34.75,0.17,6,0,Apparel,Mobile,None,0,5,MW
0,72.52,0.19,3,0,Home,Mobile,Gold,3,21,MW
0,89.84,0.13,3,0,Home,Desktop,None,0,0,West
1,100.25,0.09,3,0,Shoes,Desktop,Gold,0,3,S
0,350.05,0.23,2,0,Electronics,Mobile,Silver,0,7,S
0,211.79,0.1,3,0,Electronics,Desktop,None,0,10,S
1,38.94,0.44,5,1,Apparel,Mobile,None,1,3,West
0,31.02,0.28,2,0,Beauty,Desktop,None,0,6,MW
1,35.51,0.28,2,0,Apparel,Desktop,None,0,4,West
0,89.46,0.36,3,0,Shoes,Desktop,None,0,7,MW
0,162.45,0.1,2,1,Electronics,Mobile,None,0,3,NE
1,35.8,0.2,2,1,Apparel,Desktop,None,0,0,NE
0,170.35,0.12,1,0,Electronics,Mobile,None,0,1,West
0,22.02,0.34,3,0,Beauty,Mobile,Gold,0,3,West
1,117.94,0.07,4,0,Home,Mobile,None,0,8,S
0,51,0.36,2,1,Apparel,Desktop,Gold,2,11,NE
0,186.05,0.14,4,1,Electronics,Mobile,None,1,4,MW
0,93.48,0.28,4,0,Shoes,Mobile,None,0,3,MW
0,222.69,0.12,2,0,Home,Desktop,Gold,2,4,West
0,63.1,0.08,3,0,Home,Desktop,Silver,2,16,MW
1,111.05,0.12,4,0,Home,Desktop,None,0,3,West
1,106.66,0.17,4,1,Home,Mobile,None,0,2,S
0,371.11,0.12,2,0,Electronics,Desktop,None,0,2,NE
0,106.54,0.12,2,0,Shoes,Desktop,Silver,0,2,NE
0,129.75,0.14,3,0,Home,Desktop,Silver,0,3,West
0,130.34,0.1,3,0,Home,Mobile,Gold,1,14,S
0,124.24,0.2,3,1,Home,Desktop,None,0,3,West
0,52.81,0.24,2,0,Shoes,Mobile,Silver,0,6,NE
0,38.12,0.11,4,0,Apparel,Desktop,None,0,2,S
0,33.38,0.23,3,0,Apparel,Mobile,None,1,12,S
0,129.08,0.06,4,0,Electronics,Mobile,None,0,4,S
1,88.67,0.22,5,1,Shoes,Mobile,Gold,2,6,West
0,272.74,0.07,3,0,Electronics,Desktop,Gold,0,7,MW
0,15.83,0.25,2,0,Beauty,Mobile,None,0,5,S
0,46.11,0.16,2,0,Apparel,Desktop,None,0,5,MW
0,33.25,0.15,3,0,Beauty,Mobile,Silver,0,18,NE
0,32.07,0.37,5,1,Apparel,Mobile,None,0,1,NE
0,44.83,0.29,4,0,Shoes,Desktop,Silver,0,2,S
0,390.5,0.19,3,0,Electronics,Desktop,Gold,1,17,S
0,52.55,0.36,2,0,Shoes,Mobile,Gold,0,5,S
0,35.47,0.23,2,0,Beauty,Mobile,None,0,3,NE
1,66.42,0.27,3,0,Shoes,Desktop,None,0,1,MW
0,72.84,0.3,2,0,Shoes,Desktop,Gold,1,10,S
0,166.88,0.14,4,1,Electronics,Mobile,Gold,1,27,S
0,125.08,0.09,4,0,Shoes,Mobile,None,0,3,MW
0,46.1,0.18,4,0,Beauty,Mobile,None,1,1,MW
0,203.15,0.16,3,0,Home,Mobile,Silver,0,3,S
0,34.39,0.08,1,0,Beauty,Mobile,Silver,0,1,S
0,35.55,0.24,2,1,Apparel,Desktop,Gold,0,9,West
0,55.76,0.15,4,1,Beauty,Mobile,None,0,6,MW
0,42.3,0.36,4,0,Apparel,Desktop,Gold,1,11,S
0,78.59,0.12,2,0,Shoes,Mobile,None,0,3,NE
1,126.9,0.27,3,0,Home,Mobile,Silver,0,2,West
0,29.85,0.26,2,0,Beauty,Desktop,Gold,1,4,S
0,171.18,0.23,5,1,Home,Mobile,None,0,0,NE
0,119.2,0.18,1,0,Electronics,Desktop,Gold,0,1,MW
0,55.84,0.36,1,0,Apparel,Desktop,Silver,1,4,MW
1,44.01,0.14,1,0,Beauty,Mobile,Silver,0,2,NE
1,36.43,0.42,3,1,Beauty,Mobile,Silver,2,4,NE
1,102.15,0.1,2,0,Home,Desktop,Gold,0,3,S
0,325.57,0.1,2,1,Electronics,Mobile,None,0,0,S
0,107.07,0.26,3,0,Shoes,Mobile,Silver,0,9,MW
0,56.32,0.14,1,0,Apparel,Mobile,Gold,0,10,NE
1,154.86,0.14,1,0,Home,Desktop,Silver,0,2,NE
1,67.47,0.18,5,1,Shoes,Mobile,None,0,2,MW
0,72.05,0.12,3,0,Apparel,Desktop,Silver,0,8,S
0,48.08,0.2,4,1,Beauty,Desktop,Silver,0,4,West
0,25.26,0.39,3,0,Apparel,Mobile,None,1,0,NE
1,29.6,0.26,2,0,Apparel,Mobile,Gold,0,6,NE
1,35.25,0.12,3,1,Beauty,Desktop,Silver,0,3,S
0,46.22,0,2,0,Beauty,Desktop,Gold,0,4,NE
0,102.22,0.26,2,0,Shoes,Desktop,Gold,0,3,S
0,106.94,0.14,4,1,Home,Desktop,None,0,4,West
0,36.81,0.27,1,1,Apparel,Mobile,Gold,0,2,NE
0,51.16,0.19,4,0,Apparel,Desktop,None,0,3,NE
1,28.69,0.24,2,0,Apparel,Mobile,Gold,1,3,NE
0,101.15,0.29,2,0,Shoes,Mobile,None,0,4,S
1,202.03,0.11,5,1,Electronics,Desktop,None,0,1,S
0,288.18,0.28,4,0,Electronics,Mobile,None,1,4,S
0,55.35,0.25,2,0,Shoes,Desktop,Gold,0,11,NE
0,213,0.1,3,1,Home,Mobile,Silver,1,3,West
1,33.58,0.22,3,0,Apparel,Mobile,None,0,0,MW
0,68.31,0.25,4,0,Apparel,Mobile,Silver,0,4,MW
0,30.02,0.34,2,0,Apparel,Desktop,Gold,1,17,West
0,34.63,0.29,2,1,Apparel,Mobile,Silver,0,8,MW
1,22.94,0.12,1,0,Beauty,Mobile,None,0,2,NE
1,81.94,0.26,5,0,Shoes,Mobile,None,0,2,S
1,63.21,0.16,2,1,Apparel,Mobile,Silver,1,12,S
1,256.12,0.06,4,1,Electronics,Desktop,Gold,1,2,West
0,93.18,0.08,3,0,Home,Mobile,None,0,0,West
0,71.61,0.36,3,1,Apparel,Mobile,Silver,0,2,S
1,44.08,0.17,3,1,Shoes,Mobile,None,0,2,West
0,46.64,0.27,3,0,Apparel,Mobile,None,0,5,NE
0,82.59,0.13,5,1,Shoes,Desktop,None,0,4,West
1,81.22,0.2,3,0,Home,Mobile,None,0,4,MW
1,71.46,0.33,5,0,Shoes,Desktop,Gold,0,2,West
1,25.82,0.09,4,1,Apparel,Mobile,None,0,8,West
0,62.71,0.28,4,0,Apparel,Desktop,Gold,0,7,West
0,265.78,0.24,1,0,Electronics,Desktop,Gold,0,4,NE
0,50.7,0.32,3,0,Apparel,Mobile,Gold,0,14,MW
1,349.24,0.08,4,0,Electronics,Mobile,None,0,4,West
1,132.76,0.01,2,0,Home,Mobile,Gold,0,5,S
0,164.36,0.06,2,0,Electronics,Desktop,Gold,0,16,West
0,143.98,0.14,1,1,Home,Mobile,Gold,0,14,MW
1,51.11,0.06,4,0,Apparel,Mobile,Gold,0,6,MW
0,58.22,0.15,1,0,Shoes,Mobile,Gold,0,8,S
0,101.26,0.21,2,0,Shoes,Mobile,None,0,2,West
0,26.49,0.16,5,0,Beauty,Mobile,Gold,1,20,West
0,34.49,0.19,3,0,Apparel,Mobile,None,0,5,West
0,31.61,0.25,3,1,Apparel,Mobile,Gold,2,9,S
1,45.35,0.15,5,0,Apparel,Mobile,None,0,1,S
0,51.26,0.28,1,0,Shoes,Mobile,Gold,1,10,West
1,60.38,0.34,4,1,Apparel,Desktop,None,1,7,MW
0,43.36,0.12,1,0,Shoes,Mobile,Silver,0,3,NE
0,55.96,0.24,3,0,Shoes,Mobile,None,0,1,NE
0,58.72,0.17,4,0,Home,Mobile,None,0,1,West
0,52.67,0.16,4,0,Shoes,Desktop,None,0,1,S
0,99.67,0,2,0,Home,Desktop,None,0,3,NE
0,48.73,0.17,3,0,Beauty,Mobile,Gold,0,15,West
1,42.99,0.04,5,0,Apparel,Desktop,None,1,5,West
0,187.09,0.12,3,0,Home,Mobile,Gold,0,6,West
0,39.25,0.3,2,0,Apparel,Mobile,Gold,0,9,MW
0,78.9,0.22,3,1,Apparel,Desktop,Gold,0,9,S
0,21.26,0.33,3,0,Apparel,Mobile,Gold,2,11,West
0,63.27,0.34,3,0,Apparel,Mobile,Gold,0,11,MW
0,38.55,0.28,3,0,Beauty,Mobile,Silver,0,18,S
0,108.43,0.2,3,0,Home,Mobile,Silver,0,3,MW
0,83.35,0.2,2,0,Home,Mobile,Silver,0,8,NE
0,56.87,0.13,3,1,Apparel,Mobile,Gold,0,3,MW
1,30.7,0.26,4,1,Apparel,Mobile,None,0,1,West
0,52.83,0.44,5,1,Apparel,Desktop,Silver,0,25,West
0,63.42,0.19,1,0,Shoes,Mobile,Silver,0,2,NE
0,313.95,0.27,4,1,Electronics,Mobile,Silver,0,2,NE
1,187.49,0.29,6,0,Home,Mobile,None,0,5,S
1,17.61,0.21,2,0,Beauty,Desktop,None,0,3,NE
1,169.49,0.35,3,1,Home,Mobile,Gold,0,3,West
0,110.16,0.05,2,0,Home,Mobile,None,0,1,NE
1,73.82,0.22,3,0,Shoes,Mobile,None,0,1,West
0,24.61,0.23,4,0,Apparel,Mobile,Gold,0,9,MW
1,27.6,0.32,4,0,Beauty,Mobile,Silver,0,7,West
1,49.16,0.26,3,0,Apparel,Desktop,None,0,11,S
0,21.51,0.23,1,0,Beauty,Mobile,Gold,0,14,MW
1,63.43,0.35,3,0,Apparel,Mobile,None,1,2,West
0,123.31,0.29,4,1,Shoes,Mobile,None,0,0,S
1,43.28,0.3,2,0,Apparel,Mobile,None,0,2,S
0,59.91,0.25,5,1,Beauty,Desktop,None,0,0,West
0,183.9,0.15,5,1,Electronics,Desktop,None,0,6,S
0,80.35,0.41,1,0,Home,Mobile,Gold,0,9,NE
0,45.82,0.17,3,0,Apparel,Desktop,None,0,3,S
1,43.83,0.22,2,0,Apparel,Mobile,Silver,0,6,MW
0,209.47,0,1,0,Electronics,Desktop,None,0,1,S
1,56.6,0,3,0,Apparel,Desktop,None,1,7,MW
0,234.51,0.21,2,0,Electronics,Mobile,Silver,0,3,S
0,61.61,0.21,2,0,Apparel,Desktop,Gold,0,37,MW
0,93.39,0,3,0,Home,Desktop,None,0,5,NE
0,37.75,0.47,2,0,Apparel,Mobile,Silver,0,7,MW
1,164.16,0.11,2,0,Electronics,Mobile,Gold,1,14,MW
1,290.17,0.01,4,0,Electronics,Desktop,None,0,1,S
1,50.2,0.22,4,0,Apparel,Mobile,None,0,0,MW
0,36.14,0.1,3,1,Beauty,Desktop,None,0,1,S
0,148.14,0.05,3,0,Electronics,Mobile,None,0,3,West
0,57.92,0.24,6,0,Shoes,Mobile,None,0,3,West
0,88.9,0.08,2,0,Home,Mobile,None,0,7,MW
1,193.52,0.15,1,0,Electronics,Mobile,Silver,1,1,S
0,19.04,0.23,3,0,Beauty,Desktop,None,0,4,NE
0,267.22,0.16,1,0,Electronics,Mobile,None,0,2,S
0,255.1,0.06,3,1,Electronics,Mobile,Gold,0,13,West
0,234.92,0,4,0,Electronics,Mobile,Silver,0,6,S
0,18.84,0.21,3,0,Beauty,Mobile,Gold,0,3,S
0,214.25,0.42,2,0,Home,Mobile,Silver,0,2,S
0,39.79,0.18,2,0,Beauty,Mobile,None,0,0,MW
0,110.14,0.18,3,1,Shoes,Mobile,Silver,1,5,MW
0,73.92,0,2,0,Shoes,Desktop,Silver,0,2,MW
0,79.09,0.1,6,1,Home,Mobile,Silver,2,7,West
1,32.08,0.29,4,1,Beauty,Desktop,None,1,1,S
0,29.69,0.19,3,0,Apparel,Mobile,None,0,9,West
0,122.8,0.16,3,0,Home,Desktop,Silver,0,6,S
0,22.43,0.28,1,0,Beauty,Desktop,Gold,0,14,NE
0,29.75,0.13,2,0,Beauty,Mobile,Silver,0,10,MW
1,29.46,0.38,5,1,Beauty,Mobile,None,0,4,S
0,175.92,0.18,4,1,Electronics,Mobile,Gold,0,5,West
0,27.6,0.33,3,1,Beauty,Desktop,Gold,1,5,S
0,47.28,0.19,3,0,Apparel,Desktop,Silver,1,0,West
0,75.87,0.15,1,0,Shoes,Desktop,Silver,0,3,MW
0,21.17,0.23,5,1,Beauty,Mobile,Silver,1,7,West
0,269.57,0.17,4,1,Electronics,Desktop,Silver,1,12,NE
1,117.59,0.28,2,0,Home,Mobile,Silver,0,1,NE
0,18.98,0.26,1,0,Beauty,Mobile,None,1,12,MW
0,95.23,0.19,3,0,Home,Desktop,Silver,0,5,MW
1,105.98,0.09,2,1,Shoes,Mobile,Gold,1,19,MW
0,41.89,0.15,1,0,Beauty,Desktop,Gold,0,10,NE
0,147.86,0.21,4,0,Home,Desktop,None,0,3,West
0,57.45,0.14,3,1,Apparel,Mobile,Gold,0,15,NE
1,209.2,0.16,3,1,Electronics,Mobile,Gold,0,12,West
0,147.01,0.2,5,1,Home,Mobile,None,0,0,MW
0,21.81,0.24,4,0,Apparel,Mobile,Gold,1,13,S
1,74.23,0.08,5,1,Shoes,Mobile,None,0,1,S
1,50.84,0.13,3,0,Apparel,Desktop,Gold,0,9,West
0,26.13,0.2,4,0,Beauty,Mobile,Gold,0,3,S
1,132.42,0.2,3,1,Home,Desktop,Gold,1,18,NE
1,37.43,0.27,3,0,Beauty,Mobile,Gold,1,7,S
1,166.97,0.1,3,0,Electronics,Desktop,Gold,3,16,MW
0,43.91,0.14,2,1,Beauty,Mobile,Silver,0,5,West
1,122.98,0.42,4,0,Home,Mobile,Gold,1,9,West
0,64.22,0.32,4,0,Apparel,Mobile,Gold,0,21,S
0,143.89,0.01,1,0,Home,Mobile,Gold,0,12,West
0,22.1,0.16,4,0,Beauty,Desktop,None,0,1,West
0,170.44,0.07,4,1,Electronics,Mobile,None,1,7,West
1,190.43,0.21,4,0,Home,Desktop,Silver,0,9,MW
1,211.57,0.03,3,0,Electronics,Mobile,Silver,0,7,NE
0,30.98,0.29,4,1,Beauty,Desktop,Silver,0,5,MW
1,104.68,0.17,3,1,Shoes,Desktop,None,0,1,MW
0,188.53,0.31,4,1,Electronics,Mobile,None,0,3,MW
1,79.91,0.37,2,0,Beauty,Desktop,Silver,0,1,S
1,21.34,0.08,4,1,Beauty,Desktop,Silver,0,1,S
1,47.67,0,3,1,Apparel,Mobile,Gold,0,8,West
1,105.91,0.23,4,1,Shoes,Mobile,Silver,0,6,NE
0,178.48,0.12,4,0,Electronics,Desktop,Silver,0,6,MW
0,18.21,0.17,4,1,Beauty,Mobile,Silver,0,2,MW
0,190.3,0.19,3,0,Electronics,Desktop,None,0,4,S
0,164.38,0.03,1,0,Electronics,Desktop,Gold,0,19,NE
1,194.89,0,2,1,Electronics,Mobile,None,0,0,MW
0,434.02,0.11,4,0,Electronics,Mobile,None,0,4,S
1,42.04,0.26,4,1,Apparel,Desktop,Silver,0,8,S
0,326.16,0.01,2,0,Electronics,Desktop,Gold,0,8,NE
0,193.38,0.1,3,0,Electronics,Mobile,Silver,0,5,S
0,87.37,0.26,2,0,Home,Mobile,Gold,0,9,S
1,102.14,0.13,1,0,Shoes,Mobile,Gold,2,1,NE
0,176.82,0.28,1,0,Shoes,Mobile,Gold,0,9,West
0,343.59,0.11,1,0,Electronics,Mobile,None,0,2,NE
0,123.8,0.17,1,0,Shoes,Desktop,Gold,0,2,S
0,48.33,0.22,4,0,Beauty,Desktop,None,0,4,S
0,194.45,0.07,5,0,Electronics,Desktop,None,0,2,West
1,46.44,0.19,2,0,Apparel,Desktop,Gold,0,4,MW
1,89.51,0.11,3,0,Shoes,Desktop,Gold,1,8,S
0,33.92,0.34,3,0,Beauty,Desktop,Gold,0,9,West
0,41.49,0.32,2,0,Apparel,Mobile,Gold,0,5,West
0,73.96,0.24,1,0,Home,Desktop,Gold,0,5,S
0,111.37,0.24,3,0,Home,Desktop,None,0,2,NE
0,94.28,0.22,5,1,Home,Desktop,None,0,5,West
1,46.46,0.27,5,0,Apparel,Desktop,None,0,2,S
0,190.53,0.18,2,0,Home,Desktop,Gold,3,39,S
1,25.48,0.24,3,0,Beauty,Mobile,Silver,3,17,West
0,128.78,0.28,2,1,Home,Mobile,None,0,4,NE
0,53.52,0.47,2,0,Apparel,Mobile,Silver,0,12,MW
0,167.75,0,2,1,Electronics,Mobile,Silver,0,8,NE
0,107.19,0.21,3,0,Home,Mobile,Silver,0,3,MW
0,26.4,0.39,5,0,Apparel,Desktop,Silver,0,3,S
0,118.83,0.12,3,1,Home,Mobile,Silver,0,2,MW
0,38.4,0.32,1,0,Beauty,Mobile,Silver,0,1,NE
1,27.06,0.25,1,0,Beauty,Desktop,Silver,0,4,NE
1,26.82,0.31,2,1,Apparel,Mobile,None,1,7,MW
0,346.53,0.06,3,1,Electronics,Mobile,Silver,0,5,S
0,198.41,0.31,3,0,Home,Mobile,Silver,1,9,MW
1,59.06,0.24,4,0,Beauty,Desktop,Gold,0,6,S
0,34.52,0.09,3,0,Beauty,Mobile,Silver,2,10,MW
0,70.75,0.37,1,0,Home,Mobile,Gold,0,3,MW
0,35.77,0.22,4,1,Beauty,Mobile,Silver,0,3,S
0,130.45,0.09,1,0,Electronics,Desktop,Gold,0,3,NE
1,35.21,0.33,5,1,Apparel,Desktop,None,0,2,West
0,29.35,0.09,4,1,Apparel,Desktop,Gold,1,14,S
0,49.82,0.09,3,0,Apparel,Desktop,None,0,5,S
0,114.58,0.03,3,0,Home,Mobile,Gold,0,24,S
0,457.97,0.22,3,0,Electronics,Mobile,Gold,0,7,NE
0,90.67,0.17,1,0,Home,Mobile,Silver,0,1,S
1,25.32,0.33,1,0,Beauty,Mobile,Silver,0,4,MW
0,31.92,0.27,1,0,Beauty,Mobile,Silver,1,5,S
0,193.12,0.02,1,0,Electronics,Desktop,Gold,1,24,NE
1,39.61,0.29,2,0,Apparel,Mobile,Gold,0,6,MW
0,41.68,0,3,0,Beauty,Mobile,Silver,0,2,MW
0,109.51,0.25,4,0,Home,Mobile,None,0,6,S
0,70.34,0.15,1,0,Shoes,Desktop,Silver,0,1,MW
0,103.02,0.01,3,0,Home,Desktop,Gold,0,1,NE
1,36.78,0.16,5,0,Beauty,Desktop,None,0,3,S
0,31.65,0.27,2,1,Apparel,Mobile,Gold,0,3,S
0,101.06,0.16,5,1,Home,Desktop,Silver,0,2,S
0,210.86,0.12,3,1,Electronics,Mobile,Gold,0,7,S
0,31.96,0.33,3,0,Apparel,Mobile,Silver,0,1,NE
0,29.49,0.21,2,0,Beauty,Desktop,Silver,0,4,NE
1,33.6,0.13,5,1,Apparel,Mobile,Silver,0,4,West
0,140.82,0.34,3,0,Electronics,Mobile,None,0,10,S
0,156.91,0.04,3,0,Home,Desktop,Gold,0,6,S
0,50.23,0.38,2,0,Apparel,Desktop,None,0,1,S
0,253.62,0.38,5,1,Home,Mobile,None,0,2,S
1,59.94,0.31,5,0,Apparel,Mobile,Gold,2,13,MW
1,186.02,0.21,2,0,Electronics,Desktop,Gold,1,6,MW
1,185.83,0,3,0,Electronics,Desktop,Silver,0,2,NE
0,34.87,0.28,3,0,Apparel,Desktop,Silver,1,2,MW
0,27.47,0.36,2,0,Apparel,Mobile,None,0,1,West
0,196.84,0.2,3,1,Electronics,Desktop,None,0,1,MW
0,69.76,0.15,1,0,Beauty,Mobile,Silver,0,8,NE
0,33.07,0.11,1,0,Beauty,Mobile,Gold,0,37,NE
1,234.58,0.13,3,0,Home,Desktop,Gold,0,2,MW
1,74.93,0.31,3,0,Home,Desktop,Silver,1,4,S
0,272.73,0.07,4,0,Home,Mobile,None,0,4,NE
0,30.58,0.22,5,1,Beauty,Mobile,Gold,0,10,MW
0,146.42,0.22,3,0,Shoes,Mobile,None,0,5,S
0,204.29,0,1,0,Electronics,Mobile,Gold,0,12,NE
0,51.42,0.27,3,0,Beauty,Mobile,Silver,0,3,S
0,108.53,0.19,6,1,Home,Mobile,None,0,8,S
0,61.44,0.19,4,1,Shoes,Desktop,None,0,5,S
0,41.89,0.27,4,0,Apparel,Desktop,None,0,1,MW
0,50.89,0.08,1,0,Home,Desktop,Silver,1,10,NE
0,50.14,0.25,4,1,Beauty,Mobile,Gold,0,14,MW
0,25.66,0.14,2,0,Beauty,Mobile,Silver,0,1,NE
0,66.52,0.26,4,0,Apparel,Mobile,None,0,5,S
0,63.25,0.12,3,0,Shoes,Mobile,Silver,0,5,S
1,40.22,0.19,2,0,Apparel,Mobile,None,0,6,NE
0,87.12,0.33,3,0,Apparel,Desktop,Gold,0,2,MW
1,32.8,0.16,4,1,Beauty,Mobile,None,0,0,NE
1,71.53,0.29,4,1,Apparel,Desktop,None,1,3,S
0,63.36,0.26,4,1,Apparel,Desktop,None,1,2,MW
0,28.49,0.1,2,0,Apparel,Mobile,None,0,1,MW
0,21.99,0.13,2,0,Beauty,Mobile,Silver,0,10,MW
0,83.92,0.28,3,1,Home,Mobile,None,0,13,NE
1,346.68,0.05,5,1,Electronics,Desktop,None,0,0,West
1,90.02,0.02,4,0,Shoes,Desktop,Gold,0,7,MW
1,60.25,0.19,4,0,Shoes,Mobile,None,0,3,MW
1,78.84,0.12,3,1,Shoes,Desktop,None,0,2,NE
0,268.4,0.11,3,0,Electronics,Mobile,None,0,4,MW
0,172.54,0.46,3,0,Shoes,Desktop,Silver,1,1,West
1,35.22,0.12,3,1,Apparel,Desktop,None,0,2,S
1,143.96,0.32,4,1,Home,Desktop,Gold,1,2,S
0,40.8,0.31,1,0,Apparel,Desktop,Gold,0,6,NE
1,157.67,0.41,2,1,Home,Mobile,None,1,2,S
0,83.96,0.2,4,0,Home,Mobile,None,0,3,S
0,140.17,0.11,2,0,Shoes,Mobile,Gold,0,14,S
0,47.05,0.25,4,0,Beauty,Desktop,None,0,4,NE
0,71.89,0.23,2,0,Apparel,Mobile,Silver,1,5,MW
1,52.08,0.35,2,0,Apparel,Mobile,Silver,2,6,MW
0,30.56,0.25,3,0,Apparel,Mobile,Gold,0,2,S
1,39.97,0.11,2,0,Beauty,Mobile,Silver,1,8,MW
1,324.81,0.02,3,0,Electronics,Mobile,None,0,3,West
1,178.97,0.18,4,0,Electronics,Mobile,Gold,1,18,MW
1,83.5,0.17,5,1,Shoes,Mobile,Silver,1,10,West
1,198.18,0.08,4,1,Electronics,Desktop,None,0,3,S
0,63.22,0.34,2,0,Shoes,Mobile,Silver,0,4,MW
0,187.71,0.22,4,1,Shoes,Mobile,None,1,12,S
0,77.08,0.17,3,0,Home,Desktop,None,1,1,MW
0,135.47,0.28,2,0,Shoes,Mobile,Silver,3,14,NE
0,88.49,0.43,2,0,Apparel,Mobile,Silver,2,6,MW
0,196.87,0.11,1,0,Home,Desktop,Gold,0,9,MW
0,380.42,0.2,1,0,Electronics,Desktop,None,0,0,NE
0,119.23,0.04,2,0,Shoes,Desktop,Gold,1,25,West
1,36.11,0.16,4,1,Apparel,Desktop,None,0,1,MW
0,28.67,0.29,3,0,Apparel,Desktop,Silver,0,5,MW
1,131.88,0.29,4,1,Shoes,Desktop,Silver,0,5,S
0,64.39,0.27,5,1,Apparel,Mobile,Silver,0,4,West
0,42,0.2,1,0,Apparel,Desktop,Gold,0,4,NE
0,47.41,0.29,4,0,Apparel,Mobile,Gold,0,4,S
0,124.24,0,2,0,Home,Mobile,None,0,4,West
1,33.29,0.2,3,0,Beauty,Mobile,Gold,0,2,West
0,28.12,0.13,2,0,Beauty,Desktop,None,0,9,S
0,95.94,0.31,3,0,Shoes,Mobile,Gold,0,9,MW
0,155.34,0.15,3,0,Home,Mobile,Silver,0,4,S
0,200.28,0.31,1,0,Electronics,Mobile,Silver,0,8,MW
1,57.53,0.41,2,0,Apparel,Desktop,None,1,1,NE
0,251.67,0.01,3,1,Electronics,Desktop,Silver,1,11,NE
1,54.59,0.19,3,1,Apparel,Mobile,Gold,3,33,West
1,58.02,0.39,4,1,Apparel,Desktop,None,0,0,S
1,295.87,0.22,2,0,Home,Desktop,None,0,3,MW
1,68.76,0.04,2,1,Shoes,Desktop,None,0,3,MW
0,314.91,0.08,4,1,Electronics,Mobile,None,0,1,West
0,129.8,0.09,1,0,Home,Mobile,None,0,0,NE
0,166.27,0.08,2,0,Electronics,Mobile,None,0,1,MW
0,115.42,0.22,4,0,Home,Mobile,None,1,8,MW
0,97.45,0.36,2,1,Electronics,Desktop,Gold,0,3,S
0,176.68,0.14,3,0,Home,Desktop,Gold,0,3,MW
0,111.31,0.06,1,0,Shoes,Mobile,None,0,2,West
0,38.44,0,2,0,Apparel,Desktop,Silver,0,3,S
0,38.96,0.28,2,0,Shoes,Mobile,Silver,0,5,NE
1,26.88,0.24,3,0,Apparel,Desktop,None,0,2,NE
0,30.71,0.23,1,0,Apparel,Mobile,Silver,0,2,NE
0,170.33,0.18,3,0,Home,Mobile,Gold,0,0,NE
1,83.52,0.08,5,1,Apparel,Desktop,None,1,8,West
1,28.05,0.19,4,1,Beauty,Desktop,Silver,0,2,West
0,48.63,0.14,1,0,Apparel,Desktop,Gold,0,20,NE
0,134.28,0.25,4,1,Home,Mobile,None,0,4,NE
0,400.17,0.23,2,0,Electronics,Desktop,Gold,1,9,MW
1,61.87,0.13,3,1,Home,Mobile,None,1,2,MW
0,63.44,0.12,3,0,Shoes,Desktop,Gold,0,20,MW
0,126.01,0.15,1,0,Shoes,Desktop,Gold,0,17,NE
1,433.14,0.11,6,1,Electronics,Mobile,None,1,1,West
0,190.45,0.27,2,0,Shoes,Mobile,None,0,1,NE
0,71.55,0.14,3,0,Electronics,Desktop,Silver,0,4,West
0,35.55,0.19,3,0,Apparel,Desktop,None,0,1,NE
0,185.83,0.2,4,0,Electronics,Mobile,None,1,2,S
1,41.38,0.43,5,0,Beauty,Mobile,Gold,0,10,S
0,49.16,0.17,2,0,Apparel,Mobile,Gold,0,3,NE
0,142.69,0.09,2,0,Home,Desktop,Silver,0,4,NE
0,35.97,0.26,4,1,Apparel,Mobile,Gold,3,34,MW
0,84.99,0.17,2,0,Shoes,Desktop,None,0,3,MW
0,29.77,0.03,4,0,Beauty,Mobile,None,0,2,NE
0,270.44,0.28,2,1,Home,Mobile,Gold,0,8,MW
0,280.9,0.07,3,1,Home,Desktop,None,0,1,NE
1,117.11,0.12,3,0,Home,Mobile,Silver,0,36,S
0,157.94,0.13,3,0,Electronics,Desktop,None,0,3,S
1,40.21,0.26,4,1,Beauty,Mobile,None,0,0,MW
1,84.2,0.36,6,1,Apparel,Desktop,None,0,2,S
0,129.5,0.23,3,0,Electronics,Mobile,None,2,6,S
1,154.25,0.14,5,0,Home,Desktop,None,0,1,MW
0,118.34,0.07,3,0,Home,Desktop,Gold,0,4,MW
1,46.02,0.23,2,0,Apparel,Mobile,Silver,0,7,MW
1,46.7,0.31,4,0,Apparel,Mobile,None,0,6,S
0,189.51,0.24,1,0,Home,Mobile,Silver,2,13,S
0,44.75,0.23,3,1,Apparel,Mobile,Gold,1,10,S
0,75.03,0.26,3,0,Apparel,Mobile,None,0,3,NE
0,134.65,0.12,4,0,Home,Mobile,Silver,0,0,West
0,48.04,0.21,5,1,Apparel,Desktop,Silver,0,4,S
0,146.06,0.26,3,0,Shoes,Mobile,Gold,0,18,West
1,103.3,0.15,4,0,Home,Mobile,None,1,7,NE
1,85.22,0.12,3,1,Home,Desktop,Gold,0,6,MW
1,212.92,0.09,4,0,Electronics,Mobile,None,0,1,S
0,261.6,0.17,3,0,Electronics,Desktop,Gold,1,3,West
0,203.12,0.14,2,0,Electronics,Desktop,Gold,0,3,NE
1,215.11,0.03,5,1,Electronics,Mobile,Silver,0,2,West
0,78.38,0.22,4,0,Shoes,Mobile,None,0,4,MW
0,26.83,0.18,4,0,Apparel,Desktop,Gold,1,8,MW
0,99.47,0.32,2,0,Home,Desktop,Gold,0,4,NE
0,39.95,0.41,3,0,Beauty,Mobile,Silver,1,2,S
0,238.18,0.05,4,1,Electronics,Mobile,Gold,0,6,West
0,52.33,0.27,3,0,Apparel,Desktop,Gold,0,5,MW
1,251.19,0.27,2,0,Home,Mobile,None,1,1,MW
1,38.22,0.34,6,1,Beauty,Mobile,Gold,0,5,S
1,109.56,0.24,4,0,Home,Mobile,None,0,5,NE
0,58.61,0.21,3,0,Beauty,Mobile,None,0,0,S
0,130.55,0.07,3,1,Electronics,Mobile,None,0,4,NE
1,279.53,0.28,4,1,Electronics,Mobile,Silver,0,1,NE
0,76.17,0.27,2,1,Shoes,Mobile,None,0,3,MW
0,15.59,0.18,2,0,Beauty,Desktop,Gold,0,3,MW
0,260.42,0.06,5,1,Electronics,Mobile,Silver,0,15,MW
1,61.06,0.3,7,1,Apparel,Desktop,Silver,0,1,S
0,100.29,0.03,5,0,Home,Desktop,Silver,0,6,S
0,199.12,0.23,3,0,Electronics,Mobile,Gold,0,14,MW
1,35.45,0.01,5,1,Apparel,Mobile,Silver,0,5,West
1,87.9,0.37,3,1,Shoes,Desktop,None,0,1,S
0,72.21,0.31,3,0,Apparel,Mobile,Silver,0,3,S
0,25.08,0.24,1,0,Beauty,Mobile,None,0,2,S
1,34.19,0.15,4,0,Apparel,Desktop,None,0,0,NE
0,205.06,0.23,2,0,Home,Mobile,None,1,2,S
0,190.88,0.17,1,0,Electronics,Mobile,Gold,0,10,NE
0,19.45,0.25,1,0,Apparel,Desktop,None,0,1,NE
1,143.53,0.31,4,0,Home,Mobile,None,1,1,S
0,18.63,0.3,5,1,Beauty,Mobile,None,0,0,West
0,23.97,0.23,2,0,Beauty,Desktop,None,1,0,West
0,51.77,0.14,3,0,Apparel,Desktop,None,1,4,S
0,50.68,0.15,3,0,Beauty,Desktop,None,1,3,MW
0,192.87,0.21,4,0,Electronics,Desktop,None,0,2,West
1,41.47,0.13,3,0,Beauty,Desktop,None,0,2,NE
1,18.97,0.09,4,1,Beauty,Mobile,None,0,2,West
0,65.11,0.1,5,1,Apparel,Mobile,Silver,0,10,MW
0,225.66,0.23,3,0,Electronics,Mobile,Gold,1,23,S
1,71.45,0.24,3,0,Home,Mobile,Silver,1,11,S
0,85.56,0.05,2,0,Shoes,Desktop,None,0,5,West
0,42.71,0.21,3,0,Apparel,Mobile,Gold,1,13,West
0,116.38,0.06,2,0,Electronics,Mobile,None,0,6,NE
0,175.58,0,3,1,Home,Desktop,Gold,0,11,MW
0,49.9,0.09,1,0,Apparel,Mobile,Gold,1,17,NE
0,64.84,0.28,4,0,Shoes,Mobile,None,0,4,S
0,107.16,0.05,5,1,Home,Mobile,None,1,4,MW
0,67.13,0.24,1,0,Shoes,Mobile,None,0,2,NE
0,61.12,0.05,2,0,Shoes,Desktop,Gold,0,4,NE
0,108.56,0.09,4,0,Home,Mobile,None,1,5,MW
0,46.79,0.27,4,0,Beauty,Mobile,Silver,0,4,S
0,28.15,0.16,5,0,Apparel,Desktop,Gold,1,7,West
0,38.68,0.16,4,1,Beauty,Desktop,None,0,1,MW
1,53.43,0.15,4,1,Shoes,Desktop,None,0,2,West
0,37.44,0.24,5,0,Beauty,Desktop,Gold,1,10,MW
0,65.97,0.14,3,0,Apparel,Desktop,None,0,4,S
0,42.98,0.19,2,0,Beauty,Desktop,Gold,0,10,MW
0,240.71,0.08,2,0,Home,Desktop,Silver,0,3,West
0,243.4,0.03,2,0,Electronics,Mobile,None,1,1,S
0,231.63,0.18,2,0,Home,Mobile,Silver,1,5,NE
1,70.14,0.08,4,0,Shoes,Mobile,None,0,2,S
1,171.8,0.14,5,0,Electronics,Mobile,None,0,5,S
1,86.17,0.23,4,1,Shoes,Mobile,None,0,9,NE
0,207.5,0,3,0,Electronics,Mobile,Silver,0,1,MW
1,81.75,0.24,5,0,Home,Mobile,Gold,1,6,West
1,33.26,0.17,4,1,Beauty,Desktop,None,0,1,NE
0,98.51,0.08,2,1,Apparel,Desktop,Silver,0,6,MW
0,90.78,0.23,1,0,Home,Mobile,Gold,0,3,NE
0,63.98,0.26,3,0,Apparel,Mobile,Silver,0,11,MW
0,151.6,0.05,5,0,Home,Desktop,Gold,1,8,West
1,144.43,0.13,5,0,Home,Desktop,Gold,0,3,West
1,219.54,0.14,1,0,Electronics,Mobile,Silver,0,6,S
1,239.93,0.16,4,0,Home,Mobile,None,0,2,S
0,125.56,0.07,5,1,Home,Desktop,None,0,2,West
0,52.02,0.26,2,1,Beauty,Mobile,None,0,5,S
0,123.58,0.3,3,1,Electronics,Mobile,None,0,2,MW
1,151.35,0.26,2,0,Shoes,Mobile,None,1,6,West
0,133.2,0.16,4,0,Home,Mobile,None,0,6,West
1,48.73,0.12,3,0,Apparel,Mobile,None,0,3,MW
1,120.86,0.4,3,0,Shoes,Mobile,None,0,1,MW
1,284.77,0.03,3,1,Electronics,Mobile,Gold,0,8,S
0,113.52,0.02,3,0,Home,Desktop,Silver,0,9,S
0,27.26,0.17,3,0,Apparel,Desktop,None,0,0,S
1,137.99,0.01,3,0,Electronics,Mobile,Silver,0,2,MW
0,21.66,0,4,0,Beauty,Mobile,Silver,1,9,S
0,136.43,0.07,5,0,Shoes,Desktop,None,0,4,West
0,144.13,0,2,0,Home,Mobile,None,0,0,NE
0,41.32,0.48,3,1,Apparel,Mobile,Gold,2,6,MW
0,15.57,0.39,2,0,Beauty,Desktop,Gold,2,42,NE
0,132.99,0,4,0,Home,Desktop,None,0,1,West
1,138.79,0.07,1,0,Home,Mobile,Silver,0,7,MW
0,72.07,0.23,4,0,Apparel,Mobile,Gold,0,6,West
0,111.41,0.04,1,0,Electronics,Desktop,Gold,0,3,MW
0,296.95,0.19,4,0,Electronics,Desktop,None,0,3,S
1,124.55,0.2,3,0,Home,Mobile,Gold,0,9,West
1,38.88,0.31,1,0,Apparel,Mobile,Gold,1,13,S
1,145.62,0.17,1,0,Shoes,Desktop,None,0,6,S
0,36.7,0.28,4,0,Apparel,Mobile,None,0,8,MW
0,44.04,0.26,4,0,Apparel,Desktop,None,0,4,NE
0,46.95,0.32,2,0,Apparel,Mobile,None,0,1,West
0,67.63,0.01,1,0,Apparel,Desktop,None,0,1,S
0,65.73,0.19,4,0,Apparel,Mobile,Silver,0,2,MW
1,22.82,0.27,5,0,Beauty,Mobile,None,0,1,West
0,74.98,0.23,1,0,Shoes,Mobile,Gold,2,25,West
0,104.97,0.08,2,0,Home,Mobile,None,0,2,MW
0,176.35,0.21,3,0,Home,Mobile,Gold,1,7,S
0,246.5,0.09,2,0,Home,Desktop,Gold,0,4,S
1,85.01,0.18,2,0,Shoes,Mobile,Gold,1,3,S
0,70.72,0.22,2,0,Apparel,Desktop,Gold,1,11,NE
0,148.83,0.17,4,0,Shoes,Mobile,None,1,4,S
1,275.87,0.07,6,1,Electronics,Desktop,Silver,1,12,West
0,229.49,0.24,3,0,Electronics,Mobile,None,0,4,MW
0,133.78,0.22,2,0,Home,Desktop,None,0,1,S
1,54.72,0.24,4,0,Shoes,Desktop,None,0,4,West
0,63.47,0.26,5,1,Shoes,Mobile,None,0,6,S
0,44.65,0.24,3,1,Shoes,Desktop,Gold,0,8,MW
0,36.69,0.22,3,0,Apparel,Mobile,Gold,2,14,NE
0,119.18,0.3,4,0,Electronics,Mobile,Gold,0,4,West
1,88.68,0.1,1,0,Shoes,Desktop,Silver,0,6,S
0,27.45,0.15,2,0,Apparel,Desktop,None,0,4,MW
0,361.35,0.15,1,0,Electronics,Mobile,None,1,2,NE
1,29.19,0.31,4,0,Beauty,Desktop,Gold,0,5,West
0,36.66,0.06,2,0,Beauty,Desktop,Gold,1,6,S
0,453.29,0.09,5,1,Electronics,Mobile,None,1,4,West
1,52.94,0.06,4,0,Shoes,Mobile,Silver,0,3,S
0,185.46,0,3,0,Shoes,Mobile,Silver,1,0,S
1,305.01,0.23,4,1,Electronics,Mobile,Gold,1,4,S
0,66.95,0.24,4,1,Home,Desktop,None,0,4,MW
1,243.94,0.19,3,0,Electronics,Desktop,None,0,0,NE
0,306.6,0.12,2,0,Electronics,Desktop,Gold,0,2,NE
0,32.92,0.24,4,1,Apparel,Desktop,Gold,1,4,West
0,34.38,0.22,2,0,Beauty,Desktop,None,0,1,MW
0,255.59,0.06,2,0,Electronics,Mobile,None,1,4,MW
0,148.73,0.18,5,1,Electronics,Mobile,Silver,0,0,MW
0,65.27,0.15,4,1,Apparel,Mobile,Gold,1,9,West
1,36.47,0,5,0,Apparel,Desktop,None,0,1,S
1,65.43,0.35,3,0,Shoes,Mobile,Gold,1,14,West
0,14.26,0.31,2,0,Beauty,Mobile,None,1,7,MW
0,37.53,0.28,1,0,Beauty,Mobile,None,0,0,NE
0,121.59,0.3,2,0,Electronics,Desktop,None,2,5,MW
0,196.77,0.04,1,0,Electronics,Mobile,Silver,1,7,S
0,26.6,0.41,3,0,Beauty,Desktop,None,0,2,MW
0,18.03,0.21,3,1,Beauty,Mobile,Gold,0,5,S
1,400.41,0.09,3,1,Electronics,Mobile,None,0,1,West
0,59.3,0.2,2,0,Home,Mobile,None,0,2,NE
1,26.11,0.26,3,1,Beauty,Mobile,None,2,4,West
0,48.91,0.39,2,0,Beauty,Mobile,None,0,5,NE
1,102.93,0.16,2,0,Electronics,Desktop,None,0,3,MW
1,131.52,0.29,5,1,Electronics,Mobile,Silver,0,7,West
0,59.32,0.04,4,0,Beauty,Mobile,None,0,2,MW
1,53.44,0.25,4,1,Apparel,Desktop,Gold,0,10,West
0,33.65,0.22,4,0,Apparel,Mobile,None,0,4,West
0,216.99,0.03,2,0,Electronics,Mobile,Silver,0,4,NE
0,139.74,0.01,3,1,Home,Desktop,Gold,0,15,MW
1,71.64,0.4,3,0,Shoes,Mobile,None,0,2,West
0,76.69,0.19,4,1,Shoes,Desktop,Gold,0,1,West
0,62.1,0.22,4,0,Apparel,Mobile,Gold,2,11,West
0,46.28,0.24,4,1,Apparel,Mobile,Gold,1,2,S
0,23.57,0.46,2,0,Beauty,Mobile,Silver,1,19,MW
1,140.61,0.27,5,1,Home,Mobile,None,0,0,MW
0,48.75,0.12,4,0,Apparel,Desktop,Gold,1,18,S
0,63.35,0.31,3,0,Beauty,Mobile,None,0,1,S
0,63.92,0.15,3,1,Apparel,Desktop,None,0,3,MW
1,49.64,0.2,3,1,Apparel,Desktop,Gold,0,29,S
0,182.24,0.02,4,1,Home,Mobile,None,0,4,NE
1,32.1,0.29,3,0,Beauty,Mobile,Gold,2,40,MW
0,262.86,0.36,3,0,Electronics,Mobile,None,0,1,West
0,120.95,0.24,1,0,Home,Mobile,Silver,2,8,MW
0,132.76,0.1,3,1,Electronics,Desktop,Silver,0,4,MW
0,125.22,0.26,1,0,Shoes,Desktop,None,1,4,S
1,138.34,0.17,3,0,Electronics,Desktop,Silver,0,5,West
0,111.17,0.09,2,0,Home,Mobile,Silver,0,6,S
0,105.72,0.1,2,0,Home,Mobile,Gold,0,7,S
1,67.78,0.34,3,1,Apparel,Mobile,Gold,0,14,MW
0,32.61,0.07,3,1,Beauty,Mobile,Silver,0,11,NE
1,97.41,0.22,4,0,Home,Desktop,None,0,6,West
0,98.39,0.23,5,0,Shoes,Desktop,None,1,6,West
1,49.3,0.21,4,0,Apparel,Desktop,Silver,0,19,MW
1,215.67,0.16,4,1,Electronics,Mobile,Silver,0,7,West
0,129.24,0.15,3,0,Shoes,Mobile,None,0,1,S
1,89.4,0.12,3,0,Shoes,Desktop,Silver,0,1,S
0,34.77,0.29,3,1,Apparel,Desktop,None,0,2,NE
1,51.18,0.26,5,0,Apparel,Desktop,None,0,1,S
0,140.52,0.43,4,0,Shoes,Mobile,Silver,1,7,West
1,47.01,0.38,2,0,Apparel,Mobile,Gold,0,20,S
0,110.04,0.23,1,0,Home,Desktop,None,1,2,NE
0,55.31,0.26,2,1,Beauty,Desktop,Silver,1,5,MW
0,61.99,0.3,2,0,Beauty,Desktop,None,0,0,MW
0,341.18,0.32,4,0,Electronics,Mobile,Silver,0,7,NE
0,24.56,0.26,2,0,Apparel,Desktop,Gold,1,11,NE
0,46.26,0.39,1,0,Apparel,Mobile,None,0,2,NE
0,46.7,0.16,3,0,Apparel,Mobile,Silver,0,4,S
0,270.82,0.24,3,0,Electronics,Desktop,None,0,2,S
1,36.66,0.2,3,1,Apparel,Desktop,None,1,6,West
1,33.47,0.22,4,0,Beauty,Desktop,Silver,0,0,MW
1,128.89,0,4,0,Home,Desktop,None,0,10,West
1,92.67,0.3,2,0,Shoes,Desktop,None,0,3,NE
1,217.79,0,5,1,Electronics,Desktop,Silver,0,2,West
0,71.89,0.16,3,0,Apparel,Mobile,Gold,0,2,West
0,231.41,0.18,5,0,Home,Mobile,None,0,3,West
0,150.54,0.17,3,0,Home,Mobile,Silver,1,16,NE
0,127.2,0.11,1,0,Home,Desktop,Gold,3,17,NE
0,152.76,0.25,2,0,Home,Desktop,Silver,0,10,West
0,36.76,0.3,3,0,Apparel,Mobile,Silver,3,7,West
0,103.58,0.08,5,0,Home,Desktop,None,0,1,West
0,51.58,0.39,2,0,Apparel,Mobile,Silver,0,5,MW
1,35.3,0.31,2,0,Apparel,Desktop,Gold,1,22,NE
0,29.77,0.27,4,0,Apparel,Desktop,Silver,0,12,S
1,55.26,0.15,3,0,Apparel,Mobile,Gold,2,6,West
0,36.27,0.22,3,0,Apparel,Desktop,Gold,1,16,West
1,73.07,0.15,3,0,Shoes,Desktop,Silver,0,2,West
0,374.32,0.28,1,1,Electronics,Desktop,None,1,5,NE
1,127.74,0.24,4,1,Home,Mobile,None,0,4,MW
1,154.75,0.08,4,0,Electronics,Mobile,None,0,3,MW
0,138.4,0.16,3,1,Electronics,Mobile,Gold,5,30,NE
1,70.16,0.19,3,0,Apparel,Mobile,Silver,0,2,NE
0,77.66,0.18,1,0,Apparel,Mobile,Gold,2,9,S
1,176.57,0.16,4,1,Electronics,Desktop,None,0,1,MW
0,140.8,0.04,3,0,Home,Mobile,None,1,2,S
0,62.82,0.27,4,1,Shoes,Mobile,Silver,1,5,West
0,21.67,0.19,1,0,Beauty,Desktop,Gold,0,26,NE
1,39.99,0.17,4,1,Apparel,Desktop,None,1,6,MW
1,56.94,0.24,5,0,Shoes,Desktop,None,0,3,S
0,40.63,0.24,3,0,Beauty,Desktop,None,1,8,S
0,64.92,0.07,3,0,Shoes,Mobile,Silver,0,3,S
0,337.14,0.38,3,0,Electronics,Mobile,Silver,1,10,S
0,55.54,0.26,3,0,Apparel,Mobile,None,0,1,NE
0,201.62,0.05,3,0,Electronics,Mobile,None,0,7,West
0,84.35,0,4,1,Electronics,Desktop,Gold,0,11,West
0,121.66,0,3,1,Electronics,Desktop,None,1,0,West
1,36.15,0.13,4,0,Apparel,Mobile,None,0,2,MW
1,96.67,0.15,5,1,Home,Mobile,Silver,1,17,S
0,36.48,0.41,1,0,Beauty,Desktop,None,0,3,MW
0,55.88,0.41,3,0,Apparel,Mobile,Silver,0,4,MW
0,114.12,0.17,2,0,Shoes,Mobile,Gold,0,7,MW
0,50.21,0.26,4,0,Apparel,Mobile,None,0,4,West
1,241.18,0,4,1,Electronics,Desktop,None,0,4,NE
1,46.82,0.19,5,0,Apparel,Mobile,Silver,0,6,S
1,297.87,0.09,5,0,Electronics,Mobile,None,0,3,S
0,40.62,0.43,2,0,Beauty,Mobile,Silver,2,6,S
0,35.96,0.35,4,1,Apparel,Desktop,Gold,0,3,S
0,71.95,0.27,3,0,Apparel,Desktop,Gold,0,19,MW
0,33.94,0.21,2,0,Beauty,Mobile,None,0,0,S
0,305.82,0.17,1,0,Electronics,Desktop,Gold,1,19,MW
0,27.96,0.32,1,0,Apparel,Desktop,None,0,2,NE
1,328.55,0.21,6,1,Electronics,Desktop,None,0,0,West
0,28.33,0.37,4,1,Beauty,Mobile,Gold,0,11,NE
1,51.36,0,2,0,Apparel,Desktop,None,2,1,West
1,273.65,0.04,3,0,Electronics,Mobile,Gold,1,11,MW
1,157.94,0.22,4,0,Home,Mobile,Gold,0,6,MW
1,277.46,0.07,2,0,Electronics,Desktop,None,0,3,NE
1,167.4,0.35,3,1,Home,Mobile,Silver,1,5,NE
0,62.2,0.3,4,1,Apparel,Desktop,None,0,3,West
1,24.02,0.28,1,0,Beauty,Desktop,Gold,1,5,MW
0,113.74,0.13,5,0,Home,Mobile,Silver,0,5,S
1,27.65,0.19,5,0,Beauty,Desktop,None,0,3,MW
0,56.61,0.05,1,0,Home,Mobile,Gold,0,6,S
0,39.59,0.17,3,0,Apparel,Mobile,Silver,2,13,S
1,156.23,0.37,4,1,Shoes,Mobile,None,0,1,West
1,109.23,0.21,2,0,Home,Mobile,Gold,1,7,MW
0,26.02,0.17,4,0,Apparel,Mobile,Gold,2,28,S
0,69.66,0.23,2,0,Home,Desktop,Silver,0,5,S
1,128.42,0.22,5,0,Home,Desktop,None,1,1,MW
0,50.73,0.17,4,0,Beauty,Mobile,Silver,0,8,S
0,163.43,0.05,4,0,Electronics,Desktop,Silver,0,3,West
1,106.43,0.35,2,1,Apparel,Mobile,Gold,0,4,MW
0,37.29,0.28,4,1,Beauty,Desktop,Gold,1,44,West
0,41.52,0.14,3,0,Apparel,Mobile,None,0,2,MW
0,243.49,0.3,4,1,Electronics,Mobile,Silver,0,7,West
1,46.8,0.23,4,1,Apparel,Mobile,None,0,1,S
0,192.04,0.18,2,0,Home,Mobile,Silver,0,8,S
0,166.17,0.37,2,0,Shoes,Mobile,Gold,0,5,MW
1,43.71,0.14,3,0,Shoes,Desktop,Gold,1,0,West
0,109.21,0.06,2,0,Home,Desktop,Silver,0,2,MW
0,33.61,0.07,1,0,Beauty,Mobile,Gold,0,1,S
1,223.31,0.21,3,0,Home,Mobile,None,0,2,West
1,57.95,0.29,4,1,Beauty,Mobile,None,0,3,West
0,213.73,0.02,2,0,Electronics,Mobile,Silver,0,4,West
0,48.55,0,2,0,Beauty,Mobile,Silver,0,2,S
0,25.87,0.27,3,0,Apparel,Mobile,None,0,0,MW
1,26.88,0.11,6,1,Beauty,Mobile,None,0,2,West
1,43.71,0.17,2,0,Apparel,Desktop,None,0,1,S
0,217.45,0.24,4,0,Electronics,Mobile,None,0,2,West
0,32.81,0.27,2,1,Apparel,Mobile,Silver,0,12,MW
0,251.77,0.06,2,0,Electronics,Desktop,Gold,1,18,West
1,170.51,0.05,4,0,Electronics,Desktop,Gold,0,7,West
0,34.49,0.07,4,0,Apparel,Mobile,Gold,1,12,S
1,86.55,0.25,2,0,Home,Desktop,None,0,1,NE
0,50.36,0.16,1,0,Beauty,Mobile,Silver,0,2,NE
1,37.87,0.15,5,0,Apparel,Desktop,None,0,2,S
0,19.88,0.15,2,0,Apparel,Desktop,None,1,4,MW
1,22.67,0.38,3,0,Beauty,Desktop,Gold,1,14,MW
0,124.83,0.07,3,0,Home,Mobile,Gold,1,30,West
0,44.75,0.27,2,0,Beauty,Mobile,Gold,0,2,West
1,61.99,0.12,3,0,Apparel,Mobile,Silver,1,4,S
1,43.93,0.06,3,0,Shoes,Mobile,None,0,3,NE
1,73.58,0.27,3,0,Apparel,Desktop,None,0,2,S
0,25.29,0.28,5,0,Beauty,Mobile,None,0,2,West
0,24.15,0.16,3,0,Beauty,Desktop,None,0,6,NE
1,67.33,0.23,3,1,Apparel,Desktop,None,0,3,NE
1,24.36,0.24,3,0,Beauty,Desktop,None,0,3,MW
0,102.33,0.1,5,0,Home,Desktop,None,0,2,MW
0,226.56,0.17,5,0,Electronics,Mobile,None,0,1,West
1,59.24,0.16,1,1,Apparel,Mobile,Silver,0,4,NE
1,144.39,0.36,2,0,Electronics,Mobile,None,1,2,NE
0,51.92,0.2,2,0,Apparel,Desktop,Gold,2,17,MW
0,42.22,0.29,4,1,Beauty,Mobile,None,0,0,S
0,90.13,0.15,3,1,Home,Desktop,Silver,1,7,NE
0,88.63,0.06,3,0,Shoes,Desktop,None,0,3,West
0,61.45,0.19,4,1,Shoes,Mobile,Gold,0,5,West
0,29.07,0.22,5,0,Beauty,Mobile,Silver,1,5,West
1,40.49,0.11,3,0,Apparel,Desktop,None,2,10,NE
0,127.09,0.12,4,1,Home,Mobile,Gold,0,9,S
1,77.59,0.2,4,0,Beauty,Desktop,Gold,0,13,NE
0,38.42,0.24,4,0,Apparel,Mobile,None,0,3,West
0,110.32,0.36,4,0,Shoes,Desktop,Silver,0,3,S
0,77.83,0.21,2,0,Home,Mobile,None,1,0,MW
1,187.74,0.08,5,1,Electronics,Desktop,None,0,5,West
0,71.87,0.24,3,0,Apparel,Mobile,Silver,0,1,S
0,82.67,0.05,3,0,Home,Desktop,Silver,0,0,MW
0,61.19,0,2,0,Home,Desktop,Silver,0,0,S
0,22.76,0.25,2,1,Beauty,Desktop,None,0,3,NE
1,37.6,0.18,3,1,Beauty,Mobile,Gold,0,4,NE
0,48.78,0.3,3,0,Apparel,Desktop,Silver,0,9,NE
1,87.12,0.08,2,0,Shoes,Mobile,Gold,4,17,S
1,109.3,0.16,4,1,Home,Desktop,None,0,3,West
0,35.83,0,4,1,Apparel,Desktop,None,0,0,MW
1,34.99,0.28,3,0,Beauty,Desktop,None,0,0,NE
0,34.44,0.22,1,1,Apparel,Desktop,None,1,5,NE
0,28.89,0.17,2,0,Beauty,Desktop,Gold,1,9,West
1,153.1,0.2,3,0,Electronics,Desktop,Silver,0,7,NE
0,120.93,0.09,4,0,Shoes,Desktop,Gold,0,9,West
0,130.83,0,2,0,Home,Desktop,None,1,7,MW
0,142.43,0.2,1,0,Electronics,Mobile,Gold,1,46,NE
0,19.89,0.22,6,1,Beauty,Mobile,None,1,1,S
1,24.34,0.22,4,1,Beauty,Mobile,None,1,4,West
0,37.77,0.21,4,0,Beauty,Mobile,None,1,1,S
1,55.8,0.39,2,1,Apparel,Mobile,Gold,0,14,S
0,89.94,0.24,5,1,Shoes,Mobile,Gold,0,11,S
0,153.27,0.23,3,1,Home,Desktop,None,0,1,MW
0,31.31,0.14,4,0,Beauty,Desktop,Gold,1,8,S
0,238.1,0,3,0,Electronics,Desktop,Gold,1,4,S
0,153.02,0.29,2,0,Home,Mobile,Silver,0,0,NE
1,49.64,0.29,4,1,Apparel,Mobile,Silver,0,5,West
1,25.77,0.13,5,1,Beauty,Desktop,None,1,1,S
0,48.67,0.32,4,0,Beauty,Mobile,Silver,0,3,West
0,40.67,0.24,4,0,Apparel,Mobile,Gold,1,2,S
0,377.77,0,4,0,Electronics,Desktop,Silver,0,10,West
1,210.28,0.16,5,1,Electronics,Mobile,None,0,1,S
1,109.89,0.33,2,1,Home,Mobile,None,0,0,NE
0,77.6,0.05,3,0,Home,Desktop,Gold,0,7,West
0,56.68,0.31,2,0,Apparel,Mobile,Silver,1,5,MW
1,185.07,0.15,3,0,Home,Desktop,None,0,1,West
0,32.05,0.09,2,0,Beauty,Desktop,None,0,1,NE
0,48.08,0.18,3,0,Apparel,Mobile,Silver,0,11,S
0,200.5,0,4,0,Electronics,Desktop,Silver,0,9,S
0,87.24,0.33,5,1,Shoes,Desktop,Gold,1,7,S
1,74.04,0.17,4,0,Shoes,Desktop,None,0,3,S
1,169.38,0.39,3,1,Electronics,Mobile,Silver,0,10,NE
0,80.1,0.2,2,0,Home,Mobile,Silver,0,1,NE
0,89.62,0.04,1,0,Shoes,Mobile,None,0,3,NE
0,59.85,0.21,3,0,Apparel,Mobile,Silver,0,4,West
1,183.06,0.04,4,0,Electronics,Mobile,Silver,0,4,West
1,105.54,0.31,4,0,Shoes,Desktop,None,1,8,West
1,25.9,0.44,4,0,Beauty,Desktop,None,0,1,S
0,230.97,0.17,5,1,Electronics,Desktop,Silver,0,10,West
1,112.49,0.3,4,1,Shoes,Desktop,Gold,0,3,West
0,103.94,0.08,1,0,Apparel,Desktop,Silver,1,13,S
0,181.24,0.28,3,0,Electronics,Desktop,None,0,0,S
1,234.83,0.15,4,1,Home,Mobile,Silver,0,4,West
0,75.35,0.37,2,1,Apparel,Mobile,None,0,8,MW
0,44.48,0.31,3,0,Beauty,Desktop,None,0,0,NE
1,63.54,0.38,3,0,Apparel,Mobile,Silver,0,1,MW
1,228.09,0.13,3,0,Electronics,Mobile,None,0,3,MW
0,46.78,0.49,3,0,Beauty,Mobile,None,0,6,West
1,144.78,0.07,2,0,Home,Mobile,Silver,0,6,MW
0,79.27,0.22,2,0,Home,Mobile,Gold,0,8,NE
0,141.91,0.26,3,0,Home,Desktop,Gold,0,14,NE
0,31.03,0.16,3,0,Apparel,Desktop,Silver,0,5,West
0,53.29,0.19,3,0,Apparel,Desktop,Gold,1,31,NE
0,37.59,0.19,4,1,Beauty,Desktop,None,2,6,NE
1,85.55,0.23,5,1,Shoes,Desktop,Silver,0,16,S
1,102.9,0.23,3,1,Shoes,Mobile,Gold,1,31,West
0,97.12,0.07,3,0,Home,Mobile,None,0,1,S
0,57.56,0.18,5,1,Apparel,Desktop,None,0,0,NE
0,73.85,0.18,4,0,Apparel,Desktop,Silver,0,10,NE
0,104.87,0.17,3,0,Home,Desktop,None,0,12,MW
0,120.59,0.14,2,0,Home,Mobile,Silver,0,2,NE
0,90.82,0.28,2,0,Shoes,Desktop,None,0,7,MW
0,93.64,0.08,2,0,Home,Mobile,Gold,0,1,MW
0,131.64,0.21,3,0,Shoes,Mobile,None,0,3,NE
1,115.31,0.18,2,0,Home,Desktop,None,0,12,NE
0,141.69,0,2,0,Home,Desktop,None,0,5,MW
0,30.14,0.13,5,1,Beauty,Desktop,None,2,11,West
1,288.96,0,1,0,Electronics,Desktop,Gold,2,31,NE
0,15.14,0.09,1,1,Beauty,Desktop,Silver,0,11,MW
1,192.7,0.13,1,0,Home,Mobile,Gold,1,21,NE
1,45.03,0.15,2,0,Apparel,Mobile,Silver,1,6,NE
0,37.7,0.25,1,0,Beauty,Mobile,Gold,1,11,MW
0,89.45,0.35,4,0,Home,Mobile,None,0,2,West
0,85.84,0.15,3,0,Shoes,Mobile,Silver,0,3,S
0,275.21,0,2,0,Electronics,Desktop,None,0,1,NE
0,99.1,0.14,2,0,Home,Mobile,Gold,1,21,NE
0,37.22,0.32,2,0,Beauty,Mobile,Silver,0,3,MW
0,42.33,0.19,2,0,Apparel,Desktop,None,1,5,MW
0,120.89,0.06,4,1,Home,Mobile,Silver,0,3,S
0,103.71,0.16,5,1,Home,Mobile,None,0,4,West
0,225.97,0.06,3,0,Electronics,Desktop,Gold,0,7,S
0,139.41,0,4,1,Home,Desktop,None,0,6,MW
0,106.44,0.34,2,0,Home,Mobile,Gold,0,2,NE
1,105.8,0.2,1,0,Shoes,Mobile,Gold,1,12,S
1,130.76,0.33,3,0,Home,Desktop,Gold,0,4,NE
0,33.02,0.44,2,0,Apparel,Mobile,Gold,1,17,NE
1,325.73,0.09,4,0,Home,Mobile,Silver,1,16,MW
0,138.61,0,3,0,Electronics,Desktop,None,1,7,MW
0,42.9,0.12,2,1,Apparel,Desktop,Silver,1,3,MW
0,43.25,0.22,2,1,Apparel,Desktop,Silver,0,5,NE
0,28.1,0.11,2,0,Beauty,Mobile,None,0,6,MW
0,88.22,0,2,0,Home,Desktop,Gold,1,14,MW
0,49.82,0.26,3,0,Beauty,Desktop,None,0,3,NE
0,67.92,0.29,3,1,Apparel,Mobile,None,0,6,S
1,56.93,0.11,2,0,Shoes,Mobile,Gold,0,11,NE
0,116.68,0.16,4,0,Shoes,Desktop,Silver,0,5,West
0,93.45,0.16,3,1,Home,Desktop,Silver,1,7,MW
0,153.83,0.22,2,0,Home,Mobile,Silver,0,4,West
0,50.03,0.25,2,0,Apparel,Desktop,None,1,5,S
0,27.8,0.45,1,0,Beauty,Mobile,Silver,0,4,West
0,105.35,0.24,4,0,Home,Mobile,None,0,0,MW
0,65.41,0.07,1,0,Apparel,Desktop,Gold,0,4,MW
0,96.08,0.13,5,0,Home,Mobile,None,0,3,S
0,41.56,0.27,3,0,Beauty,Mobile,Silver,0,9,S
0,80.01,0.28,4,0,Shoes,Mobile,Silver,0,2,West
1,148.22,0.07,2,1,Home,Mobile,Silver,0,1,NE
0,36.74,0.27,1,0,Apparel,Mobile,Gold,0,4,S
0,114.37,0.26,2,0,Home,Mobile,None,0,1,MW
0,32.63,0.18,3,0,Apparel,Desktop,Silver,0,6,MW
0,25.5,0.39,4,0,Apparel,Desktop,None,0,0,West
0,193.37,0.02,2,0,Electronics,Desktop,Gold,2,28,NE
0,16.57,0.04,3,1,Beauty,Mobile,Silver,0,5,MW
0,80.56,0.12,1,0,Home,Desktop,Gold,0,5,West
1,39.49,0.23,4,1,Apparel,Desktop,None,1,12,MW
0,16.29,0.04,1,0,Beauty,Mobile,Gold,0,15,MW
1,41.56,0.2,2,1,Apparel,Mobile,Gold,0,25,MW
0,59.7,0.35,4,1,Apparel,Desktop,Silver,0,1,S
0,94.73,0.07,3,0,Shoes,Desktop,None,0,2,NE
1,113.48,0.06,5,1,Home,Mobile,None,0,1,MW
0,175.24,0.18,5,1,Electronics,Desktop,Gold,0,8,West
0,52.65,0.34,4,0,Apparel,Desktop,None,0,5,West
0,31.04,0.34,3,1,Beauty,Desktop,Silver,0,1,S
1,30.6,0.2,4,1,Beauty,Desktop,Silver,0,5,S
0,251.89,0.12,4,1,Electronics,Mobile,Gold,2,13,West
1,282.86,0.07,5,1,Electronics,Desktop,None,0,6,S
0,41.69,0.3,3,0,Apparel,Mobile,Silver,0,4,NE
0,29.16,0.18,1,0,Apparel,Mobile,Gold,0,5,S
1,42.81,0.31,1,0,Apparel,Mobile,Gold,0,15,MW
0,128.09,0.12,4,0,Shoes,Desktop,None,0,3,MW
0,46.31,0.15,1,0,Apparel,Mobile,Gold,1,0,NE
0,64.58,0.49,1,0,Apparel,Desktop,Gold,0,22,S
0,36.67,0.38,2,0,Beauty,Desktop,Gold,0,17,NE
0,33.8,0.05,4,0,Beauty,Desktop,None,0,0,MW
0,58.11,0.2,4,0,Apparel,Desktop,None,0,1,West
0,31.43,0.12,2,0,Beauty,Desktop,Silver,0,6,NE
1,20.3,0.34,3,1,Beauty,Mobile,Silver,0,2,MW
0,33.01,0.37,1,0,Apparel,Mobile,Gold,0,5,S
1,247.86,0.03,5,1,Electronics,Mobile,Silver,2,12,West
1,20.28,0.31,2,0,Apparel,Mobile,Gold,1,12,NE
0,205.97,0.26,2,0,Electronics,Desktop,None,0,2,NE
0,135.38,0.18,4,0,Home,Mobile,Silver,0,6,West
1,135.81,0.17,3,0,Electronics,Mobile,Gold,1,20,MW
1,52.14,0.12,2,0,Beauty,Mobile,Gold,0,6,S
1,28.9,0.13,3,1,Apparel,Mobile,None,0,3,MW
0,170.48,0.09,3,0,Electronics,Mobile,Silver,0,4,S
0,26.3,0.21,3,0,Apparel,Mobile,Silver,0,3,S
1,41.5,0.2,1,0,Beauty,Mobile,None,0,8,NE
0,154.51,0.16,1,0,Home,Mobile,None,1,5,NE
0,33.86,0.23,3,0,Beauty,Mobile,None,0,1,MW
0,170.31,0.19,3,0,Electronics,Mobile,Silver,1,10,NE
0,211.73,0.16,3,0,Electronics,Mobile,None,0,1,MW
0,128.59,0.23,3,0,Electronics,Desktop,Gold,0,8,S
0,87.7,0.1,2,0,Home,Desktop,Gold,0,9,NE
0,152.44,0.04,5,0,Electronics,Mobile,Gold,0,9,NE
1,67.08,0.36,3,0,Beauty,Mobile,None,0,3,NE
1,256.6,0.32,4,1,Electronics,Desktop,None,0,1,NE
0,262.43,0.2,2,1,Electronics,Mobile,Silver,0,7,S
0,70.68,0.24,4,0,Beauty,Mobile,Gold,0,5,West
1,68.66,0.17,2,0,Apparel,Desktop,None,0,5,NE
1,170.47,0.17,4,0,Electronics,Mobile,None,0,6,West
1,31.71,0.12,4,1,Apparel,Desktop,Silver,0,3,West
0,19.68,0.15,6,0,Beauty,Desktop,Silver,1,1,West
1,21.84,0.14,3,0,Beauty,Desktop,Gold,1,9,S
0,333.95,0.28,5,1,Home,Desktop,None,0,0,S
0,139.36,0.03,1,0,Home,Mobile,Silver,0,2,NE
1,138.02,0.14,2,0,Home,Mobile,Silver,0,8,NE
0,36.07,0.25,3,0,Beauty,Mobile,Silver,2,2,MW
1,48.93,0.32,4,0,Beauty,Mobile,Gold,1,10,S
1,109.09,0.18,1,1,Home,Mobile,Gold,0,12,NE
0,180.88,0.09,3,0,Home,Mobile,None,0,1,S
0,106.09,0.05,3,1,Home,Mobile,Silver,0,6,S
0,55.65,0.18,1,1,Apparel,Desktop,Gold,0,13,NE
0,69.53,0.22,4,0,Shoes,Desktop,None,0,3,NE
0,46.69,0.13,2,0,Apparel,Mobile,Silver,0,4,MW
1,47.06,0.36,2,0,Apparel,Desktop,Silver,1,10,NE
1,38.61,0.26,1,0,Apparel,Desktop,Gold,0,13,NE
0,120.17,0.15,2,0,Home,Desktop,None,0,0,S
0,45.59,0.11,3,1,Shoes,Mobile,None,0,2,NE
1,349.75,0.15,3,0,Electronics,Mobile,None,0,2,S
0,176.48,0.23,2,0,Electronics,Mobile,Gold,0,5,S
0,36.44,0.16,2,0,Apparel,Desktop,None,0,1,MW
0,142.28,0.23,2,0,Shoes,Mobile,Gold,1,8,NE
1,45.22,0.34,4,1,Beauty,Mobile,None,0,5,West
0,93.67,0.25,4,1,Shoes,Desktop,Gold,0,2,West
0,155.59,0.09,2,0,Electronics,Desktop,Gold,6,34,S
0,95.85,0.34,2,0,Home,Desktop,Gold,1,11,NE
0,165.21,0.14,1,0,Home,Mobile,Gold,0,8,MW
1,281.27,0.22,1,0,Electronics,Mobile,None,0,3,MW
0,34.09,0.26,3,0,Beauty,Mobile,None,0,1,S
0,48.98,0.16,2,1,Apparel,Mobile,None,0,0,NE
0,35.67,0.07,4,1,Beauty,Mobile,Silver,0,4,West
1,80.78,0.21,5,0,Home,Mobile,Silver,0,3,NE
0,45.24,0.01,2,1,Beauty,Mobile,None,0,1,NE
0,56.5,0.14,2,0,Apparel,Mobile,Silver,0,4,MW
1,259.75,0.1,2,0,Electronics,Desktop,Silver,0,4,MW
0,88.4,0.06,4,0,Home,Desktop,None,0,2,West
0,44.65,0.27,3,0,Beauty,Mobile,None,0,0,NE
0,54.31,0.27,3,0,Apparel,Mobile,Silver,0,6,MW
0,29.36,0.27,2,0,Beauty,Mobile,None,0,8,NE
0,139.95,0.06,3,0,Home,Desktop,Gold,0,4,West
0,64.2,0.11,3,0,Home,Desktop,Gold,0,11,MW
0,83.73,0.03,3,0,Shoes,Mobile,Silver,0,7,MW
0,146.72,0.02,3,0,Home,Desktop,Gold,0,26,MW
1,33.62,0.16,4,1,Apparel,Mobile,Silver,0,2,West
0,54.13,0.15,3,0,Apparel,Desktop,Gold,0,5,West
0,209.92,0.18,3,0,Electronics,Desktop,Silver,0,4,S
1,270.37,0.11,4,0,Electronics,Mobile,Gold,0,6,West
0,44.74,0.21,3,0,Beauty,Desktop,None,0,3,MW
0,64.92,0.16,3,0,Apparel,Mobile,None,0,4,West
1,144.18,0.24,3,1,Home,Mobile,Silver,0,1,West
1,40.15,0.19,4,1,Apparel,Mobile,Gold,0,11,West
0,55.08,0.07,3,0,Apparel,Mobile,None,0,1,S
0,308.03,0.05,3,0,Electronics,Mobile,None,1,1,NE
0,100.8,0.19,1,0,Home,Mobile,Silver,0,3,NE
1,57.73,0.12,2,1,Apparel,Mobile,Gold,1,24,S
0,42.75,0.19,2,0,Beauty,Desktop,None,0,8,NE
0,105.42,0.29,3,0,Home,Mobile,Gold,0,7,NE
0,38.6,0.2,3,0,Apparel,Mobile,None,0,2,MW
1,25.66,0.35,2,0,Apparel,Mobile,Silver,1,3,S
1,58.38,0.26,1,1,Beauty,Mobile,Silver,0,2,West
0,204.68,0.31,3,0,Home,Mobile,None,1,4,MW
0,142.97,0.03,6,1,Home,Mobile,Silver,0,2,West
0,174.19,0.11,3,0,Home,Mobile,None,1,1,NE
0,17.68,0.02,1,0,Apparel,Desktop,Silver,0,5,NE
0,276.76,0.06,4,0,Electronics,Mobile,Gold,0,2,West
1,75.79,0.23,3,0,Shoes,Mobile,None,0,4,West
1,243.29,0,2,0,Electronics,Desktop,Gold,5,17,MW
1,154.7,0.01,4,0,Home,Mobile,Gold,0,15,S
1,250.45,0.17,5,1,Electronics,Desktop,Silver,0,8,S
0,36.98,0.38,4,0,Apparel,Mobile,None,0,1,S
1,149.31,0.2,5,1,Home,Mobile,None,0,0,MW
0,29.25,0.15,1,0,Beauty,Mobile,None,0,1,MW
1,183.58,0,3,0,Electronics,Mobile,Silver,0,0,S
0,34.53,0.18,3,0,Apparel,Mobile,None,0,4,S
0,67.37,0.24,4,1,Beauty,Desktop,Silver,0,4,West
1,56.17,0.3,3,0,Apparel,Mobile,None,1,2,MW
1,42.54,0.24,3,1,Apparel,Desktop,None,0,3,MW
0,36.37,0.36,3,0,Beauty,Mobile,None,0,5,West
0,189.85,0,2,0,Electronics,Desktop,Gold,0,10,MW
1,307.62,0.09,5,1,Electronics,Desktop,None,0,4,MW
0,134.93,0.3,3,0,Home,Desktop,Gold,0,4,West
0,56.55,0.2,3,0,Shoes,Mobile,Silver,0,6,MW
1,109.04,0.27,2,0,Apparel,Mobile,Gold,0,6,NE
0,264.67,0.21,4,1,Home,Mobile,Gold,0,11,NE
0,55.13,0.17,5,0,Apparel,Mobile,None,0,0,West
0,110.52,0.14,2,0,Home,Desktop,Silver,0,13,S
0,254.98,0.14,5,1,Electronics,Desktop,None,0,0,West
0,89.1,0.18,1,0,Shoes,Mobile,Silver,0,3,MW
0,47.03,0.19,4,1,Beauty,Mobile,Silver,0,5,West
0,32.23,0.18,5,1,Beauty,Desktop,None,0,1,West
0,82.49,0.06,7,0,Home,Mobile,None,0,2,West
0,175.37,0.35,2,0,Home,Mobile,None,0,1,West
1,392.28,0.29,5,0,Electronics,Desktop,Gold,0,10,West
0,35.03,0.18,3,0,Beauty,Desktop,Gold,0,7,S
1,93.11,0.19,2,0,Shoes,Mobile,None,0,2,MW
1,93.06,0.02,2,0,Home,Desktop,Silver,1,11,S
0,60.94,0.13,1,0,Apparel,Mobile,Silver,0,2,MW
0,66.75,0.23,3,1,Apparel,Desktop,Gold,1,3,West
0,51.15,0.13,5,0,Shoes,Mobile,None,0,6,West
1,99.31,0.06,1,0,Electronics,Desktop,Silver,0,2,MW
1,362.36,0.25,3,0,Electronics,Mobile,None,0,2,MW
1,166.46,0,3,1,Home,Mobile,Silver,1,11,S
0,262.34,0.03,5,1,Electronics,Mobile,None,0,1,MW
1,50.33,0.18,5,0,Apparel,Desktop,None,0,4,West
0,279.56,0.04,3,0,Electronics,Desktop,Silver,1,11,MW
0,134.9,0.28,3,0,Home,Desktop,None,0,1,West
0,45.5,0.11,5,0,Beauty,Mobile,None,0,4,S
1,107.08,0.11,5,1,Home,Mobile,Silver,0,2,MW
1,265.95,0.19,4,1,Electronics,Mobile,None,0,4,MW
0,25.81,0.12,3,0,Beauty,Desktop,Gold,0,17,MW
0,199.96,0.06,2,0,Electronics,Mobile,Silver,1,10,NE
1,24.67,0.1,2,1,Beauty,Desktop,Gold,1,11,S
0,170.69,0.24,4,0,Shoes,Desktop,None,0,3,West
0,169.14,0.16,1,0,Electronics,Mobile,None,0,3,MW
0,44.69,0.21,4,0,Beauty,Mobile,None,0,3,West
1,28.96,0.42,5,0,Apparel,Mobile,Silver,0,7,West
1,140.97,0.15,5,0,Home,Desktop,None,0,1,West
0,145.69,0.38,2,1,Electronics,Mobile,None,0,3,NE
0,200.12,0.19,2,0,Electronics,Desktop,Gold,0,13,S
1,50.69,0.12,3,0,Home,Desktop,None,0,6,S
0,134.84,0.23,4,0,Home,Mobile,Gold,0,8,West
0,95.62,0.03,3,1,Home,Mobile,None,0,2,MW
0,27.06,0.09,3,0,Beauty,Desktop,Gold,0,2,MW
1,77.7,0.23,3,0,Shoes,Mobile,Silver,0,3,West
0,232.04,0.35,5,1,Electronics,Desktop,Silver,0,2,S
1,36.14,0.26,4,0,Apparel,Desktop,None,0,3,S
1,259.63,0.02,2,0,Home,Desktop,None,0,5,NE
0,67.11,0.26,3,1,Home,Desktop,None,0,2,S
1,117.8,0.1,4,1,Home,Mobile,Silver,0,9,S
1,65.09,0.1,4,0,Shoes,Desktop,None,0,0,S
0,37.49,0.39,1,0,Apparel,Mobile,Gold,1,18,MW
1,48.53,0.48,2,0,Beauty,Desktop,None,1,2,S
0,311.01,0,3,0,Electronics,Mobile,Silver,2,13,S
1,78.08,0.16,2,0,Home,Desktop,None,0,9,S
0,179.76,0.22,1,0,Electronics,Desktop,Silver,1,2,NE
0,290.07,0.11,3,0,Electronics,Mobile,Silver,0,4,S
0,117.58,0.21,3,1,Home,Desktop,Silver,0,1,S
0,101.35,0.26,3,0,Shoes,Mobile,Gold,0,12,MW
0,244.89,0.32,3,0,Electronics,Desktop,Silver,1,6,West
0,55.59,0.36,1,0,Apparel,Mobile,Gold,1,10,NE
1,25.09,0.33,4,1,Apparel,Mobile,Silver,1,10,West
1,108.25,0.26,2,0,Electronics,Desktop,Silver,2,15,MW
0,75.39,0.14,3,0,Apparel,Desktop,None,1,23,NE
0,368.52,0.03,2,0,Electronics,Desktop,Silver,0,8,MW
0,191.62,0.03,1,0,Home,Mobile,None,3,9,NE
1,36.23,0.36,2,1,Apparel,Mobile,Gold,1,6,S
1,43.49,0.29,3,0,Apparel,Mobile,Silver,1,10,NE
0,46.98,0.34,3,0,Beauty,Desktop,None,1,4,MW
0,43.04,0.21,3,0,Beauty,Desktop,Silver,0,11,West
0,222.45,0.16,2,0,Electronics,Mobile,None,1,2,NE
0,346.48,0.03,3,0,Electronics,Desktop,Silver,0,2,West
1,116.2,0.22,4,0,Home,Mobile,Silver,0,2,West
0,35.99,0.27,5,1,Beauty,Desktop,Gold,3,12,S
0,194.21,0.1,2,0,Electronics,Desktop,Gold,0,8,West
0,164.15,0.25,2,0,Electronics,Mobile,Gold,2,15,West
1,42.88,0.33,4,0,Apparel,Desktop,None,1,3,West
0,107.36,0.19,2,0,Shoes,Desktop,Silver,0,2,S
0,103.36,0.14,4,1,Home,Mobile,None,1,9,S
0,48.74,0.29,3,1,Beauty,Mobile,Silver,0,6,West
0,44.95,0.28,4,0,Beauty,Mobile,Gold,1,31,S
1,64.21,0.16,1,0,Shoes,Desktop,None,0,1,S
0,359.84,0.11,2,0,Electronics,Mobile,None,0,1,NE
0,197.79,0,1,0,Electronics,Desktop,Silver,1,5,S
0,101,0.08,4,0,Shoes,Desktop,None,0,3,MW
1,119.51,0.16,6,1,Home,Mobile,Silver,0,6,S
0,101.91,0.21,4,1,Electronics,Desktop,None,0,1,West
1,111.82,0.12,4,1,Home,Desktop,Gold,0,9,West
0,170.73,0.14,3,1,Home,Mobile,Gold,0,3,West
0,256.62,0.29,4,0,Shoes,Desktop,Silver,0,1,S
0,41.16,0.07,1,0,Apparel,Mobile,Gold,0,5,NE
1,41.98,0.36,2,0,Apparel,Mobile,None,0,2,NE
1,63.51,0.23,3,0,Shoes,Mobile,None,0,5,MW
0,149.63,0.16,1,0,Home,Mobile,Gold,1,38,MW
0,49.31,0.3,2,0,Apparel,Desktop,Gold,0,9,MW
1,197.52,0.08,5,0,Electronics,Desktop,None,0,6,S
0,224.66,0.19,4,0,Electronics,Mobile,Gold,0,9,West
0,214.41,0,2,1,Electronics,Desktop,Silver,0,2,S
0,55.01,0.26,2,0,Beauty,Desktop,None,2,3,West
1,71.29,0.38,5,0,Beauty,Mobile,None,0,0,NE
0,157.55,0.18,4,1,Electronics,Mobile,Gold,0,5,NE
0,40.99,0.21,2,0,Apparel,Desktop,Gold,2,18,S
1,194.8,0.22,2,0,Shoes,Mobile,Gold,0,7,NE
0,141.06,0.13,2,0,Electronics,Desktop,None,0,5,MW
0,81.4,0.14,4,0,Apparel,Desktop,None,0,0,West
0,64.35,0.18,3,1,Apparel,Mobile,Gold,1,15,MW
1,273.33,0.17,3,1,Electronics,Desktop,None,0,6,NE
0,174.7,0.24,2,0,Home,Desktop,Gold,3,35,S
1,48.97,0.18,3,0,Apparel,Desktop,Gold,0,14,MW
0,31.74,0.25,2,0,Apparel,Desktop,None,1,0,S
1,78.95,0.32,3,0,Home,Mobile,None,0,3,West
0,85.21,0.24,1,0,Home,Mobile,None,0,4,S
0,32.71,0.14,3,0,Beauty,Mobile,Silver,0,1,NE
0,45.52,0.18,4,0,Apparel,Mobile,Silver,0,2,NE
0,71.44,0.2,3,0,Apparel,Desktop,Gold,0,21,NE
0,139.14,0.28,4,1,Home,Desktop,Silver,0,3,West
0,32.6,0.24,2,0,Beauty,Mobile,None,0,5,NE
0,60.95,0.2,6,1,Apparel,Mobile,Gold,1,15,West
0,54.5,0.23,1,0,Apparel,Desktop,None,0,8,NE
0,63.45,0.32,6,0,Shoes,Desktop,None,1,3,S
0,270.63,0.14,5,0,Home,Desktop,Gold,0,7,MW
0,31.51,0.25,5,0,Apparel,Desktop,None,1,1,MW
1,138.45,0.17,3,0,Home,Mobile,None,0,3,S
0,30.11,0.03,1,0,Apparel,Mobile,Silver,0,23,NE
0,91.14,0.19,2,0,Shoes,Mobile,Gold,1,8,MW
0,138.9,0.23,1,0,Home,Mobile,Gold,0,4,MW
1,142.64,0.14,4,0,Home,Desktop,None,0,4,West
1,173.89,0.08,4,0,Home,Mobile,None,0,1,West
1,97.42,0.16,3,0,Shoes,Desktop,Gold,0,8,S
0,27.42,0.13,4,0,Apparel,Desktop,None,0,1,West
1,29.81,0.17,2,0,Apparel,Mobile,Gold,0,5,West
1,52.72,0.01,3,1,Apparel,Desktop,None,0,1,S
1,209.35,0.09,2,0,Home,Mobile,Gold,0,11,NE
0,52.52,0.11,4,0,Home,Desktop,Silver,0,8,West
0,43.39,0.37,4,0,Apparel,Mobile,Gold,0,2,S
0,125.67,0.03,3,0,Electronics,Mobile,None,0,1,NE
0,167.16,0.31,2,0,Home,Mobile,Gold,0,17,MW
0,49.37,0.35,3,0,Apparel,Mobile,Silver,0,0,MW
1,38.9,0.19,2,0,Beauty,Mobile,None,0,1,S
0,38.37,0.23,4,0,Apparel,Desktop,Gold,3,14,West
0,109.69,0.16,3,0,Home,Desktop,Silver,0,1,NE
0,37.21,0.14,4,1,Apparel,Mobile,None,0,3,S
1,61.21,0.19,2,0,Shoes,Mobile,Silver,0,13,MW
1,154.41,0.1,4,1,Electronics,Desktop,None,0,1,MW
0,406.77,0,2,0,Electronics,Desktop,Gold,0,10,West
0,34.97,0.11,4,0,Beauty,Mobile,Gold,2,10,S
0,57.97,0.22,2,0,Apparel,Desktop,None,0,1,West
1,32.21,0.13,5,1,Apparel,Mobile,None,0,1,West
0,445.94,0.05,4,1,Electronics,Desktop,None,0,1,NE
1,183.37,0.08,5,0,Home,Mobile,None,0,0,S
0,150.41,0.16,3,0,Electronics,Mobile,None,0,4,West
1,179.44,0.19,4,0,Electronics,Mobile,Silver,1,5,S
0,38.53,0.26,5,0,Apparel,Mobile,None,0,1,S
0,67.44,0.19,4,1,Home,Mobile,Silver,0,11,S
0,159.54,0.28,3,0,Home,Mobile,Silver,0,4,NE
0,28.84,0.43,4,1,Beauty,Mobile,Silver,0,6,S
0,84.96,0.21,3,0,Home,Mobile,Silver,1,1,S
0,59.95,0.24,2,0,Shoes,Desktop,None,0,0,NE
0,229.28,0.01,3,0,Electronics,Mobile,None,0,3,West
0,94.26,0.26,4,0,Home,Mobile,Gold,1,5,West
0,31.93,0.25,1,0,Beauty,Mobile,Silver,2,5,MW
0,200.72,0.11,2,0,Home,Mobile,Gold,1,8,MW
0,81.34,0.22,1,0,Shoes,Mobile,Silver,0,6,NE
1,160.76,0.05,4,1,Home,Mobile,Silver,0,5,West
0,25.42,0.15,4,1,Beauty,Desktop,None,1,3,MW
1,105.78,0.16,1,0,Apparel,Desktop,None,0,5,MW
0,37.51,0.27,3,0,Beauty,Mobile,None,0,0,NE
1,102.35,0.06,3,0,Home,Mobile,None,0,8,West
1,256.85,0.1,4,1,Electronics,Mobile,Gold,3,28,NE
0,37.27,0.12,5,1,Apparel,Desktop,Silver,2,6,West
0,112.5,0.24,3,0,Home,Desktop,Silver,2,16,MW
1,149.33,0.36,1,0,Home,Mobile,Gold,0,2,West
0,73.31,0.31,3,0,Shoes,Mobile,Gold,1,16,NE
0,101.96,0.19,1,0,Shoes,Mobile,None,0,4,NE
0,43.02,0.31,2,0,Beauty,Mobile,Silver,0,5,MW
1,235.68,0.05,4,0,Electronics,Desktop,None,0,2,MW
1,201.79,0,4,1,Shoes,Desktop,Silver,1,10,S
1,87.36,0.07,5,0,Shoes,Mobile,Gold,2,19,West
0,126.19,0.41,4,0,Shoes,Desktop,Silver,0,6,S
0,48.96,0.09,4,1,Beauty,Mobile,Gold,0,1,S
0,169.02,0.36,3,0,Shoes,Mobile,Silver,0,5,S
1,298.7,0.17,4,1,Electronics,Mobile,Gold,2,8,MW
0,47.19,0.18,3,0,Beauty,Mobile,Silver,0,4,S
0,57.14,0.07,3,0,Shoes,Desktop,None,1,1,NE
0,26.77,0.08,1,0,Beauty,Desktop,None,0,2,NE
0,30.95,0.16,3,0,Beauty,Mobile,None,0,5,MW
1,35.41,0.22,4,0,Apparel,Mobile,None,0,5,MW
1,147.16,0.16,3,0,Electronics,Desktop,None,0,1,West
0,126.02,0.35,3,0,Electronics,Mobile,Gold,1,25,West
1,254,0.16,5,1,Electronics,Mobile,Silver,0,1,S
0,81.51,0.22,3,1,Shoes,Mobile,None,0,1,S
1,61.41,0.27,3,0,Beauty,Desktop,None,0,0,S
0,38.16,0.18,3,0,Beauty,Mobile,None,0,2,West
0,461.51,0.11,4,1,Electronics,Mobile,None,0,4,S
0,123.62,0.23,4,0,Shoes,Mobile,Silver,0,4,NE
0,58.7,0.03,2,0,Apparel,Desktop,Gold,0,3,MW
0,333.7,0.25,4,0,Electronics,Desktop,None,0,1,West
0,64.12,0.09,3,0,Shoes,Desktop,None,0,1,MW
0,186.33,0.07,2,0,Electronics,Mobile,None,0,2,NE
0,29.11,0.07,4,0,Apparel,Mobile,Silver,1,12,MW
0,22.09,0.23,6,1,Apparel,Desktop,None,0,1,MW
0,38.65,0.15,3,0,Apparel,Mobile,None,0,3,NE
0,176.7,0.17,2,1,Home,Mobile,Silver,0,1,West
1,156.36,0.28,5,0,Home,Desktop,None,0,4,West
1,70.38,0.29,4,1,Apparel,Desktop,None,0,1,MW
1,94.32,0.29,4,1,Home,Desktop,None,0,3,S
1,86.65,0.14,1,0,Home,Mobile,Gold,0,5,West
0,56.51,0.1,1,0,Apparel,Mobile,Gold,1,13,NE
0,78.01,0.25,2,0,Shoes,Mobile,Gold,0,16,S
1,59.09,0.29,4,0,Apparel,Mobile,Gold,2,9,West
0,46.57,0.14,3,1,Shoes,Mobile,None,0,7,MW
0,122.28,0.22,3,0,Home,Mobile,Silver,0,13,NE
1,55.49,0.01,4,0,Shoes,Desktop,None,0,1,West
1,42.64,0.45,3,1,Apparel,Desktop,Gold,0,8,S
1,162.44,0,4,1,Electronics,Mobile,Gold,0,2,S
0,88.82,0.12,2,0,Home,Desktop,None,0,1,NE
0,38.35,0.21,4,0,Apparel,Desktop,Silver,0,3,S
0,74.83,0.2,5,0,Shoes,Mobile,None,0,3,West
0,401.8,0.09,4,0,Electronics,Mobile,Silver,1,10,S
0,84.91,0.07,2,0,Home,Desktop,None,0,1,MW
0,200.13,0.09,1,1,Home,Mobile,Silver,0,9,West
0,125.92,0.15,6,1,Electronics,Mobile,None,0,4,MW
0,90.43,0.27,2,0,Apparel,Mobile,Gold,1,17,MW
1,23.08,0.34,2,0,Beauty,Mobile,None,0,2,MW
0,23.74,0.12,4,0,Beauty,Desktop,None,0,3,S
1,37.22,0.48,3,1,Beauty,Mobile,None,0,1,MW
0,100.89,0.31,2,0,Electronics,Mobile,Silver,0,3,NE
0,70.38,0.41,3,0,Apparel,Mobile,None,0,0,MW
1,34.74,0.23,4,0,Apparel,Desktop,Gold,0,5,S
0,89.39,0.34,2,0,Home,Mobile,None,0,4,NE
0,161.24,0.14,1,0,Electronics,Mobile,Silver,0,2,NE
1,152.21,0.33,3,0,Shoes,Mobile,None,0,3,West
0,194.12,0.08,3,0,Electronics,Mobile,Silver,0,4,S
1,52.07,0.16,2,1,Beauty,Desktop,None,1,9,MW
0,166.5,0.05,1,0,Home,Mobile,Gold,0,0,S
1,211.35,0.22,4,0,Home,Mobile,None,0,2,S
0,13.38,0.2,3,0,Apparel,Desktop,Gold,0,5,S
0,138.16,0.23,1,0,Home,Desktop,Silver,0,6,NE
0,102.36,0.29,4,0,Shoes,Desktop,Silver,0,4,S
0,232.82,0.26,2,0,Electronics,Mobile,None,0,3,NE
1,164.84,0,5,1,Home,Desktop,Silver,0,4,S
0,22.46,0.19,1,0,Beauty,Mobile,Silver,0,1,NE
0,133.03,0.09,5,1,Electronics,Desktop,Gold,1,12,S
0,160.43,0.02,1,0,Home,Desktop,None,0,10,NE
1,105.54,0.28,1,0,Home,Mobile,Silver,0,1,NE
0,246.05,0.15,3,0,Electronics,Mobile,Gold,0,12,MW
0,31.5,0.29,3,0,Beauty,Mobile,None,0,1,NE
0,125.56,0.25,3,0,Home,Desktop,Silver,0,0,NE
0,59.48,0.03,2,0,Home,Desktop,None,0,1,MW
1,177.16,0.04,3,1,Home,Desktop,Silver,0,5,MW
0,154.76,0.24,2,0,Home,Mobile,None,0,4,S
0,209.04,0.14,3,0,Electronics,Mobile,Silver,0,3,S
0,153.79,0.07,4,0,Home,Mobile,Silver,0,8,S
0,35.12,0.21,1,1,Beauty,Desktop,Gold,0,13,NE
1,90.83,0.16,3,0,Home,Mobile,None,0,2,West
0,97.85,0.09,5,0,Shoes,Mobile,None,0,3,NE
0,288.67,0.1,5,1,Electronics,Mobile,None,0,3,West
1,101.43,0.19,3,0,Shoes,Mobile,Silver,0,4,West
0,51.01,0.22,3,0,Apparel,Mobile,Silver,0,1,MW
0,156.47,0.22,3,0,Home,Desktop,None,0,1,S
0,295.28,0.21,3,0,Electronics,Mobile,Silver,0,6,NE
0,387.63,0.01,3,0,Electronics,Desktop,None,0,4,S
0,79.1,0.19,3,1,Shoes,Desktop,Silver,1,9,West
0,191.82,0.32,3,0,Shoes,Mobile,None,0,1,West
1,21.9,0.27,3,1,Apparel,Desktop,None,1,5,MW
0,38.65,0.26,6,1,Apparel,Mobile,Gold,0,9,MW
0,242.6,0.19,1,1,Electronics,Desktop,Silver,0,8,NE
1,36.76,0.2,3,0,Apparel,Desktop,Gold,1,10,West
0,26.39,0.34,4,0,Beauty,Desktop,None,0,2,West
0,61.56,0.34,3,0,Shoes,Mobile,Gold,0,8,S
1,32.41,0.16,5,0,Beauty,Desktop,Gold,1,5,West
1,94.07,0.17,4,1,Home,Mobile,None,1,2,S
0,111.14,0.09,2,0,Home,Mobile,None,0,5,NE
0,243.82,0.01,1,0,Electronics,Mobile,Silver,0,4,MW
0,100.29,0.25,4,0,Home,Mobile,Silver,0,4,West
0,25.66,0.19,1,0,Beauty,Desktop,Gold,1,12,NE
1,87.63,0.1,4,0,Shoes,Mobile,None,0,5,West
0,20.71,0.16,5,1,Beauty,Mobile,Gold,0,1,West
0,48.62,0.1,3,0,Apparel,Mobile,None,0,3,MW
0,130.59,0.17,5,0,Home,Mobile,Gold,1,6,West
0,186.49,0.07,3,0,Electronics,Desktop,None,0,4,NE
0,54.99,0.3,3,0,Apparel,Desktop,Gold,0,7,MW
1,53.31,0.19,4,1,Apparel,Desktop,None,0,6,S
1,64.8,0.23,4,0,Shoes,Mobile,Silver,0,5,West
1,54.22,0.17,3,0,Shoes,Mobile,None,0,3,NE
0,353.77,0.21,3,1,Electronics,Mobile,Gold,0,15,West
0,33.48,0.23,1,0,Apparel,Desktop,None,0,1,NE
0,40.93,0.21,4,1,Beauty,Mobile,None,0,1,S
0,209.66,0.12,2,1,Electronics,Desktop,Silver,0,1,NE
1,130.14,0,1,0,Home,Mobile,Silver,2,7,S
0,202.14,0.23,5,0,Electronics,Desktop,Silver,0,29,West
0,263.46,0,3,0,Electronics,Mobile,None,0,1,NE
0,128.23,0.05,4,1,Home,Desktop,Silver,1,16,S
0,74.3,0.14,4,0,Apparel,Mobile,None,0,2,NE
1,146.59,0,2,1,Electronics,Mobile,None,0,2,MW
0,155.17,0.23,4,0,Electronics,Desktop,None,0,6,S
1,51.06,0.26,2,0,Beauty,Desktop,Silver,0,5,NE
0,149.58,0.22,3,1,Electronics,Desktop,Gold,0,7,NE
0,29.18,0.34,4,1,Apparel,Mobile,None,0,1,West
0,167.33,0.26,3,1,Home,Mobile,Silver,0,2,MW
0,47.82,0.16,3,1,Apparel,Desktop,Gold,0,14,NE
0,28.1,0.19,3,0,Apparel,Desktop,Gold,1,10,NE
0,60.84,0.33,6,1,Beauty,Mobile,Silver,0,5,MW
0,99.72,0.03,2,0,Home,Desktop,None,0,4,MW
0,41.87,0.09,4,0,Apparel,Desktop,None,0,4,S
1,66.9,0.25,2,0,Apparel,Mobile,None,1,4,MW
0,28.01,0.23,3,0,Apparel,Desktop,None,0,7,MW
0,59.29,0.39,2,0,Beauty,Mobile,None,0,2,NE
1,38.02,0.2,3,0,Beauty,Desktop,None,0,0,S
1,24.79,0.03,5,1,Beauty,Desktop,None,0,0,MW
0,49.34,0.29,4,0,Shoes,Desktop,Gold,0,8,S
0,38.02,0.29,3,1,Apparel,Mobile,Gold,0,4,West
0,119.96,0.12,5,0,Home,Desktop,None,0,2,S
1,95.3,0.09,4,0,Home,Mobile,Silver,0,3,S
1,51.3,0.27,3,1,Apparel,Desktop,None,0,0,NE
0,173.39,0.2,3,1,Home,Desktop,None,0,2,MW
1,46.81,0.37,4,0,Apparel,Desktop,Gold,1,15,S
0,70.71,0.19,2,0,Shoes,Desktop,Silver,0,0,S
1,27.06,0.22,1,0,Apparel,Desktop,None,0,0,NE
0,46.56,0.31,1,0,Home,Desktop,Gold,2,9,S
0,23.6,0.26,4,0,Beauty,Mobile,Silver,1,8,S
0,73.36,0.21,4,0,Shoes,Desktop,Gold,0,7,S
0,40.14,0.28,1,0,Beauty,Desktop,Gold,0,12,S
1,221.79,0.05,3,1,Electronics,Mobile,None,0,1,MW
0,34.56,0,2,0,Beauty,Desktop,Gold,1,10,NE
1,123.92,0.11,2,1,Apparel,Desktop,None,0,3,NE
1,29.67,0.03,5,1,Apparel,Mobile,None,0,38,NE
0,30.14,0.2,3,0,Beauty,Desktop,None,0,1,NE
0,79.54,0.11,3,0,Home,Desktop,Gold,0,4,S
0,51.72,0.32,4,1,Apparel,Desktop,None,0,2,S
1,52.38,0.15,5,0,Apparel,Mobile,Silver,0,19,West
0,71.61,0.12,3,0,Apparel,Desktop,None,0,4,West
0,83.5,0.09,4,1,Shoes,Desktop,Gold,0,10,S
1,45.3,0.26,4,0,Apparel,Mobile,Gold,1,7,S
0,26.28,0.23,2,0,Apparel,Desktop,None,0,5,NE
0,42.93,0.25,4,0,Beauty,Desktop,Silver,0,11,S
0,67.91,0.37,5,0,Shoes,Mobile,None,0,2,MW
1,90.49,0.2,4,0,Shoes,Desktop,Silver,0,1,MW
1,49.33,0.24,5,0,Apparel,Mobile,None,1,0,S
0,293.07,0.22,4,0,Electronics,Mobile,None,0,8,NE
1,48.46,0.37,6,1,Apparel,Mobile,Silver,0,8,West
1,117.34,0.07,3,1,Electronics,Desktop,None,0,1,MW
0,179.38,0.13,2,0,Electronics,Desktop,Silver,0,8,NE
1,165.09,0.21,3,0,Electronics,Mobile,Gold,1,21,West
0,80.75,0.1,2,0,Shoes,Mobile,Gold,0,3,MW
1,71.51,0.13,4,1,Shoes,Mobile,Gold,0,4,NE
1,98.94,0.16,2,0,Shoes,Mobile,Gold,0,17,S
1,54.37,0.29,4,1,Beauty,Mobile,None,0,4,West
1,49.11,0.11,4,1,Shoes,Desktop,Silver,0,9,S
0,102.56,0.04,5,1,Home,Mobile,Gold,1,17,West
0,69.88,0.1,3,0,Beauty,Mobile,Silver,0,9,S
1,66.44,0,5,0,Home,Mobile,Gold,3,7,West
0,107.55,0.08,1,0,Shoes,Desktop,Gold,0,9,NE
0,61.91,0,1,0,Apparel,Desktop,None,0,3,West
0,35.85,0.37,2,0,Apparel,Desktop,None,0,2,S
0,135.94,0.33,4,1,Shoes,Mobile,Gold,0,7,MW
0,23.16,0.27,5,1,Beauty,Desktop,Gold,0,9,S
0,69.95,0.36,2,1,Apparel,Mobile,Gold,0,6,MW
0,44.56,0.29,3,1,Apparel,Mobile,Silver,0,6,S
0,52.55,0.04,5,1,Home,Desktop,None,0,0,West
0,199.54,0.31,2,0,Home,Mobile,Silver,0,1,NE
0,36.9,0.22,4,0,Beauty,Desktop,None,0,2,NE
0,378.08,0,3,0,Electronics,Mobile,None,0,2,NE
0,34.05,0.33,4,0,Beauty,Mobile,None,0,3,S
0,179.83,0,2,0,Electronics,Desktop,None,0,0,S
0,66.83,0.21,4,0,Shoes,Mobile,None,0,1,MW
1,32.61,0.22,2,1,Apparel,Mobile,None,0,1,S
0,56.62,0.25,5,0,Apparel,Mobile,Silver,1,27,S
0,90.33,0.01,5,1,Home,Mobile,None,0,2,West
0,78.64,0.23,3,0,Apparel,Mobile,Silver,0,3,NE
0,99.57,0.05,4,0,Shoes,Desktop,None,0,1,S
1,29.12,0.31,3,1,Apparel,Desktop,Silver,0,5,S
0,47.58,0.3,3,0,Apparel,Desktop,Gold,0,2,MW
0,87.05,0.27,3,0,Home,Desktop,None,2,3,NE
1,148.82,0.23,3,0,Home,Mobile,Gold,0,8,NE
0,242.23,0.22,2,1,Electronics,Desktop,Gold,0,10,West
0,34.16,0.22,1,0,Apparel,Mobile,Gold,0,6,S
0,150.59,0.12,5,1,Home,Mobile,None,0,1,West
0,62.74,0.32,1,0,Apparel,Desktop,Gold,0,4,MW
0,194,0.18,5,0,Electronics,Mobile,Silver,0,11,West
1,123.94,0.1,4,0,Home,Desktop,None,0,0,MW
1,290.56,0.04,3,1,Electronics,Desktop,Gold,1,20,S
1,100.3,0.09,4,0,Home,Desktop,Silver,0,4,S
0,179.47,0.22,3,1,Electronics,Mobile,None,1,0,MW
1,129.19,0.13,4,0,Electronics,Desktop,None,0,3,MW
1,46.27,0.34,5,0,Apparel,Desktop,Gold,0,7,S
0,78.95,0.07,1,0,Home,Desktop,Silver,0,6,West
0,63.32,0.16,1,0,Apparel,Desktop,Silver,0,3,West
1,84.03,0.12,5,1,Home,Desktop,None,0,3,West
0,37.73,0.24,5,1,Apparel,Mobile,Gold,0,8,S
1,63.08,0.11,3,1,Apparel,Desktop,None,0,2,MW
0,70.01,0.32,2,0,Apparel,Desktop,Silver,1,3,NE
1,125.16,0.19,3,0,Home,Desktop,Silver,0,2,NE
1,22.12,0.38,6,0,Beauty,Mobile,Gold,0,3,West
0,80.95,0.17,3,0,Home,Desktop,Gold,2,6,S
0,63.57,0.16,3,0,Home,Desktop,Gold,1,14,MW
0,163.83,0.25,1,1,Electronics,Desktop,None,0,4,NE
0,139.81,0.21,3,0,Electronics,Mobile,Silver,0,6,MW
1,131.79,0.29,2,0,Home,Desktop,Gold,2,25,NE
0,205.25,0.06,3,0,Electronics,Mobile,Silver,0,3,MW
1,66.52,0.24,3,1,Apparel,Desktop,Gold,0,7,S
0,39.29,0.38,2,1,Beauty,Mobile,None,0,7,NE
1,192.22,0.05,3,1,Electronics,Desktop,None,0,1,S
0,107.64,0.07,3,0,Home,Desktop,Gold,0,12,S
0,41.16,0.24,1,0,Beauty,Desktop,Silver,1,2,MW
1,75.15,0,5,0,Shoes,Desktop,None,1,6,S
0,168.14,0.16,6,0,Electronics,Desktop,None,2,10,West
0,74.61,0.2,3,0,Home,Mobile,None,0,0,NE
0,24.02,0.28,1,0,Beauty,Mobile,Silver,0,6,NE
0,24.69,0.31,3,0,Beauty,Desktop,None,0,4,MW
0,208.11,0.11,4,0,Electronics,Mobile,None,0,2,West
0,145.32,0.31,2,0,Home,Desktop,Gold,0,8,MW
1,89.72,0.36,3,0,Shoes,Desktop,Silver,0,3,West
0,157.74,0.1,3,0,Electronics,Desktop,Silver,0,10,MW
0,30.49,0.24,3,1,Apparel,Mobile,Silver,0,7,West
0,236.85,0.21,3,0,Electronics,Desktop,Gold,1,4,NE
1,441.16,0.2,5,1,Electronics,Mobile,Silver,0,1,S
1,105.64,0.15,3,0,Shoes,Mobile,Silver,1,2,MW
0,125.21,0.22,4,1,Home,Mobile,None,0,5,MW
1,19.34,0.36,5,1,Apparel,Mobile,None,0,2,MW
0,121.58,0.02,2,1,Home,Desktop,Silver,0,1,MW
1,37.7,0,3,0,Apparel,Mobile,None,0,0,MW
0,331.61,0.18,2,0,Electronics,Mobile,Silver,1,13,NE
0,227.06,0.01,5,0,Electronics,Mobile,Silver,0,4,NE
0,40.16,0.23,3,0,Apparel,Mobile,Gold,0,4,West
0,197.62,0.19,5,0,Shoes,Mobile,Gold,0,6,S
0,199.61,0.1,2,0,Home,Mobile,Silver,0,4,NE
1,40.75,0.35,3,0,Apparel,Mobile,None,0,6,NE
0,39.33,0.33,2,0,Apparel,Mobile,Gold,0,5,MW
0,101.13,0.34,2,0,Home,Mobile,Gold,3,24,NE
0,115.49,0.17,4,1,Home,Desktop,None,0,2,S
0,143.97,0.1,3,0,Home,Mobile,Gold,0,6,West
0,26.87,0.27,1,0,Beauty,Mobile,Gold,0,5,NE
1,207.47,0.34,5,1,Home,Desktop,Silver,0,2,S
1,83.69,0.31,3,0,Home,Mobile,Silver,0,5,West
1,124.12,0.19,4,1,Shoes,Mobile,None,0,5,West
0,29.83,0.31,3,0,Beauty,Mobile,None,0,4,NE
0,250.5,0.2,2,0,Electronics,Mobile,Silver,0,3,NE
0,48.74,0.29,4,1,Apparel,Desktop,Silver,0,5,MW
0,156.6,0,1,0,Shoes,Desktop,Gold,1,18,NE
0,76.69,0.28,4,0,Apparel,Desktop,None,0,12,S
0,38.02,0.25,1,0,Apparel,Mobile,Silver,0,9,NE
0,41.85,0.19,4,1,Beauty,Mobile,None,0,7,NE
1,73.56,0.23,3,0,Apparel,Desktop,None,0,2,S
0,320.27,0.02,4,1,Electronics,Mobile,Silver,0,4,West
0,220.41,0.14,2,0,Home,Mobile,None,1,2,S
1,171.3,0.2,4,0,Home,Desktop,None,0,2,S
0,43.03,0.34,1,0,Apparel,Mobile,Gold,0,11,NE
1,36.83,0.32,5,0,Apparel,Mobile,None,0,7,West
1,181.64,0.04,4,0,Electronics,Desktop,None,0,5,S
0,57.61,0.37,3,0,Apparel,Desktop,None,0,0,S
1,67,0.18,5,0,Beauty,Desktop,None,1,5,NE
0,77.85,0.3,1,0,Apparel,Desktop,Silver,0,7,S
0,103.33,0,5,0,Home,Mobile,Gold,2,23,West
1,83.94,0.31,2,1,Home,Desktop,None,0,6,NE
1,59.87,0.12,2,0,Beauty,Desktop,None,0,5,NE
0,44.1,0.19,3,0,Apparel,Desktop,Silver,2,3,S
0,21.87,0.29,3,0,Beauty,Mobile,Gold,1,11,West
0,177.18,0.16,4,1,Electronics,Mobile,None,0,1,S
1,125.47,0.29,4,0,Home,Mobile,Gold,0,6,S
1,48.13,0.12,3,1,Apparel,Desktop,Gold,1,7,MW
0,49.34,0.08,2,0,Beauty,Mobile,Gold,1,3,NE
0,172.26,0.06,2,0,Shoes,Mobile,Silver,0,1,S
0,26.38,0.33,3,0,Apparel,Mobile,Silver,0,0,West
0,32.68,0.17,3,0,Beauty,Mobile,None,0,1,NE
1,61.99,0.29,2,1,Home,Desktop,None,1,2,S
0,193.24,0.07,3,0,Electronics,Mobile,Silver,0,6,MW
1,31.47,0.23,2,0,Beauty,Mobile,None,0,2,West
0,155.94,0.05,4,0,Home,Mobile,None,0,5,NE
0,52.02,0.29,2,0,Apparel,Mobile,None,0,3,NE
1,134.61,0.05,6,0,Shoes,Mobile,Silver,0,4,MW
0,17.74,0.36,2,0,Beauty,Mobile,None,0,1,MW
0,118.99,0.16,3,0,Electronics,Mobile,None,0,4,S
1,50.63,0.14,4,0,Apparel,Mobile,Silver,0,4,S
1,32.21,0.05,5,1,Apparel,Desktop,Gold,0,3,West
0,113.92,0.01,3,0,Home,Desktop,None,0,2,NE
0,43.41,0.28,3,0,Beauty,Mobile,Gold,0,10,MW
1,39.84,0.33,3,0,Apparel,Mobile,Gold,0,7,West
0,46.42,0.23,3,0,Apparel,Desktop,Gold,2,34,S
1,65.01,0.24,3,0,Apparel,Mobile,None,2,6,S
0,74.55,0.21,3,1,Apparel,Desktop,Silver,0,4,West
0,55.57,0.06,3,0,Shoes,Mobile,Gold,0,2,NE
0,255.93,0.02,4,0,Electronics,Desktop,None,0,4,S
0,64.16,0.22,5,0,Shoes,Mobile,None,0,2,NE
0,161.44,0.15,5,0,Electronics,Desktop,None,0,2,S
0,251.84,0.07,5,1,Home,Desktop,None,0,0,West
0,26.96,0,4,0,Apparel,Mobile,Silver,0,5,West
0,181.62,0.21,2,0,Home,Mobile,None,0,1,S
1,51.77,0.12,4,1,Apparel,Desktop,None,1,2,West
0,302.04,0.16,3,0,Electronics,Desktop,Silver,1,2,West
1,93.33,0.28,2,0,Home,Mobile,Silver,0,0,MW
1,73.87,0.15,5,1,Shoes,Mobile,Silver,1,15,S
1,85.85,0.23,3,0,Shoes,Mobile,Silver,0,3,NE
1,42.22,0.19,2,1,Beauty,Mobile,Gold,0,21,S
0,99.65,0.13,1,0,Shoes,Mobile,Silver,0,7,NE
0,48.83,0.26,3,1,Apparel,Desktop,None,0,7,S
1,36.08,0.09,1,0,Beauty,Mobile,Silver,0,5,MW
1,49.84,0.16,4,0,Apparel,Desktop,None,0,3,West
0,246.84,0.21,2,1,Electronics,Desktop,Gold,1,9,West
1,51.64,0.39,6,1,Apparel,Mobile,None,1,5,West
1,141.05,0.17,6,0,Electronics,Desktop,Silver,0,0,S
0,66.16,0.26,4,0,Apparel,Mobile,None,0,0,S
1,196.24,0.1,3,0,Home,Desktop,Silver,0,7,NE
0,23.21,0.1,3,0,Beauty,Mobile,Gold,0,2,NE
0,280.29,0.08,1,0,Electronics,Desktop,Gold,0,6,S
1,60.53,0.17,2,0,Apparel,Mobile,Gold,0,5,S
0,241.82,0,1,1,Electronics,Mobile,None,0,1,NE
0,66.69,0.11,3,0,Shoes,Desktop,Silver,1,6,MW
0,99.67,0.37,3,0,Home,Mobile,Silver,0,2,S
0,40.32,0.08,4,1,Apparel,Desktop,Gold,0,26,NE
0,239.22,0.08,2,0,Electronics,Desktop,Gold,0,5,NE
0,52.75,0.28,1,0,Apparel,Desktop,None,0,0,S
0,52.8,0.26,5,1,Home,Mobile,None,0,2,S
1,62.62,0.28,2,1,Shoes,Desktop,None,0,0,MW
1,63.99,0.21,3,1,Apparel,Desktop,None,0,8,MW
0,104.75,0.11,3,1,Shoes,Mobile,Gold,0,11,MW
0,100.44,0.23,4,0,Home,Mobile,Silver,0,5,S
0,47,0.2,2,0,Beauty,Mobile,Gold,1,5,S
1,44.65,0.14,3,0,Apparel,Desktop,None,0,2,NE
0,34.51,0.3,4,0,Beauty,Mobile,None,0,2,S
1,14.72,0.23,4,0,Apparel,Mobile,None,1,4,S
1,35.37,0.28,3,0,Apparel,Desktop,Silver,0,16,NE
1,56.24,0.36,3,0,Apparel,Mobile,None,0,5,MW
0,117.62,0,2,1,Electronics,Desktop,None,1,6,West
0,438.22,0.01,3,0,Electronics,Mobile,Gold,0,2,S
0,40.07,0.36,2,0,Apparel,Mobile,Gold,1,6,MW
0,59.5,0.26,3,0,Beauty,Mobile,None,1,1,MW
0,146.48,0.04,4,0,Home,Mobile,None,0,1,S
1,118.42,0.25,6,1,Electronics,Desktop,None,2,1,MW
0,26.29,0.31,3,0,Apparel,Desktop,None,0,1,S
0,419.71,0.12,4,0,Electronics,Mobile,Silver,0,11,MW
0,33.63,0.08,2,1,Beauty,Mobile,Silver,0,6,MW
1,62.71,0.25,4,0,Apparel,Mobile,None,0,1,S
0,41.05,0.21,3,0,Shoes,Mobile,Silver,0,6,NE
0,27.12,0.17,4,1,Apparel,Mobile,None,0,1,MW
1,60.23,0.21,3,0,Shoes,Mobile,Gold,0,3,West
0,29.1,0.35,5,0,Apparel,Mobile,Silver,1,7,West
0,201.52,0,3,0,Electronics,Desktop,Silver,0,4,MW
0,188.08,0.2,3,0,Electronics,Mobile,Silver,0,1,MW
0,146.73,0.17,1,0,Shoes,Desktop,None,0,8,NE
1,82.21,0.09,2,0,Shoes,Desktop,Silver,0,2,MW
0,274.27,0.18,3,1,Electronics,Desktop,Silver,0,1,NE
0,187.07,0,3,1,Electronics,Mobile,None,0,0,MW
1,29.1,0.4,3,0,Apparel,Mobile,Silver,0,1,MW
0,64.15,0.14,2,0,Apparel,Mobile,None,0,2,NE
1,50.93,0.23,2,0,Shoes,Desktop,None,1,6,MW
0,222.46,0,2,1,Electronics,Desktop,None,1,6,MW
0,110.14,0.31,3,0,Shoes,Desktop,None,0,1,NE
0,437.32,0.02,3,1,Electronics,Mobile,None,0,4,NE
0,101.29,0.29,4,0,Home,Desktop,None,0,1,West
1,53.68,0.15,2,0,Apparel,Mobile,Silver,0,6,NE
0,169.93,0,2,1,Electronics,Desktop,None,0,0,MW
0,30.15,0.26,3,0,Beauty,Mobile,None,0,9,S
0,109.7,0.18,1,0,Home,Mobile,Gold,1,11,MW
1,166.29,0.29,2,0,Home,Mobile,None,0,1,MW
0,148.83,0.15,4,0,Shoes,Desktop,Silver,0,4,S
0,28.45,0.25,2,0,Apparel,Desktop,None,0,2,S
0,182.17,0.07,3,0,Home,Desktop,None,0,1,NE
0,40.83,0.32,2,0,Apparel,Desktop,Silver,0,1,NE
0,51.17,0.07,1,0,Shoes,Desktop,None,0,4,MW
1,30.94,0.25,3,0,Beauty,Desktop,Silver,0,2,West
0,191.01,0.3,4,0,Electronics,Desktop,None,0,5,S
0,146.56,0.1,3,0,Shoes,Desktop,None,1,6,S
0,101.34,0.25,4,0,Shoes,Desktop,Silver,0,6,NE
1,56.85,0.16,5,1,Apparel,Mobile,Silver,1,7,West
0,34.67,0.16,1,0,Apparel,Desktop,Gold,0,6,West
0,47.08,0.03,1,0,Shoes,Mobile,Gold,3,29,NE
0,62.51,0.24,1,0,Apparel,Desktop,None,0,3,MW
0,52.26,0.28,3,1,Beauty,Desktop,Silver,1,1,NE
0,52.3,0.25,4,0,Apparel,Mobile,None,0,2,West
0,70.68,0.29,1,0,Home,Desktop,None,0,5,NE
0,163,0.13,5,1,Electronics,Desktop,Silver,1,8,West
0,35.41,0.19,1,0,Beauty,Mobile,Gold,1,23,S
0,22.41,0.15,5,1,Beauty,Mobile,Silver,0,9,MW
0,82.95,0.14,3,0,Shoes,Desktop,None,0,6,S
0,29.03,0.27,5,0,Beauty,Mobile,None,0,3,West
1,238.01,0.14,4,0,Electronics,Mobile,None,0,0,MW
1,145.78,0.17,5,1,Shoes,Desktop,Silver,0,1,NE
1,90.19,0.13,3,0,Home,Desktop,Gold,0,9,West
1,226.53,0.16,5,1,Electronics,Mobile,None,1,17,MW
1,93.5,0.2,3,1,Shoes,Desktop,Silver,0,3,MW
1,146.04,0.31,4,0,Home,Desktop,None,0,0,West
0,38.13,0.41,3,1,Apparel,Desktop,None,0,3,NE
0,229.1,0.1,4,1,Electronics,Mobile,Silver,0,6,MW
1,38.28,0.26,4,0,Beauty,Desktop,None,0,2,NE
0,53.93,0.33,2,0,Apparel,Desktop,None,0,2,NE
0,51.5,0.3,3,0,Apparel,Mobile,Gold,0,6,S
0,31.93,0.26,4,0,Apparel,Desktop,Silver,0,3,S
1,203.41,0.32,4,1,Home,Desktop,None,0,5,NE
1,86.98,0.2,2,1,Shoes,Desktop,None,0,2,S
0,171.57,0.09,2,0,Electronics,Desktop,Silver,1,8,S
1,186.02,0.18,3,1,Electronics,Mobile,Silver,0,3,S
0,191.9,0.23,4,0,Electronics,Mobile,Silver,0,13,S
0,42.81,0.2,3,0,Shoes,Mobile,Silver,0,7,MW
0,74.47,0.34,2,0,Apparel,Desktop,None,1,4,NE
1,88.4,0.34,4,0,Shoes,Desktop,None,0,1,S
0,149.41,0.1,2,0,Home,Mobile,None,1,3,MW
1,70.56,0.1,4,0,Shoes,Desktop,Silver,1,7,NE
1,186.47,0.39,3,0,Home,Mobile,Silver,0,5,NE
1,162.14,0.07,6,1,Electronics,Desktop,Silver,0,2,West
1,73.45,0.31,4,1,Apparel,Desktop,None,0,3,MW
0,73.15,0.3,2,0,Apparel,Desktop,Silver,0,4,NE
0,49.09,0.19,2,0,Apparel,Mobile,Gold,0,9,MW
1,212.54,0.1,4,0,Electronics,Mobile,Gold,1,9,S
0,59.68,0.21,1,0,Apparel,Mobile,Gold,0,3,West
1,203.95,0.19,5,1,Electronics,Desktop,Silver,0,6,S
0,160.89,0.21,3,1,Shoes,Desktop,Gold,0,7,NE
1,157.6,0.04,3,1,Home,Desktop,None,0,1,NE
0,147.41,0.25,5,0,Home,Mobile,None,0,5,S
1,60.46,0.1,4,1,Shoes,Mobile,None,1,8,S
0,44.01,0.21,1,0,Shoes,Desktop,Gold,2,3,NE
0,71.71,0.23,3,1,Apparel,Desktop,None,0,2,West
0,45.85,0.43,2,0,Apparel,Desktop,None,2,27,S
0,188.68,0.14,3,0,Electronics,Desktop,Silver,2,9,NE
0,236.8,0.21,4,1,Home,Mobile,None,0,2,S
0,63.15,0.03,4,0,Beauty,Desktop,None,0,5,S
1,77.48,0.33,5,1,Apparel,Desktop,Silver,0,4,S
0,32.72,0.36,4,1,Apparel,Mobile,Silver,0,3,MW
0,17.88,0,2,0,Apparel,Desktop,Gold,0,11,MW
1,78.51,0.26,4,0,Shoes,Desktop,None,0,10,MW
1,52.05,0.11,1,0,Apparel,Mobile,None,0,3,NE
0,70.69,0.07,4,1,Apparel,Desktop,Gold,0,1,West
0,54.26,0.04,4,1,Shoes,Desktop,None,0,0,West
0,21.78,0.23,3,0,Apparel,Desktop,None,0,9,West
1,44.55,0.19,4,1,Shoes,Mobile,Gold,1,5,NE
0,290.91,0.19,3,1,Electronics,Desktop,Gold,0,8,S
0,44.08,0.19,6,1,Beauty,Desktop,None,0,6,West
1,28.25,0.38,2,0,Apparel,Desktop,Silver,2,8,S
0,164.89,0.2,2,0,Home,Mobile,Gold,0,7,S
0,56.32,0.17,4,1,Beauty,Desktop,Gold,0,6,S
0,46.36,0.22,3,0,Home,Mobile,None,0,1,S
0,44.53,0.47,1,0,Apparel,Mobile,Gold,2,27,NE
1,72.97,0.23,2,0,Beauty,Mobile,Silver,0,10,MW
1,35.64,0.29,4,0,Apparel,Desktop,None,0,1,MW
1,103.24,0.1,3,0,Electronics,Mobile,None,0,8,NE
0,285.04,0.13,2,0,Electronics,Mobile,Gold,1,8,MW
0,158.59,0.19,4,0,Home,Desktop,None,0,4,MW
1,170.19,0,4,1,Home,Mobile,None,1,2,West
0,25.18,0.2,4,0,Beauty,Mobile,Silver,1,9,MW
1,45.89,0.46,2,0,Beauty,Desktop,Gold,0,4,S
0,79.01,0.17,3,1,Home,Mobile,None,0,2,NE
1,34.37,0.1,4,1,Apparel,Mobile,None,0,1,S
1,30.75,0.13,2,0,Beauty,Desktop,None,0,2,NE
0,50.29,0.25,1,0,Apparel,Mobile,Gold,1,20,NE
0,161.7,0.36,1,0,Home,Desktop,Gold,3,16,NE
0,311.13,0.12,1,0,Electronics,Mobile,Gold,2,10,NE
1,27.42,0.23,5,0,Apparel,Desktop,Silver,1,9,West
0,55.5,0.25,1,0,Apparel,Mobile,Gold,1,16,West
0,20.38,0.16,2,0,Beauty,Mobile,None,0,4,NE
0,29.97,0.39,4,1,Apparel,Mobile,Silver,1,8,NE
1,54.22,0.22,3,0,Apparel,Desktop,None,0,5,MW
1,41.74,0.19,5,1,Beauty,Desktop,None,1,4,MW
0,29.34,0.36,2,1,Beauty,Desktop,None,0,3,NE
0,163.57,0.09,2,1,Electronics,Desktop,Gold,1,13,NE
0,53,0.14,3,0,Apparel,Desktop,Silver,0,1,S
0,51.87,0.29,3,0,Apparel,Mobile,None,0,6,S
1,56.5,0.31,2,0,Apparel,Mobile,Gold,0,8,West
0,25.54,0.02,4,1,Beauty,Mobile,None,0,1,MW
1,28.68,0.23,4,1,Beauty,Mobile,None,0,1,West
0,224.79,0.08,3,0,Electronics,Desktop,None,1,1,MW
0,93.72,0.13,2,0,Shoes,Desktop,Silver,0,6,MW
1,85.67,0.21,2,0,Shoes,Mobile,None,0,1,S
0,33.7,0.26,3,0,Beauty,Mobile,None,0,4,NE
0,182.61,0.11,3,0,Electronics,Desktop,Silver,0,5,West
0,69.36,0.2,1,1,Shoes,Desktop,Silver,0,2,NE
1,21.68,0.35,4,0,Apparel,Mobile,Silver,0,0,West
1,44.75,0.5,3,0,Beauty,Desktop,Silver,0,6,S
1,34.66,0.36,4,1,Apparel,Desktop,None,0,2,S
0,19.31,0.2,2,0,Apparel,Mobile,Gold,1,7,S
1,199.27,0.08,2,0,Electronics,Mobile,Silver,0,3,MW
0,144.54,0.23,5,0,Home,Desktop,Silver,0,5,S
0,25.64,0.06,5,1,Apparel,Mobile,Gold,0,7,MW
0,58.82,0.35,5,0,Apparel,Desktop,None,1,5,MW
0,212.22,0.1,3,1,Electronics,Desktop,Silver,0,2,NE
0,89.53,0.18,1,0,Apparel,Desktop,Silver,1,8,NE
0,64.84,0.22,2,0,Apparel,Mobile,Silver,0,2,MW
0,152.92,0.2,3,1,Home,Desktop,Gold,1,10,S
0,67.73,0.14,6,0,Apparel,Desktop,Silver,0,6,West
0,231.06,0.22,2,1,Electronics,Desktop,Silver,1,13,West
0,54.75,0.3,4,0,Apparel,Mobile,Gold,2,8,S
0,137.23,0.21,4,1,Home,Desktop,Gold,1,6,MW
0,85.55,0.1,4,0,Home,Mobile,Silver,0,5,NE
0,53.16,0.09,4,1,Apparel,Mobile,Gold,0,4,S
1,65.04,0.27,7,1,Apparel,Mobile,None,0,4,West
0,122.16,0.06,3,0,Shoes,Mobile,Silver,0,10,MW
0,33.61,0.16,4,0,Beauty,Mobile,Silver,0,8,S
1,86.37,0.24,3,0,Apparel,Mobile,Silver,1,5,West
0,205.37,0,2,0,Home,Mobile,None,0,1,NE
0,41.26,0,4,1,Apparel,Mobile,None,2,4,West
0,191.59,0.01,3,1,Home,Desktop,Silver,0,8,MW
0,58.36,0.2,3,0,Beauty,Mobile,None,0,0,S
0,60.92,0.18,2,0,Shoes,Desktop,Silver,0,4,MW
1,89.42,0.26,4,1,Home,Mobile,None,0,3,S
0,60.08,0.08,3,0,Apparel,Desktop,Silver,0,2,NE
0,41.77,0.24,2,0,Beauty,Desktop,Gold,0,3,S
1,39.94,0.26,2,0,Beauty,Desktop,Gold,1,10,S
0,37.4,0.19,3,1,Apparel,Desktop,None,0,4,NE
1,143.17,0.04,1,0,Home,Mobile,Gold,0,6,NE
0,121.37,0.07,3,0,Electronics,Mobile,Gold,0,8,S
0,33.23,0.28,3,0,Apparel,Desktop,None,0,1,NE
1,42.98,0.3,5,0,Apparel,Mobile,Silver,0,6,West
0,62.24,0.29,5,0,Beauty,Mobile,Gold,0,5,MW
0,151.3,0.15,1,0,Home,Mobile,Gold,1,17,S
0,120.67,0.28,3,1,Home,Mobile,None,0,2,S
0,175.64,0.12,2,0,Electronics,Mobile,Silver,0,5,West
1,76.76,0.17,4,0,Apparel,Mobile,None,1,4,S
0,340.22,0,3,1,Electronics,Mobile,Silver,0,3,West
0,61.96,0.28,5,0,Apparel,Desktop,Silver,0,2,S
0,32,0.21,3,1,Apparel,Desktop,None,0,0,West
0,63.22,0.32,3,0,Apparel,Desktop,Silver,0,3,MW
0,51.12,0.4,3,0,Apparel,Mobile,Silver,0,7,MW
0,156.82,0.03,3,0,Electronics,Mobile,Silver,0,2,NE
0,166.52,0.3,2,0,Home,Desktop,Silver,0,3,S
1,97.64,0.02,5,1,Home,Mobile,None,1,4,S
0,29.2,0.19,1,0,Beauty,Mobile,Gold,1,18,S
0,50.74,0.44,4,0,Beauty,Desktop,Gold,0,2,S
1,35.52,0.38,4,0,Apparel,Desktop,Silver,0,1,West
1,61.6,0.2,3,0,Shoes,Mobile,Gold,1,7,NE
1,61.56,0.13,4,1,Shoes,Mobile,None,0,11,S
0,57.48,0.28,1,0,Shoes,Mobile,None,0,1,NE
1,34.58,0.26,3,1,Beauty,Mobile,Silver,0,1,S
0,45.14,0.07,3,0,Shoes,Mobile,Silver,0,9,S
0,103.14,0.25,1,0,Apparel,Mobile,Gold,0,4,S
0,165.04,0.27,5,1,Home,Mobile,None,0,0,West
0,288.38,0.13,1,0,Electronics,Mobile,Silver,0,1,MW
1,16.82,0.26,3,0,Apparel,Mobile,None,0,3,S
1,30.8,0.22,3,0,Apparel,Desktop,None,0,2,NE
0,46.45,0.36,2,0,Apparel,Desktop,Silver,1,7,MW
0,45.88,0.45,3,1,Beauty,Mobile,Gold,2,14,West
1,127.29,0.17,3,1,Home,Mobile,None,1,4,MW
0,150.4,0.24,1,0,Electronics,Desktop,Silver,0,7,NE
1,62.23,0.27,4,1,Apparel,Desktop,Silver,0,9,West
0,20,0.23,1,0,Beauty,Desktop,Silver,0,3,West
1,60.9,0.26,2,0,Beauty,Mobile,None,0,1,NE
0,34.46,0.28,2,0,Beauty,Mobile,None,0,7,NE
0,168.68,0.05,2,0,Electronics,Desktop,None,0,3,NE
0,67.51,0.06,1,0,Apparel,Desktop,Gold,0,10,NE
0,29.64,0.24,2,1,Apparel,Desktop,Silver,0,1,MW
0,210.14,0.17,3,0,Electronics,Desktop,Silver,0,0,S
0,215.47,0,2,0,Electronics,Desktop,None,1,9,West
1,203.11,0.09,5,1,Electronics,Mobile,Gold,2,18,S
1,64.56,0.33,4,1,Apparel,Mobile,None,0,3,S
0,41.34,0.18,4,0,Apparel,Desktop,None,0,5,NE
1,87.05,0.07,3,0,Shoes,Mobile,Gold,0,12,NE
0,50.16,0.22,2,0,Apparel,Mobile,Silver,0,2,NE
1,63.42,0.03,3,0,Home,Mobile,Gold,0,7,MW
0,89.84,0.16,2,0,Shoes,Mobile,None,0,2,S
0,93.26,0.28,2,0,Apparel,Mobile,Gold,0,9,NE
1,36.03,0.07,5,0,Beauty,Desktop,Gold,2,23,West
0,51.16,0.37,3,0,Apparel,Desktop,Silver,0,0,MW
0,49.54,0.33,4,0,Beauty,Mobile,Silver,0,6,West
0,187.71,0.17,5,0,Electronics,Mobile,None,1,7,S
0,132.17,0.11,4,0,Home,Desktop,Silver,0,0,S
0,42.18,0,1,0,Home,Mobile,None,0,3,NE
0,64.65,0.1,3,0,Home,Mobile,Gold,2,19,NE
1,52.29,0.35,3,0,Beauty,Mobile,None,0,1,MW
0,203.34,0,3,0,Home,Mobile,Gold,1,8,S
0,263.29,0.11,3,0,Electronics,Desktop,None,2,5,NE
1,57.02,0.21,2,0,Beauty,Mobile,Gold,2,16,NE
0,127.27,0.11,6,0,Home,Desktop,None,0,2,West
0,51.54,0.26,2,1,Beauty,Desktop,Silver,0,2,MW
0,38.8,0.07,4,0,Beauty,Desktop,None,0,3,NE
0,74.86,0,4,0,Apparel,Mobile,Silver,0,11,West
0,257.35,0.26,3,1,Electronics,Mobile,Gold,0,7,West
0,43.21,0.14,3,0,Apparel,Mobile,Gold,2,16,MW
0,31.46,0.32,4,0,Beauty,Mobile,None,1,5,West
0,39.38,0.18,1,0,Beauty,Desktop,None,0,0,NE
1,23.56,0.24,6,1,Beauty,Mobile,Silver,0,4,West
0,123.22,0.16,2,0,Home,Desktop,Silver,0,2,NE
0,169.55,0.21,3,0,Home,Mobile,Gold,1,9,MW
0,62.11,0.22,3,0,Apparel,Mobile,Silver,0,4,MW
0,258.59,0,5,1,Electronics,Desktop,None,0,0,S
1,122.83,0.18,5,1,Home,Desktop,None,0,1,NE
0,115.02,0,2,0,Home,Desktop,None,0,2,NE
0,212,0,3,0,Electronics,Mobile,Gold,0,9,S
0,163.79,0.02,1,0,Home,Desktop,Silver,0,5,NE
1,31.55,0.04,3,1,Beauty,Mobile,None,0,1,MW
0,138.94,0.17,4,1,Home,Desktop,None,1,4,MW
0,51.96,0.25,1,0,Apparel,Desktop,Gold,0,4,MW
1,32,0.06,4,0,Apparel,Desktop,None,0,3,MW
1,66.64,0.13,3,1,Shoes,Desktop,Silver,2,12,West
0,44.78,0.09,3,1,Shoes,Desktop,None,0,3,West
0,64.33,0.09,4,0,Home,Mobile,Silver,0,11,S
1,53.48,0.24,3,0,Shoes,Desktop,Gold,2,12,S
0,28.72,0.13,4,1,Beauty,Mobile,Silver,0,5,S
0,181.98,0.2,3,0,Home,Desktop,None,0,3,NE
0,66.02,0.26,3,0,Beauty,Mobile,None,0,0,MW
0,135.78,0.27,5,1,Home,Mobile,Silver,1,4,S
0,55.48,0.25,5,0,Beauty,Desktop,Silver,0,5,West
0,324.41,0.04,2,0,Electronics,Desktop,Gold,2,17,S
1,15.82,0.16,2,1,Beauty,Desktop,Silver,0,7,MW
0,61.19,0.12,2,0,Beauty,Mobile,Gold,0,31,S
0,200.61,0.09,1,1,Electronics,Desktop,None,0,4,S
0,29.91,0.39,3,0,Apparel,Mobile,Gold,0,12,West
0,575.52,0.28,4,0,Electronics,Mobile,None,0,4,MW
1,34.51,0.27,6,1,Apparel,Desktop,None,0,1,West
0,136.89,0.11,4,0,Shoes,Desktop,Silver,0,4,NE
0,51.02,0.14,4,0,Apparel,Desktop,Gold,1,6,West
0,34.64,0.24,3,0,Beauty,Desktop,None,0,1,MW
0,32.98,0.3,2,0,Beauty,Desktop,None,1,0,NE
0,128.06,0.07,5,1,Electronics,Desktop,Gold,0,8,S
1,70.04,0.36,4,0,Apparel,Mobile,Silver,0,2,S
1,149.26,0,5,0,Home,Desktop,Silver,0,6,MW
0,117.36,0.09,1,0,Home,Mobile,Gold,0,8,NE
0,109.49,0.11,3,0,Home,Mobile,Silver,0,7,NE
1,175.32,0.19,2,0,Electronics,Desktop,None,0,4,NE
0,216.12,0.17,2,0,Electronics,Mobile,None,1,12,NE
0,57.79,0.2,4,0,Shoes,Desktop,Silver,0,1,NE
0,302.69,0.05,3,1,Electronics,Mobile,Silver,0,3,West
1,134.77,0.29,4,0,Shoes,Desktop,None,0,2,NE
0,59.22,0.24,3,1,Apparel,Desktop,Gold,0,8,West
1,70.3,0.12,5,1,Shoes,Mobile,None,0,2,West
0,135.03,0.1,3,0,Home,Desktop,Gold,1,12,MW
0,42.79,0.35,2,1,Apparel,Desktop,Gold,0,13,MW
0,111.36,0,4,1,Electronics,Desktop,None,0,2,NE
0,28.8,0.12,1,0,Beauty,Mobile,Silver,0,5,NE
0,23.86,0.29,3,0,Beauty,Desktop,None,0,2,S
0,58.31,0.25,5,1,Beauty,Desktop,None,0,2,MW
0,92.27,0.05,4,1,Shoes,Mobile,None,0,2,West
0,28.74,0.09,2,0,Beauty,Desktop,Silver,0,2,MW
0,103.35,0.14,2,0,Electronics,Mobile,Gold,0,20,NE
0,94.23,0.23,3,0,Home,Desktop,Silver,0,9,West
0,48.21,0.09,3,0,Beauty,Desktop,Gold,2,7,West
0,268.59,0.14,3,0,Electronics,Mobile,None,2,16,NE
0,150.46,0.01,3,0,Home,Mobile,Gold,0,4,S
0,389.09,0,3,0,Electronics,Mobile,Gold,0,3,NE
0,87.16,0.05,4,0,Home,Mobile,Silver,0,0,S
0,137.22,0.17,5,0,Electronics,Desktop,None,0,7,MW
0,70.72,0.15,1,0,Apparel,Mobile,Gold,1,6,S
0,46.48,0.24,2,0,Apparel,Desktop,Gold,1,11,West
1,66.32,0.11,2,0,Shoes,Mobile,None,0,5,NE
1,141.87,0.08,3,0,Electronics,Desktop,Silver,0,4,NE
0,45.43,0.47,2,0,Apparel,Mobile,Gold,1,8,S
1,103.77,0.13,5,1,Home,Desktop,None,0,2,S
0,231.08,0.1,2,0,Electronics,Desktop,None,0,8,MW
0,126.55,0.29,3,0,Electronics,Mobile,Gold,0,14,MW
0,18.96,0.22,2,0,Beauty,Mobile,Silver,1,9,West
0,88.02,0.41,2,0,Shoes,Mobile,Gold,0,6,S
0,98.77,0.25,5,0,Shoes,Mobile,Silver,0,7,MW
1,65.34,0.15,5,0,Home,Mobile,None,0,7,West
0,283.31,0.04,4,0,Electronics,Mobile,Gold,2,34,MW
0,61.89,0.31,5,0,Apparel,Desktop,None,0,3,S
0,102.54,0.27,2,0,Home,Mobile,Gold,2,17,MW
1,16.44,0.38,3,0,Apparel,Desktop,None,0,2,West
0,79.38,0.23,6,1,Home,Desktop,Gold,1,5,West
1,23.82,0.25,3,1,Apparel,Mobile,Gold,3,21,West
0,33.18,0.29,4,0,Apparel,Mobile,Gold,0,11,West
0,117.4,0.1,3,0,Home,Desktop,Gold,1,5,MW
0,117.84,0.1,6,0,Shoes,Mobile,Gold,1,9,West
1,191.48,0,3,0,Electronics,Mobile,Gold,1,11,S
0,110.75,0.08,3,0,Shoes,Desktop,Silver,0,5,West
0,67.17,0.28,2,0,Apparel,Desktop,Silver,0,1,West
1,39.02,0.09,2,0,Apparel,Desktop,Silver,0,2,MW
0,17.23,0.19,3,1,Beauty,Mobile,None,0,5,S
0,18.26,0.16,4,1,Beauty,Desktop,Gold,0,4,West
1,79.45,0.33,4,1,Apparel,Desktop,Gold,0,2,S
0,268.41,0.1,4,0,Electronics,Desktop,Silver,0,8,S
0,74.77,0.05,3,0,Shoes,Mobile,Silver,0,13,MW
0,181.91,0.14,1,0,Electronics,Desktop,None,0,1,NE
0,108.92,0.33,4,1,Home,Mobile,Silver,0,7,S
1,37.3,0.17,5,0,Apparel,Mobile,Silver,0,1,West
0,51.81,0.27,6,1,Apparel,Mobile,Gold,0,12,West
1,65.67,0.11,4,1,Apparel,Desktop,None,0,3,MW
0,66.09,0.13,5,0,Home,Desktop,None,1,4,West
0,27.62,0.26,2,0,Apparel,Mobile,Gold,0,3,NE
0,250.8,0.03,3,0,Electronics,Mobile,None,0,2,S
0,34.71,0.21,2,0,Beauty,Mobile,Silver,1,7,MW
0,111.78,0.04,2,0,Home,Mobile,Gold,0,12,MW
0,93.78,0.16,2,0,Home,Mobile,None,0,0,S
1,40,0.23,2,0,Apparel,Desktop,Gold,1,18,S
0,108.43,0.06,1,0,Home,Desktop,None,0,4,NE
0,212.1,0.21,2,0,Electronics,Mobile,None,0,1,NE
1,111.3,0.25,5,1,Shoes,Desktop,Gold,2,19,S
0,149.07,0.19,3,0,Shoes,Desktop,Silver,0,1,MW
1,81.64,0.2,4,1,Home,Mobile,None,0,1,S
1,67.19,0.35,2,0,Shoes,Mobile,Gold,1,7,S
0,97.96,0.16,3,0,Home,Desktop,Silver,0,3,West
1,88.81,0.31,4,0,Shoes,Mobile,Gold,3,17,West
1,368.97,0.03,4,0,Electronics,Mobile,Gold,0,11,NE
1,45.99,0.17,4,0,Beauty,Desktop,None,0,0,S
1,299.7,0.21,6,1,Electronics,Desktop,None,0,3,West
0,251.34,0.28,2,0,Electronics,Desktop,None,0,2,NE
0,59.75,0,1,0,Apparel,Mobile,None,0,1,NE
0,72.18,0.2,3,0,Home,Mobile,Silver,0,4,West
1,103.9,0,3,1,Electronics,Mobile,Gold,0,5,West
0,141.67,0.18,4,0,Electronics,Mobile,None,0,1,S
0,56.71,0.21,2,0,Apparel,Mobile,None,0,3,NE
1,67.16,0.26,7,1,Shoes,Desktop,None,0,0,S
0,35.96,0.33,2,0,Apparel,Mobile,None,0,0,MW
0,40.97,0.24,6,1,Apparel,Mobile,None,0,1,MW
0,45.64,0.25,2,1,Apparel,Desktop,Silver,0,0,MW
0,473.81,0,2,0,Electronics,Desktop,Silver,1,8,NE
1,106.86,0.26,3,0,Shoes,Mobile,None,0,1,NE
1,90.69,0.09,5,1,Shoes,Mobile,None,0,2,S
0,185.86,0.05,5,0,Home,Desktop,None,0,3,West
0,90,0.17,2,1,Shoes,Mobile,Gold,1,6,MW
0,100.16,0.3,2,0,Home,Mobile,None,0,1,West
1,115.25,0.15,2,0,Electronics,Desktop,Silver,0,16,MW
1,141.53,0.17,3,0,Shoes,Desktop,None,0,0,NE
1,160.84,0.2,4,0,Home,Mobile,Silver,2,20,S
0,117.68,0.37,1,0,Home,Mobile,Gold,1,11,S
0,265.79,0.05,2,0,Electronics,Mobile,None,0,3,NE
1,189.74,0.23,3,1,Electronics,Mobile,Silver,0,7,NE
0,65.31,0.35,3,0,Shoes,Mobile,None,0,4,West
0,33.01,0.07,4,0,Beauty,Desktop,Silver,0,2,West
0,259.24,0.06,2,0,Electronics,Desktop,Silver,0,4,West
0,152.62,0.08,5,0,Home,Mobile,None,0,6,West
0,288.71,0.21,2,0,Electronics,Mobile,Silver,0,7,S
0,425.4,0.2,3,1,Electronics,Mobile,Silver,1,3,S
0,238.38,0.03,4,0,Electronics,Mobile,None,0,8,NE
1,53.5,0.24,1,0,Beauty,Desktop,None,0,4,NE
0,109.66,0.11,2,0,Electronics,Desktop,Gold,0,3,NE
0,21.44,0.33,7,1,Beauty,Mobile,None,0,0,West
0,111.3,0.19,4,1,Home,Desktop,None,0,2,S
1,212.14,0.2,3,0,Home,Desktop,Gold,0,1,NE
0,30.38,0.2,3,1,Beauty,Desktop,None,0,2,West
0,71.65,0.12,4,1,Shoes,Mobile,Silver,0,9,West
0,282.58,0,3,0,Electronics,Desktop,None,1,2,S
0,63.39,0.27,1,1,Beauty,Desktop,Gold,1,9,S
0,251.99,0.36,1,0,Electronics,Mobile,Silver,0,2,NE
0,273.13,0,2,0,Electronics,Mobile,Silver,0,4,West
1,50.51,0.23,4,0,Apparel,Desktop,Silver,1,8,MW
1,42.96,0.17,4,1,Apparel,Mobile,Gold,3,18,MW
0,37.45,0.09,3,0,Beauty,Mobile,None,0,0,S
0,112.42,0.18,3,0,Home,Desktop,Gold,0,3,MW
0,107.04,0.11,3,0,Home,Mobile,Silver,0,4,S
0,121.49,0.02,2,0,Shoes,Desktop,None,0,4,NE
1,180.46,0.27,3,0,Electronics,Desktop,Gold,0,17,NE
1,72.4,0.25,2,0,Beauty,Mobile,Gold,0,15,MW
1,64.62,0.05,2,1,Beauty,Mobile,Gold,0,6,S
0,26.01,0.22,5,0,Apparel,Desktop,Silver,0,3,West
0,249.23,0.11,3,1,Electronics,Desktop,Gold,2,11,S
1,24.82,0.18,3,0,Apparel,Mobile,Silver,1,3,MW
0,32.68,0.23,3,0,Beauty,Mobile,None,1,4,S
0,222.4,0.15,3,0,Home,Mobile,Silver,1,2,MW
0,63.41,0.16,2,0,Shoes,Desktop,None,0,0,NE
0,103.75,0,5,1,Home,Desktop,Gold,0,10,West
0,117.42,0.14,4,1,Home,Desktop,None,0,0,West
0,91.93,0.1,2,0,Electronics,Desktop,Gold,1,8,West
0,62.03,0.3,1,0,Shoes,Desktop,Gold,0,2,MW
0,38.31,0.37,3,0,Apparel,Mobile,Gold,0,3,MW
0,93,0.24,3,1,Home,Desktop,None,0,0,MW
0,50.82,0.4,3,0,Beauty,Mobile,Gold,0,2,S
0,153.18,0.1,3,0,Electronics,Desktop,Gold,0,8,NE
0,31.53,0.14,3,0,Apparel,Desktop,None,0,0,NE
0,43.12,0.16,2,1,Beauty,Desktop,Gold,2,6,NE
1,132.99,0.07,1,0,Home,Mobile,Gold,0,3,NE
0,54.42,0.22,2,0,Beauty,Desktop,Gold,1,11,NE
0,136.76,0.3,5,0,Home,Desktop,None,2,8,MW
1,14.65,0.39,3,1,Beauty,Mobile,Silver,0,0,West
0,54.85,0.32,3,1,Beauty,Desktop,Gold,2,17,MW
1,381.44,0.12,3,1,Electronics,Desktop,Gold,1,25,S
1,112.8,0.2,1,0,Home,Mobile,None,0,0,S
1,40.08,0.44,1,0,Apparel,Mobile,Silver,1,6,NE
0,86.7,0.19,3,0,Shoes,Desktop,None,0,3,NE
0,60.17,0.21,2,0,Shoes,Desktop,Gold,0,1,S
0,42.48,0.31,1,0,Apparel,Mobile,Gold,1,11,S
0,35.35,0.03,2,0,Beauty,Mobile,Silver,0,5,NE
0,143.49,0.07,2,0,Home,Desktop,Silver,1,5,S
0,28.84,0.26,5,0,Apparel,Desktop,Silver,1,8,S
0,44.92,0.1,6,1,Beauty,Desktop,None,0,3,West
1,69.66,0.39,4,1,Apparel,Mobile,None,0,0,NE
0,27.57,0.28,1,0,Apparel,Desktop,Silver,1,5,S
1,93.14,0.22,3,1,Home,Mobile,None,0,4,S
0,26.94,0.32,2,0,Beauty,Desktop,None,1,7,S
0,145.06,0.07,2,0,Home,Mobile,Gold,0,12,S
1,113.03,0,2,0,Shoes,Desktop,None,0,6,West
1,61.25,0.24,3,1,Shoes,Mobile,Gold,0,6,West
0,128.52,0.19,1,0,Shoes,Desktop,Gold,1,14,NE
0,42.41,0.24,2,0,Beauty,Mobile,Silver,1,13,West
0,87.13,0.18,3,0,Apparel,Desktop,None,0,3,NE
0,39.61,0.2,3,0,Beauty,Mobile,Gold,0,7,West
0,55.71,0.23,7,1,Apparel,Mobile,Gold,0,10,West
0,121.28,0.21,2,0,Shoes,Desktop,Gold,1,28,NE
0,53.21,0.16,2,0,Apparel,Desktop,Silver,0,4,West
0,106.74,0.06,3,0,Electronics,Mobile,Silver,0,4,S
0,115,0.16,3,0,Shoes,Mobile,Gold,2,8,West
0,192.73,0.11,3,0,Electronics,Mobile,Silver,0,6,S
0,26.31,0.31,2,0,Apparel,Mobile,None,0,0,NE
0,61.8,0.1,1,0,Home,Mobile,Silver,0,2,NE
0,92.38,0.25,4,0,Home,Mobile,None,0,2,S
0,80.58,0.21,4,0,Home,Desktop,None,0,4,NE
0,26.4,0.21,4,0,Apparel,Desktop,None,0,6,NE
0,244.91,0.42,2,0,Home,Mobile,Silver,1,13,West
0,91.45,0.09,2,1,Home,Desktop,None,0,0,NE
0,42.83,0.28,1,0,Apparel,Desktop,Silver,0,7,MW
0,55.15,0.25,1,0,Shoes,Desktop,None,0,1,NE
0,86.26,0.25,2,0,Shoes,Mobile,None,0,3,MW
0,33.75,0.17,3,0,Beauty,Desktop,None,0,1,S
1,132.2,0.1,4,1,Home,Desktop,None,0,6,MW
0,143.94,0.05,3,1,Home,Desktop,None,0,1,MW
1,81.35,0.16,3,0,Shoes,Desktop,Silver,0,1,MW
0,25.03,0.07,3,0,Beauty,Mobile,None,0,2,S
1,46.16,0.16,6,1,Apparel,Mobile,None,0,4,MW
0,49.73,0,3,0,Apparel,Mobile,None,0,6,S
1,94.9,0.2,5,1,Shoes,Mobile,Silver,0,3,West
0,20.63,0,4,1,Apparel,Desktop,None,0,1,S
0,125.34,0.28,2,0,Home,Mobile,Silver,0,6,S
0,70.51,0.18,4,0,Apparel,Desktop,None,0,2,S
0,60.37,0.3,4,0,Apparel,Mobile,None,0,4,S
0,105.17,0.16,4,1,Home,Desktop,None,0,1,S
0,52.51,0.24,1,0,Shoes,Mobile,None,2,20,S
0,203.99,0.22,2,0,Shoes,Mobile,Gold,0,10,NE
0,143.01,0.16,1,0,Home,Mobile,Gold,1,7,MW
1,408.85,0.12,5,0,Electronics,Desktop,Silver,0,7,MW
0,88.35,0.25,4,0,Shoes,Mobile,Silver,0,4,West
0,45.54,0.18,2,0,Apparel,Desktop,None,0,2,S
0,70.83,0.07,5,0,Home,Mobile,Silver,0,2,S
0,57.39,0.23,4,0,Apparel,Desktop,Gold,2,25,MW
0,85.63,0.11,6,0,Shoes,Mobile,Gold,0,6,S
1,183.98,0.13,3,0,Home,Mobile,Gold,1,11,MW
0,370.34,0.13,2,0,Home,Mobile,None,0,1,NE
1,42.98,0.36,4,0,Apparel,Desktop,Silver,0,3,NE
1,59.52,0.31,4,1,Apparel,Mobile,Silver,0,4,West
1,96.43,0.13,5,1,Home,Mobile,None,0,6,West
1,65.38,0.1,4,1,Home,Desktop,Gold,0,5,West
0,167.57,0.19,2,0,Home,Mobile,Gold,0,8,S
1,113.47,0.36,1,1,Home,Mobile,Gold,0,12,MW
1,77.95,0.24,2,1,Apparel,Mobile,None,1,13,West
1,170.13,0.04,1,1,Home,Desktop,Gold,0,6,NE
1,113.61,0.25,3,0,Home,Desktop,Gold,0,14,NE
0,42.03,0.24,2,0,Apparel,Mobile,Silver,1,5,MW
0,229.62,0.23,4,1,Home,Desktop,None,0,4,West
0,139.47,0.24,4,0,Home,Desktop,Silver,0,0,West
0,87.01,0.32,3,0,Shoes,Mobile,Silver,0,10,S
0,97.12,0.25,5,0,Apparel,Mobile,Silver,0,2,West
1,95.88,0.06,4,1,Apparel,Desktop,None,0,4,West
0,96.38,0.1,3,1,Home,Mobile,Gold,0,12,MW
0,42.95,0.15,2,1,Apparel,Desktop,Gold,1,24,West
0,99.44,0.18,2,0,Home,Mobile,None,0,2,NE
0,94.67,0.26,2,0,Home,Mobile,Gold,1,18,S
1,163.74,0.08,2,0,Electronics,Desktop,Gold,1,8,S
0,121.85,0.2,3,0,Shoes,Mobile,None,0,1,West
0,201,0.14,3,0,Home,Desktop,None,0,1,S
1,114.12,0.22,3,1,Home,Mobile,Silver,0,11,West
0,33.09,0.32,4,1,Beauty,Desktop,None,0,1,S
0,67.86,0.12,2,0,Shoes,Mobile,Silver,0,17,S
1,156.24,0.16,2,0,Electronics,Mobile,None,0,5,MW
1,56.89,0.05,3,0,Apparel,Desktop,None,0,3,S
0,241.62,0.26,2,0,Electronics,Mobile,Silver,0,14,NE
0,94.19,0.25,3,0,Home,Desktop,Silver,0,3,S
0,67.03,0.23,1,0,Shoes,Mobile,Gold,1,14,MW
1,35.24,0.24,3,1,Apparel,Mobile,Gold,1,12,MW
0,23.12,0.18,4,1,Beauty,Mobile,Gold,0,2,West
0,86.95,0.21,4,0,Home,Mobile,None,0,1,MW
0,150.46,0,4,0,Electronics,Mobile,Silver,0,1,MW
1,48.02,0.12,6,1,Apparel,Mobile,None,0,1,NE
0,53.59,0.38,3,0,Apparel,Mobile,Silver,1,5,MW
0,396.5,0.38,4,0,Electronics,Mobile,Gold,0,11,West
1,88.19,0.07,3,0,Shoes,Mobile,Silver,3,14,West
1,19.06,0.1,5,1,Beauty,Mobile,Gold,2,9,West
1,276.99,0.17,5,1,Electronics,Mobile,Silver,1,7,West
1,225.22,0.41,2,0,Home,Mobile,None,0,6,MW
0,23.02,0.13,2,0,Apparel,Mobile,Silver,0,5,NE
1,59.04,0.22,6,1,Beauty,Mobile,None,0,6,West
1,203.89,0.17,3,1,Electronics,Desktop,None,0,6,MW
0,322.93,0,2,0,Electronics,Mobile,None,0,4,MW
1,47.37,0.28,3,0,Apparel,Mobile,None,0,1,MW
0,127.11,0.1,5,1,Home,Mobile,Gold,0,24,West
1,58.12,0.1,4,0,Home,Desktop,None,0,4,West
0,145.83,0.09,2,0,Home,Desktop,None,1,1,NE
0,186.53,0.03,3,0,Electronics,Desktop,Silver,0,5,NE
1,164.56,0.03,5,1,Electronics,Mobile,Silver,1,18,NE
1,55.98,0.35,3,0,Apparel,Mobile,None,0,3,S
0,356.63,0.1,3,0,Electronics,Mobile,Gold,0,26,MW
0,336.29,0.25,5,0,Electronics,Mobile,None,0,5,MW
0,292.62,0.23,4,0,Electronics,Desktop,None,0,5,MW
1,177.68,0.15,3,0,Electronics,Desktop,None,0,0,NE
0,32.41,0.15,2,0,Apparel,Mobile,Gold,0,5,NE
1,249.41,0.11,3,1,Electronics,Desktop,None,0,0,MW
1,204.16,0.12,1,0,Shoes,Mobile,Gold,1,24,NE
1,46.06,0.23,4,0,Apparel,Mobile,None,0,4,S
1,79.08,0.15,5,0,Apparel,Desktop,None,1,5,West
1,43.74,0.23,3,0,Beauty,Mobile,Gold,0,21,MW
0,31.88,0.26,2,0,Beauty,Desktop,None,1,0,MW
0,24.31,0.19,3,0,Beauty,Mobile,Gold,1,4,West
0,48.27,0.22,4,1,Apparel,Desktop,Silver,0,6,NE
1,124.22,0.1,4,0,Electronics,Mobile,Gold,0,6,West
1,31.59,0.22,5,0,Apparel,Desktop,None,0,2,S
0,110.54,0.2,3,0,Home,Desktop,None,0,2,S
0,215.46,0,4,0,Electronics,Desktop,Gold,0,14,S
0,47.58,0.36,5,1,Shoes,Mobile,Silver,0,7,MW
0,150.43,0.04,2,0,Electronics,Mobile,Silver,2,10,West
0,45.91,0.08,1,0,Beauty,Mobile,None,0,5,NE
0,46.15,0.21,2,0,Beauty,Mobile,Gold,0,5,West
0,285.75,0,4,0,Electronics,Desktop,Silver,0,7,MW
1,66.45,0.21,2,0,Shoes,Mobile,None,1,0,MW
0,54.3,0.29,3,0,Home,Mobile,Gold,1,6,S
0,64.09,0.39,2,0,Apparel,Mobile,Silver,0,6,MW
1,35.76,0.21,4,0,Apparel,Mobile,None,0,3,S
0,88.15,0.25,1,1,Apparel,Mobile,Gold,0,2,MW
1,79.95,0.31,6,0,Shoes,Mobile,None,0,2,NE
0,59.73,0,2,0,Apparel,Desktop,Silver,1,9,NE
0,203.34,0,3,0,Electronics,Mobile,Silver,0,10,NE
0,376.64,0.04,3,0,Electronics,Mobile,None,0,1,MW
0,31.4,0.22,5,0,Beauty,Mobile,Silver,0,3,S
1,31.08,0.2,2,1,Beauty,Desktop,Gold,1,5,NE
0,42.04,0.38,3,0,Apparel,Mobile,Gold,2,23,S
1,36.96,0.1,5,0,Apparel,Desktop,Silver,1,7,S
0,232.16,0.18,6,1,Home,Mobile,None,0,0,S
1,101.94,0,4,1,Home,Mobile,None,0,0,MW
1,105.55,0.1,4,1,Home,Mobile,Silver,0,2,MW
0,212.66,0.09,4,1,Electronics,Mobile,None,0,3,NE
0,46.04,0.17,2,0,Apparel,Desktop,Gold,0,11,MW
1,67.22,0.18,3,0,Home,Desktop,None,0,0,West
0,20.79,0.29,3,1,Apparel,Mobile,None,0,4,MW
0,514.19,0.2,5,1,Home,Desktop,None,0,4,MW
0,37.1,0.16,4,1,Apparel,Mobile,Silver,0,5,West
0,41.89,0.18,1,0,Shoes,Desktop,Gold,1,12,NE
0,185.41,0,2,1,Electronics,Desktop,Silver,0,2,West
0,56.83,0.24,3,1,Apparel,Desktop,None,0,4,West
0,44.53,0.39,3,0,Apparel,Mobile,None,0,0,West
0,562.92,0.24,1,0,Electronics,Mobile,Silver,0,0,NE
0,243.52,0.14,1,0,Electronics,Mobile,Silver,0,3,MW
1,55.09,0.41,3,0,Shoes,Mobile,None,0,2,NE
0,40.86,0.25,3,1,Beauty,Mobile,Silver,0,4,MW
1,167.81,0.09,1,0,Electronics,Mobile,None,2,7,MW
0,244.34,0,3,0,Electronics,Mobile,None,0,2,West
1,180.34,0.16,3,0,Electronics,Mobile,Silver,0,1,West
0,325.56,0.22,4,1,Electronics,Mobile,None,0,3,NE
0,141.99,0.52,4,0,Shoes,Mobile,Gold,0,9,West
0,86.42,0.14,3,0,Home,Desktop,None,0,0,MW
0,115.95,0,3,0,Electronics,Desktop,Silver,0,7,S
0,56.72,0.21,4,1,Apparel,Desktop,None,0,3,MW
0,310.82,0.04,1,0,Electronics,Desktop,Gold,0,4,NE
0,241.15,0.05,1,0,Electronics,Desktop,None,0,3,MW
0,263.62,0,5,1,Electronics,Desktop,Gold,1,8,West
1,49.39,0.3,5,1,Beauty,Mobile,None,0,2,West
0,71.23,0,4,0,Apparel,Desktop,Gold,0,16,MW
0,24.57,0.5,3,0,Beauty,Mobile,Gold,0,4,West
1,137.09,0.34,3,0,Shoes,Desktop,Silver,1,5,MW
1,40.82,0.12,6,1,Apparel,Mobile,Silver,1,8,S
1,21.02,0.16,4,1,Beauty,Mobile,Silver,0,6,West
1,26.92,0.32,2,0,Apparel,Mobile,Silver,0,2,NE
0,119.78,0,2,1,Home,Mobile,Gold,3,10,NE
1,42.15,0.27,3,0,Apparel,Mobile,Gold,1,7,West
0,65.49,0.14,1,0,Home,Desktop,Gold,0,12,NE
1,245.38,0.3,3,0,Electronics,Desktop,Silver,0,9,West
0,74.14,0.28,3,1,Shoes,Desktop,None,0,0,S
1,107.95,0.29,4,0,Shoes,Desktop,None,0,2,NE
0,242.53,0,3,0,Electronics,Mobile,Silver,0,2,S
1,73.58,0.08,4,0,Shoes,Mobile,Silver,0,2,NE
0,46.26,0.07,5,0,Beauty,Mobile,None,0,2,NE
0,85.88,0.19,2,0,Shoes,Desktop,None,0,1,S
0,181.37,0.32,2,1,Electronics,Mobile,None,1,0,NE
1,150.02,0.01,3,1,Electronics,Mobile,None,0,0,NE
1,43.58,0.13,4,1,Apparel,Mobile,None,0,0,S
1,103.2,0.13,5,0,Home,Mobile,None,1,4,MW
1,44.22,0.09,2,1,Apparel,Mobile,Silver,1,2,NE
0,138.86,0.19,3,0,Home,Mobile,None,0,4,S
0,136.12,0.03,3,0,Home,Desktop,None,0,3,NE
0,192.5,0.01,3,0,Electronics,Mobile,None,0,4,MW
1,107.04,0.39,4,1,Shoes,Mobile,Gold,2,24,S
0,99.11,0.22,4,1,Home,Desktop,Silver,2,18,S
0,60.27,0.1,1,0,Apparel,Desktop,Silver,1,4,S
0,17.01,0.23,4,1,Apparel,Mobile,None,0,2,S
0,149.41,0,1,0,Electronics,Desktop,None,0,2,NE
0,57.66,0.21,2,0,Apparel,Mobile,Gold,0,9,West
0,29.19,0.35,2,0,Apparel,Desktop,Silver,1,6,NE
0,362.41,0.02,3,0,Electronics,Mobile,None,0,3,NE
0,162.84,0.13,3,0,Electronics,Mobile,None,0,2,S
0,74.31,0.4,3,1,Apparel,Desktop,Gold,3,17,MW
0,144.86,0.08,2,1,Electronics,Desktop,Gold,0,4,S
0,149.28,0.12,3,0,Electronics,Mobile,None,0,0,S
0,90.28,0.19,2,0,Home,Mobile,Silver,1,2,S
0,67,0.32,4,1,Apparel,Mobile,None,0,5,NE
1,57.36,0.3,6,1,Shoes,Desktop,None,0,0,West
0,136.2,0.04,4,0,Home,Mobile,None,0,2,West
1,57.05,0.24,3,0,Apparel,Mobile,Gold,2,30,MW
0,49.99,0.33,3,0,Beauty,Mobile,Gold,1,11,S
0,275.85,0,1,0,Electronics,Desktop,None,0,1,NE
0,118.1,0.13,1,0,Home,Mobile,Gold,0,8,S
1,89.97,0.14,3,0,Shoes,Desktop,Silver,0,14,West
1,67.45,0.28,1,1,Shoes,Mobile,None,1,5,NE
0,113.12,0.17,2,0,Shoes,Mobile,None,0,1,NE
0,187.92,0,2,0,Electronics,Desktop,None,0,5,S
0,37.97,0.2,1,0,Beauty,Desktop,None,0,2,NE
0,189.49,0.18,5,1,Home,Desktop,None,0,0,West
0,140.37,0,3,0,Home,Mobile,None,0,2,West
0,36.65,0.11,3,1,Beauty,Desktop,None,0,0,NE
0,28.45,0.29,3,0,Beauty,Mobile,Gold,1,23,MW
0,45.54,0.18,3,1,Apparel,Mobile,None,0,0,MW
1,51.05,0.34,4,1,Shoes,Desktop,Gold,1,8,MW
0,17.01,0.3,4,1,Beauty,Desktop,Gold,0,11,S
0,42.39,0.07,3,0,Apparel,Desktop,None,0,5,NE
1,49.77,0.11,2,0,Apparel,Mobile,Silver,1,1,MW
0,25.31,0.39,2,0,Apparel,Mobile,Gold,0,6,S
1,80.15,0.28,2,0,Apparel,Mobile,None,0,0,NE
1,173.4,0,3,1,Electronics,Mobile,Silver,0,2,NE
0,74.9,0.02,3,0,Beauty,Mobile,Gold,0,17,S
1,110.56,0.26,5,1,Shoes,Mobile,None,0,1,S
0,431.56,0.11,2,0,Electronics,Mobile,Silver,0,4,NE
0,97.06,0.18,2,0,Home,Desktop,None,1,7,NE
0,229.9,0.25,1,0,Electronics,Mobile,Silver,0,1,West
0,140.11,0.16,2,1,Home,Mobile,Silver,0,3,MW
1,36.99,0.34,2,0,Apparel,Mobile,None,0,1,MW
1,27.71,0.22,2,1,Beauty,Mobile,Silver,1,8,S
0,48.85,0.06,3,0,Apparel,Mobile,Silver,0,6,NE
1,35.08,0.32,5,0,Apparel,Mobile,Gold,0,19,S
1,36.29,0.3,3,0,Apparel,Desktop,Silver,1,9,NE
1,75.76,0.16,5,1,Shoes,Mobile,Silver,0,6,West
0,348.97,0.08,6,0,Electronics,Mobile,None,0,2,MW
0,80.47,0.12,3,1,Shoes,Mobile,None,0,2,West
1,307.71,0,1,0,Home,Desktop,Silver,0,5,NE
1,56.34,0.11,4,1,Apparel,Mobile,None,0,3,S
0,215.4,0.26,2,0,Electronics,Mobile,None,0,2,MW
1,43.75,0.4,4,1,Apparel,Desktop,None,0,3,West
1,195.2,0.3,2,0,Home,Desktop,None,1,7,MW
0,29.99,0.21,2,0,Apparel,Mobile,Gold,1,9,NE
0,45.37,0.26,1,0,Apparel,Mobile,Gold,0,7,S
1,26.31,0.3,4,1,Apparel,Desktop,None,0,3,West
0,74.13,0.35,3,0,Shoes,Desktop,Gold,1,14,MW
0,306.6,0.18,4,0,Electronics,Mobile,Gold,1,12,S
0,227.14,0.23,3,0,Electronics,Mobile,Silver,0,3,S
0,104.93,0.31,4,1,Shoes,Mobile,None,0,5,S
0,473.29,0.16,3,0,Electronics,Desktop,Silver,1,1,West
1,73.26,0.28,3,1,Apparel,Mobile,Silver,2,15,S
1,70.77,0.03,3,1,Apparel,Mobile,Silver,0,5,S
0,61.76,0.33,3,0,Apparel,Desktop,None,0,1,MW
0,93.72,0,2,1,Home,Desktop,None,0,2,NE
1,42.18,0.19,3,0,Apparel,Mobile,Gold,1,15,S
0,168.12,0.11,4,0,Electronics,Mobile,Silver,1,2,MW
0,106.99,0.28,3,1,Shoes,Mobile,None,0,3,MW
0,192.97,0.21,4,0,Electronics,Mobile,None,1,12,S
1,323.16,0.1,3,0,Electronics,Desktop,Gold,0,4,S
0,160.91,0,5,1,Home,Mobile,Silver,0,3,S
0,53.79,0.15,2,0,Beauty,Desktop,Silver,2,11,West
1,57.25,0.17,2,0,Apparel,Desktop,None,0,1,S
1,46.66,0.3,3,0,Apparel,Mobile,None,0,3,MW
1,36.14,0.26,4,1,Beauty,Mobile,None,0,5,West
0,84.8,0.36,2,0,Apparel,Mobile,Silver,1,4,MW
0,174.79,0,4,0,Electronics,Mobile,Gold,0,8,West
0,96.89,0.41,5,1,Shoes,Mobile,None,0,1,West
1,204.3,0.08,1,0,Home,Desktop,Silver,0,5,MW
0,132.02,0.16,4,0,Home,Mobile,Gold,0,6,S
0,32.67,0.03,5,1,Apparel,Desktop,Gold,0,8,S
1,41.63,0.25,5,1,Apparel,Mobile,Silver,0,5,S
0,121.37,0.02,2,0,Shoes,Mobile,Silver,0,6,MW
0,138.56,0.37,5,1,Electronics,Mobile,Silver,0,3,West
1,32.91,0.21,4,1,Apparel,Desktop,None,0,4,MW
0,151.52,0.22,4,0,Home,Desktop,Gold,0,2,S
0,128.26,0.22,2,0,Electronics,Desktop,None,1,7,NE
1,64.99,0.07,3,0,Apparel,Desktop,None,0,8,MW
0,257.2,0.21,1,0,Electronics,Desktop,Gold,1,22,MW
1,43.14,0.1,2,0,Beauty,Mobile,Silver,2,5,S
1,61.11,0.08,2,0,Shoes,Mobile,None,0,1,MW
1,80,0.21,2,0,Shoes,Desktop,None,1,6,NE
0,276.39,0,1,0,Electronics,Desktop,Gold,2,18,NE
0,161.7,0.07,3,0,Electronics,Mobile,None,0,0,MW
0,36.13,0.26,3,1,Apparel,Desktop,None,0,1,S
1,46.07,0.17,2,1,Beauty,Mobile,Gold,0,9,MW
0,142.21,0.05,3,0,Home,Desktop,None,0,3,NE
0,40.21,0.18,4,0,Beauty,Desktop,Silver,0,10,S
0,52.19,0.11,4,0,Apparel,Desktop,Silver,0,3,West
0,28.62,0.16,2,0,Apparel,Mobile,Silver,0,2,MW
0,40.04,0.3,5,0,Apparel,Mobile,Silver,0,4,S
0,187.4,0.18,1,0,Home,Mobile,Gold,0,5,MW
0,46.86,0.21,4,1,Beauty,Mobile,Silver,0,2,S
1,19.85,0.31,4,0,Beauty,Desktop,None,0,0,West
1,56.97,0.17,5,0,Shoes,Mobile,Silver,2,18,West
0,46.01,0.18,3,0,Apparel,Desktop,Gold,0,6,MW
0,121.43,0.23,1,0,Home,Desktop,Silver,1,1,MW
1,91.88,0.2,1,0,Shoes,Mobile,Silver,1,13,MW
0,85.59,0.19,2,0,Electronics,Desktop,Gold,2,11,S
0,34.28,0.3,5,1,Apparel,Mobile,None,1,11,MW
1,228.07,0.29,5,1,Electronics,Mobile,None,1,4,West
0,49.93,0.33,1,0,Apparel,Mobile,Silver,1,3,MW
0,32.28,0.28,4,1,Apparel,Desktop,None,1,4,S
0,84.65,0.11,2,0,Home,Desktop,None,0,3,NE
0,50.96,0.23,4,0,Beauty,Desktop,Gold,0,8,West
0,91,0.06,1,0,Home,Mobile,Gold,0,9,West
0,50.84,0.31,2,0,Apparel,Desktop,Silver,0,0,S
0,57.28,0.22,4,1,Beauty,Desktop,Silver,1,7,West
0,8.26,0.29,5,1,Beauty,Desktop,Gold,0,11,S
1,25.06,0.19,3,1,Apparel,Desktop,Silver,1,9,West
1,80.65,0.21,3,0,Beauty,Desktop,None,0,1,S
0,44.27,0.14,1,0,Apparel,Desktop,None,1,5,NE
0,50.48,0.19,3,0,Apparel,Mobile,None,1,2,NE
0,239.2,0.34,3,0,Electronics,Mobile,Gold,0,1,MW
0,54.66,0.44,4,1,Apparel,Mobile,None,1,3,MW
0,100.22,0.22,5,0,Shoes,Desktop,Silver,1,12,West
0,137.41,0.33,4,0,Home,Desktop,None,0,2,MW
0,108.04,0.13,2,1,Home,Mobile,Gold,0,9,MW
0,37.03,0.21,5,0,Beauty,Mobile,None,0,3,MW
1,152.99,0.14,4,0,Home,Desktop,None,0,2,MW
0,46.55,0.12,4,1,Beauty,Mobile,Silver,0,8,MW
0,89.57,0.29,1,0,Apparel,Desktop,Silver,0,3,NE
0,175.78,0.27,4,0,Electronics,Desktop,Gold,1,10,S
0,50.85,0.35,3,0,Shoes,Mobile,None,0,3,NE
1,47.11,0.14,7,1,Apparel,Mobile,None,1,10,S
1,277.29,0.24,3,1,Home,Mobile,None,0,1,West
0,349.37,0.18,2,0,Electronics,Desktop,Silver,0,2,NE
1,23.01,0.11,1,0,Beauty,Desktop,Silver,1,2,NE
0,227.24,0.25,4,0,Electronics,Desktop,None,0,2,S
0,55.39,0.27,3,1,Beauty,Mobile,Silver,0,6,NE
0,44.55,0.15,3,0,Apparel,Mobile,Silver,0,8,NE
1,60.51,0.19,3,0,Apparel,Mobile,Silver,0,1,S
0,34.24,0.33,1,0,Apparel,Mobile,Gold,0,12,MW
0,131.85,0.08,4,1,Home,Mobile,None,0,3,West
0,86.58,0.15,2,0,Apparel,Mobile,None,0,4,NE
1,36.18,0.25,4,1,Apparel,Mobile,None,0,2,S
0,223.12,0.02,4,1,Electronics,Mobile,None,0,0,NE
0,35.58,0.11,2,0,Apparel,Desktop,None,0,1,MW
0,85.63,0.14,4,1,Shoes,Mobile,Silver,0,0,NE
0,223.18,0.2,3,0,Electronics,Mobile,None,0,3,S
1,45.7,0.26,1,0,Apparel,Mobile,None,0,2,S
0,93.06,0.13,4,0,Shoes,Mobile,Silver,0,1,S
0,195.85,0.15,2,0,Home,Desktop,Gold,0,8,NE
0,89.01,0.35,4,1,Shoes,Desktop,Gold,0,8,S
1,80.74,0.2,5,0,Apparel,Desktop,Silver,0,4,West
0,376.65,0,2,0,Electronics,Mobile,Silver,0,4,NE
0,243.86,0.21,5,1,Electronics,Mobile,Gold,0,4,West
0,132.33,0.04,1,0,Home,Mobile,Gold,0,4,S
0,36.67,0.32,3,0,Apparel,Desktop,Silver,0,1,S
0,276.86,0.11,4,0,Electronics,Desktop,None,0,3,NE
0,48.33,0.22,4,0,Apparel,Mobile,None,0,2,West
0,118.44,0.36,3,0,Home,Mobile,Gold,0,11,West
1,39.24,0.34,1,0,Apparel,Mobile,Silver,0,9,S
0,91.86,0.11,3,0,Shoes,Desktop,Silver,0,0,S
1,43.52,0.21,4,1,Beauty,Mobile,None,0,3,West
0,157.54,0.25,2,0,Electronics,Mobile,Gold,1,11,West
0,324.32,0,4,1,Electronics,Desktop,None,0,9,S
0,117.05,0.13,2,0,Home,Desktop,None,0,9,NE
0,82.29,0.24,3,1,Home,Mobile,None,0,1,S
0,91.7,0.15,3,0,Shoes,Mobile,Silver,0,3,West
0,104.49,0.33,3,0,Home,Mobile,Gold,1,8,West
0,259.73,0.19,3,0,Electronics,Desktop,None,0,0,MW
0,36.77,0.23,4,1,Apparel,Mobile,None,0,2,West
0,37.89,0.17,3,0,Beauty,Desktop,None,1,2,NE
1,23.28,0.26,2,0,Apparel,Desktop,Silver,0,7,S
1,150.25,0.17,2,1,Home,Desktop,Silver,0,7,MW
1,149.14,0.31,4,1,Electronics,Mobile,None,0,2,MW
0,35.88,0.29,4,1,Apparel,Mobile,Silver,0,0,MW
0,52.1,0.06,2,0,Apparel,Desktop,Silver,0,7,NE
0,208.02,0,2,0,Electronics,Mobile,Silver,0,10,MW
0,24.03,0.45,1,0,Apparel,Desktop,Gold,0,6,NE
0,337.21,0.09,4,1,Electronics,Desktop,Silver,1,3,West
0,127.78,0.19,2,0,Shoes,Desktop,None,0,2,S
1,155.79,0.38,3,0,Electronics,Mobile,None,0,1,S
0,154.97,0.23,6,0,Electronics,Desktop,None,0,0,S
0,115.68,0.32,5,1,Shoes,Mobile,Silver,0,8,NE
0,131.87,0.24,3,0,Home,Desktop,Silver,0,7,West
1,54.59,0.19,5,0,Apparel,Desktop,Gold,1,5,West
0,227.32,0.12,4,0,Electronics,Desktop,Silver,0,0,S
0,58.15,0,3,1,Shoes,Mobile,Gold,0,6,MW
0,33.86,0.27,1,0,Beauty,Mobile,Gold,0,8,S
0,28.91,0.33,4,1,Beauty,Mobile,Silver,1,4,S
0,43.01,0.3,3,0,Beauty,Mobile,Silver,0,6,West
0,114.22,0.32,4,1,Home,Desktop,None,1,0,West
0,714.99,0.09,6,0,Electronics,Desktop,None,0,2,MW
1,129.29,0.31,3,0,Shoes,Mobile,None,1,5,NE
0,125.88,0.08,3,0,Home,Desktop,None,0,0,S
1,66.92,0.23,1,0,Apparel,Mobile,Gold,0,4,NE
1,27.98,0.11,4,1,Apparel,Desktop,None,1,3,MW
0,27.05,0.06,4,0,Beauty,Desktop,Silver,0,1,S
0,171.91,0.23,4,1,Home,Desktop,Silver,0,2,S
0,200.7,0.04,4,0,Electronics,Mobile,None,0,1,MW
0,52.77,0.04,3,0,Beauty,Mobile,Gold,0,8,West
1,30.98,0.25,5,0,Apparel,Mobile,Gold,1,25,West
1,43.18,0.34,4,1,Apparel,Mobile,Gold,0,2,West
0,36.52,0.21,1,0,Beauty,Mobile,Gold,0,5,NE
1,170.19,0.23,5,1,Electronics,Desktop,Gold,0,2,West
1,303.04,0.06,4,1,Electronics,Mobile,Silver,1,15,West
0,111.26,0.24,1,1,Shoes,Mobile,Gold,0,9,NE
1,51.26,0.12,4,1,Apparel,Mobile,None,0,3,West
0,66.52,0.27,4,0,Apparel,Mobile,Gold,1,16,S
0,23.81,0.24,4,1,Beauty,Mobile,Silver,0,4,S
0,36.45,0.27,6,1,Apparel,Mobile,None,0,5,West
0,175.78,0.25,1,0,Home,Desktop,Silver,0,4,MW
1,50.93,0.25,2,1,Shoes,Desktop,Silver,0,2,NE
0,185.66,0,3,0,Electronics,Desktop,Silver,1,8,S
1,42.79,0.32,4,1,Apparel,Mobile,None,0,4,MW
1,89.53,0.05,2,0,Home,Desktop,Gold,1,9,S
0,266.66,0.35,2,0,Electronics,Mobile,Silver,0,2,S
0,169.18,0.23,1,0,Home,Desktop,Gold,1,8,S
1,40.22,0.37,3,1,Apparel,Desktop,Silver,0,3,MW
1,92.35,0.22,4,1,Shoes,Desktop,None,1,12,West
1,205.2,0.24,5,1,Home,Mobile,None,1,3,West
0,151,0.16,3,1,Electronics,Desktop,None,0,5,S
1,59.13,0.22,3,0,Apparel,Mobile,None,1,3,West
0,41.58,0.21,3,0,Apparel,Desktop,None,0,4,West
0,23.09,0.17,3,0,Beauty,Desktop,Silver,0,3,S
0,42.58,0.19,4,0,Beauty,Desktop,None,0,1,MW
1,91.85,0.33,3,0,Apparel,Mobile,None,0,2,West
0,73.78,0.22,3,0,Home,Mobile,Silver,0,5,NE
0,24.53,0.1,3,0,Beauty,Desktop,Silver,0,3,S
0,37.02,0,3,0,Beauty,Desktop,Silver,0,5,NE
0,92.67,0.1,3,0,Home,Desktop,Gold,0,22,West
0,54.71,0.05,2,0,Shoes,Mobile,Gold,0,2,NE
0,37.42,0.18,3,0,Beauty,Mobile,Silver,0,4,S
0,106.85,0.09,4,0,Home,Mobile,Gold,0,6,West
1,19.01,0.08,4,1,Apparel,Mobile,Gold,0,15,West
0,44.02,0.24,5,0,Beauty,Mobile,None,0,4,West
0,30.04,0.28,2,0,Beauty,Desktop,Silver,0,0,West
0,23.01,0.24,2,0,Apparel,Desktop,None,0,0,NE
0,25.38,0.29,1,0,Beauty,Mobile,Gold,0,4,S
0,250.05,0.23,3,0,Electronics,Desktop,None,0,1,West
0,133.44,0,1,0,Home,Desktop,Gold,0,21,NE
0,37.4,0.36,2,0,Apparel,Desktop,None,0,6,NE
0,46.92,0.15,3,1,Apparel,Desktop,None,1,1,West
0,200.88,0.12,2,0,Electronics,Desktop,Gold,0,0,MW
1,50.49,0.14,4,0,Apparel,Mobile,None,1,2,West
1,299.62,0.21,3,0,Electronics,Mobile,Silver,0,9,MW
0,46.85,0.27,1,0,Beauty,Mobile,Gold,0,22,MW
0,177.34,0,3,0,Electronics,Desktop,Gold,0,11,MW
0,86.57,0.3,4,0,Home,Desktop,None,0,8,S
1,72.08,0.33,4,0,Apparel,Desktop,None,0,0,West
0,17.25,0.04,3,0,Beauty,Desktop,None,0,3,NE
0,24.39,0.03,3,0,Beauty,Mobile,Silver,0,4,MW
0,125.39,0.29,4,0,Shoes,Mobile,None,0,0,West
0,85.31,0.33,2,1,Apparel,Mobile,Gold,0,18,NE
1,30.55,0.11,4,1,Beauty,Mobile,None,1,3,S
1,103.91,0.1,2,0,Home,Desktop,Gold,0,1,NE
0,86.6,0.07,1,0,Home,Desktop,Gold,0,3,NE
1,38.03,0.21,5,1,Beauty,Desktop,Gold,0,2,West
1,149.37,0.01,3,1,Home,Mobile,Silver,0,9,West
1,28.15,0.15,2,0,Apparel,Desktop,Gold,0,12,MW
0,35.56,0.43,3,0,Apparel,Desktop,None,0,4,NE
0,79.75,0.35,2,0,Shoes,Mobile,Gold,0,7,MW
0,260.73,0.22,5,0,Electronics,Mobile,Silver,1,5,West
0,226,0.1,3,0,Electronics,Mobile,None,0,1,S
1,213.97,0.08,2,0,Electronics,Desktop,None,0,2,NE
0,33.63,0.27,4,1,Beauty,Mobile,Gold,0,8,MW
0,39.76,0.2,3,1,Beauty,Mobile,Gold,0,5,MW
0,63.33,0.11,3,0,Apparel,Desktop,Silver,0,11,NE
0,303.25,0.25,2,1,Electronics,Mobile,Gold,0,4,NE
0,84.38,0.17,2,0,Home,Mobile,None,0,4,West
1,60.61,0.2,3,0,Apparel,Mobile,None,0,2,S
0,61.52,0.16,3,0,Shoes,Mobile,Silver,0,5,S
0,40.64,0.38,2,0,Apparel,Desktop,Gold,2,18,MW
0,144.69,0.17,4,0,Home,Mobile,None,0,0,NE
0,270.11,0.14,2,0,Electronics,Desktop,Silver,0,4,S
0,90.35,0.27,1,1,Shoes,Mobile,Gold,3,42,NE
0,182.43,0.06,7,0,Home,Mobile,Gold,0,12,West
0,65.58,0.26,6,0,Shoes,Mobile,Silver,0,0,West
0,63.33,0.05,3,0,Shoes,Mobile,Silver,0,6,West
1,126.04,0.41,3,1,Home,Mobile,None,0,1,West
1,42.76,0.27,4,0,Apparel,Mobile,Gold,0,10,MW
1,26.51,0.33,2,0,Beauty,Mobile,Silver,0,2,NE
0,23.04,0.33,2,0,Beauty,Desktop,None,0,0,West
1,42.64,0.22,3,0,Beauty,Desktop,None,0,1,MW
0,91.32,0.28,2,0,Shoes,Mobile,Silver,0,5,NE
0,99.32,0.28,2,0,Shoes,Desktop,Gold,0,6,MW
0,330.06,0.19,3,1,Electronics,Desktop,None,0,5,S
0,32.44,0.36,3,1,Beauty,Desktop,Silver,0,2,S
1,40.15,0.21,3,0,Beauty,Mobile,None,0,6,NE
1,34.34,0.04,2,0,Beauty,Mobile,Gold,0,7,NE
0,393.23,0.23,1,0,Electronics,Desktop,None,0,0,S
1,59.55,0.18,3,0,Apparel,Mobile,Silver,0,1,S
0,250.11,0.09,3,1,Electronics,Mobile,None,0,3,MW
0,89.74,0.18,4,1,Shoes,Mobile,Gold,1,19,S
0,105.52,0.14,2,0,Home,Mobile,None,1,2,S
0,48.06,0.2,1,0,Apparel,Mobile,None,0,2,NE
1,57.73,0.15,3,1,Apparel,Desktop,Silver,0,4,West
0,25.55,0.24,4,1,Apparel,Desktop,Gold,0,7,S
0,131.77,0.27,3,1,Home,Desktop,None,0,15,NE
1,93.58,0.41,2,0,Shoes,Mobile,Gold,0,5,S
1,55.58,0.23,5,1,Apparel,Desktop,Gold,1,7,West
0,198.33,0.12,2,1,Electronics,Desktop,Gold,1,1,NE
0,75.09,0,1,0,Home,Desktop,Silver,0,1,NE
1,44.96,0.29,2,0,Apparel,Desktop,Gold,0,11,S
0,25.12,0.18,2,0,Beauty,Desktop,Silver,0,1,MW
1,151.13,0.29,3,0,Home,Mobile,None,0,3,S
1,29,0.35,5,0,Apparel,Mobile,None,0,1,West
0,31.68,0.21,5,0,Apparel,Mobile,None,0,3,MW
0,287.47,0.18,2,0,Home,Mobile,Silver,0,3,NE
0,88.49,0.09,3,0,Apparel,Mobile,Silver,1,8,S
0,149.23,0.08,1,1,Home,Mobile,Silver,1,6,NE
1,42.73,0.2,2,0,Apparel,Desktop,None,2,6,MW
0,166.1,0.09,4,1,Electronics,Mobile,Gold,0,5,West
1,47.06,0.23,4,0,Shoes,Mobile,None,0,5,S
0,48.11,0.03,2,0,Beauty,Mobile,None,0,1,NE
1,315.4,0.18,4,0,Electronics,Mobile,Gold,0,5,S
0,314.03,0.17,5,1,Electronics,Mobile,Gold,0,5,S
0,63.35,0.11,3,0,Beauty,Mobile,Silver,1,7,MW
0,66.35,0.25,3,0,Shoes,Mobile,None,0,4,MW
1,225.67,0.08,2,0,Electronics,Desktop,Silver,1,4,S
0,31.87,0.3,4,1,Beauty,Mobile,Gold,0,7,MW
0,159.2,0.16,1,0,Home,Desktop,None,0,1,NE
1,48.68,0.26,4,1,Apparel,Mobile,Silver,0,6,West
0,50.94,0.21,4,0,Apparel,Mobile,Gold,1,10,S
1,26.31,0.13,2,1,Beauty,Desktop,None,0,0,NE
1,122.47,0.41,3,0,Home,Mobile,Gold,0,16,West
0,119.17,0.06,3,1,Home,Mobile,None,0,0,NE
1,25.44,0.05,3,0,Beauty,Desktop,None,1,0,West
1,52.43,0.23,2,0,Apparel,Desktop,Gold,0,0,MW
0,40.6,0.09,2,0,Beauty,Desktop,None,0,7,NE
0,145.7,0.09,4,0,Home,Mobile,Silver,0,11,West
0,167.84,0.22,3,0,Home,Desktop,None,0,0,MW
1,59.24,0.15,4,1,Beauty,Desktop,Silver,0,3,S
0,150.62,0.24,4,1,Home,Mobile,Gold,0,12,West
0,50.85,0.25,5,0,Apparel,Mobile,Silver,0,4,MW
0,515.12,0.16,2,1,Electronics,Mobile,Gold,1,6,MW
1,76.11,0.11,4,1,Apparel,Mobile,None,0,2,MW
1,83.47,0.27,3,0,Shoes,Mobile,Silver,1,3,MW
1,232.63,0.25,2,0,Electronics,Mobile,None,0,1,NE
1,273.15,0.1,2,0,Electronics,Desktop,None,0,5,MW
0,243.82,0.06,5,0,Electronics,Desktop,None,0,9,S
0,81.23,0.31,2,0,Home,Desktop,None,0,3,West
0,40.3,0.33,2,0,Beauty,Desktop,None,0,1,NE
0,149.21,0.03,2,0,Home,Mobile,None,0,3,NE
0,99.23,0.19,3,0,Home,Desktop,Gold,0,11,West
1,87.16,0.15,4,0,Home,Mobile,None,1,4,West
1,179.93,0,7,1,Home,Desktop,None,1,3,West
0,400.63,0,1,0,Electronics,Mobile,Silver,0,4,MW
0,70.83,0.29,3,1,Home,Mobile,None,0,2,West
1,103.2,0.1,4,0,Shoes,Mobile,Silver,1,6,MW
1,133.6,0.18,3,0,Home,Desktop,Silver,1,5,S
1,86.21,0.44,3,0,Apparel,Desktop,Gold,0,5,West
0,107.72,0.26,4,0,Home,Desktop,None,0,3,S
1,82.94,0.18,3,0,Home,Desktop,None,0,5,S
0,166.94,0.21,5,0,Electronics,Mobile,Silver,1,6,S
1,85.91,0.06,3,0,Beauty,Desktop,Gold,1,6,MW
1,77.8,0.16,5,1,Home,Mobile,None,0,4,S
0,21.46,0.11,2,0,Beauty,Mobile,Gold,1,11,S
0,84.51,0.26,4,0,Shoes,Mobile,Silver,1,9,NE
0,222.55,0.35,4,1,Home,Desktop,None,1,8,S
0,114.11,0.14,2,0,Home,Mobile,None,0,0,NE
0,37.39,0.39,5,0,Apparel,Desktop,Silver,0,4,MW
1,149.93,0.05,4,0,Electronics,Mobile,None,0,3,S
1,76.13,0.19,4,0,Shoes,Mobile,None,0,6,West
1,41.48,0.33,4,1,Apparel,Mobile,None,1,9,MW
0,193.94,0.04,4,0,Electronics,Desktop,Silver,2,14,MW
1,27.89,0.46,1,0,Beauty,Desktop,Silver,0,0,NE
1,127.11,0.19,3,0,Home,Desktop,Gold,1,8,MW
0,117.17,0.24,4,0,Home,Desktop,None,0,0,MW
1,49.69,0.3,3,0,Beauty,Desktop,None,0,4,S
0,249.34,0.17,2,0,Home,Mobile,Silver,0,7,MW
1,29.45,0.08,2,0,Beauty,Desktop,Silver,0,1,West
0,216.99,0.16,4,1,Electronics,Desktop,Gold,0,7,West
0,229.31,0.19,3,0,Electronics,Mobile,Silver,0,2,S
0,43.6,0.24,3,1,Apparel,Mobile,Gold,1,20,MW
1,19.02,0.27,4,0,Apparel,Desktop,Silver,1,5,West
0,144.02,0.03,3,0,Home,Desktop,None,0,8,S
1,23.38,0.31,1,0,Apparel,Desktop,None,0,6,MW
0,43.16,0.25,2,0,Apparel,Mobile,Gold,1,14,MW
0,319.69,0.16,4,1,Electronics,Mobile,Silver,0,2,West
1,166.05,0.21,2,1,Home,Mobile,Gold,0,4,S
0,26.39,0.07,3,0,Apparel,Desktop,None,0,2,S
0,130.87,0.18,5,1,Home,Desktop,None,0,2,NE
0,43.64,0.18,2,0,Apparel,Desktop,Gold,0,7,S
1,47.07,0.19,3,0,Apparel,Mobile,None,0,2,West
0,56.16,0.15,2,1,Shoes,Desktop,None,0,2,S
0,152.05,0.07,3,0,Electronics,Desktop,Silver,0,4,MW
0,183.12,0.34,4,0,Home,Mobile,Gold,0,5,S
0,22.09,0.4,3,1,Beauty,Mobile,None,0,4,NE
0,26,0.23,4,0,Apparel,Desktop,Gold,1,7,West
0,83.94,0.39,2,0,Shoes,Mobile,None,0,3,NE
0,101.25,0.32,2,0,Home,Mobile,None,0,1,S
0,28.83,0.26,3,0,Apparel,Desktop,Silver,0,4,NE
1,49.6,0.23,2,0,Apparel,Desktop,Silver,1,16,MW
0,240.83,0.09,4,0,Electronics,Mobile,Silver,0,3,MW
1,106.46,0.25,4,0,Home,Mobile,Silver,0,8,S
1,211.11,0,3,1,Electronics,Mobile,Gold,1,9,S
0,36.14,0,6,1,Beauty,Desktop,Silver,0,5,S
0,82.64,0.04,2,0,Shoes,Desktop,None,0,4,NE
0,140.9,0.19,2,0,Home,Mobile,None,0,3,S
0,217.99,0,2,0,Home,Desktop,Gold,0,9,NE
0,31.65,0.29,2,0,Apparel,Mobile,Gold,0,11,S
0,236.04,0.13,2,0,Electronics,Mobile,Gold,0,6,NE
0,121.78,0.19,4,0,Home,Desktop,Silver,0,3,NE
0,41.57,0.28,4,0,Beauty,Mobile,None,0,2,West
0,59.64,0.27,2,0,Apparel,Desktop,None,0,6,NE
0,20.02,0.15,6,1,Beauty,Mobile,None,1,1,West
1,43.99,0.22,4,0,Apparel,Mobile,Gold,0,8,West
0,43.85,0.26,2,0,Apparel,Mobile,Silver,0,2,MW
0,63.78,0.17,4,0,Apparel,Mobile,Gold,0,20,S
1,66.27,0.08,3,1,Home,Mobile,Silver,0,3,S
0,109.11,0.24,5,0,Home,Desktop,None,0,3,MW
0,254.22,0.1,5,0,Electronics,Desktop,Gold,1,11,West
1,34.92,0.25,1,1,Apparel,Mobile,Gold,1,14,NE
1,46.54,0.34,2,0,Apparel,Mobile,Silver,1,22,MW
1,111.15,0.25,3,1,Shoes,Mobile,None,1,5,S
1,77.1,0.26,4,1,Home,Mobile,None,0,1,MW
1,45.57,0.21,4,1,Apparel,Mobile,Gold,0,1,S
0,21.38,0.08,3,0,Beauty,Desktop,None,0,3,MW
1,144.53,0.26,2,0,Home,Mobile,Silver,1,8,NE
1,49.91,0.33,4,0,Apparel,Desktop,None,1,0,S
0,167.11,0.12,2,0,Electronics,Desktop,Gold,0,3,West
1,260.56,0.1,3,0,Electronics,Desktop,None,0,2,S
0,143.42,0.08,2,0,Home,Mobile,None,0,1,West
1,267.08,0.12,3,1,Electronics,Mobile,Silver,1,1,West
0,121.03,0.24,3,0,Home,Desktop,None,1,2,MW
1,145.42,0.23,3,0,Shoes,Desktop,Gold,0,10,S
1,28.53,0.36,4,0,Apparel,Mobile,None,1,5,West
1,177.39,0.44,4,0,Shoes,Mobile,None,0,0,MW
0,260.3,0.18,2,0,Home,Desktop,Silver,0,9,NE
0,264.23,0.09,5,0,Electronics,Mobile,Silver,0,1,West
0,107.53,0.12,4,0,Home,Mobile,Gold,0,5,S
0,61.75,0.2,4,0,Apparel,Mobile,Silver,1,7,West
0,47.05,0.07,2,0,Apparel,Desktop,None,0,4,MW
0,513.82,0.24,1,0,Electronics,Mobile,Gold,0,13,NE
0,227.38,0.08,3,0,Electronics,Desktop,None,0,3,S
0,280.5,0.16,1,0,Electronics,Desktop,Gold,3,19,MW
0,140.95,0.1,4,0,Electronics,Mobile,None,0,1,MW
0,98,0.14,3,0,Home,Desktop,Silver,0,9,West
1,123.99,0.17,4,1,Home,Mobile,None,0,1,NE
1,194.74,0.26,2,0,Electronics,Mobile,Gold,2,8,NE
1,27.52,0.35,4,0,Apparel,Desktop,None,0,11,NE
0,144.76,0.32,3,0,Shoes,Desktop,None,0,3,S
0,23.02,0.17,2,0,Beauty,Desktop,Gold,0,7,NE
0,59.42,0.11,1,0,Shoes,Desktop,Gold,0,6,NE
0,33.82,0,4,0,Beauty,Desktop,Silver,0,4,NE
0,124.4,0.25,4,0,Electronics,Mobile,None,0,1,West
0,19.84,0.29,3,0,Beauty,Desktop,None,0,3,NE
1,197.98,0.12,3,0,Home,Mobile,None,1,3,S
1,157.16,0.04,5,0,Shoes,Desktop,None,0,3,West
1,31.41,0.42,4,1,Beauty,Mobile,None,0,3,West
1,45.16,0.34,5,1,Apparel,Desktop,None,0,5,West
0,268.46,0.08,3,0,Electronics,Desktop,Silver,0,13,S
1,460.98,0.09,2,0,Electronics,Mobile,None,0,1,MW
0,60.72,0.36,1,0,Apparel,Desktop,Silver,0,3,NE
1,53.39,0.1,2,0,Shoes,Mobile,Silver,1,5,S
0,91.26,0.27,6,1,Shoes,Mobile,None,0,3,West
1,52.6,0.34,4,0,Apparel,Desktop,None,0,2,S
0,64.35,0.28,4,1,Home,Mobile,Silver,0,5,NE
0,63.91,0.14,2,0,Home,Desktop,None,0,2,NE
1,45.26,0.26,1,0,Apparel,Mobile,Silver,2,6,NE
1,40.03,0.34,4,0,Apparel,Desktop,Silver,1,7,S
0,113.89,0.11,2,0,Home,Desktop,Gold,0,9,NE
1,33.53,0.21,3,0,Beauty,Mobile,Silver,0,1,NE
1,60.32,0.13,3,0,Apparel,Desktop,None,0,5,West
0,61.66,0.32,3,0,Apparel,Desktop,None,0,1,NE
1,40.83,0.36,3,1,Beauty,Mobile,None,0,4,West
0,148.86,0.29,5,1,Home,Desktop,None,1,10,MW
1,140.24,0.24,4,1,Home,Mobile,None,0,5,West
0,63.07,0.21,2,0,Apparel,Mobile,None,0,1,NE
0,133.74,0.38,3,0,Shoes,Mobile,None,0,9,MW
1,87.76,0.1,3,0,Shoes,Mobile,Silver,0,2,West
0,37.02,0.23,4,1,Shoes,Desktop,None,0,0,MW
0,25.73,0.12,5,1,Beauty,Desktop,Silver,0,3,MW
0,36.74,0.36,5,0,Beauty,Mobile,Gold,1,2,S
0,17.66,0.28,1,0,Beauty,Mobile,Gold,0,7,NE
1,43.35,0.42,4,1,Beauty,Mobile,None,0,0,S
0,265.75,0.2,1,0,Electronics,Desktop,Silver,0,1,NE
0,38,0.21,3,0,Apparel,Desktop,Gold,0,6,NE
0,67.46,0.05,4,0,Shoes,Mobile,None,0,3,NE
0,190.74,0.07,3,0,Electronics,Mobile,None,1,0,S
0,71.04,0.25,2,0,Shoes,Mobile,Gold,1,10,NE
0,33.16,0.19,5,0,Apparel,Mobile,Gold,1,7,West
0,132.15,0.08,6,1,Home,Mobile,None,1,1,West
0,86.38,0,3,0,Home,Mobile,Gold,2,9,NE
0,163.32,0.19,1,0,Electronics,Mobile,Silver,0,10,NE
0,213.47,0.05,3,0,Electronics,Desktop,Silver,0,2,West
0,44.68,0.2,4,0,Apparel,Mobile,None,0,1,West
0,33.76,0.24,3,1,Beauty,Mobile,Silver,1,18,NE
0,18.39,0.13,3,0,Beauty,Desktop,Silver,0,3,West
0,231.46,0,3,0,Electronics,Desktop,None,0,2,NE
0,40.66,0.24,4,0,Apparel,Mobile,None,0,0,S
0,27.92,0.29,4,0,Beauty,Mobile,None,0,1,NE
1,22.47,0.31,4,0,Beauty,Mobile,Silver,0,9,West
0,165.7,0.08,3,0,Home,Mobile,Silver,2,10,NE
0,74.68,0.14,3,0,Shoes,Desktop,Silver,0,3,S
1,91.94,0.36,2,0,Home,Mobile,Silver,1,14,S
0,47.71,0.31,2,1,Apparel,Mobile,Silver,0,3,S
0,17.43,0.24,3,0,Beauty,Desktop,None,0,1,NE
0,62.45,0.24,3,0,Apparel,Desktop,Silver,0,2,NE
0,91.08,0.2,4,0,Home,Desktop,None,0,2,MW
0,301.44,0.08,2,0,Electronics,Desktop,Gold,0,11,West
0,46.7,0.33,2,0,Beauty,Desktop,Gold,0,8,MW
1,42.1,0.32,4,1,Apparel,Mobile,None,0,1,MW
1,68.66,0.14,2,1,Home,Mobile,None,0,3,MW
1,35.17,0.18,3,1,Beauty,Desktop,Gold,1,10,S
0,50.15,0.45,3,0,Apparel,Mobile,Gold,0,2,West
0,28.16,0.28,2,0,Apparel,Mobile,Gold,1,6,West
0,65.52,0.11,4,0,Apparel,Mobile,Gold,1,20,S
0,62.88,0.16,3,1,Shoes,Desktop,Silver,0,5,NE
0,75.91,0.25,3,0,Beauty,Mobile,None,0,3,MW
0,77.97,0.09,3,0,Home,Mobile,None,0,3,West
1,56.85,0.18,3,1,Apparel,Desktop,Silver,0,3,NE
1,67.6,0.2,3,1,Apparel,Mobile,None,0,2,S
1,118.16,0.24,2,0,Home,Mobile,Gold,1,19,West
0,24.69,0.21,3,0,Beauty,Desktop,None,0,1,NE
0,23.41,0.26,2,0,Beauty,Desktop,None,0,5,NE
0,33.67,0.07,3,0,Beauty,Desktop,None,0,1,S
1,169.95,0.2,3,1,Electronics,Mobile,Gold,1,8,S
0,77.74,0.29,1,0,Shoes,Desktop,Silver,0,3,West
0,34.26,0.26,1,0,Apparel,Desktop,Silver,0,1,S
0,29.47,0.12,4,0,Apparel,Mobile,Gold,0,7,West
0,29.88,0,4,1,Beauty,Desktop,Silver,0,3,West
0,88.5,0.46,5,1,Apparel,Mobile,Silver,0,0,West
1,27.5,0.42,5,1,Beauty,Mobile,Silver,0,4,West
0,42.85,0.18,1,0,Apparel,Desktop,Gold,0,6,NE
0,31.27,0.27,4,1,Beauty,Desktop,None,0,11,West
0,34.36,0,5,0,Beauty,Mobile,None,0,1,MW
0,125.89,0.11,3,0,Home,Mobile,None,0,7,S
0,73.28,0.34,5,0,Apparel,Mobile,Gold,0,7,West
1,71.13,0.24,3,1,Home,Mobile,None,0,0,S
1,34.41,0.14,1,0,Beauty,Desktop,Gold,1,7,MW
1,34.95,0.3,2,0,Apparel,Mobile,Silver,0,0,S
0,245.97,0.23,2,0,Electronics,Mobile,Silver,0,4,NE
0,212.2,0.07,3,0,Electronics,Desktop,None,0,0,NE
0,31.98,0.05,3,0,Beauty,Desktop,None,0,0,NE
1,97.59,0.27,4,1,Home,Desktop,None,0,4,West
1,264.12,0.24,3,0,Electronics,Mobile,None,1,6,West
0,52.93,0.31,2,0,Apparel,Mobile,Gold,1,13,S
0,115.68,0.2,2,0,Shoes,Mobile,Gold,1,7,S
1,91.07,0.02,5,0,Shoes,Desktop,None,0,8,S
1,25.64,0.18,5,1,Beauty,Desktop,Silver,0,8,West
0,99.67,0.08,4,1,Shoes,Mobile,None,0,2,NE
0,108.16,0.32,1,0,Apparel,Desktop,None,4,14,MW
1,77.34,0.04,3,0,Shoes,Mobile,None,0,0,MW
0,32.15,0.04,3,0,Beauty,Desktop,Gold,0,1,NE
1,32.31,0,4,1,Apparel,Desktop,None,0,1,S
0,27.42,0.18,2,0,Apparel,Mobile,Gold,1,2,MW
0,209.38,0.19,3,0,Electronics,Mobile,None,0,2,S
0,168.76,0,2,0,Electronics,Desktop,None,1,7,S
1,29.92,0.23,1,1,Apparel,Desktop,None,1,0,MW
0,97.89,0.04,2,0,Home,Mobile,None,0,3,NE
1,231.84,0.16,3,0,Home,Mobile,None,0,2,NE
0,354.36,0.12,4,1,Electronics,Mobile,Silver,0,6,West
1,40.11,0.07,1,0,Beauty,Desktop,Silver,0,5,S
0,105.83,0.13,2,0,Home,Mobile,Silver,0,6,S
0,190.89,0.01,2,0,Electronics,Desktop,None,0,5,West
0,34.23,0.12,3,0,Beauty,Desktop,Gold,0,7,S
0,477.53,0.11,1,0,Electronics,Mobile,None,0,7,West
0,88.7,0.23,4,1,Home,Mobile,Silver,0,8,West
1,43.67,0.15,3,0,Apparel,Desktop,None,1,6,MW
1,42.74,0.06,4,1,Beauty,Desktop,None,0,0,S
1,95.53,0,2,0,Home,Mobile,None,0,2,S
0,72,0.04,4,0,Shoes,Desktop,Gold,1,14,S
1,89.83,0.04,2,0,Home,Desktop,Silver,0,2,NE
0,383.02,0.19,2,0,Electronics,Desktop,None,0,3,S
1,466.91,0.02,3,0,Electronics,Mobile,None,1,7,NE
0,43.93,0.25,4,1,Apparel,Desktop,None,0,2,NE
1,42.21,0.09,5,1,Apparel,Mobile,None,0,1,MW
0,40.65,0.05,5,1,Beauty,Mobile,None,0,2,S
0,20.53,0.32,2,0,Beauty,Mobile,Silver,0,2,NE
0,69.31,0.12,2,1,Apparel,Desktop,Gold,0,7,S
1,44.73,0.17,2,0,Beauty,Desktop,Silver,0,1,West
1,254.35,0.03,1,0,Electronics,Mobile,None,0,3,NE
0,47.93,0.16,5,1,Apparel,Mobile,None,0,1,S
1,32.03,0.15,5,1,Shoes,Mobile,Gold,2,19,MW
0,308.81,0.25,4,1,Electronics,Mobile,None,1,3,MW
1,109.16,0.15,4,0,Shoes,Desktop,None,0,0,MW
0,60.09,0.22,1,0,Beauty,Desktop,Gold,1,10,MW
0,393.36,0.09,3,0,Electronics,Mobile,None,0,1,West
0,172.33,0.21,4,0,Home,Mobile,None,0,1,West
0,51.01,0.3,4,0,Shoes,Mobile,Gold,0,5,MW
0,106.71,0.31,1,0,Shoes,Desktop,Gold,1,7,MW
1,57.2,0.08,6,0,Apparel,Desktop,Silver,0,6,West
0,182.98,0,3,0,Electronics,Desktop,Silver,0,8,West
1,55.91,0.24,4,0,Shoes,Desktop,None,0,8,S
0,38.69,0.21,3,0,Apparel,Desktop,Gold,0,9,S
0,189.62,0.31,4,0,Home,Mobile,Silver,0,3,MW
0,57.41,0.29,5,0,Apparel,Mobile,Silver,0,0,West
0,36.8,0.2,4,0,Apparel,Mobile,Gold,0,6,S
0,143.27,0.12,5,1,Home,Mobile,Silver,0,4,S
0,75.06,0.21,4,1,Apparel,Mobile,None,0,1,S
0,236.49,0.11,4,0,Home,Mobile,Silver,0,1,S
0,59.41,0.36,3,0,Apparel,Mobile,Gold,2,20,NE
0,65.67,0.17,3,1,Beauty,Mobile,Gold,1,28,S
0,57.94,0.1,2,1,Shoes,Mobile,None,0,8,S
0,116.84,0.14,2,0,Home,Mobile,Gold,0,7,MW
0,68.7,0.16,6,0,Home,Desktop,None,0,3,West
0,39.98,0.37,2,0,Apparel,Desktop,Silver,1,6,S
0,27.81,0.4,5,0,Apparel,Mobile,Silver,0,7,S
1,54.02,0.14,4,0,Apparel,Mobile,None,0,2,MW
0,23.66,0.12,3,0,Beauty,Mobile,Silver,0,4,S
1,44.83,0.28,3,0,Beauty,Desktop,None,0,1,West
1,30.75,0.22,4,0,Apparel,Desktop,None,0,2,MW
0,45.35,0.21,3,0,Beauty,Mobile,Silver,0,1,NE
1,39.46,0.18,2,0,Apparel,Mobile,Gold,1,6,S
0,160.28,0.12,2,0,Home,Mobile,Gold,0,3,MW
0,78.8,0.09,3,0,Shoes,Desktop,None,0,3,MW
1,200.72,0.01,4,1,Shoes,Desktop,None,0,4,MW
0,32.77,0.21,5,1,Apparel,Mobile,None,0,2,West
0,34.87,0.2,2,0,Apparel,Mobile,Gold,0,15,MW
0,37.1,0.31,4,0,Apparel,Desktop,None,0,2,S
0,391.11,0.1,5,1,Electronics,Desktop,None,0,2,S
1,68.56,0.27,3,0,Shoes,Mobile,Silver,1,5,MW
0,362.65,0,2,0,Electronics,Mobile,Gold,1,3,NE
0,43.42,0.18,2,0,Apparel,Mobile,Silver,0,8,S
0,249.53,0,3,0,Electronics,Desktop,None,0,3,NE
0,51.16,0.21,2,0,Apparel,Mobile,Silver,0,1,S
1,131.21,0.21,4,0,Shoes,Mobile,Silver,0,15,S
0,43.47,0.38,3,0,Apparel,Mobile,Silver,1,8,MW
1,370.46,0.08,5,1,Electronics,Desktop,Gold,1,10,West
0,76.04,0.21,2,0,Shoes,Desktop,Gold,2,49,West
0,39.82,0.3,3,0,Beauty,Mobile,Gold,0,4,MW
0,167.25,0.09,2,0,Home,Mobile,Silver,2,23,NE
0,70.67,0.11,4,0,Home,Mobile,None,0,1,West
0,104.03,0.12,3,0,Home,Mobile,None,0,1,S
1,129.56,0.19,5,1,Electronics,Desktop,None,0,2,West
0,41.31,0.1,2,1,Beauty,Mobile,None,0,5,West
1,54.58,0.17,3,0,Apparel,Desktop,None,0,1,West
0,120.33,0.23,2,1,Shoes,Desktop,Silver,0,6,MW
0,97.85,0.22,5,1,Shoes,Desktop,Silver,0,21,West
0,17.72,0.29,1,0,Beauty,Mobile,Gold,0,13,MW
1,49.76,0.18,3,1,Home,Mobile,None,0,3,MW
0,22.89,0.25,1,0,Apparel,Desktop,Gold,4,27,NE
0,91.91,0.31,4,1,Shoes,Mobile,Silver,0,3,NE
0,178.6,0.12,2,0,Home,Desktop,Silver,0,1,NE
1,39.33,0.4,4,1,Apparel,Desktop,None,0,2,MW
1,70.25,0.27,3,1,Shoes,Mobile,None,0,7,MW
0,40.99,0.36,1,0,Apparel,Desktop,Gold,0,8,NE
0,101.17,0.13,2,0,Home,Mobile,None,0,0,MW
0,58.38,0.24,4,0,Apparel,Desktop,Silver,0,4,S
0,37.07,0.21,3,0,Apparel,Desktop,None,0,3,West
1,72.41,0.1,2,0,Shoes,Desktop,Silver,0,11,S
1,168.9,0.14,4,0,Home,Desktop,Silver,0,5,S
1,90.01,0,5,1,Home,Desktop,None,0,1,S
1,47.41,0.46,6,1,Apparel,Mobile,None,0,1,S
0,29.72,0.16,1,0,Beauty,Desktop,Gold,0,23,NE
1,43.78,0.35,3,0,Apparel,Mobile,Silver,0,1,S
0,41.84,0.26,3,0,Beauty,Mobile,Silver,0,6,West
1,22,0.28,5,0,Beauty,Mobile,Silver,0,4,West
0,66.41,0.32,5,0,Apparel,Desktop,Silver,1,7,S
0,68.01,0.27,1,0,Shoes,Mobile,Gold,1,10,MW
0,191.82,0.33,2,0,Home,Desktop,Gold,0,6,NE
1,194.31,0.17,4,1,Home,Mobile,Gold,1,2,S
0,362.79,0.08,2,0,Home,Desktop,Gold,0,2,MW
1,78.23,0.13,5,0,Shoes,Mobile,None,0,3,West
0,33.18,0.24,5,1,Beauty,Desktop,Gold,1,13,MW
0,46.58,0.28,5,0,Beauty,Mobile,None,1,2,West
0,26.78,0.28,4,0,Beauty,Desktop,None,0,1,S
0,130.69,0.19,4,0,Electronics,Mobile,Gold,1,10,MW
0,119.59,0.24,2,0,Home,Desktop,Gold,0,0,NE
0,28.8,0.26,2,0,Beauty,Mobile,Gold,1,8,MW
0,75.75,0.37,5,0,Shoes,Desktop,Gold,0,4,S
0,81.42,0.36,2,0,Apparel,Mobile,Silver,0,3,S
0,27.47,0.1,3,0,Apparel,Desktop,Gold,0,3,West
0,34.34,0.17,6,1,Beauty,Mobile,Gold,0,4,West
0,59.36,0.31,4,0,Apparel,Mobile,Silver,0,6,MW
0,131.07,0.09,2,0,Shoes,Mobile,Silver,0,4,West
1,42.83,0.13,4,1,Beauty,Desktop,None,0,1,S
0,114.03,0.23,3,0,Shoes,Desktop,Gold,1,10,NE
0,86.09,0.21,3,0,Shoes,Mobile,Gold,1,4,West
0,105.7,0.03,2,1,Electronics,Mobile,Gold,0,6,S
0,33.26,0.29,1,0,Beauty,Desktop,None,0,2,NE
1,66.44,0,3,0,Shoes,Desktop,None,0,5,MW
0,162.8,0.11,2,0,Electronics,Mobile,Silver,0,5,NE
0,36.52,0.14,2,1,Beauty,Desktop,Gold,0,4,West
0,60.96,0.27,2,0,Beauty,Mobile,Silver,0,4,S
1,189.84,0.16,4,1,Home,Mobile,Silver,1,19,West
1,28.56,0.15,2,0,Beauty,Desktop,Gold,1,6,MW
0,27.93,0.27,2,1,Beauty,Mobile,Gold,0,4,S
0,118.88,0.21,2,1,Home,Mobile,Gold,2,33,NE
0,16.68,0.16,2,0,Beauty,Mobile,None,0,2,NE
0,48.95,0.39,3,0,Apparel,Desktop,None,0,2,S
0,57.73,0.33,3,0,Apparel,Desktop,Silver,0,5,MW
1,47.37,0.25,1,0,Beauty,Mobile,None,0,0,West
0,82.52,0.1,3,0,Apparel,Desktop,None,0,1,NE
0,36.02,0.36,3,0,Apparel,Mobile,Gold,1,13,NE
0,111.8,0,5,0,Home,Mobile,Silver,1,2,S
0,94.77,0.17,2,0,Shoes,Mobile,Gold,4,38,NE
0,64.6,0.26,3,0,Apparel,Mobile,None,0,0,S
0,22.17,0.12,4,0,Beauty,Mobile,Silver,0,3,West
0,75.58,0.28,3,0,Shoes,Mobile,None,0,3,MW
0,53.35,0.39,4,1,Apparel,Mobile,Gold,0,9,MW
0,175.06,0.14,5,0,Home,Mobile,Silver,0,2,MW
0,33.85,0.24,2,0,Beauty,Desktop,None,0,1,NE
0,228.47,0,4,0,Electronics,Desktop,None,0,3,S
0,311.3,0.19,1,0,Electronics,Desktop,Silver,0,6,MW
0,48.72,0.2,4,0,Apparel,Desktop,None,0,3,West
0,20.47,0.08,1,0,Beauty,Mobile,Gold,5,45,NE
0,54.23,0.1,5,1,Shoes,Desktop,None,1,5,MW
0,93.59,0.25,5,1,Shoes,Desktop,None,0,3,West
0,23.67,0.37,5,1,Beauty,Mobile,None,0,1,S
1,69.34,0.23,4,0,Shoes,Mobile,None,0,7,MW
0,65.51,0.11,5,0,Shoes,Mobile,None,0,0,West
0,65.43,0.26,2,0,Apparel,Desktop,Gold,0,7,West
0,65.21,0.13,3,0,Shoes,Desktop,None,0,4,S
0,95.72,0.17,3,0,Home,Mobile,Silver,0,5,MW
0,345.31,0.26,4,0,Electronics,Mobile,None,0,4,S
0,189.09,0.19,3,0,Electronics,Desktop,None,0,1,S
0,49.72,0.19,4,0,Beauty,Mobile,Gold,0,4,West
0,318.54,0,1,0,Electronics,Desktop,None,0,0,MW
1,171.66,0.19,4,0,Home,Mobile,None,0,3,West
0,29.65,0.35,2,0,Beauty,Mobile,Silver,0,3,MW
0,49.92,0.22,5,1,Apparel,Mobile,Silver,0,6,West
0,55.84,0.03,3,0,Apparel,Mobile,Silver,0,4,West
0,222.71,0.1,4,1,Electronics,Mobile,Gold,0,7,MW
0,178.24,0.16,2,0,Electronics,Desktop,Gold,0,13,NE
1,84.45,0.11,4,1,Apparel,Mobile,None,0,10,MW
1,449.55,0.11,3,1,Electronics,Desktop,None,1,0,S
0,65.35,0.08,3,0,Apparel,Desktop,None,0,3,S
0,79.4,0.37,4,0,Apparel,Mobile,None,0,0,West
1,59.75,0.32,2,0,Apparel,Mobile,None,0,7,MW
0,197.8,0.13,2,0,Electronics,Mobile,None,0,1,NE
1,211.12,0.1,4,0,Home,Mobile,Gold,0,12,NE
1,122.82,0.11,3,1,Electronics,Desktop,Silver,0,3,S
1,81.52,0.16,3,0,Apparel,Mobile,None,0,0,S
0,87.98,0.19,2,0,Apparel,Mobile,None,0,2,NE
1,37.46,0.29,4,0,Apparel,Desktop,Silver,0,4,MW
0,31.83,0.27,3,0,Apparel,Mobile,None,0,3,NE
0,44.64,0.34,1,0,Apparel,Desktop,Gold,0,12,NE
1,73.14,0.19,3,0,Apparel,Mobile,None,0,0,NE
0,55.49,0.46,1,1,Apparel,Mobile,Silver,0,6,NE
0,48.51,0.13,2,0,Shoes,Desktop,Silver,1,7,S
0,46.18,0.4,5,0,Apparel,Mobile,Silver,0,3,West
1,84.69,0.17,4,1,Shoes,Desktop,None,0,1,West
0,166.46,0.05,3,1,Home,Desktop,Gold,2,20,MW
1,136.97,0.08,2,0,Home,Desktop,Gold,1,46,NE
0,59.11,0.27,3,0,Apparel,Desktop,Silver,1,7,West
0,29.81,0.15,2,0,Beauty,Mobile,Silver,0,2,NE
0,24.42,0.34,1,0,Apparel,Mobile,Gold,0,40,West
1,31.69,0.27,3,1,Apparel,Desktop,Silver,0,7,NE
0,30.95,0.13,3,0,Beauty,Mobile,Gold,0,23,NE
0,79.08,0.15,3,0,Shoes,Mobile,None,0,6,West
0,208.85,0.2,3,0,Electronics,Desktop,None,0,1,West
0,34.59,0.09,3,0,Beauty,Desktop,Silver,0,2,West
1,85.87,0.17,3,0,Shoes,Mobile,None,0,4,West
0,65.34,0.3,4,0,Apparel,Mobile,None,0,0,West
1,342.66,0.17,7,0,Electronics,Desktop,Silver,1,7,MW
1,69.55,0.2,4,0,Shoes,Desktop,Silver,0,3,West
1,102.35,0.05,2,0,Home,Mobile,Silver,0,4,NE
1,85.66,0.39,4,1,Shoes,Desktop,Silver,1,2,West
0,28.39,0.39,3,0,Beauty,Desktop,None,0,3,MW
0,142.03,0.07,2,0,Electronics,Mobile,Gold,0,9,NE
1,103.09,0.18,2,0,Shoes,Mobile,None,0,6,NE
1,74.47,0.23,1,0,Shoes,Mobile,None,0,0,West
0,279.13,0.09,5,1,Electronics,Mobile,None,0,2,West
1,52.13,0.21,6,1,Apparel,Mobile,None,0,1,West
0,97.86,0.18,4,0,Shoes,Desktop,Silver,1,7,West
1,270.3,0.16,4,1,Electronics,Mobile,None,0,5,S
0,191.11,0.1,2,0,Home,Desktop,None,0,2,NE
0,247.49,0.22,3,0,Electronics,Mobile,Gold,1,14,West
0,176.29,0,1,0,Electronics,Mobile,None,0,0,NE
0,126.78,0.19,1,0,Shoes,Desktop,None,0,2,NE
0,63.72,0.22,3,0,Apparel,Mobile,None,0,4,NE
0,188.69,0.12,3,0,Home,Mobile,Gold,2,14,S
0,75.66,0.18,3,0,Home,Mobile,Gold,1,13,S
0,170.57,0.27,1,0,Shoes,Mobile,Gold,2,14,S
0,57.75,0.2,4,1,Apparel,Desktop,Gold,0,3,NE
0,257.29,0.33,4,0,Electronics,Mobile,None,1,8,MW
0,33.44,0.47,6,1,Apparel,Mobile,Silver,0,8,West
1,34.93,0.29,3,0,Beauty,Mobile,Silver,1,9,MW
0,197.68,0.14,4,1,Electronics,Desktop,None,0,5,West
0,101.47,0.21,4,1,Shoes,Mobile,None,0,2,MW
0,43.48,0.26,3,0,Apparel,Desktop,Gold,0,1,MW
1,93.18,0.14,4,0,Shoes,Desktop,Silver,0,3,S
0,313.7,0.02,4,0,Electronics,Mobile,Gold,0,4,S
0,58.66,0.35,4,1,Apparel,Desktop,Gold,0,10,West
0,110.73,0.25,3,0,Electronics,Desktop,Gold,0,12,West
1,468.94,0.29,3,1,Electronics,Mobile,Gold,1,6,S
0,136.41,0.03,4,0,Electronics,Desktop,Silver,0,1,MW
0,137.31,0.25,3,0,Shoes,Mobile,Silver,0,13,West
0,133.54,0.14,5,0,Home,Mobile,Silver,1,2,S
0,71.6,0.14,3,0,Apparel,Desktop,Silver,0,12,NE
0,394.99,0.12,3,1,Electronics,Mobile,None,0,0,MW
0,46.18,0.2,2,0,Apparel,Mobile,Silver,0,6,NE
0,198.53,0.13,3,0,Electronics,Mobile,None,0,6,S
0,211.65,0.03,2,0,Electronics,Mobile,None,0,1,NE
0,271.34,0.24,1,0,Home,Mobile,Silver,0,6,NE
0,175.19,0.09,1,0,Electronics,Desktop,None,0,4,NE
1,50.09,0.43,2,0,Apparel,Mobile,None,0,6,MW
0,33.11,0.21,2,0,Apparel,Desktop,Gold,0,3,S
0,113.99,0.05,4,1,Home,Desktop,Gold,0,13,West
0,57.19,0.27,1,0,Apparel,Desktop,Gold,1,21,West
1,83.73,0.2,6,1,Shoes,Mobile,None,0,0,S
0,213.9,0.18,5,1,Electronics,Mobile,None,0,2,S
0,62.88,0.27,5,1,Shoes,Desktop,Gold,0,2,S
1,58.41,0.21,4,1,Apparel,Desktop,Gold,2,17,S
1,123.12,0.02,3,0,Home,Mobile,None,0,1,West
0,32.9,0.25,3,0,Beauty,Desktop,Silver,0,4,NE
1,34.49,0.28,5,1,Apparel,Mobile,None,0,0,West
1,135.61,0.19,5,1,Shoes,Mobile,None,0,6,S
0,191.33,0.16,3,0,Electronics,Mobile,Silver,3,11,S
0,37.97,0.46,3,0,Apparel,Desktop,Silver,0,4,MW
1,42.57,0.21,4,1,Apparel,Desktop,None,0,1,S
1,248.46,0.07,4,1,Electronics,Desktop,Silver,0,8,MW
0,170.08,0.19,2,0,Home,Mobile,Silver,0,9,S
0,48.85,0.17,4,0,Beauty,Mobile,Gold,1,1,West
1,111.41,0.17,2,0,Home,Mobile,None,0,5,NE
1,35.45,0.2,3,0,Apparel,Desktop,None,1,3,West
0,231.84,0.2,5,0,Electronics,Mobile,None,0,3,MW
0,366.82,0,4,0,Electronics,Mobile,Silver,0,2,West
0,84.41,0.15,1,0,Apparel,Mobile,Gold,1,11,NE
0,45.76,0.21,3,0,Apparel,Mobile,Silver,0,4,West
0,270.14,0.22,4,0,Electronics,Mobile,None,0,2,MW
0,47.94,0.23,4,0,Apparel,Mobile,None,0,1,West
1,214.84,0.05,1,0,Electronics,Mobile,Silver,0,4,MW
0,35.08,0.14,1,0,Apparel,Desktop,Gold,0,7,NE
1,38.48,0.08,1,0,Beauty,Desktop,None,0,1,S
1,99.12,0.43,2,0,Shoes,Mobile,Gold,0,12,NE
0,64.75,0.18,3,0,Apparel,Desktop,Silver,0,2,S
1,359.2,0.12,5,1,Electronics,Mobile,Silver,0,8,S
0,40.49,0.27,3,0,Apparel,Desktop,None,0,7,MW
0,147.15,0.13,1,0,Electronics,Desktop,None,0,10,NE
0,148.29,0.19,1,0,Electronics,Mobile,None,0,1,MW
0,66.04,0.18,1,0,Apparel,Desktop,Silver,0,3,NE
0,39.08,0.36,3,0,Apparel,Mobile,Gold,2,15,NE
0,179.67,0.14,3,0,Home,Desktop,Silver,3,13,NE
1,177.12,0.04,1,0,Electronics,Mobile,None,0,2,S
1,164.3,0.02,4,1,Home,Mobile,None,0,3,MW
0,215.46,0.21,3,1,Home,Mobile,Gold,2,11,S
0,50.92,0.39,2,0,Apparel,Mobile,Silver,0,5,NE
0,50.29,0.3,3,1,Apparel,Mobile,Silver,0,1,West
1,36.27,0.22,5,1,Apparel,Desktop,None,0,4,S
0,84.8,0.07,3,0,Home,Desktop,Gold,0,2,S
0,164.54,0.15,3,0,Electronics,Mobile,None,0,0,S
0,272.73,0,5,0,Electronics,Desktop,None,0,9,S
0,63.81,0.25,2,0,Shoes,Mobile,Silver,0,13,West
1,185.91,0.12,3,0,Electronics,Desktop,None,0,2,West
0,192.26,0.08,3,0,Home,Mobile,Silver,0,7,S
0,43.53,0.21,4,1,Apparel,Mobile,Silver,1,1,West
0,393.72,0.14,3,0,Electronics,Desktop,None,0,4,NE
0,48.23,0.2,4,0,Apparel,Mobile,None,0,4,West
0,80.41,0.21,2,0,Shoes,Desktop,Silver,1,2,S
1,150.31,0.17,3,1,Shoes,Mobile,Gold,0,13,NE
0,64.28,0.11,2,0,Shoes,Mobile,Gold,1,9,S
1,91.87,0.09,4,0,Apparel,Mobile,None,1,3,MW
1,38.97,0.42,3,0,Apparel,Mobile,Gold,1,6,S
1,104.39,0.18,4,0,Apparel,Desktop,Gold,1,2,MW
0,39.37,0.34,2,0,Apparel,Desktop,None,0,3,S
0,100.18,0,5,0,Shoes,Desktop,Silver,1,3,West
1,73.52,0.19,2,0,Apparel,Desktop,Silver,0,4,NE
1,37.15,0.29,4,1,Apparel,Mobile,None,0,6,MW
0,40.81,0.16,3,0,Beauty,Mobile,Gold,0,9,MW
0,317.29,0.15,2,0,Electronics,Mobile,Silver,0,11,NE
1,42.95,0.45,4,0,Apparel,Desktop,None,0,1,S
1,56.83,0.38,5,1,Apparel,Desktop,None,0,4,MW
0,64.6,0.21,2,0,Apparel,Desktop,Gold,0,5,MW
0,81.71,0.11,3,1,Home,Mobile,Gold,1,16,NE
0,268.75,0.18,1,0,Electronics,Mobile,Silver,0,8,NE
0,47.79,0.36,3,1,Beauty,Desktop,None,0,2,MW
0,400.36,0.15,4,0,Electronics,Mobile,Silver,0,1,S
1,89.08,0.37,3,0,Home,Desktop,None,0,0,S
0,178.62,0.28,2,0,Home,Mobile,None,0,0,S
0,150.18,0.23,1,0,Electronics,Desktop,Silver,0,7,NE
0,121.7,0.05,3,0,Home,Desktop,Silver,1,5,West
0,115.99,0.05,3,0,Shoes,Desktop,None,1,2,West
0,222.22,0,4,0,Electronics,Desktop,Gold,0,4,West
0,142.43,0.26,3,0,Electronics,Mobile,Gold,2,7,MW
1,32.97,0.4,6,1,Beauty,Mobile,None,0,4,S
0,85.56,0.29,2,0,Beauty,Mobile,Gold,0,11,S
0,123.82,0.1,4,0,Electronics,Mobile,None,0,1,NE
0,33.4,0.37,1,0,Beauty,Mobile,None,1,1,NE
0,41.29,0.07,2,0,Apparel,Desktop,None,0,0,S
0,101.11,0.06,1,0,Home,Desktop,Gold,0,5,NE
1,95.17,0.13,3,1,Shoes,Desktop,None,1,5,S
0,107.64,0.36,3,0,Shoes,Mobile,Gold,0,8,MW
1,45.83,0.28,3,1,Beauty,Mobile,Gold,4,20,S
1,92.91,0.21,1,0,Home,Mobile,Gold,2,7,West
0,26.67,0.22,4,0,Beauty,Desktop,None,0,2,MW
1,58.08,0.22,3,0,Shoes,Mobile,Silver,1,4,West
0,66.48,0.29,3,1,Shoes,Desktop,None,0,6,NE
0,34.95,0.03,5,1,Beauty,Desktop,Silver,0,2,NE
0,51.44,0.47,5,0,Apparel,Mobile,None,0,3,S
0,50.42,0.35,2,0,Apparel,Desktop,Gold,0,5,MW
1,176.89,0.13,3,1,Home,Desktop,Gold,0,9,S
1,34.69,0.22,5,1,Beauty,Desktop,None,0,5,S
1,32.07,0.33,4,1,Apparel,Mobile,Silver,1,4,West
0,82.69,0.19,3,0,Home,Mobile,Silver,0,3,S
0,24.57,0.19,4,0,Beauty,Mobile,Silver,0,5,S
0,42.21,0.1,1,0,Apparel,Desktop,Gold,0,4,S
1,85.5,0.3,4,1,Shoes,Desktop,Silver,0,3,MW
0,226.2,0.1,4,0,Electronics,Desktop,Silver,0,2,NE
0,28.19,0.12,4,0,Beauty,Desktop,Gold,0,15,West
0,53.02,0.17,3,0,Apparel,Desktop,Silver,0,3,S
0,105.82,0.15,3,0,Home,Mobile,Silver,0,2,West
0,49.8,0.24,2,0,Apparel,Mobile,None,0,6,West
0,68.72,0.19,2,1,Home,Desktop,Gold,0,8,West
1,45.02,0.28,4,0,Apparel,Desktop,Gold,0,5,MW
1,103.85,0.24,2,0,Shoes,Mobile,None,1,3,NE
1,63.55,0.36,2,1,Shoes,Mobile,Gold,1,5,West
1,51.09,0,2,0,Home,Mobile,Silver,1,6,NE
0,134.59,0.18,1,0,Home,Desktop,Silver,0,1,MW
0,96.17,0.11,4,0,Electronics,Mobile,Silver,0,9,S
0,55.55,0.29,3,0,Apparel,Desktop,None,0,0,MW
0,17.4,0.1,5,0,Apparel,Mobile,None,1,1,S
0,101.17,0.23,1,0,Shoes,Mobile,None,0,2,S
0,46.37,0.31,4,0,Apparel,Desktop,Silver,0,7,MW
1,102.45,0.17,5,0,Home,Mobile,None,1,4,NE
1,89.19,0.39,1,0,Shoes,Mobile,Silver,0,0,S
1,72.29,0.18,4,0,Home,Mobile,None,1,1,NE
0,290.66,0.09,2,0,Home,Mobile,Silver,0,2,NE
1,274.65,0.1,4,1,Electronics,Desktop,None,0,2,NE
1,144.52,0.14,3,0,Home,Mobile,Gold,0,7,MW
0,278.37,0,3,0,Electronics,Mobile,Silver,0,3,West
0,80.51,0.29,3,0,Apparel,Desktop,Gold,2,15,NE
0,333.09,0.13,4,0,Electronics,Desktop,None,0,3,S
0,34.85,0.17,2,1,Apparel,Mobile,Silver,0,1,MW
0,121.67,0.34,4,1,Home,Mobile,None,0,0,NE
1,70.48,0.31,2,0,Apparel,Mobile,Silver,0,1,NE
0,26.36,0.22,3,1,Beauty,Mobile,Silver,0,0,West
1,114.06,0.35,4,1,Shoes,Mobile,None,0,1,West
0,49.34,0.27,2,1,Beauty,Desktop,None,0,1,NE
0,64.13,0.15,2,0,Home,Mobile,Silver,0,1,West
1,62.76,0.16,5,1,Shoes,Mobile,None,0,6,S
0,191.26,0.13,2,0,Electronics,Desktop,None,1,3,MW
0,255.94,0.07,3,0,Electronics,Desktop,Silver,0,7,S
1,177.4,0.22,3,0,Electronics,Mobile,None,0,0,West
1,40.39,0.22,4,0,Apparel,Mobile,Gold,1,8,West
0,95.22,0.19,1,0,Home,Desktop,None,0,4,MW
0,167.52,0.18,4,0,Home,Mobile,None,0,2,MW
0,53.14,0.22,1,0,Apparel,Mobile,Gold,0,5,NE
0,43.19,0.26,3,1,Beauty,Desktop,Gold,0,5,S
0,20.59,0.23,3,0,Beauty,Desktop,Gold,0,13,NE
0,107.77,0.13,1,0,Home,Mobile,Silver,0,3,NE
0,59.61,0.02,3,0,Shoes,Mobile,Gold,4,28,West
1,99.03,0.29,4,0,Home,Mobile,None,0,2,West
0,136.54,0.07,3,0,Home,Mobile,Silver,0,5,MW
1,25.41,0.2,4,0,Beauty,Mobile,None,0,0,S
0,65.33,0.13,4,0,Apparel,Mobile,None,0,6,NE
0,59.83,0.21,5,1,Apparel,Desktop,Gold,0,6,West
0,30.05,0.09,3,0,Beauty,Mobile,None,1,1,S
1,57.04,0.22,2,0,Apparel,Mobile,Gold,0,5,NE
1,93.76,0.24,1,0,Apparel,Mobile,Silver,0,5,MW
1,44.57,0.36,2,0,Apparel,Desktop,None,0,1,West
1,91.3,0.28,4,1,Home,Mobile,None,0,1,MW
0,57.74,0.13,4,0,Apparel,Desktop,None,0,5,S
1,36.35,0.24,1,1,Apparel,Mobile,Gold,2,27,MW
0,109.91,0.29,2,0,Home,Mobile,Silver,0,5,NE
1,150.75,0.29,2,0,Home,Mobile,Silver,0,6,S
1,281.53,0.28,4,0,Electronics,Mobile,Gold,2,7,West
0,313.15,0.05,5,0,Electronics,Mobile,None,0,1,S
0,109.87,0.09,2,0,Apparel,Mobile,None,0,6,MW
0,472.68,0.1,1,0,Electronics,Mobile,None,0,2,NE
0,126.52,0.26,2,0,Electronics,Mobile,None,0,1,NE
0,161.92,0.07,2,0,Home,Desktop,Silver,0,4,S
1,172.3,0,3,1,Electronics,Desktop,Silver,1,4,West
0,37.13,0.3,4,0,Apparel,Mobile,Gold,0,9,West
0,19.86,0.03,4,1,Beauty,Desktop,None,0,1,MW
0,72.43,0.15,2,0,Shoes,Mobile,Silver,0,6,NE
0,499.21,0.26,2,0,Electronics,Mobile,None,0,1,West
0,54.11,0.34,4,0,Home,Mobile,Silver,0,5,West
0,50.28,0.24,5,0,Apparel,Mobile,Gold,2,2,West
1,119.62,0.22,3,1,Home,Mobile,Silver,1,7,West
1,192.02,0.34,5,0,Electronics,Desktop,Gold,2,34,West
0,281.77,0.11,3,1,Electronics,Mobile,None,0,1,MW
0,418.21,0.08,2,1,Electronics,Mobile,Silver,0,1,S
0,78.63,0.12,3,0,Apparel,Desktop,Silver,0,8,MW
1,33.48,0.33,4,0,Beauty,Mobile,Gold,0,7,S
1,156.99,0.09,4,0,Home,Desktop,None,0,3,West
0,98.01,0.23,3,0,Apparel,Desktop,Gold,0,10,NE
1,113.85,0.17,4,1,Home,Mobile,Gold,0,6,MW
0,178.09,0.1,5,1,Electronics,Desktop,None,0,11,MW
1,54,0.12,3,0,Apparel,Desktop,None,0,0,S
1,44.99,0.27,1,1,Apparel,Mobile,Silver,0,5,NE
0,33.59,0.32,2,0,Apparel,Mobile,None,0,0,MW
0,212.24,0.35,3,0,Home,Mobile,Silver,1,7,MW
0,27.58,0.17,2,0,Beauty,Desktop,None,0,0,MW
1,132.43,0.25,4,1,Home,Mobile,Silver,0,3,S
1,339.05,0,3,0,Electronics,Desktop,Silver,0,4,S
1,118.15,0.24,4,0,Shoes,Mobile,Silver,2,6,West
0,68.23,0.15,1,0,Beauty,Desktop,Gold,0,15,MW
0,199.5,0.17,1,0,Electronics,Mobile,None,0,1,S
0,56.73,0.21,6,1,Apparel,Mobile,None,1,1,West
0,76.99,0.13,3,0,Home,Mobile,None,0,3,West
0,75.7,0.18,1,0,Shoes,Desktop,Gold,1,15,NE
0,22.75,0.07,2,0,Beauty,Mobile,Silver,1,11,NE
0,108.49,0.3,1,0,Shoes,Mobile,Silver,0,5,S
1,222.84,0.01,3,0,Home,Desktop,None,0,3,West
1,40.25,0.41,2,0,Apparel,Desktop,None,0,1,MW
0,179.45,0.15,3,0,Home,Desktop,None,1,0,MW
1,58.7,0.29,5,0,Apparel,Mobile,Silver,0,4,S
1,81.77,0.33,2,0,Shoes,Mobile,Gold,0,12,West
0,89.99,0.16,4,0,Home,Mobile,Silver,0,2,West
1,79,0.15,6,1,Home,Mobile,None,0,2,MW
0,56.58,0.34,4,0,Apparel,Mobile,None,0,0,NE
0,111.04,0.17,4,0,Home,Desktop,None,0,4,MW
1,132.44,0.05,1,0,Shoes,Mobile,None,3,6,NE
0,27.46,0.09,4,0,Beauty,Desktop,Gold,1,7,MW
0,136.88,0.19,4,1,Electronics,Mobile,Silver,0,4,S
0,64.56,0.22,3,0,Shoes,Mobile,Gold,0,9,S
1,172.02,0.04,4,0,Electronics,Desktop,Gold,1,8,West
1,57.34,0.12,2,1,Apparel,Mobile,None,0,1,NE
1,56.72,0.11,5,0,Shoes,Desktop,Gold,0,11,West
0,123.44,0.07,4,0,Home,Desktop,None,0,3,MW
0,42.44,0.2,4,1,Apparel,Desktop,Silver,1,3,West
0,26.02,0.2,3,0,Beauty,Mobile,None,0,3,MW
0,37.72,0.13,2,1,Apparel,Desktop,Gold,0,12,S
1,164.4,0.1,3,0,Shoes,Mobile,Silver,0,9,NE
0,104.37,0.1,3,0,Home,Desktop,Gold,1,7,West
0,121.25,0,3,1,Home,Mobile,Silver,2,14,West
0,110,0.18,2,0,Shoes,Mobile,Gold,2,22,West
1,44.96,0.19,3,0,Apparel,Mobile,None,0,2,S
0,108.09,0.18,2,0,Home,Desktop,Silver,0,3,S
1,37.98,0.41,4,1,Apparel,Desktop,Gold,0,15,S
1,93.33,0,3,0,Home,Desktop,Silver,0,4,S
0,192.72,0,2,0,Electronics,Desktop,Gold,0,11,MW
1,285.18,0,2,0,Electronics,Mobile,Silver,0,8,West
0,74.77,0.11,2,0,Home,Mobile,Gold,1,4,West
0,170.13,0.19,2,0,Home,Mobile,None,0,5,NE
0,88.88,0.14,4,0,Home,Desktop,None,0,3,West
0,42.81,0.18,3,1,Beauty,Mobile,None,0,2,NE
0,72.36,0.26,2,1,Shoes,Mobile,Gold,0,12,NE
0,106.12,0.18,4,0,Home,Mobile,None,0,2,MW
0,154.5,0.15,2,1,Home,Desktop,Gold,1,9,S
0,75.42,0.25,1,0,Apparel,Mobile,Silver,2,2,NE
1,131.62,0.09,4,0,Home,Desktop,Gold,2,11,MW
0,58.62,0.11,2,0,Apparel,Desktop,Silver,0,5,S
0,58.27,0.39,2,0,Beauty,Desktop,Gold,2,18,S
0,81.22,0.23,2,0,Apparel,Mobile,Gold,0,1,MW
0,22.5,0.28,4,0,Apparel,Mobile,None,0,7,NE
1,61.09,0,4,0,Shoes,Desktop,Silver,1,5,S
0,121.29,0.33,5,1,Home,Mobile,None,0,2,West
0,48.2,0.3,2,0,Apparel,Mobile,Silver,0,10,S
1,197.64,0.06,4,1,Electronics,Desktop,Silver,0,2,S
1,49.36,0.21,5,0,Apparel,Desktop,None,0,2,S
0,52.61,0.27,3,0,Apparel,Desktop,Silver,0,5,S
0,62.67,0.26,1,0,Apparel,Desktop,None,0,5,West
0,31.85,0.26,3,1,Beauty,Mobile,Silver,0,5,West
0,286.16,0.18,4,0,Electronics,Mobile,None,0,2,S
0,51.52,0.33,3,0,Apparel,Mobile,None,0,4,S
0,124.09,0.06,3,0,Home,Desktop,Gold,0,4,MW
1,88.69,0.39,5,1,Apparel,Desktop,Gold,1,14,S
0,53.18,0.31,2,0,Apparel,Desktop,Gold,1,30,NE
0,49.51,0.13,2,1,Apparel,Desktop,Gold,0,7,NE
0,31.95,0.2,2,0,Beauty,Desktop,None,0,4,West
0,147.17,0,2,0,Electronics,Mobile,Silver,0,5,S
0,47.26,0.14,2,0,Beauty,Desktop,Silver,0,2,S
0,49.96,0.05,5,0,Home,Mobile,None,0,19,MW
1,48.07,0.15,5,1,Apparel,Desktop,Silver,0,4,S
1,35.5,0.24,6,1,Apparel,Desktop,None,0,2,West
0,60.08,0.17,5,0,Shoes,Mobile,None,0,1,S
1,47.57,0.08,1,0,Apparel,Mobile,Silver,1,8,MW
1,47.57,0.1,5,0,Apparel,Desktop,None,0,1,S
0,57.31,0.18,2,0,Beauty,Mobile,Gold,1,8,S
1,120.68,0.25,4,0,Shoes,Mobile,None,0,0,West
0,346.15,0.01,3,0,Electronics,Desktop,Silver,0,5,West
0,98.76,0.21,5,0,Apparel,Desktop,Silver,0,5,S
0,228.75,0.06,4,1,Electronics,Desktop,None,0,1,S
1,131.5,0.11,3,1,Home,Mobile,Silver,0,3,MW
0,200.35,0.01,3,1,Electronics,Mobile,None,0,0,S
0,162.53,0.28,3,0,Home,Mobile,Gold,0,7,S
0,44.9,0.16,4,1,Apparel,Desktop,Silver,1,4,S
1,65.43,0.29,3,0,Shoes,Mobile,None,3,9,NE
0,47.04,0.14,3,0,Apparel,Mobile,Gold,0,2,West
0,230.95,0.22,2,0,Home,Mobile,Silver,1,7,S
1,288.92,0.23,2,0,Electronics,Mobile,Gold,0,7,S
0,177.24,0,1,0,Electronics,Desktop,None,0,6,NE
0,86.95,0.15,3,0,Shoes,Mobile,Gold,0,6,West
1,27.35,0.34,5,1,Apparel,Desktop,Silver,0,4,West
0,53.02,0.21,3,1,Beauty,Mobile,Silver,2,11,MW
0,53.67,0.46,1,0,Shoes,Mobile,Silver,0,3,NE
0,43.43,0.28,5,0,Apparel,Desktop,Silver,0,2,MW
0,54.89,0.27,6,1,Beauty,Mobile,None,0,3,West
0,97.38,0.13,5,1,Home,Mobile,Gold,0,3,S
1,33.52,0.4,3,0,Apparel,Mobile,None,1,9,S
1,229.23,0.21,3,0,Home,Mobile,Silver,1,6,West
0,64.32,0.25,2,0,Apparel,Mobile,Gold,0,11,S
0,34.16,0.27,4,1,Beauty,Mobile,Gold,0,2,MW
0,33.97,0.14,3,0,Apparel,Desktop,Gold,0,14,NE
1,58.94,0.32,1,1,Apparel,Desktop,Gold,1,18,MW
0,52.58,0.13,2,0,Beauty,Mobile,Silver,0,9,NE
0,31.17,0.09,1,0,Apparel,Desktop,Silver,1,11,NE
0,52.3,0.21,2,0,Apparel,Desktop,None,0,5,MW
1,62.5,0.33,4,1,Apparel,Desktop,None,0,0,West
0,30.45,0.17,3,0,Apparel,Mobile,Gold,0,7,West
1,78.52,0.28,2,0,Beauty,Desktop,Silver,0,2,NE
0,65.27,0.16,4,0,Shoes,Mobile,None,0,2,West
0,54.22,0.21,3,0,Apparel,Mobile,None,1,7,S
0,85.81,0.16,1,0,Shoes,Mobile,Gold,0,14,NE
0,105.31,0.2,2,0,Apparel,Mobile,Gold,3,21,NE
1,52.01,0.17,7,0,Apparel,Mobile,Silver,1,1,West
0,63.69,0.15,3,0,Apparel,Mobile,Gold,0,15,S
1,58.3,0.07,4,1,Shoes,Mobile,None,0,2,West
0,16.78,0.19,4,1,Apparel,Desktop,Gold,2,15,West
0,276.23,0.08,3,1,Electronics,Desktop,None,0,2,NE
0,179.7,0.11,5,0,Electronics,Desktop,None,0,3,West
1,37.59,0.28,4,0,Apparel,Desktop,Silver,0,2,S
1,43.45,0.26,2,0,Apparel,Desktop,Gold,0,15,West
0,184.44,0.11,4,0,Electronics,Mobile,None,0,1,S
1,141.05,0.26,4,0,Home,Mobile,None,1,6,MW
0,93.46,0.14,2,1,Shoes,Desktop,Gold,1,4,West
0,278.8,0.06,4,0,Electronics,Desktop,None,0,2,S
0,58.03,0.25,3,0,Apparel,Desktop,Silver,1,1,West
0,132.03,0.19,4,1,Electronics,Desktop,None,2,10,MW
1,71.34,0.17,4,1,Apparel,Mobile,None,0,2,West
0,62.44,0.13,3,0,Apparel,Desktop,Silver,1,6,West
0,90.96,0.3,5,0,Shoes,Mobile,None,0,3,S
1,79.47,0.22,3,0,Home,Desktop,Gold,2,12,NE
1,68.98,0.32,5,1,Home,Mobile,Silver,2,11,West
0,27.5,0.21,3,0,Beauty,Mobile,Gold,0,16,MW
0,57.11,0.25,4,1,Apparel,Mobile,None,0,1,S
0,138.77,0.03,4,1,Home,Mobile,None,0,1,MW
0,98.73,0.23,3,0,Home,Mobile,None,0,5,S
0,245.18,0.14,5,0,Home,Desktop,None,0,2,NE
1,115.46,0.26,5,0,Shoes,Mobile,None,0,3,S
1,72.49,0.12,4,0,Beauty,Mobile,Silver,0,5,West
1,45.87,0.18,4,1,Apparel,Desktop,Gold,0,5,MW
0,73.21,0.43,3,0,Shoes,Mobile,Gold,0,13,NE
1,38.52,0.26,4,1,Beauty,Desktop,None,1,3,West
0,42.75,0.2,5,1,Beauty,Mobile,Silver,0,13,West
0,151.11,0.18,4,0,Electronics,Mobile,None,0,1,West
1,88.79,0.3,2,0,Shoes,Mobile,None,0,0,NE
0,387.69,0.12,3,0,Electronics,Mobile,Gold,0,7,S
0,30.22,0.19,4,1,Beauty,Desktop,Silver,0,4,S
0,90.55,0.05,3,1,Home,Desktop,Gold,0,11,NE
0,62.48,0.23,3,0,Apparel,Desktop,Gold,0,29,MW
0,61.59,0.37,3,1,Apparel,Desktop,None,0,1,West
0,114.06,0.07,3,0,Shoes,Mobile,Gold,1,13,West
0,173.96,0.2,1,0,Electronics,Mobile,Gold,1,15,NE
1,98.7,0.08,3,1,Shoes,Mobile,None,0,3,NE
1,180.48,0.31,4,0,Home,Mobile,None,0,1,S
0,118.2,0.32,4,0,Shoes,Mobile,None,2,3,S
0,52.96,0.3,4,0,Beauty,Mobile,Gold,1,19,West
0,92.45,0.04,5,0,Home,Mobile,None,0,1,MW
1,31.07,0.05,3,1,Apparel,Mobile,Gold,0,8,NE
1,98.54,0.13,2,0,Home,Mobile,Gold,0,19,S
1,54.44,0.29,3,1,Apparel,Desktop,Silver,1,20,NE
0,321.27,0.05,2,1,Electronics,Mobile,Silver,1,1,NE
0,44.86,0.34,3,0,Beauty,Mobile,None,0,2,NE
0,29.45,0.18,2,0,Beauty,Desktop,Gold,0,4,MW
0,31.46,0.17,3,0,Beauty,Desktop,None,0,4,MW
1,187.13,0.26,1,0,Home,Mobile,None,0,1,NE
0,49.49,0.09,4,0,Apparel,Mobile,Silver,0,0,S
0,77.17,0.15,4,1,Shoes,Desktop,None,1,3,S
0,50.45,0.32,2,0,Apparel,Desktop,Silver,0,2,West
1,43.85,0.11,3,0,Apparel,Desktop,Gold,2,12,MW
1,53.66,0.11,3,0,Apparel,Mobile,Gold,0,9,S
1,89.87,0.05,1,0,Shoes,Desktop,Gold,2,13,S
0,34.5,0.26,3,0,Apparel,Desktop,Gold,0,12,NE
1,38.03,0.24,3,1,Apparel,Mobile,None,0,1,S
1,42.92,0.26,5,1,Apparel,Desktop,None,0,3,S
0,29.87,0.22,3,0,Apparel,Mobile,None,1,1,NE
0,92.03,0.12,2,0,Home,Mobile,None,0,1,MW
1,329.53,0.13,2,1,Electronics,Mobile,Silver,0,5,S
1,29.07,0.32,4,1,Apparel,Desktop,Silver,2,20,S
1,45.39,0.25,2,1,Apparel,Desktop,Gold,0,17,MW
0,48.85,0.36,3,1,Apparel,Desktop,Silver,0,3,S
0,21.87,0.26,3,0,Beauty,Desktop,Gold,1,8,MW
0,126.47,0.21,1,0,Home,Desktop,None,0,0,MW
0,100.81,0.09,3,0,Home,Desktop,Silver,0,3,West
0,80.02,0.3,3,0,Apparel,Desktop,Silver,1,9,MW
0,65.35,0.07,2,0,Shoes,Desktop,Silver,0,3,West
0,61.17,0.28,3,1,Apparel,Mobile,None,1,5,NE
0,95.45,0.17,2,1,Home,Desktop,None,0,2,MW
0,200.03,0.06,4,0,Electronics,Mobile,Gold,0,5,S
0,242.12,0.22,4,0,Electronics,Desktop,None,0,2,NE
1,268.89,0.22,6,1,Electronics,Mobile,Silver,1,9,S
0,111.98,0.06,5,1,Home,Desktop,None,0,1,MW
1,99.65,0.2,5,1,Home,Mobile,None,0,4,S
1,51.19,0.4,4,1,Apparel,Mobile,Silver,0,1,MW
0,222.6,0.37,3,1,Electronics,Mobile,Gold,1,11,MW
0,14.25,0.29,4,0,Beauty,Desktop,None,0,4,NE
1,80.82,0.24,4,1,Shoes,Mobile,None,0,0,S
0,50.46,0.21,1,0,Apparel,Mobile,Gold,0,5,MW
0,48.56,0.38,3,0,Beauty,Desktop,Silver,0,4,MW
0,111.37,0.1,3,0,Electronics,Mobile,None,0,0,S
0,84.9,0.24,2,0,Shoes,Desktop,Gold,0,6,NE
0,59.2,0.2,1,0,Apparel,Desktop,Silver,0,11,NE
1,54.85,0.3,2,0,Apparel,Mobile,None,1,0,MW
1,94.35,0.26,4,1,Shoes,Mobile,Silver,0,7,NE
0,326.7,0.05,3,1,Electronics,Desktop,None,0,3,NE
0,154.46,0.18,1,0,Electronics,Mobile,None,0,2,MW
0,45.83,0.32,3,0,Apparel,Desktop,Gold,0,7,S
0,55.44,0.06,3,0,Shoes,Desktop,None,0,3,S
0,39.74,0.18,3,0,Beauty,Desktop,Silver,1,3,MW
0,197.86,0.41,2,0,Electronics,Desktop,Silver,0,1,S
0,43.95,0.21,4,0,Beauty,Mobile,Silver,0,3,S
1,308.91,0.1,4,0,Electronics,Mobile,None,1,3,West
1,61.23,0.22,3,0,Shoes,Desktop,Gold,0,2,West
0,262.04,0.2,1,0,Electronics,Mobile,Gold,0,16,West
1,50.06,0.39,4,1,Apparel,Mobile,Silver,0,5,West
1,28.76,0.33,1,1,Apparel,Mobile,None,0,6,NE
1,403.73,0.15,2,1,Electronics,Desktop,None,0,0,S
1,238.07,0.13,2,0,Home,Mobile,Silver,0,3,S
0,48.47,0.2,5,1,Home,Mobile,None,0,3,West
1,37.88,0.22,4,1,Apparel,Desktop,Silver,2,7,S
0,271.07,0.17,5,0,Electronics,Desktop,None,0,8,West
0,173.8,0.08,4,0,Electronics,Mobile,None,1,8,S
0,262.85,0.04,4,0,Electronics,Mobile,Gold,0,3,S
0,109.72,0.07,3,0,Home,Desktop,Silver,0,7,West
1,65.91,0.27,2,0,Apparel,Desktop,None,0,4,MW
0,141.44,0,2,1,Home,Desktop,Silver,0,1,NE
0,35.39,0.26,6,0,Apparel,Mobile,Gold,1,8,West
1,106.36,0.19,4,1,Shoes,Mobile,None,0,4,MW
0,44,0.31,1,0,Apparel,Desktop,Gold,0,5,S
0,154.96,0.03,3,0,Electronics,Desktop,Gold,0,11,MW
1,82.58,0.26,5,1,Shoes,Mobile,Gold,0,14,S
0,56.06,0.17,2,0,Beauty,Mobile,Gold,0,7,MW
1,161.02,0.18,5,1,Home,Mobile,None,1,11,West
0,96.82,0.1,2,1,Apparel,Mobile,Silver,0,2,NE
1,59.15,0.21,4,1,Shoes,Mobile,Gold,0,7,S
1,102.96,0.08,4,1,Home,Mobile,None,0,3,S
1,54.13,0.48,4,1,Beauty,Mobile,None,0,0,West
0,51.45,0.13,2,0,Apparel,Mobile,Gold,0,12,West
0,69.92,0.35,3,1,Apparel,Mobile,Gold,0,12,S
0,123.01,0.28,3,0,Home,Mobile,Silver,0,1,MW
0,33.42,0,3,1,Beauty,Mobile,Gold,1,13,MW
0,45.18,0.27,4,0,Apparel,Desktop,Silver,0,3,NE
0,115.6,0.23,1,0,Electronics,Mobile,None,0,0,West
0,228.05,0.3,1,0,Electronics,Desktop,None,0,3,MW
1,48.54,0.31,4,1,Apparel,Desktop,None,0,0,West
0,103.18,0.16,4,1,Shoes,Mobile,Gold,1,5,MW
0,225.43,0,4,0,Electronics,Mobile,None,1,2,S
0,258.42,0.08,1,1,Electronics,Mobile,Gold,0,4,S
0,159.43,0.18,4,1,Electronics,Mobile,Gold,0,5,NE
0,201.5,0.08,3,0,Electronics,Desktop,None,0,4,NE
0,199.57,0.2,3,0,Home,Desktop,Gold,0,9,MW
1,57.11,0.14,4,0,Shoes,Desktop,None,0,1,S
1,76.14,0.34,4,1,Apparel,Mobile,None,0,5,West
0,50.84,0.27,2,0,Apparel,Desktop,Gold,0,2,NE
0,75.46,0.16,2,0,Shoes,Desktop,Gold,0,12,S
1,196.55,0.12,5,1,Electronics,Mobile,None,0,0,S
0,87.97,0.24,2,1,Shoes,Mobile,Gold,1,13,S
0,18.57,0.18,2,1,Beauty,Desktop,Gold,1,10,NE
1,70.05,0.18,1,0,Shoes,Mobile,Silver,0,3,MW
0,367.27,0.3,5,1,Electronics,Mobile,Gold,0,10,West
0,121.52,0.23,4,0,Home,Mobile,Gold,0,7,S
1,221.07,0,2,1,Electronics,Desktop,Gold,2,21,S
0,70.61,0.21,4,0,Home,Mobile,Silver,0,1,West
1,64.2,0.2,6,0,Home,Desktop,None,1,3,West
0,39.01,0.25,2,0,Apparel,Desktop,Silver,0,7,NE
1,35.49,0.2,3,1,Beauty,Mobile,None,0,0,West
0,83.49,0.34,4,1,Home,Desktop,None,0,4,MW
1,391.03,0.06,1,0,Electronics,Mobile,Silver,0,2,NE
0,89.8,0,1,0,Home,Desktop,Gold,0,22,NE
0,72.03,0.24,2,0,Home,Desktop,Gold,0,26,S
1,87.11,0.17,2,0,Home,Mobile,Silver,0,1,NE
0,117.09,0.25,2,1,Home,Desktop,Gold,0,14,MW
0,111.42,0.33,6,1,Home,Mobile,None,0,6,S
1,55.35,0.11,4,1,Beauty,Mobile,None,0,6,NE
0,86.28,0.22,1,0,Shoes,Desktop,Silver,1,4,S
0,27.03,0.29,6,1,Beauty,Desktop,None,0,2,S
0,154.01,0.24,3,0,Electronics,Desktop,None,0,2,West
1,193.02,0.18,2,0,Home,Desktop,None,3,6,MW
1,29.56,0.37,4,1,Apparel,Mobile,None,0,3,MW
1,36.96,0.51,5,1,Apparel,Desktop,None,0,5,West
0,56.06,0.4,1,0,Apparel,Desktop,None,0,3,NE
0,40.59,0.08,2,0,Beauty,Desktop,Silver,0,12,S
0,111.56,0.33,2,0,Shoes,Mobile,None,0,0,MW
0,95.97,0.23,5,0,Apparel,Desktop,Silver,0,8,S
1,134.11,0.1,2,0,Home,Desktop,Silver,0,2,West
1,37.09,0.18,6,1,Apparel,Desktop,Silver,0,0,West
0,267.2,0.12,5,1,Electronics,Mobile,Silver,0,0,MW
0,20.94,0.16,4,0,Beauty,Mobile,Gold,0,8,West
0,59.39,0.1,4,1,Home,Mobile,None,0,1,S
0,27.51,0.36,4,0,Apparel,Mobile,Silver,0,3,S
0,56.57,0.2,4,0,Beauty,Desktop,None,0,0,S
0,42.19,0.21,3,0,Beauty,Mobile,None,0,1,MW
0,58.59,0.4,2,0,Shoes,Mobile,Silver,0,4,NE
0,37.71,0.16,4,0,Apparel,Desktop,None,0,7,MW
1,184.6,0.15,3,0,Electronics,Desktop,None,0,3,S
0,198.7,0,4,0,Electronics,Desktop,Gold,0,5,S
1,159.73,0.2,5,1,Home,Desktop,Silver,1,2,S
1,141.65,0.22,4,0,Shoes,Desktop,Silver,0,6,S
0,102.1,0.33,2,0,Home,Desktop,Gold,0,7,NE
0,171.59,0.15,2,0,Shoes,Desktop,Silver,0,3,MW
0,77.39,0.22,4,1,Apparel,Mobile,Silver,0,6,West
0,36.87,0.17,4,1,Apparel,Desktop,Silver,0,4,West
0,28.99,0.18,3,0,Beauty,Mobile,Silver,0,3,S
0,211.56,0.22,3,0,Electronics,Mobile,None,0,0,S
0,141.93,0.19,4,0,Home,Mobile,None,2,5,MW
0,77.45,0.25,4,0,Shoes,Mobile,Silver,0,11,S
0,75.77,0.2,4,0,Shoes,Desktop,Gold,0,9,S
0,27.49,0.27,1,0,Beauty,Mobile,Gold,1,6,S
0,56.22,0.17,4,0,Apparel,Mobile,Gold,0,5,West
0,204,0.09,2,1,Electronics,Mobile,None,0,0,NE
0,63.45,0.34,2,1,Beauty,Desktop,None,0,8,MW
1,139.91,0.06,2,0,Electronics,Desktop,Gold,0,7,MW
1,98.73,0.26,2,1,Shoes,Mobile,None,0,1,MW
1,58.81,0.29,3,1,Apparel,Mobile,None,1,1,West
0,39.15,0.27,4,0,Beauty,Mobile,Silver,0,5,West
1,115.7,0.08,4,1,Shoes,Desktop,None,1,1,S
0,280.34,0.12,3,1,Electronics,Desktop,None,0,0,S
0,102.63,0.24,5,0,Shoes,Mobile,None,0,4,S
0,22.56,0.34,3,0,Apparel,Mobile,Gold,0,11,S
1,47.7,0.26,3,0,Apparel,Desktop,Silver,1,3,S
0,64.35,0.39,2,0,Apparel,Desktop,None,0,2,MW
0,85.03,0.28,2,0,Shoes,Desktop,Gold,0,6,S
0,284.37,0.19,4,0,Electronics,Mobile,Silver,0,24,West
0,65.52,0.23,1,0,Shoes,Desktop,Gold,0,3,NE
1,25.26,0.14,2,0,Beauty,Mobile,None,0,5,NE
1,303.71,0.07,3,0,Electronics,Desktop,None,0,0,MW
0,102.97,0.09,4,1,Shoes,Desktop,None,0,4,S
1,132.76,0.15,5,0,Shoes,Desktop,None,0,9,S
0,151.4,0,6,1,Electronics,Desktop,None,0,8,NE
0,49.29,0.26,2,0,Apparel,Desktop,Silver,0,1,MW
1,128.06,0.1,4,0,Home,Desktop,None,0,3,S
1,40.75,0.28,4,0,Apparel,Desktop,None,0,1,MW
0,35.55,0.44,3,1,Apparel,Desktop,Gold,0,2,West
1,129.73,0.07,3,0,Home,Desktop,Silver,0,2,West
0,35.46,0.31,4,1,Beauty,Desktop,None,0,7,MW
1,110.14,0.11,3,0,Home,Mobile,None,0,2,MW
0,22.25,0.37,5,0,Apparel,Mobile,Gold,0,4,West
0,47.68,0.38,1,0,Apparel,Mobile,Gold,0,4,NE
1,22.23,0.44,3,1,Beauty,Desktop,None,0,1,NE
0,156.52,0.23,3,0,Home,Mobile,None,0,4,West
0,36.69,0.16,3,0,Apparel,Desktop,None,0,6,West
0,42.9,0.05,5,0,Shoes,Mobile,None,0,2,S
0,91.48,0.32,2,0,Shoes,Mobile,Gold,0,6,West
0,117.22,0.15,3,0,Home,Mobile,Silver,1,9,West
0,138.53,0.05,5,0,Electronics,Mobile,Silver,0,9,S
0,146.65,0.21,3,0,Home,Mobile,None,0,5,NE
0,48.5,0.16,3,0,Apparel,Mobile,Gold,0,19,West
0,45.02,0,1,0,Home,Desktop,None,1,4,NE
1,27.97,0.18,5,1,Beauty,Mobile,None,1,1,West
1,94.57,0.16,4,0,Apparel,Desktop,None,0,2,MW
0,48.09,0.26,5,0,Apparel,Desktop,None,1,0,West
0,57.36,0.14,3,0,Apparel,Desktop,None,0,4,West
0,40.64,0.02,1,0,Shoes,Desktop,Silver,0,15,West
0,288.84,0.02,2,0,Electronics,Desktop,None,1,3,MW
1,76.72,0.24,1,0,Home,Mobile,None,0,0,West
0,219.43,0.18,1,0,Home,Mobile,None,0,2,NE
0,132.7,0.25,6,1,Home,Mobile,Silver,0,2,West
0,76.19,0.07,2,1,Home,Desktop,Gold,0,2,S
0,53.06,0.33,1,0,Apparel,Mobile,Gold,0,5,West
1,96.54,0.18,4,0,Apparel,Mobile,Gold,1,29,S
0,42.48,0.26,5,0,Beauty,Mobile,None,0,3,West
0,224.73,0.06,4,0,Electronics,Desktop,None,0,2,West
0,30,0.42,2,0,Apparel,Desktop,Silver,0,2,NE
0,30.93,0.14,1,0,Beauty,Mobile,None,0,0,S
1,54.99,0.29,1,1,Shoes,Desktop,Gold,0,8,NE
0,43.13,0.32,3,0,Apparel,Mobile,Silver,1,7,NE
1,46.51,0.25,1,1,Apparel,Mobile,None,0,5,MW
0,128.66,0.13,3,0,Electronics,Mobile,Silver,0,4,S
0,58.94,0.24,1,0,Apparel,Mobile,Gold,0,6,S
0,106.17,0.33,5,0,Shoes,Mobile,Gold,1,12,S
1,71.03,0.39,4,1,Apparel,Mobile,None,0,3,S
0,130.91,0.25,1,0,Home,Desktop,Gold,1,11,S
1,118.79,0.23,4,0,Apparel,Desktop,None,0,5,West
0,30.05,0.09,4,1,Apparel,Mobile,Gold,2,24,S
0,55.85,0.3,4,0,Apparel,Mobile,None,1,3,NE
0,42.45,0.16,6,1,Apparel,Mobile,Gold,0,0,S
0,294.59,0.08,5,0,Electronics,Desktop,None,0,0,S
1,56.39,0.28,4,1,Apparel,Mobile,Silver,0,6,NE
1,289.6,0.19,2,0,Electronics,Mobile,Gold,0,14,MW
0,35.55,0.11,2,0,Beauty,Desktop,Gold,0,8,S
1,181.79,0.29,3,1,Electronics,Mobile,Silver,2,4,NE
0,42.22,0.19,2,0,Apparel,Mobile,Gold,0,4,West
0,31.56,0.27,4,1,Beauty,Mobile,Silver,1,7,West
1,26.47,0.39,5,0,Beauty,Mobile,None,0,2,West
1,74.37,0.16,2,0,Shoes,Mobile,Silver,0,6,MW
1,367.13,0.03,3,0,Electronics,Mobile,Silver,2,10,West
0,71.9,0.3,1,0,Apparel,Mobile,Gold,1,12,S
0,62.82,0.18,3,0,Shoes,Mobile,Silver,0,5,West
1,138.58,0.18,3,0,Home,Desktop,None,0,3,NE
0,90.96,0.04,3,1,Home,Mobile,Gold,0,13,MW
0,41.63,0.3,3,0,Apparel,Mobile,Gold,0,12,West
0,123.7,0.06,5,0,Home,Desktop,None,1,3,MW
0,82.22,0.21,3,0,Shoes,Mobile,Silver,0,5,West
1,19.4,0.2,4,0,Beauty,Mobile,Gold,0,3,MW
1,218.72,0,2,1,Electronics,Mobile,Silver,2,10,NE
1,86.29,0.2,4,0,Shoes,Mobile,None,0,5,MW
0,215.01,0.29,3,0,Electronics,Mobile,Gold,1,7,MW
0,100.5,0.37,1,0,Shoes,Mobile,None,0,3,S
0,39.89,0.33,3,1,Apparel,Desktop,Gold,0,6,S
1,19.01,0.18,3,0,Apparel,Desktop,Gold,0,7,S
0,51.94,0.23,3,1,Apparel,Mobile,Gold,1,11,West
1,90.47,0.03,2,0,Home,Desktop,None,0,1,MW
0,62.76,0.16,3,0,Shoes,Mobile,Gold,0,7,NE
0,42.09,0.1,3,1,Apparel,Mobile,Gold,1,39,MW
1,43,0.12,4,0,Apparel,Desktop,Gold,2,23,S
0,84.64,0.27,7,1,Shoes,Mobile,None,0,1,S
0,122.23,0.03,2,0,Home,Desktop,None,0,1,NE
0,215.79,0,1,0,Electronics,Mobile,None,0,1,NE
0,166.89,0.11,4,1,Electronics,Desktop,Silver,0,8,MW
1,53.52,0.3,3,0,Apparel,Desktop,None,2,8,West
1,32.79,0.06,4,0,Shoes,Mobile,None,1,1,S
0,126.87,0.1,1,0,Home,Mobile,Gold,0,3,MW
0,65.2,0.2,1,0,Home,Mobile,None,0,3,MW
0,167.84,0.07,2,0,Electronics,Desktop,None,0,3,S
0,190.95,0.23,3,0,Home,Desktop,None,0,1,West
0,184.44,0.17,3,0,Home,Desktop,Silver,2,21,S
0,192.83,0.22,2,0,Electronics,Mobile,None,0,3,NE
0,59.26,0.26,2,0,Apparel,Mobile,Gold,0,20,West
0,21.27,0.05,3,0,Beauty,Mobile,None,0,2,S
0,135.97,0.07,4,0,Home,Desktop,Gold,0,4,NE
1,28.09,0.16,2,0,Apparel,Desktop,Silver,0,15,NE
1,534.45,0.09,3,0,Electronics,Mobile,Gold,2,29,MW
1,21.53,0.22,3,1,Apparel,Mobile,None,0,0,MW
0,133.03,0,4,0,Home,Desktop,None,1,0,MW
1,26.97,0.24,2,0,Beauty,Desktop,None,0,6,MW
0,139.78,0.24,2,0,Home,Mobile,Gold,2,7,West
0,42.07,0.45,1,0,Apparel,Mobile,Silver,0,1,NE
0,74.92,0.27,4,1,Shoes,Desktop,Gold,1,19,MW
1,82.98,0.09,5,0,Apparel,Mobile,None,0,3,MW
0,36.25,0.03,4,0,Apparel,Mobile,None,1,7,NE
0,160.1,0,5,0,Electronics,Desktop,None,0,0,West
0,41.78,0.2,2,0,Apparel,Desktop,Silver,0,4,S
0,105.96,0.27,3,1,Home,Mobile,None,0,3,West
0,39.92,0.29,4,0,Apparel,Desktop,None,0,6,MW
0,37.81,0.19,3,1,Apparel,Desktop,Gold,0,7,West
1,26.94,0.14,3,0,Beauty,Mobile,Silver,1,7,MW
0,380.14,0,3,0,Electronics,Mobile,Gold,3,14,S
1,45.3,0.24,5,1,Apparel,Desktop,None,0,2,S
0,263.92,0.26,1,0,Electronics,Desktop,None,0,0,NE
0,41.02,0.25,4,0,Beauty,Mobile,Gold,1,7,S
0,34.42,0.17,4,1,Apparel,Mobile,None,0,0,S
1,39.72,0.2,3,0,Beauty,Desktop,Gold,0,4,West
1,49.45,0.36,3,0,Beauty,Desktop,None,2,3,NE
0,220.4,0.21,4,0,Electronics,Mobile,None,0,2,S
0,337.7,0.07,5,1,Electronics,Mobile,Gold,1,13,West
0,56.58,0.22,5,0,Shoes,Desktop,Silver,1,12,S
1,120.43,0.01,4,1,Home,Mobile,Gold,1,14,MW
1,61.25,0.23,5,1,Apparel,Mobile,None,1,5,S
0,55.68,0.16,3,1,Apparel,Desktop,None,0,3,S
0,183.78,0.1,2,0,Electronics,Desktop,None,0,0,MW
1,70.4,0.29,4,0,Shoes,Mobile,Gold,0,13,West
0,34.6,0.2,2,0,Beauty,Mobile,Gold,1,35,MW
0,175.79,0,1,0,Home,Mobile,Gold,0,8,NE
0,32.21,0.11,2,0,Shoes,Desktop,None,0,0,NE
0,52.14,0.26,3,0,Apparel,Mobile,Silver,1,3,S
0,107.72,0.14,2,1,Home,Desktop,None,0,1,S
0,22.19,0.34,1,0,Beauty,Mobile,Silver,0,3,MW
0,83.41,0.19,4,1,Shoes,Desktop,None,0,3,MW
0,35.73,0.16,2,1,Apparel,Desktop,Gold,0,9,NE
0,89.09,0.27,5,1,Shoes,Mobile,Gold,0,11,S
0,40.92,0,3,0,Beauty,Desktop,Silver,0,16,MW
1,209.44,0.24,3,1,Electronics,Desktop,None,0,1,S
0,37.66,0.21,4,0,Apparel,Mobile,None,0,3,West
0,23.63,0.35,2,0,Apparel,Mobile,Silver,3,15,MW
0,61.63,0.04,2,0,Beauty,Desktop,Gold,0,14,West
1,136.5,0.13,5,0,Home,Mobile,None,0,1,S
0,282.33,0.16,1,0,Electronics,Mobile,Gold,0,1,NE
0,72.03,0.31,2,0,Shoes,Mobile,Gold,0,0,MW
0,26.56,0.39,2,0,Beauty,Mobile,None,0,0,NE
0,36.7,0.22,1,0,Beauty,Mobile,None,0,2,NE
0,91.42,0.12,5,0,Shoes,Mobile,None,0,3,West
1,220.71,0,5,0,Electronics,Desktop,Gold,0,7,West
0,41.54,0.26,4,0,Apparel,Desktop,Gold,2,28,S
1,127.19,0.2,1,1,Home,Mobile,Gold,1,8,S
1,78.59,0.32,5,1,Shoes,Mobile,None,0,6,West
0,51.32,0.28,1,0,Apparel,Mobile,Gold,1,10,NE
1,53.6,0.17,4,0,Apparel,Mobile,None,0,0,S
0,128.44,0.11,3,0,Shoes,Mobile,None,0,0,MW
0,376.54,0.02,4,0,Electronics,Mobile,Gold,0,6,West
0,549.52,0.26,3,1,Electronics,Mobile,Gold,0,3,NE
0,65.08,0.16,2,0,Home,Desktop,None,1,2,NE
1,54.35,0.54,2,0,Beauty,Desktop,None,0,3,MW
0,195.26,0.32,4,1,Home,Mobile,Silver,0,2,MW
1,37.55,0.35,4,0,Apparel,Mobile,Silver,0,4,NE
0,52.31,0.37,2,0,Apparel,Mobile,Gold,0,9,NE
0,23.52,0.4,3,0,Beauty,Mobile,Gold,0,11,S
0,121.04,0.25,3,0,Home,Mobile,Silver,0,6,MW
1,221.75,0,5,1,Electronics,Desktop,Silver,0,8,MW
0,64.82,0.18,4,0,Apparel,Mobile,Gold,2,33,S
0,49.9,0.17,2,0,Apparel,Desktop,Silver,0,17,MW
0,35.59,0.25,5,1,Apparel,Mobile,None,0,8,West
1,67.43,0.23,2,0,Apparel,Desktop,Gold,1,18,West
1,109.58,0.13,2,0,Home,Mobile,None,0,2,MW
0,31.52,0.12,4,0,Beauty,Desktop,Gold,1,6,NE
0,109.28,0.34,2,0,Shoes,Mobile,Gold,0,6,NE
0,122.61,0.22,2,1,Shoes,Desktop,Gold,2,25,West
1,84.07,0.32,2,0,Home,Desktop,None,0,10,West
0,37.11,0.06,2,0,Beauty,Mobile,Gold,0,26,NE
0,66.69,0.43,2,0,Apparel,Desktop,Silver,0,2,S
1,30.24,0.19,4,0,Apparel,Desktop,None,0,1,MW
0,117.72,0.16,3,0,Electronics,Desktop,Gold,0,4,S
1,73.96,0.26,3,1,Apparel,Desktop,None,0,2,MW
0,118.45,0.29,4,1,Home,Mobile,Gold,0,14,MW
0,75.57,0.22,3,0,Beauty,Mobile,Gold,0,13,MW
0,50.32,0.16,5,0,Apparel,Desktop,Silver,1,9,MW
0,252.57,0.1,4,1,Electronics,Desktop,None,0,16,NE
1,125.19,0.21,3,1,Shoes,Desktop,None,0,1,S
0,34.59,0.21,4,0,Beauty,Desktop,None,0,3,NE
0,97.85,0.17,3,0,Shoes,Desktop,Gold,0,3,S
0,336.76,0.13,2,0,Electronics,Mobile,Gold,0,4,MW
0,142.09,0.13,3,1,Shoes,Desktop,Silver,0,3,West
0,35.22,0.17,4,0,Beauty,Mobile,Silver,0,5,S
0,70.44,0.32,2,1,Shoes,Mobile,None,0,1,S
0,29.36,0.44,4,0,Beauty,Mobile,None,0,4,MW
1,35.99,0.26,2,0,Apparel,Desktop,Silver,1,6,MW
0,111.01,0.37,3,1,Home,Mobile,None,0,2,MW
1,50.82,0.11,2,0,Apparel,Desktop,Gold,0,1,NE
1,28.35,0.24,5,1,Apparel,Mobile,None,0,9,MW
0,41.51,0.05,1,0,Apparel,Desktop,None,1,3,MW
0,53.82,0.2,1,0,Apparel,Desktop,None,1,3,MW
0,163.99,0.08,4,0,Home,Desktop,Gold,0,5,S
0,164.29,0.15,2,0,Home,Desktop,None,1,6,MW
0,37.85,0.42,2,0,Apparel,Mobile,None,0,3,NE
0,84.73,0.27,2,0,Apparel,Desktop,Silver,0,9,MW
0,95.66,0.13,1,0,Shoes,Mobile,None,0,4,NE
0,100.87,0.28,2,1,Shoes,Mobile,Silver,2,9,NE
0,76.59,0.15,3,0,Shoes,Desktop,None,0,0,S
0,147.58,0.3,2,0,Electronics,Mobile,Gold,1,24,MW
0,45.58,0.22,3,0,Beauty,Mobile,None,2,5,West
1,35.82,0.25,3,0,Beauty,Mobile,Silver,0,5,S
0,169,0,1,0,Electronics,Mobile,Silver,1,0,MW
0,33.46,0.13,4,0,Apparel,Desktop,None,0,0,S
0,46.34,0.26,2,0,Apparel,Mobile,Silver,1,4,MW
0,172.36,0,6,1,Home,Desktop,None,0,0,West
0,34.74,0.32,4,1,Apparel,Desktop,None,0,4,S
0,15.53,0.42,4,0,Beauty,Desktop,Gold,0,7,West
1,39.38,0.24,3,0,Apparel,Desktop,Gold,3,26,S
0,106.73,0.14,3,0,Home,Mobile,Gold,0,14,MW
0,226.04,0.14,4,0,Electronics,Mobile,None,0,1,West
0,146.36,0.14,3,0,Home,Mobile,None,0,1,S
0,35.6,0.32,2,0,Beauty,Mobile,None,0,1,NE
1,51.45,0.2,6,1,Apparel,Mobile,None,0,0,S
0,50.52,0.18,6,1,Beauty,Desktop,None,0,1,West
1,170.77,0.14,5,1,Electronics,Mobile,None,0,8,West
0,110.05,0.13,5,0,Home,Desktop,None,0,1,West
0,197.86,0.15,1,1,Electronics,Mobile,Gold,0,3,S
0,138.34,0.06,3,1,Electronics,Desktop,Silver,0,1,S
0,194.01,0.01,5,0,Electronics,Mobile,Silver,0,1,MW
1,127.62,0.13,5,0,Home,Desktop,None,0,3,West
0,146.6,0.26,2,0,Home,Desktop,Gold,0,0,NE
0,120.35,0.31,4,0,Home,Desktop,Silver,1,4,West
0,32.71,0.17,4,0,Apparel,Desktop,None,0,5,West
0,122.24,0.27,3,0,Home,Desktop,None,0,0,MW
0,37.26,0.17,3,0,Beauty,Mobile,None,1,1,S
0,51.22,0.35,3,0,Beauty,Mobile,None,0,0,MW
0,98.4,0.37,3,0,Shoes,Desktop,None,0,2,NE
0,207.24,0.2,5,0,Home,Mobile,None,0,2,West
0,123.29,0.19,4,1,Home,Mobile,Gold,0,3,West
1,64.55,0.37,4,1,Apparel,Mobile,Silver,2,23,West
1,314.08,0.08,4,0,Electronics,Desktop,Silver,0,3,West
1,54.79,0.37,2,0,Apparel,Mobile,None,1,5,S
0,120.58,0.26,3,0,Shoes,Desktop,None,0,6,MW
1,83.96,0.29,4,1,Apparel,Mobile,Gold,3,34,MW
1,132.49,0.16,1,0,Electronics,Mobile,Gold,1,7,NE
0,29.99,0.31,4,0,Beauty,Desktop,Silver,0,9,West
0,52.3,0.21,3,0,Apparel,Mobile,Silver,0,10,MW
0,84.96,0.19,3,0,Home,Mobile,Gold,0,3,MW
1,100.68,0.4,3,0,Home,Mobile,Gold,2,12,West
1,95.91,0.14,3,1,Home,Desktop,Silver,0,6,NE
0,138.57,0.07,3,0,Home,Mobile,Silver,0,3,S
0,183.12,0.2,2,1,Home,Mobile,Gold,0,1,MW
0,186.98,0.06,2,1,Home,Desktop,Silver,0,8,S
0,101.74,0.29,3,0,Apparel,Mobile,None,0,20,MW
0,31.68,0.22,2,1,Beauty,Desktop,Gold,0,7,S
0,35.02,0.34,3,0,Apparel,Mobile,None,0,0,S
0,282.99,0,4,0,Electronics,Mobile,Gold,0,9,West
0,83.83,0.14,3,0,Home,Mobile,Silver,0,10,MW
1,49.14,0.33,4,0,Beauty,Desktop,Silver,1,7,S
1,50.6,0.33,1,0,Apparel,Mobile,Gold,1,17,S
0,58.77,0.21,5,1,Apparel,Desktop,None,1,13,West
1,168.72,0.23,3,1,Home,Desktop,Silver,1,12,MW
0,113.59,0,3,0,Home,Mobile,None,0,2,S
0,114.13,0.17,2,0,Electronics,Mobile,Silver,0,6,S
0,33.97,0.15,3,1,Apparel,Desktop,None,0,4,West
0,47.58,0.13,3,0,Apparel,Desktop,Gold,0,5,MW
0,39.74,0.2,1,0,Apparel,Desktop,None,0,0,NE
0,61.08,0.25,4,1,Shoes,Mobile,None,0,1,West
0,127.85,0.04,3,1,Home,Mobile,None,0,0,MW
0,72.84,0.11,3,0,Apparel,Desktop,Silver,2,5,S
0,32.97,0.33,3,0,Apparel,Desktop,None,0,2,NE
0,38.31,0.29,4,0,Beauty,Mobile,None,0,3,West
1,233.17,0.08,5,1,Electronics,Desktop,None,0,0,S
0,27.74,0,3,0,Beauty,Mobile,Silver,0,2,S
0,242.02,0.07,3,1,Electronics,Desktop,Gold,0,5,MW
0,376.04,0.17,3,0,Electronics,Mobile,None,0,1,West
0,140.22,0.11,3,0,Electronics,Mobile,None,1,1,S
1,77.87,0.21,5,0,Shoes,Mobile,Gold,0,2,S
0,57.77,0.12,2,0,Apparel,Mobile,Silver,1,13,NE
1,302.71,0,3,0,Electronics,Desktop,None,1,0,S
0,214.3,0.09,2,0,Electronics,Desktop,Gold,0,2,NE
0,159.22,0.43,3,0,Home,Desktop,Gold,3,14,S
1,93.03,0.18,1,0,Home,Desktop,Silver,0,7,NE
0,418.7,0.13,2,0,Electronics,Desktop,Gold,0,4,NE
1,27.11,0.16,5,0,Beauty,Mobile,None,0,3,West
0,49.01,0.27,1,1,Beauty,Desktop,Gold,0,12,S
0,117.78,0.15,5,1,Home,Desktop,None,0,6,West
0,32.76,0.34,2,0,Apparel,Mobile,Gold,0,7,MW
0,267.96,0.02,1,0,Electronics,Mobile,Gold,0,1,NE
0,149.62,0.4,3,0,Home,Desktop,Silver,0,8,West
0,18.6,0.12,5,1,Beauty,Mobile,None,0,3,S
0,29.03,0.11,3,0,Apparel,Mobile,Silver,1,13,S
1,43.33,0.09,4,0,Beauty,Mobile,Silver,0,3,NE
0,19.57,0.09,4,0,Beauty,Desktop,None,2,5,West
0,186.87,0.08,4,1,Home,Mobile,Gold,0,6,West
1,78.24,0.38,2,0,Shoes,Desktop,None,0,3,S
1,29.93,0.17,4,0,Apparel,Mobile,None,0,4,S
0,55.47,0.3,1,0,Apparel,Desktop,Silver,0,7,NE
0,129.69,0.21,2,0,Home,Desktop,None,0,2,S
0,133.67,0,2,0,Home,Desktop,Silver,1,13,NE
0,171.01,0.08,4,0,Electronics,Mobile,Gold,0,8,West
0,71.92,0.27,2,0,Shoes,Desktop,Silver,0,5,NE
1,145.38,0.25,1,0,Home,Mobile,Silver,0,2,MW
0,93.03,0.24,2,0,Home,Desktop,Silver,0,0,S
0,16.73,0.17,2,0,Beauty,Desktop,Silver,1,9,NE
0,238.03,0,3,0,Electronics,Desktop,Silver,1,6,MW
1,25.72,0.2,5,0,Apparel,Mobile,Silver,0,8,West
0,55.41,0.15,2,0,Beauty,Mobile,Gold,0,3,NE
1,265.27,0.16,3,0,Electronics,Mobile,None,0,5,S
0,37.88,0.16,2,0,Beauty,Desktop,Gold,1,13,West
0,97.28,0.21,3,0,Home,Mobile,None,0,4,MW
1,207.1,0.21,3,0,Electronics,Desktop,Gold,0,6,West
0,44.54,0.19,4,0,Apparel,Desktop,None,0,2,MW
1,284.11,0.03,3,0,Electronics,Mobile,None,1,4,MW
0,27.98,0.28,3,0,Apparel,Desktop,Gold,0,3,NE
0,24.98,0.25,3,0,Beauty,Mobile,None,0,2,West
0,94.77,0.2,1,0,Home,Desktop,Gold,0,29,NE
0,133.98,0.16,2,0,Home,Mobile,None,0,1,NE
1,29.21,0.19,4,0,Beauty,Desktop,Silver,1,7,NE
1,314.42,0.04,1,0,Electronics,Mobile,None,0,1,NE
0,90.7,0.24,2,0,Home,Mobile,Silver,0,3,MW
0,52.5,0.32,3,1,Apparel,Desktop,Silver,0,4,West
1,115.07,0.28,3,0,Home,Mobile,None,0,0,MW
0,190.61,0,1,1,Home,Mobile,Silver,0,8,West
1,43.04,0.37,5,0,Apparel,Mobile,Silver,0,7,S
0,96.09,0.05,2,1,Home,Desktop,None,1,3,S
1,26.28,0.29,2,0,Apparel,Mobile,None,0,6,MW
0,365.68,0.2,4,1,Electronics,Mobile,Silver,0,1,S
0,97.88,0.19,1,0,Shoes,Desktop,Silver,0,2,NE
0,42.95,0.2,1,0,Apparel,Mobile,None,0,9,MW
1,283.33,0.14,1,0,Electronics,Desktop,None,1,4,NE
0,28.01,0.24,3,0,Beauty,Desktop,Gold,0,31,MW
0,87.65,0.26,5,0,Shoes,Desktop,None,0,1,S
0,30.7,0.31,2,0,Apparel,Mobile,Gold,1,13,MW
0,266.38,0.06,4,0,Electronics,Desktop,Gold,1,15,West
1,40.74,0.09,1,0,Beauty,Desktop,Silver,1,4,S
1,55.89,0.25,3,0,Apparel,Desktop,Silver,0,1,S
1,34.59,0.3,1,0,Beauty,Desktop,Gold,0,21,NE
0,180.12,0.03,3,0,Home,Desktop,Silver,0,4,S
0,49.56,0.04,1,0,Apparel,Mobile,Gold,0,4,NE
1,427.59,0,4,0,Electronics,Mobile,None,0,0,West
0,218.37,0,1,0,Electronics,Desktop,None,0,0,S
0,41.41,0.15,4,0,Apparel,Mobile,None,0,1,MW
0,157.99,0.17,3,0,Home,Mobile,Gold,0,13,MW
1,366.44,0.23,4,0,Electronics,Desktop,Gold,0,4,S
0,19.88,0.35,5,1,Beauty,Desktop,Silver,0,3,S
0,21.87,0.13,4,0,Apparel,Desktop,Silver,2,7,West
1,56.29,0.3,3,0,Apparel,Mobile,Silver,1,7,West
1,40.94,0.16,4,0,Beauty,Desktop,None,0,2,S
0,44.57,0.44,4,0,Apparel,Mobile,Gold,1,9,MW
1,74.95,0.13,2,0,Shoes,Desktop,None,0,0,MW
0,50.29,0.09,5,1,Apparel,Mobile,Gold,0,5,MW
1,142.51,0.24,4,1,Shoes,Mobile,None,0,2,West
1,62.6,0.09,2,0,Home,Desktop,None,0,1,NE
0,114.12,0.18,1,0,Home,Mobile,Gold,0,13,NE
0,37,0.2,3,0,Apparel,Desktop,Silver,0,2,West
0,102.17,0.31,2,0,Shoes,Mobile,Gold,0,15,NE
0,18.77,0.29,3,0,Beauty,Mobile,Gold,1,6,West
1,163.44,0.17,2,0,Shoes,Desktop,Silver,0,6,S
1,36.57,0.25,3,0,Apparel,Mobile,None,0,4,S
0,29.68,0.18,1,0,Beauty,Mobile,Gold,1,10,MW
1,39.42,0.27,2,0,Apparel,Desktop,Gold,0,10,S
0,115,0.45,2,0,Home,Mobile,Gold,1,13,S
0,228.14,0.08,1,0,Electronics,Mobile,None,0,1,NE
0,190.39,0.03,3,1,Home,Desktop,Gold,0,1,West
0,102.29,0.15,4,1,Home,Desktop,Gold,1,6,West
0,35.4,0.27,1,0,Apparel,Desktop,None,0,2,NE
1,101.13,0.25,3,0,Shoes,Desktop,Gold,0,9,S
1,166.35,0.1,5,1,Electronics,Mobile,None,0,11,MW
0,84.87,0.19,3,0,Apparel,Mobile,Gold,0,12,S
1,38.94,0.32,5,0,Beauty,Mobile,None,0,1,West
0,106.98,0.22,5,0,Apparel,Mobile,None,0,1,West
0,55.17,0.2,2,0,Apparel,Desktop,Gold,0,6,MW
1,42.41,0.14,5,1,Apparel,Desktop,Silver,0,1,S
0,73.96,0.35,3,0,Apparel,Desktop,Silver,1,10,NE
0,72.18,0.01,1,0,Home,Desktop,Silver,1,10,West
0,31.87,0.18,3,0,Beauty,Desktop,Silver,0,11,MW
0,138.44,0.33,3,0,Home,Mobile,Silver,0,5,MW
0,282.41,0.05,3,0,Electronics,Desktop,Silver,0,8,MW
1,174.02,0,4,1,Home,Mobile,None,0,3,S
0,47.34,0.33,4,0,Apparel,Mobile,Gold,0,10,S
1,150.9,0.19,2,0,Shoes,Desktop,None,0,1,NE
0,300.11,0.25,1,0,Electronics,Mobile,Gold,0,6,S
0,94.7,0.33,2,0,Home,Mobile,Gold,0,1,S
0,180.18,0,4,0,Electronics,Desktop,Silver,1,7,S
0,41.02,0.24,1,1,Apparel,Desktop,Silver,0,3,MW
0,40.45,0.23,5,0,Beauty,Desktop,Gold,0,3,S
0,37.67,0.18,3,1,Apparel,Desktop,Silver,0,1,NE
0,75.8,0.19,4,0,Apparel,Mobile,Gold,1,6,S
0,87.6,0.19,1,0,Shoes,Mobile,Gold,0,14,MW
0,147.5,0.14,1,0,Home,Mobile,None,0,0,NE
0,141.48,0,3,0,Home,Mobile,Silver,1,3,West
0,170.63,0.22,2,0,Electronics,Mobile,Silver,0,5,MW
0,120.56,0.13,4,1,Shoes,Desktop,None,0,3,West
1,64.26,0.19,2,0,Shoes,Desktop,Gold,1,7,MW
0,30.03,0.27,1,0,Beauty,Desktop,Gold,0,3,NE
0,26.6,0.1,3,0,Beauty,Mobile,Silver,1,7,NE
0,75.76,0.08,4,0,Apparel,Desktop,None,0,4,West
1,24.15,0.33,5,0,Apparel,Desktop,Silver,0,8,S
0,60,0.3,3,1,Home,Mobile,Silver,0,10,S
1,96.18,0.18,4,1,Electronics,Mobile,Silver,1,6,S
0,52.96,0.31,3,0,Apparel,Mobile,None,0,3,NE
0,144.59,0.08,4,0,Home,Desktop,None,0,1,MW
0,26.16,0.34,1,0,Apparel,Mobile,Gold,1,9,MW
1,132.94,0.04,2,0,Electronics,Desktop,Silver,0,10,NE
0,92.59,0.12,2,0,Home,Desktop,Gold,0,6,S
0,199.15,0.23,2,0,Electronics,Desktop,None,0,5,MW
0,62.57,0.05,2,0,Apparel,Mobile,None,0,3,NE
0,239.78,0.02,4,0,Electronics,Desktop,Silver,1,5,S
0,216.37,0.09,4,0,Home,Desktop,Silver,0,1,S
0,117.68,0.11,3,0,Home,Desktop,None,0,3,NE
0,76.6,0.26,3,1,Shoes,Mobile,Silver,0,13,MW
0,47.22,0.21,3,0,Shoes,Mobile,Gold,0,11,NE
0,67.26,0.22,4,1,Apparel,Mobile,None,0,1,West
1,141.85,0.24,4,0,Home,Desktop,Gold,1,19,NE
1,170.22,0.19,3,1,Home,Mobile,None,0,0,S
0,35.06,0.43,1,0,Apparel,Mobile,None,0,0,NE
0,269.52,0.18,2,0,Electronics,Mobile,None,0,0,NE
0,35.55,0.32,1,1,Apparel,Desktop,Silver,0,7,S
0,124.46,0.15,3,0,Home,Mobile,None,0,3,NE
0,19.8,0.16,4,0,Beauty,Desktop,None,0,1,S
0,70.13,0.23,3,0,Apparel,Desktop,None,0,2,West
0,141.96,0.04,4,0,Home,Desktop,None,0,3,West
0,80.46,0.12,5,1,Electronics,Desktop,None,0,3,West
1,44.84,0.24,3,1,Apparel,Desktop,Gold,0,3,S
0,84.35,0.37,1,0,Shoes,Mobile,Silver,1,12,NE
1,17.28,0.24,3,0,Beauty,Desktop,None,1,11,S
0,109.1,0.27,5,1,Shoes,Mobile,None,0,1,S
1,68.56,0.3,3,0,Apparel,Mobile,Silver,0,2,NE
0,131.52,0,6,1,Shoes,Desktop,Silver,0,2,West
0,109.89,0.21,3,1,Home,Mobile,Silver,0,0,NE
0,129.64,0,7,1,Electronics,Desktop,None,0,6,West
1,49.6,0.33,3,0,Shoes,Mobile,None,0,0,S
0,82.43,0.18,4,1,Apparel,Desktop,None,0,2,NE
1,40.41,0.22,5,0,Apparel,Mobile,Silver,1,8,S
0,102.7,0.32,3,1,Shoes,Mobile,Gold,1,12,S
0,164.29,0.19,2,0,Electronics,Mobile,Silver,0,1,NE
0,349.67,0.16,3,0,Electronics,Desktop,Silver,0,3,S
0,61.79,0.09,5,1,Home,Desktop,None,0,1,MW
0,136.51,0.08,4,0,Home,Desktop,Gold,0,10,West
0,29.93,0.36,6,0,Apparel,Desktop,Silver,0,8,West
0,46.79,0.25,5,0,Apparel,Mobile,None,0,3,S
0,78.28,0.19,5,1,Home,Mobile,Silver,0,7,West
0,26.25,0.42,5,0,Beauty,Mobile,Silver,0,0,S
0,66.79,0.18,4,0,Apparel,Mobile,None,0,3,NE
0,93.29,0.14,4,0,Home,Mobile,None,0,10,West
0,190.52,0.23,1,0,Electronics,Desktop,Silver,0,5,NE
1,62.56,0.2,3,0,Shoes,Mobile,Gold,0,7,S
0,145.55,0.1,2,0,Electronics,Mobile,Silver,0,3,S
1,102.65,0.13,2,0,Home,Mobile,Gold,0,8,MW
0,43.31,0.14,1,0,Beauty,Desktop,Silver,1,14,MW
0,301.22,0.09,3,0,Electronics,Desktop,None,1,12,MW
1,344.85,0.06,3,0,Electronics,Desktop,None,0,4,MW
0,70.24,0.18,3,0,Shoes,Desktop,Silver,0,3,West
0,130.77,0.13,3,0,Home,Desktop,Gold,3,33,S
0,70.82,0.18,2,0,Apparel,Mobile,Gold,0,6,S
1,63.41,0.24,3,0,Shoes,Desktop,Silver,1,7,NE
0,31.07,0.04,3,0,Beauty,Mobile,Silver,0,2,MW
0,145.59,0.41,3,0,Home,Mobile,None,0,2,S
0,57.77,0.11,3,0,Shoes,Desktop,Gold,0,6,S
1,157.97,0.1,2,0,Home,Mobile,Gold,3,17,NE
0,25.8,0.33,3,1,Beauty,Mobile,Silver,2,7,S
0,61.13,0.26,1,0,Apparel,Desktop,Silver,0,1,MW
0,107.94,0.11,2,0,Home,Desktop,Gold,2,20,MW
0,134.55,0.33,1,0,Home,Desktop,Gold,0,3,NE
0,43.68,0.25,1,0,Beauty,Mobile,Gold,0,8,S
0,49.14,0.14,5,0,Apparel,Mobile,None,0,4,West
0,79.74,0.26,3,0,Home,Mobile,Silver,0,5,West
1,167.23,0.18,4,1,Home,Mobile,None,0,6,S
0,28.72,0.01,7,1,Beauty,Desktop,None,0,1,West
0,80.97,0.27,4,0,Home,Mobile,None,1,1,S
1,54.81,0.22,1,0,Apparel,Mobile,None,1,2,NE
0,190.32,0.08,1,0,Electronics,Mobile,Silver,0,5,NE
1,158.03,0.05,1,0,Home,Mobile,Silver,0,7,MW
0,150.22,0.12,3,1,Home,Mobile,Gold,0,1,S
0,54.16,0.29,2,1,Apparel,Desktop,Silver,1,1,NE
0,99.04,0.17,1,1,Shoes,Mobile,Silver,2,17,MW
0,34.6,0.28,2,0,Apparel,Mobile,Silver,0,3,NE
0,82.02,0.25,1,1,Shoes,Mobile,Silver,0,1,S
0,38.71,0.35,4,0,Apparel,Desktop,None,0,4,MW
0,228,0.23,5,0,Electronics,Mobile,Silver,0,3,West
0,23.44,0.24,2,0,Apparel,Desktop,Silver,0,5,MW
1,188.6,0.16,3,1,Electronics,Mobile,None,0,3,NE
0,29.63,0.23,2,0,Apparel,Desktop,Silver,0,4,West
1,203.65,0,4,0,Electronics,Desktop,None,0,1,S
1,17.26,0.35,5,0,Beauty,Mobile,None,0,5,West
0,38.34,0.22,3,1,Apparel,Mobile,Silver,0,0,NE
0,42.41,0.22,3,0,Apparel,Desktop,Silver,0,5,NE
1,45.56,0.49,2,0,Apparel,Desktop,Gold,1,11,MW
1,296.81,0.11,3,0,Electronics,Desktop,None,0,2,S
0,93.42,0.07,4,0,Home,Mobile,None,0,1,MW
0,181.37,0.06,2,0,Electronics,Desktop,None,0,0,NE
0,85.73,0.12,2,0,Home,Mobile,Silver,0,3,NE
0,83.81,0.16,5,0,Home,Mobile,None,1,2,West
0,113.98,0.15,1,0,Home,Desktop,Gold,0,9,S
0,137.61,0.1,3,0,Shoes,Desktop,None,0,1,S
0,262.13,0,3,0,Electronics,Mobile,Gold,0,1,MW
1,128.14,0.12,2,0,Home,Mobile,Gold,0,12,NE
0,69.23,0.28,2,0,Home,Mobile,Gold,0,11,S
1,30.25,0.27,6,0,Beauty,Mobile,None,0,2,West
1,32.49,0.28,4,1,Apparel,Desktop,Silver,0,1,West
0,189.95,0.26,5,1,Electronics,Desktop,None,1,7,West
0,28.55,0.27,4,0,Beauty,Desktop,None,0,2,West
0,43.96,0.32,1,0,Apparel,Mobile,Silver,0,6,West
0,133.5,0.25,3,0,Electronics,Mobile,Gold,1,10,MW
1,82.06,0.34,3,0,Home,Mobile,Gold,0,7,MW
0,311.02,0.13,3,1,Electronics,Mobile,Gold,1,5,West
1,53.6,0.34,5,1,Apparel,Mobile,None,1,11,NE
1,50.28,0.26,5,0,Apparel,Desktop,Gold,2,14,West
0,170.88,0.16,2,1,Electronics,Desktop,Gold,0,19,S
1,48.26,0.3,4,1,Apparel,Desktop,None,0,2,NE
0,96.33,0.16,4,0,Shoes,Desktop,Silver,0,2,West
0,73.52,0.13,3,0,Home,Mobile,None,0,4,NE
0,78.57,0.09,5,0,Apparel,Mobile,Silver,3,13,West
0,81.24,0.17,4,0,Home,Mobile,None,0,2,West
1,30.27,0.41,3,1,Beauty,Mobile,Gold,0,26,S
0,186.2,0.04,4,0,Electronics,Desktop,None,0,4,MW
0,135.68,0.27,4,0,Home,Desktop,None,0,6,S
0,50.36,0.21,4,0,Apparel,Desktop,None,0,1,S
0,89.12,0.24,1,0,Shoes,Mobile,Gold,1,17,MW
0,148.89,0.11,3,0,Home,Mobile,None,0,3,NE
0,78.96,0.26,7,1,Shoes,Mobile,Silver,0,9,S
0,59.87,0,5,1,Apparel,Mobile,None,0,2,West
1,351.01,0.11,4,1,Electronics,Desktop,None,0,0,S
0,135.11,0.23,2,0,Home,Mobile,Silver,0,2,S
0,288.68,0.22,5,1,Electronics,Mobile,None,0,5,S
0,187.96,0.19,3,0,Electronics,Desktop,Gold,0,9,MW
0,134.47,0.34,2,1,Apparel,Mobile,Gold,1,13,West
1,69.35,0.19,2,0,Apparel,Mobile,None,0,3,S
1,109.35,0.33,3,0,Home,Mobile,None,0,1,MW
1,27.59,0.19,5,0,Beauty,Mobile,Silver,0,2,West
1,226.11,0.05,4,1,Home,Mobile,Gold,0,7,West
0,133.26,0.14,3,0,Home,Mobile,None,0,0,S
1,24.54,0.27,6,1,Beauty,Desktop,Gold,0,20,S
0,73.49,0.17,3,0,Apparel,Desktop,None,0,1,S
0,249.26,0.14,4,0,Electronics,Mobile,None,0,1,S
0,52.45,0.25,2,0,Apparel,Mobile,Gold,0,7,S
0,118.26,0.19,4,0,Home,Mobile,None,0,3,S
0,79.23,0.1,4,0,Home,Mobile,Silver,1,8,MW
0,99.5,0.47,3,0,Shoes,Mobile,None,0,1,NE
0,25.57,0.3,1,0,Apparel,Mobile,Gold,0,22,NE
0,61.14,0.17,3,0,Home,Desktop,Silver,0,0,NE
1,118.05,0.05,5,0,Home,Desktop,Silver,0,0,S
1,94.07,0.01,3,1,Shoes,Desktop,None,0,3,S
1,70.9,0.18,3,0,Apparel,Desktop,Silver,1,0,S
0,302.55,0.03,4,1,Electronics,Desktop,Gold,0,7,West
0,189.64,0.29,2,0,Electronics,Desktop,Silver,0,5,NE
1,43.41,0.26,5,1,Apparel,Mobile,None,0,2,West
1,74.16,0.46,2,1,Apparel,Mobile,None,1,7,West
0,386.59,0.24,1,0,Home,Desktop,Silver,0,3,S
0,39.35,0.28,3,0,Apparel,Desktop,Silver,0,8,MW
0,31.69,0.26,4,0,Beauty,Mobile,Silver,0,11,S
0,48.77,0.26,3,0,Beauty,Mobile,Gold,0,21,S
0,68.37,0.17,2,0,Apparel,Desktop,Gold,0,7,West
1,40.52,0.25,3,0,Apparel,Desktop,Gold,2,12,S
0,35.12,0.17,3,1,Apparel,Mobile,Silver,1,2,NE
1,27.68,0.13,2,0,Apparel,Mobile,None,0,2,NE
0,22.45,0.19,5,0,Apparel,Desktop,None,1,8,MW
0,38.84,0.11,2,0,Shoes,Desktop,Gold,0,12,MW
0,123.71,0.19,3,0,Home,Mobile,Silver,0,6,NE
0,117.16,0.1,1,0,Shoes,Desktop,Silver,0,0,NE
0,31.96,0.29,2,0,Beauty,Mobile,Silver,0,7,S
0,76.82,0.15,2,0,Home,Mobile,Gold,1,7,S
0,97.55,0.19,1,0,Shoes,Mobile,Gold,0,3,MW
1,63.57,0.16,4,1,Apparel,Desktop,Silver,0,1,S
1,34.28,0.19,3,0,Beauty,Mobile,None,0,1,West
0,42.89,0.05,3,0,Apparel,Desktop,Gold,1,23,S
0,36.08,0.21,1,1,Beauty,Mobile,Silver,3,14,MW
0,45.93,0.35,4,0,Shoes,Mobile,None,0,1,MW
0,51.6,0.11,2,0,Apparel,Desktop,Gold,0,8,MW
0,194.78,0.23,1,0,Electronics,Mobile,None,0,5,NE
1,316.74,0.02,5,0,Electronics,Mobile,None,0,0,West
0,86.47,0.2,3,0,Apparel,Mobile,Gold,0,10,S
1,112.56,0.12,3,1,Home,Mobile,Silver,0,4,West
0,33.55,0.32,2,0,Apparel,Desktop,None,0,1,MW
0,22.31,0.19,4,0,Apparel,Mobile,None,0,2,MW
1,198.94,0.17,2,0,Electronics,Mobile,None,0,1,MW
0,30,0.3,4,0,Apparel,Desktop,None,0,1,NE
1,58.86,0.36,4,1,Apparel,Mobile,None,0,6,NE
0,422.34,0,4,0,Electronics,Desktop,None,0,1,West
1,79.94,0.06,4,0,Shoes,Desktop,Silver,2,12,NE
0,59.81,0.18,4,1,Beauty,Mobile,None,0,8,S
0,151.28,0.04,2,0,Home,Desktop,None,0,3,S
0,24.88,0.17,6,1,Beauty,Mobile,Silver,0,2,S
0,138.42,0.17,4,1,Home,Desktop,None,0,1,West
0,112.61,0.22,3,0,Home,Mobile,Gold,0,4,MW
0,109.31,0.28,2,0,Home,Mobile,Gold,0,10,NE
0,46.47,0.29,2,0,Apparel,Desktop,Silver,0,1,West
0,176.98,0.12,3,1,Electronics,Desktop,None,0,4,MW
0,321.59,0.12,4,1,Electronics,Desktop,Gold,0,10,West
0,170.07,0.24,1,0,Electronics,Mobile,Gold,0,1,S
0,77.59,0.25,1,0,Electronics,Mobile,None,0,1,S
0,178.65,0.09,2,1,Home,Desktop,None,0,0,NE
0,29.84,0.21,6,1,Beauty,Mobile,Silver,0,3,West
0,113.56,0.24,2,0,Shoes,Desktop,None,1,3,NE
0,76.13,0.1,1,0,Shoes,Mobile,Silver,0,3,NE
0,185.16,0.13,5,0,Electronics,Desktop,None,0,2,West
1,114.69,0.09,5,1,Home,Desktop,None,2,3,West
0,90.83,0.25,2,0,Shoes,Desktop,None,0,1,West
1,88.2,0.07,2,0,Home,Mobile,None,0,1,MW
1,56.06,0,5,1,Apparel,Mobile,Gold,0,2,West
0,41.63,0.08,3,0,Shoes,Desktop,Silver,0,1,MW
0,75.28,0.35,4,0,Apparel,Desktop,None,0,3,MW
0,124.77,0.09,4,0,Home,Desktop,Silver,0,3,S
0,374,0.25,3,0,Electronics,Mobile,Gold,0,9,West
0,22.17,0.24,2,0,Beauty,Mobile,Gold,0,4,NE
1,75.73,0.22,3,1,Beauty,Mobile,Gold,2,24,West
1,26.14,0.21,2,0,Apparel,Mobile,Silver,0,0,S
1,95.3,0.34,5,1,Shoes,Mobile,None,0,2,S
0,286.65,0.19,4,1,Electronics,Mobile,Gold,0,10,NE
1,56.91,0.42,4,1,Apparel,Desktop,None,0,4,S
0,43.08,0.22,5,0,Beauty,Mobile,Silver,0,7,S
0,133.74,0.13,1,0,Shoes,Mobile,None,0,0,MW
0,136.67,0.12,4,0,Electronics,Desktop,None,0,3,NE
1,223.06,0.16,2,0,Electronics,Desktop,Gold,0,11,MW
0,299.03,0.06,1,1,Electronics,Desktop,Gold,1,23,MW
0,68.81,0.13,3,0,Shoes,Mobile,None,0,1,NE
1,66.98,0.18,2,0,Apparel,Desktop,Silver,0,2,West
1,51.61,0.24,5,0,Apparel,Mobile,None,0,2,MW
0,35.19,0,3,1,Beauty,Mobile,Silver,0,4,West
0,480.06,0.04,4,1,Electronics,Mobile,Gold,1,8,West
0,182.36,0.17,4,0,Electronics,Desktop,Gold,0,14,NE
0,53.93,0.04,4,0,Shoes,Mobile,None,0,1,NE
0,82.37,0.08,3,0,Home,Mobile,Gold,2,11,S
0,39.18,0.23,1,0,Apparel,Desktop,None,0,1,NE
0,42.08,0.24,2,1,Apparel,Mobile,None,1,4,MW
0,24.38,0.15,2,0,Beauty,Mobile,Gold,1,18,NE
1,212.22,0.08,4,1,Electronics,Desktop,None,0,0,MW
0,56.17,0.14,3,1,Home,Mobile,Silver,1,5,West
0,152.78,0.31,2,0,Home,Mobile,None,0,4,NE
1,51.69,0.17,2,1,Apparel,Mobile,Gold,1,5,MW
1,237.61,0.29,4,1,Electronics,Mobile,None,0,2,NE
1,114.12,0.21,2,0,Shoes,Mobile,Silver,0,5,MW
1,191.22,0.06,3,0,Electronics,Desktop,None,0,2,S
1,95.2,0.24,4,1,Home,Desktop,Silver,0,3,West
0,152.03,0,2,0,Electronics,Desktop,Gold,0,17,MW
0,253.53,0.18,3,0,Electronics,Mobile,Silver,0,7,NE
1,46.13,0.35,5,0,Beauty,Mobile,None,1,5,West
0,81.84,0.17,3,0,Shoes,Mobile,Gold,0,2,S
0,205.12,0.17,4,0,Electronics,Desktop,None,0,2,MW
0,127.37,0.31,1,0,Home,Desktop,Gold,3,14,West
1,40.15,0.29,3,0,Apparel,Desktop,Silver,0,5,S
0,311.3,0.33,2,0,Home,Desktop,None,1,4,NE
0,267.01,0.17,2,0,Home,Mobile,None,0,1,MW
1,34.93,0.33,5,1,Apparel,Mobile,Gold,2,28,S
0,247.99,0,3,0,Electronics,Desktop,Gold,0,10,MW
0,196.72,0.16,1,0,Electronics,Mobile,None,1,3,MW
0,55.62,0.17,1,0,Beauty,Desktop,Silver,0,11,NE
1,116.32,0.13,5,1,Home,Desktop,None,0,0,MW
0,22.88,0.25,2,0,Apparel,Desktop,None,1,7,S
0,67.25,0.29,4,0,Apparel,Desktop,None,0,6,MW
1,75.42,0.08,3,0,Apparel,Desktop,Gold,0,11,West
0,122.47,0.26,2,0,Home,Mobile,Gold,2,16,NE
0,49.78,0.26,4,0,Beauty,Desktop,None,0,4,MW
0,39.62,0.31,1,0,Apparel,Desktop,Gold,0,12,S
0,90.78,0.13,2,0,Shoes,Desktop,Silver,0,1,NE
0,112.56,0.21,4,0,Electronics,Mobile,Silver,1,9,S
1,19.04,0.16,4,0,Beauty,Desktop,None,1,4,West
0,125.54,0.17,3,0,Shoes,Desktop,Gold,0,1,S
0,244.89,0.27,3,0,Electronics,Mobile,Silver,0,2,S
1,26.96,0.1,2,0,Beauty,Desktop,Silver,0,3,MW
0,30.58,0.3,5,1,Apparel,Desktop,Silver,0,2,West
0,130.31,0.2,3,1,Home,Mobile,None,0,2,MW
1,225.14,0.19,5,1,Home,Mobile,None,0,4,West
0,187.46,0.03,3,1,Electronics,Mobile,Silver,0,5,MW
1,41.05,0.35,2,0,Apparel,Mobile,Gold,4,12,West
0,195.26,0.05,5,0,Electronics,Mobile,Gold,0,18,West
0,36.3,0.21,2,0,Beauty,Mobile,Gold,0,1,S
1,24.99,0.38,4,0,Apparel,Mobile,None,0,0,S
0,78.37,0.08,2,0,Shoes,Mobile,Gold,0,6,S
1,70.97,0.2,2,0,Beauty,Mobile,Silver,0,2,NE
0,192.85,0.24,4,1,Electronics,Mobile,None,0,1,West
0,54.88,0.26,5,0,Apparel,Mobile,Gold,0,8,S
0,172.74,0.22,3,1,Electronics,Desktop,Gold,0,4,MW
1,41.89,0.17,2,1,Apparel,Mobile,Gold,0,3,MW
0,62.36,0.18,2,0,Apparel,Mobile,None,0,1,MW
0,33.71,0.19,1,0,Beauty,Desktop,None,0,0,NE
0,103.5,0.08,4,0,Home,Mobile,None,0,2,NE
0,29.05,0.19,3,0,Beauty,Desktop,None,0,9,MW
1,124.06,0.23,3,1,Shoes,Mobile,Gold,0,35,West
0,39.78,0.22,3,0,Beauty,Mobile,None,0,1,NE
0,69.6,0.14,1,0,Home,Desktop,Gold,0,19,S
1,35.24,0.39,5,1,Apparel,Mobile,Gold,0,2,West
1,51.83,0.24,2,0,Beauty,Mobile,Gold,0,1,MW
0,61.86,0.2,4,0,Apparel,Mobile,None,1,7,MW
0,33.17,0.37,3,0,Apparel,Mobile,Silver,1,4,MW
0,27.89,0.11,2,0,Beauty,Desktop,Gold,0,8,MW
0,32.75,0.31,2,0,Apparel,Mobile,None,0,3,NE
1,38.3,0.22,6,0,Beauty,Mobile,None,0,1,West
0,50.31,0.41,3,1,Apparel,Mobile,Gold,3,23,NE
1,51.27,0.22,5,1,Apparel,Mobile,None,0,3,West
0,44.77,0.2,3,0,Apparel,Mobile,None,0,0,S
0,89.77,0.32,3,0,Apparel,Mobile,Gold,2,8,West
1,118.51,0.19,2,0,Home,Desktop,Gold,0,0,S
0,385.81,0.12,3,0,Electronics,Mobile,Silver,0,7,MW
1,201.45,0.19,4,1,Electronics,Mobile,None,0,7,S
0,228.51,0.28,4,0,Electronics,Mobile,Silver,1,6,West
0,326.79,0.19,3,0,Electronics,Mobile,Silver,0,8,MW
0,44.41,0.15,3,0,Beauty,Desktop,Gold,0,5,NE
0,126.46,0.16,1,0,Home,Desktop,Gold,1,7,S
0,28.87,0.25,5,0,Apparel,Mobile,Silver,0,2,S
1,190.17,0.12,2,0,Home,Desktop,Silver,1,10,West
0,89.48,0.09,4,0,Home,Mobile,Gold,1,8,West
1,29.08,0.25,5,0,Beauty,Desktop,None,0,0,S
0,20.68,0.23,6,1,Beauty,Desktop,None,0,1,MW
1,21.55,0.24,3,0,Apparel,Desktop,Gold,1,24,MW
0,16.62,0.45,1,1,Beauty,Mobile,Gold,1,7,S
0,112.05,0.19,1,0,Home,Mobile,Silver,0,7,S
0,255.22,0.04,5,0,Electronics,Mobile,Silver,0,7,S
0,46.28,0.2,3,0,Beauty,Desktop,Gold,1,8,West
1,49.35,0.45,1,0,Beauty,Desktop,Silver,1,7,NE
1,67.59,0.03,3,0,Shoes,Desktop,Gold,0,5,NE
0,46.33,0.42,3,0,Apparel,Desktop,Gold,1,14,MW
0,127.15,0.26,1,0,Shoes,Desktop,Gold,0,4,MW
1,35.81,0.31,1,0,Beauty,Mobile,None,0,2,NE
0,20.19,0.4,2,0,Beauty,Mobile,None,0,1,NE
0,265.31,0.24,4,1,Home,Mobile,Gold,1,4,West
0,137.88,0.06,3,0,Home,Desktop,Silver,0,4,MW
1,32.73,0.32,3,0,Apparel,Mobile,Gold,0,6,West
0,20.17,0.16,3,0,Beauty,Mobile,None,0,0,MW
1,63.07,0.12,5,1,Shoes,Desktop,None,0,4,S
1,24.52,0.28,5,1,Apparel,Mobile,None,1,5,West
0,26.47,0.33,1,0,Apparel,Mobile,Gold,1,9,NE
1,32.22,0.13,5,1,Apparel,Mobile,None,0,1,NE
0,65.26,0.19,3,1,Apparel,Mobile,Gold,0,21,NE
1,46.66,0.19,2,0,Apparel,Desktop,Gold,2,7,West
1,135.66,0,3,1,Electronics,Mobile,Silver,1,1,MW
0,48.06,0.14,2,0,Apparel,Mobile,None,0,2,MW
0,26.8,0.2,3,0,Beauty,Desktop,Silver,0,0,MW
0,28.15,0.3,5,0,Apparel,Mobile,None,0,1,S
0,314.92,0.13,4,1,Electronics,Mobile,Gold,1,12,NE
0,35.81,0.25,5,0,Beauty,Desktop,Silver,0,2,MW
0,56.74,0.24,3,1,Apparel,Mobile,Silver,0,3,MW
0,98.83,0.2,3,1,Shoes,Desktop,Gold,2,12,West
1,107.43,0.1,5,1,Electronics,Mobile,Silver,0,4,West
0,86.63,0.14,3,0,Home,Mobile,None,0,7,S
0,199.55,0,4,0,Electronics,Mobile,Silver,1,8,West
0,70.75,0.39,4,0,Apparel,Desktop,None,0,1,MW
0,48.42,0.26,3,0,Beauty,Mobile,Silver,0,3,S
1,15.81,0.14,4,0,Beauty,Desktop,None,0,2,West
1,86.17,0.05,2,0,Home,Desktop,Gold,1,21,S
1,350.69,0,3,1,Electronics,Mobile,Silver,1,5,West
0,166.13,0.15,3,0,Shoes,Desktop,Silver,0,3,S
0,25.32,0.41,2,1,Beauty,Mobile,Gold,0,8,NE
0,241.7,0.08,3,0,Electronics,Mobile,Silver,2,10,S
0,169.11,0,3,0,Electronics,Desktop,Gold,0,7,MW
1,27.98,0.34,4,0,Beauty,Mobile,Silver,0,8,S
1,54.82,0.19,2,0,Shoes,Mobile,Silver,0,4,MW
1,124.7,0,5,0,Shoes,Mobile,Silver,0,1,West
1,26.34,0.19,4,0,Apparel,Desktop,None,0,5,NE
1,86.54,0.18,4,1,Home,Mobile,Gold,0,3,S
0,77.3,0.34,1,0,Apparel,Mobile,None,0,2,NE
1,36.61,0.24,4,0,Beauty,Mobile,None,0,4,MW
1,62.63,0.32,1,0,Apparel,Desktop,Silver,1,5,MW
0,56.5,0.16,3,1,Shoes,Desktop,Silver,1,5,West
0,197.04,0.01,3,0,Electronics,Desktop,Silver,0,9,NE
1,27.79,0.22,2,0,Beauty,Mobile,None,3,7,NE
0,23.18,0.23,3,0,Beauty,Desktop,None,0,4,S
0,56.63,0.26,4,0,Apparel,Mobile,Silver,1,0,S
0,69.14,0.31,1,0,Beauty,Mobile,Silver,0,6,NE
0,32.63,0.1,4,0,Beauty,Mobile,Silver,1,5,West
0,63.78,0.13,4,0,Home,Mobile,Silver,0,0,S
0,87.76,0.03,1,0,Shoes,Desktop,None,1,2,NE
0,74.82,0.08,3,0,Shoes,Desktop,None,0,3,NE
0,58.81,0.18,6,1,Apparel,Desktop,None,0,4,West
0,104.72,0.26,4,0,Home,Mobile,None,0,7,West
1,47.72,0.11,2,0,Apparel,Mobile,Gold,1,21,NE
0,32.19,0.32,4,1,Beauty,Mobile,None,0,3,NE
1,82.3,0.13,2,0,Shoes,Mobile,None,0,2,NE
0,100.44,0.24,3,0,Shoes,Mobile,Silver,0,4,S
1,140.87,0.23,4,1,Home,Mobile,Gold,3,10,S
1,87.92,0.09,2,0,Shoes,Mobile,None,1,2,S
0,46.25,0.09,1,0,Beauty,Mobile,None,1,1,NE
0,54.34,0.2,3,0,Apparel,Mobile,Silver,1,6,West
0,128.18,0.06,2,1,Home,Mobile,Gold,1,4,NE
0,142.74,0.04,3,0,Home,Desktop,None,1,6,NE
0,154.32,0.18,3,0,Home,Mobile,Silver,0,3,NE
0,231,0.32,5,0,Home,Mobile,Silver,0,3,MW
1,99.13,0,2,0,Shoes,Desktop,None,0,5,MW
1,213.22,0.16,2,0,Home,Mobile,None,0,2,MW
0,40.52,0.26,5,0,Apparel,Desktop,Silver,1,2,MW
1,43.33,0.18,5,0,Apparel,Desktop,Gold,0,7,West
0,75.77,0.07,5,1,Shoes,Desktop,None,0,5,NE
0,69.43,0.07,3,0,Shoes,Desktop,Silver,0,8,S
0,100.81,0.11,4,0,Home,Mobile,None,0,2,West
0,176.71,0.15,3,0,Electronics,Mobile,None,0,8,MW
0,316.07,0.17,5,0,Electronics,Desktop,Gold,2,19,West
0,191.35,0.05,3,1,Electronics,Desktop,None,0,1,MW
0,40.2,0.29,1,0,Apparel,Mobile,Gold,1,9,NE
0,48.7,0.12,2,0,Apparel,Mobile,Silver,0,9,S
0,35.21,0.1,3,0,Beauty,Desktop,Gold,0,10,West
0,180.47,0,3,0,Electronics,Desktop,Silver,0,1,West
0,258.42,0.22,3,0,Home,Desktop,Silver,0,7,NE
0,82.07,0.1,3,1,Shoes,Desktop,Silver,0,9,MW
1,154.93,0.34,4,1,Shoes,Mobile,Silver,0,2,S
1,40.86,0.22,2,1,Apparel,Mobile,Gold,0,8,MW
0,81.48,0.23,2,0,Shoes,Mobile,None,0,1,NE
0,197.96,0.12,3,0,Home,Mobile,Silver,0,2,MW
0,311.05,0.18,2,0,Electronics,Mobile,Silver,0,0,West
1,33,0.28,6,1,Beauty,Mobile,None,0,1,S
1,31.51,0.26,3,0,Beauty,Mobile,None,0,2,NE
1,123.76,0.1,2,1,Shoes,Mobile,Silver,0,5,NE
0,41.48,0.28,1,0,Beauty,Mobile,Silver,0,10,NE
1,25,0.42,2,0,Apparel,Mobile,None,0,3,S
1,59.66,0.33,4,0,Apparel,Mobile,None,0,2,NE
0,72.32,0.3,4,0,Shoes,Mobile,Gold,0,3,MW
0,206.83,0.08,4,0,Electronics,Desktop,None,0,3,S
0,94.47,0.11,4,0,Shoes,Mobile,Silver,0,6,West
0,39.42,0.17,3,0,Beauty,Desktop,None,0,0,S
0,24.11,0.29,3,1,Beauty,Desktop,None,0,3,West
1,58.13,0.2,5,1,Apparel,Mobile,None,0,1,NE
0,128.13,0.19,2,0,Home,Mobile,Gold,4,29,West
0,282.13,0,5,1,Electronics,Mobile,Silver,0,3,S
0,60.92,0.29,1,0,Shoes,Mobile,Silver,0,5,MW
0,28.74,0.17,2,0,Apparel,Desktop,Gold,0,17,West
0,135.95,0.22,2,0,Electronics,Desktop,None,0,4,NE
0,136.95,0.16,3,1,Electronics,Mobile,Silver,0,2,West
0,60.6,0.31,3,0,Apparel,Mobile,Silver,2,6,S
0,228.69,0.1,3,1,Electronics,Mobile,Silver,1,7,MW
0,43.98,0.33,2,0,Apparel,Mobile,Silver,0,0,NE
1,75.55,0.34,2,0,Shoes,Mobile,None,0,1,NE
0,277.84,0.26,3,0,Electronics,Desktop,None,0,1,MW
0,71.55,0.09,3,0,Home,Mobile,Silver,0,2,MW
0,82.42,0.08,4,0,Shoes,Mobile,None,0,9,S
0,62.07,0.23,3,1,Shoes,Desktop,Silver,0,3,West
0,26.86,0.31,4,0,Beauty,Mobile,Silver,0,7,MW
0,295.6,0.15,2,1,Electronics,Desktop,Gold,1,6,S
1,168.4,0.11,3,0,Home,Desktop,Silver,1,5,West
0,174.93,0.34,1,0,Electronics,Mobile,None,0,1,NE
1,145,0.25,2,1,Home,Desktop,Gold,0,17,S
0,82.09,0.07,3,1,Home,Desktop,Gold,1,7,NE
0,54.83,0.3,1,0,Beauty,Desktop,Gold,0,15,MW
0,211.42,0.24,2,0,Electronics,Mobile,Gold,1,10,S
1,145.14,0.05,2,0,Home,Mobile,Gold,1,27,MW
0,33.49,0.2,3,0,Beauty,Desktop,Silver,0,9,MW
0,142.87,0.05,4,0,Home,Mobile,Silver,0,5,West
0,39.78,0.22,4,1,Apparel,Mobile,None,0,1,MW
0,45.11,0.41,4,0,Beauty,Mobile,Silver,0,2,NE
1,187.38,0.18,4,0,Electronics,Mobile,None,0,3,West
0,129.96,0.14,1,0,Home,Mobile,Gold,0,10,MW
0,76.98,0.29,5,0,Beauty,Desktop,None,0,2,NE
0,59.19,0.1,5,0,Shoes,Mobile,Gold,1,30,West
1,146.86,0,2,0,Home,Mobile,None,1,2,NE
0,150.06,0.11,3,0,Electronics,Desktop,Silver,1,20,NE
0,121.03,0.1,3,1,Home,Mobile,Silver,1,3,MW
0,35.82,0.03,2,0,Beauty,Mobile,None,1,3,NE
0,101.84,0.1,2,0,Shoes,Mobile,None,0,5,S
0,54.12,0.24,2,0,Apparel,Mobile,Gold,1,4,MW
1,62.95,0.25,6,1,Apparel,Mobile,None,0,1,West
0,51.43,0.32,4,0,Apparel,Desktop,Gold,7,68,S
0,21.95,0.32,3,0,Apparel,Desktop,None,0,3,S
0,108.16,0.16,2,0,Home,Mobile,None,0,2,MW
0,333.52,0.09,1,0,Electronics,Mobile,Silver,0,5,MW
0,28.1,0.17,4,1,Beauty,Desktop,Gold,0,22,S
1,31.74,0.19,3,0,Beauty,Desktop,None,1,0,MW
0,170.34,0,5,1,Electronics,Mobile,None,0,3,West
0,74.89,0.26,2,0,Home,Mobile,None,0,0,NE
1,306.91,0.15,4,0,Electronics,Desktop,None,1,6,S
0,32.85,0.17,3,0,Beauty,Desktop,Gold,0,17,S
1,43.52,0.35,4,1,Apparel,Mobile,None,0,5,NE
0,85.34,0.17,3,0,Shoes,Mobile,None,1,1,NE
0,23.39,0.23,1,0,Beauty,Mobile,Gold,0,3,NE
1,48.82,0.35,2,1,Shoes,Mobile,Gold,0,10,NE
0,32.04,0.21,5,0,Beauty,Mobile,Silver,0,7,MW
1,173.35,0.03,4,0,Electronics,Mobile,Silver,0,3,S
1,296.42,0.14,4,1,Electronics,Desktop,None,0,3,NE
0,57.48,0.24,5,1,Apparel,Mobile,None,0,1,West
1,214.48,0.13,2,0,Home,Mobile,None,0,7,NE
1,50.93,0.12,6,1,Shoes,Desktop,None,0,6,MW
0,177.29,0.12,5,1,Electronics,Mobile,None,0,1,S
0,40.24,0.06,3,0,Apparel,Desktop,Gold,0,9,MW
0,173.93,0.21,3,1,Electronics,Mobile,Gold,0,7,MW
0,164.88,0.22,1,0,Home,Mobile,Gold,0,6,NE
0,96.41,0.15,3,0,Home,Mobile,None,0,1,S
1,140.95,0,2,0,Electronics,Mobile,Silver,0,7,West
0,233.87,0.13,3,0,Electronics,Desktop,Silver,0,5,MW
1,39.76,0.34,3,0,Apparel,Mobile,None,2,5,West
0,52.22,0.25,1,0,Apparel,Desktop,Gold,1,8,West
0,269.75,0.19,4,0,Electronics,Desktop,None,0,1,West
1,148.03,0.22,3,0,Home,Desktop,Silver,0,9,S
0,107.76,0.39,3,0,Home,Desktop,None,0,0,S
1,175.02,0.12,4,1,Electronics,Mobile,None,0,4,NE
0,87.47,0.02,1,1,Shoes,Desktop,Silver,0,24,NE
1,333.13,0.2,5,0,Electronics,Mobile,None,1,6,West
1,81.21,0.26,3,1,Shoes,Desktop,None,0,6,MW
0,159.51,0.27,3,0,Shoes,Mobile,Silver,0,1,MW
1,55.33,0.19,5,1,Beauty,Desktop,None,0,0,MW
1,70.99,0.17,4,0,Shoes,Mobile,Silver,1,4,West
1,97.64,0.06,1,0,Shoes,Mobile,None,0,1,NE
1,64.76,0.25,3,0,Apparel,Desktop,Silver,0,4,S
0,180.68,0.3,2,0,Home,Desktop,Gold,0,27,NE
0,52.13,0.32,3,0,Beauty,Desktop,Silver,0,2,MW
0,23.37,0.11,3,0,Beauty,Desktop,Silver,0,11,NE
0,114.79,0.17,2,0,Shoes,Mobile,Silver,0,8,NE
1,167.23,0.19,3,0,Home,Desktop,None,0,1,West
0,38.48,0.13,5,0,Beauty,Desktop,Silver,0,9,S
0,67.94,0.1,3,0,Shoes,Mobile,None,0,2,NE
1,39.47,0.17,3,1,Beauty,Mobile,None,1,0,MW
0,64.96,0.12,5,1,Home,Desktop,Silver,1,11,S
1,232.84,0.14,5,1,Electronics,Desktop,None,0,5,West
0,105.31,0.05,2,1,Shoes,Mobile,Gold,0,8,S
1,253.79,0,3,0,Electronics,Mobile,None,0,2,West
0,72.37,0.13,2,1,Home,Desktop,Gold,0,17,S
1,146.89,0.15,3,0,Shoes,Desktop,Silver,0,3,MW
0,41.11,0.26,1,0,Apparel,Desktop,Silver,0,1,NE
0,71.01,0.43,3,0,Apparel,Mobile,Gold,0,3,S
0,82.38,0.02,1,1,Home,Mobile,Gold,0,2,S
1,108.14,0.17,2,0,Home,Mobile,Silver,0,5,NE
0,45.93,0.1,2,1,Beauty,Desktop,Gold,1,5,NE
1,56.85,0.32,4,0,Beauty,Desktop,None,3,7,S
1,31.85,0.35,4,1,Apparel,Mobile,Gold,1,25,West
0,67.78,0.34,1,0,Beauty,Desktop,Silver,0,4,NE
0,229.62,0.11,1,0,Electronics,Desktop,Gold,1,14,NE
1,162.78,0.21,5,0,Home,Desktop,None,0,0,West
1,34.54,0.41,3,1,Apparel,Desktop,None,0,2,MW
1,81.66,0.36,3,0,Apparel,Mobile,None,0,1,NE
1,313.68,0.16,4,1,Electronics,Desktop,Silver,0,12,West
0,49.64,0.27,3,0,Apparel,Desktop,None,0,1,West
0,542.62,0.05,4,0,Electronics,Desktop,Silver,1,15,S
1,66.94,0,4,1,Beauty,Mobile,None,0,2,West
1,32.47,0.21,6,1,Apparel,Mobile,None,0,5,S
0,128.05,0.09,5,0,Shoes,Desktop,None,0,0,West
0,25.79,0.37,2,0,Apparel,Mobile,Gold,3,17,S
0,272.48,0,4,0,Electronics,Mobile,Silver,0,1,West
0,42.53,0.14,4,0,Beauty,Desktop,Gold,3,17,MW
0,195.43,0.24,4,1,Electronics,Mobile,Silver,0,5,West
0,112.54,0.25,4,1,Shoes,Mobile,None,0,2,S
0,225.75,0.05,5,0,Electronics,Mobile,None,0,6,S
0,210.43,0.15,3,0,Electronics,Desktop,None,0,1,S
0,182.35,0.22,3,1,Electronics,Mobile,Silver,0,4,NE
1,152.12,0.12,3,0,Home,Desktop,Silver,0,0,S
1,147.33,0.23,5,1,Home,Desktop,None,0,5,NE
0,170.68,0.11,3,0,Home,Desktop,Gold,0,5,MW
0,146.09,0.23,2,0,Electronics,Mobile,Silver,0,3,NE
0,113.42,0.33,3,0,Shoes,Desktop,Silver,0,3,MW
0,135.99,0.03,4,0,Home,Mobile,Silver,0,6,S
0,162.43,0.26,3,0,Electronics,Mobile,None,0,1,S
0,30.64,0.38,3,0,Apparel,Desktop,Gold,1,29,MW
1,66.22,0.16,1,0,Shoes,Mobile,Silver,0,4,MW
0,59.39,0.32,2,0,Apparel,Mobile,Silver,0,10,NE
0,137.83,0.09,5,1,Home,Desktop,None,0,0,West
0,56.17,0.16,5,1,Home,Desktop,None,1,9,West
0,276.47,0.18,3,1,Electronics,Mobile,Silver,0,8,West
1,29.12,0.45,2,0,Apparel,Mobile,Gold,2,11,NE
1,49.74,0.12,3,1,Apparel,Desktop,None,0,4,MW
0,58.91,0.27,4,0,Apparel,Mobile,Gold,1,9,West
0,36.36,0.26,4,0,Apparel,Desktop,None,0,5,S
1,184.09,0,4,1,Electronics,Desktop,None,0,5,S
1,278.78,0.01,2,1,Electronics,Mobile,Silver,1,4,NE
1,35.78,0.09,5,0,Apparel,Mobile,None,0,2,MW
0,127.71,0.13,3,0,Home,Mobile,None,0,3,MW
1,49.17,0.17,3,1,Apparel,Desktop,Silver,0,9,MW
0,211.51,0,4,0,Electronics,Desktop,Silver,0,2,West
0,55.91,0.13,2,0,Apparel,Mobile,Gold,0,14,MW
0,115.28,0.03,5,1,Home,Mobile,None,0,0,NE
0,42.65,0.33,4,1,Apparel,Desktop,Silver,0,6,S
0,37.54,0.18,1,0,Apparel,Mobile,Gold,0,6,NE
1,155.86,0.18,3,0,Home,Desktop,Silver,0,4,S
0,27.25,0.18,2,0,Beauty,Mobile,Gold,0,12,MW
0,160.56,0.18,2,0,Electronics,Mobile,None,2,8,NE
0,58.94,0.14,3,0,Home,Desktop,Gold,0,7,West
1,67.39,0.25,4,1,Home,Mobile,None,0,1,NE
1,53.86,0.14,2,0,Apparel,Desktop,None,0,0,MW
0,64.05,0.18,3,0,Shoes,Desktop,Silver,0,5,MW
0,280.53,0.15,3,0,Electronics,Desktop,None,0,1,S
0,102.7,0.08,5,0,Home,Mobile,Silver,0,11,West
0,269.1,0.15,2,0,Electronics,Desktop,Silver,0,2,S
0,49.75,0.16,3,0,Beauty,Desktop,Silver,0,8,MW
0,66.7,0.42,1,0,Apparel,Mobile,Gold,0,2,NE
0,160.46,0.33,3,0,Electronics,Desktop,Silver,0,5,NE
0,208.65,0.08,2,0,Electronics,Mobile,None,0,1,NE
0,243.36,0.02,4,1,Shoes,Mobile,Silver,0,2,West
1,23.97,0.25,4,0,Apparel,Desktop,Gold,0,9,S
0,122.1,0.27,4,1,Home,Mobile,Silver,0,4,S
0,72.53,0.33,3,0,Apparel,Mobile,Silver,0,5,S
1,61.81,0.27,4,1,Shoes,Desktop,Silver,0,7,MW
0,48.99,0.3,2,0,Apparel,Desktop,Gold,0,5,S
0,52.89,0.27,4,1,Apparel,Desktop,None,0,4,S
0,33.13,0.38,3,1,Apparel,Desktop,None,1,3,West
0,246.27,0.1,2,0,Electronics,Mobile,Gold,1,15,NE
1,40.05,0.19,2,0,Beauty,Desktop,Silver,0,5,S
0,46.63,0.18,3,1,Apparel,Mobile,Silver,1,3,S
1,51.05,0.23,2,0,Beauty,Mobile,Gold,3,14,S
0,44.25,0.15,3,0,Apparel,Mobile,Silver,3,11,S
0,46.68,0.15,4,0,Apparel,Desktop,None,0,0,S
0,45.15,0.18,3,1,Beauty,Desktop,Gold,0,4,MW
1,159.05,0.1,2,0,Home,Desktop,Silver,1,9,MW
0,21.96,0.3,3,0,Apparel,Mobile,None,0,0,S
0,128.42,0.25,2,1,Home,Mobile,None,0,0,S
0,81.31,0.13,2,0,Shoes,Desktop,Gold,0,1,West
1,92.52,0.05,2,0,Shoes,Desktop,Silver,1,4,MW
0,53.85,0,1,0,Apparel,Mobile,Gold,1,4,NE
0,179.57,0.03,1,0,Home,Desktop,Gold,3,27,MW
0,89.38,0.24,4,1,Shoes,Desktop,Silver,1,10,S
0,69.79,0.12,4,0,Home,Mobile,None,0,1,MW
0,22.98,0.13,4,1,Beauty,Mobile,None,0,1,MW
1,156.34,0.19,3,0,Home,Desktop,Silver,0,1,West
0,22.07,0.27,1,0,Beauty,Mobile,None,0,0,S
1,51.35,0.04,3,1,Shoes,Desktop,Silver,1,10,S
0,28.01,0.33,4,1,Apparel,Desktop,Gold,0,6,S
0,61.08,0.26,2,0,Apparel,Mobile,None,1,1,MW
1,39.47,0.19,3,0,Apparel,Mobile,None,0,5,MW
0,68.66,0.23,1,0,Apparel,Mobile,Silver,0,7,NE
0,172.69,0,1,0,Electronics,Mobile,None,0,3,NE
1,33.08,0.25,4,1,Beauty,Desktop,None,1,3,MW
0,117.02,0.21,3,1,Shoes,Mobile,Silver,0,0,S
0,106.75,0.23,4,0,Apparel,Mobile,None,1,13,NE
0,260.67,0.1,3,1,Electronics,Mobile,Silver,1,4,NE
1,47.49,0.17,5,0,Apparel,Desktop,None,0,0,West
1,78.81,0.04,4,0,Home,Desktop,None,0,1,MW
1,32.58,0.22,3,0,Apparel,Mobile,Silver,0,5,NE
0,99.3,0.19,2,0,Shoes,Desktop,Gold,3,35,NE
1,61.76,0.14,3,0,Home,Mobile,None,0,0,NE
0,35.15,0.34,2,0,Beauty,Mobile,None,1,0,MW
0,116.03,0.15,1,1,Home,Desktop,None,0,2,S
0,54.22,0.22,2,0,Apparel,Mobile,Silver,0,8,S
1,115.32,0,6,1,Home,Desktop,None,0,1,West
0,50,0.17,3,1,Shoes,Desktop,None,1,5,NE
0,127.21,0.13,2,0,Home,Desktop,None,0,8,NE
0,67.34,0.22,4,0,Apparel,Desktop,None,0,1,West
1,29.64,0,5,1,Apparel,Mobile,None,0,5,West
0,270.41,0.2,2,0,Electronics,Mobile,None,0,1,West
0,138.62,0,4,0,Home,Desktop,None,0,9,S
0,39.48,0.2,2,0,Apparel,Desktop,None,1,0,NE
0,127.12,0.33,5,1,Home,Desktop,None,0,14,S
0,179.84,0.2,2,0,Home,Desktop,Silver,0,6,MW
1,98.7,0.26,5,0,Home,Mobile,None,0,1,S
0,51.95,0.25,1,0,Apparel,Mobile,Silver,1,4,NE
0,53.56,0.19,6,1,Apparel,Desktop,None,0,0,S
0,52.27,0.22,4,0,Apparel,Desktop,Gold,0,9,MW
0,73.17,0.3,1,0,Apparel,Mobile,Gold,0,18,S
0,40.91,0.28,1,0,Beauty,Mobile,None,0,1,NE
0,136.45,0.22,1,0,Home,Mobile,Silver,0,3,West
0,70.01,0.22,3,0,Shoes,Mobile,Silver,0,5,S
0,185.73,0.01,4,0,Electronics,Mobile,Silver,0,8,NE
0,87.57,0.28,2,0,Shoes,Mobile,Gold,0,3,NE
1,31.04,0.28,2,0,Apparel,Desktop,Silver,0,4,NE
0,198.81,0.22,4,0,Electronics,Desktop,Silver,0,4,S
1,74.38,0.06,7,1,Shoes,Mobile,None,0,1,West
0,131.38,0.21,4,0,Home,Mobile,None,1,3,NE
0,34.05,0.4,1,0,Apparel,Mobile,Silver,1,11,West
0,258.86,0.14,5,0,Electronics,Desktop,None,0,2,MW
0,262.07,0.21,3,0,Electronics,Mobile,Gold,1,8,West
0,120.44,0.11,1,0,Shoes,Desktop,Gold,1,20,MW
1,88.76,0.1,3,1,Home,Mobile,None,1,6,S
0,230.03,0.13,2,1,Electronics,Mobile,Silver,0,7,NE
1,37.44,0.26,5,0,Apparel,Mobile,Gold,0,19,S
0,117.9,0.15,5,0,Home,Desktop,None,0,4,West
1,36.26,0.21,4,0,Apparel,Mobile,Silver,0,3,MW
0,17.33,0.19,3,0,Beauty,Mobile,Silver,0,2,S
1,251.74,0.01,2,0,Electronics,Mobile,Gold,1,29,West
1,41.06,0.28,4,0,Apparel,Mobile,None,0,1,S
0,192.05,0.04,3,0,Home,Mobile,Silver,0,1,MW
0,111.29,0.37,2,0,Home,Mobile,Gold,0,12,S
0,173.17,0.34,6,0,Electronics,Desktop,None,1,3,West
0,42.09,0.17,1,0,Apparel,Mobile,Gold,0,5,NE
0,79.91,0.2,1,0,Home,Desktop,Gold,0,18,NE
0,23.59,0.3,2,0,Apparel,Desktop,Silver,0,5,NE
1,49.33,0.22,4,1,Apparel,Desktop,None,0,4,S
0,198.45,0.08,2,0,Electronics,Desktop,Silver,0,3,NE
1,286.8,0.19,4,1,Electronics,Mobile,Silver,0,3,S
0,66.06,0.19,1,0,Shoes,Mobile,Silver,0,2,MW
0,129.25,0.24,3,1,Home,Mobile,Gold,1,10,West
0,104.84,0.13,4,1,Home,Mobile,Silver,0,5,S
1,51.26,0.14,3,0,Apparel,Desktop,Silver,1,4,S
1,68.29,0.36,4,1,Apparel,Mobile,None,0,2,NE
0,50.93,0.29,5,1,Apparel,Mobile,Silver,0,7,S
0,125.33,0.23,6,1,Home,Desktop,None,0,3,S
0,55.71,0.21,2,0,Apparel,Desktop,Silver,0,8,S
0,35.49,0.28,1,0,Apparel,Mobile,None,0,1,MW
0,257.78,0.25,3,0,Electronics,Mobile,None,0,1,NE
1,52.91,0.25,3,0,Apparel,Desktop,Silver,1,4,NE
0,78.51,0.1,3,0,Home,Mobile,Gold,0,5,NE
0,62.49,0.26,1,0,Apparel,Desktop,Silver,0,7,NE
0,28.97,0.23,3,1,Apparel,Mobile,Gold,0,5,S
0,242.67,0.15,5,0,Electronics,Mobile,None,0,4,West
0,62.27,0.11,3,0,Shoes,Mobile,None,0,1,West
0,416.73,0.17,1,0,Electronics,Mobile,Gold,0,14,NE
1,20.6,0.13,3,0,Beauty,Desktop,Gold,0,1,NE
1,192.09,0.19,4,0,Shoes,Desktop,None,0,0,MW
1,185.07,0.14,3,1,Home,Mobile,None,1,6,NE
1,236.01,0.18,4,1,Electronics,Mobile,None,0,2,West
1,28.01,0.19,3,0,Apparel,Desktop,Gold,3,11,West
0,60.99,0.17,1,0,Apparel,Mobile,Silver,0,4,NE
1,39.24,0.17,3,1,Apparel,Mobile,None,0,0,MW
0,134.1,0.15,3,0,Electronics,Desktop,Gold,1,8,West
0,303.74,0.06,3,0,Electronics,Desktop,None,0,2,MW
0,50.44,0.1,4,0,Beauty,Mobile,Silver,0,7,MW
0,60.3,0.12,3,0,Shoes,Desktop,Gold,0,5,MW
1,26.04,0.31,3,0,Apparel,Mobile,Silver,1,28,NE
1,58.28,0.26,5,1,Apparel,Desktop,None,0,3,S
0,85.67,0.17,1,0,Home,Desktop,None,0,5,NE
1,78.45,0.09,3,0,Home,Desktop,Silver,0,2,S
0,49.11,0.3,1,0,Shoes,Mobile,None,0,0,NE
1,57.27,0.36,5,0,Apparel,Mobile,None,0,1,S
0,42.12,0.19,4,0,Beauty,Desktop,None,0,1,S
1,41.13,0.11,2,0,Beauty,Mobile,Gold,2,27,NE
0,48.52,0.17,3,0,Beauty,Desktop,Gold,3,11,MW
0,140.78,0.24,3,0,Home,Desktop,Gold,1,3,S
1,69.19,0.42,4,0,Shoes,Mobile,None,0,0,S
1,319.64,0,2,0,Electronics,Mobile,Silver,1,16,S
1,119.65,0.08,4,0,Shoes,Mobile,None,0,0,S
0,21.69,0.05,5,1,Beauty,Mobile,None,1,8,MW
0,63.63,0.11,1,0,Beauty,Mobile,Gold,0,6,S
0,38.62,0.18,4,0,Apparel,Mobile,None,0,7,NE
0,39.6,0.11,3,1,Apparel,Mobile,Silver,1,8,West
1,48.76,0.19,3,0,Apparel,Desktop,Silver,0,9,West
1,32.61,0.13,5,1,Beauty,Desktop,None,0,2,West
0,107.72,0.29,5,1,Home,Mobile,None,1,8,NE
0,31.31,0.36,2,0,Apparel,Desktop,None,0,1,NE
0,34.29,0.31,1,0,Beauty,Mobile,Gold,0,7,S
0,57.41,0.11,2,0,Shoes,Desktop,Silver,1,5,NE
0,40.76,0.25,3,0,Beauty,Desktop,Silver,0,1,S
1,43.86,0.12,5,1,Apparel,Mobile,None,1,0,West
0,76.17,0.32,3,1,Apparel,Desktop,None,0,11,NE
0,121.9,0.08,3,0,Home,Desktop,Silver,0,11,MW
0,246.41,0,3,0,Electronics,Desktop,None,0,4,NE
0,25.95,0.11,2,0,Apparel,Mobile,Silver,0,4,NE
0,295.72,0.2,2,0,Electronics,Desktop,Gold,1,2,NE
0,36.77,0.26,3,0,Beauty,Desktop,None,0,6,MW
0,31.34,0.09,3,1,Apparel,Mobile,Silver,0,8,West
1,83.49,0.19,5,1,Apparel,Desktop,Silver,3,13,MW
0,33.02,0.29,3,0,Apparel,Mobile,None,0,2,NE
0,227.37,0.11,3,0,Electronics,Desktop,Gold,0,10,West
0,104.72,0.2,3,0,Home,Mobile,None,0,2,NE
0,25.91,0.21,5,1,Beauty,Mobile,None,0,3,S
0,33.03,0.24,4,0,Beauty,Mobile,None,0,3,West
0,93.16,0.25,4,0,Shoes,Mobile,None,1,7,MW
1,25.88,0.34,5,1,Apparel,Mobile,None,0,4,West
0,179.28,0.25,4,0,Home,Mobile,Silver,0,1,MW
0,31.66,0.21,2,0,Beauty,Mobile,None,0,0,NE
0,69.76,0.2,6,1,Home,Mobile,Silver,0,10,West
1,127.92,0.15,5,1,Shoes,Desktop,Silver,0,8,S
0,29.77,0.12,3,0,Beauty,Mobile,None,1,9,West
1,115.36,0.19,2,0,Home,Mobile,Gold,2,17,MW
0,52.24,0.22,4,0,Apparel,Desktop,Gold,0,15,West
0,24.88,0.29,2,1,Apparel,Mobile,None,0,3,NE
1,284.79,0.19,3,0,Electronics,Mobile,Silver,0,4,MW
1,72.05,0.3,4,1,Home,Desktop,None,1,0,S
1,26.56,0.28,3,0,Apparel,Desktop,None,0,3,S
1,53.64,0.31,4,1,Apparel,Mobile,Silver,0,20,West
1,33.42,0.12,4,1,Beauty,Desktop,None,1,4,S
1,46.14,0.21,4,1,Apparel,Mobile,Gold,1,6,S
0,340.79,0.19,3,0,Electronics,Desktop,Gold,0,21,West
0,68.29,0.06,2,0,Home,Mobile,Silver,0,10,MW
0,34.42,0.24,3,1,Beauty,Mobile,Silver,0,7,MW
0,88.2,0.13,3,1,Home,Mobile,Gold,1,5,MW
0,88.57,0.24,5,1,Apparel,Desktop,Gold,0,9,West
1,129.58,0.24,3,1,Home,Desktop,Gold,0,9,West
0,15.98,0.18,1,0,Beauty,Desktop,Silver,0,4,MW
0,84.03,0.15,2,0,Shoes,Desktop,None,0,0,NE
0,168.16,0.09,2,0,Home,Desktop,None,1,9,MW
0,246.71,0.07,4,1,Electronics,Desktop,Gold,1,9,NE
0,43.12,0.21,3,0,Apparel,Mobile,None,0,5,S
0,178.48,0.2,1,0,Home,Mobile,Gold,0,18,MW
1,23.64,0.25,2,0,Beauty,Mobile,Silver,0,2,West
1,34.36,0.08,6,1,Beauty,Mobile,None,2,0,MW
1,21.79,0.16,4,0,Apparel,Mobile,None,0,3,MW
1,38.5,0.1,1,0,Beauty,Desktop,None,0,0,NE
0,49.01,0,1,0,Shoes,Desktop,Gold,1,14,MW
0,159.84,0.2,3,1,Home,Mobile,Gold,0,12,MW
0,89.01,0.08,3,0,Home,Desktop,Gold,1,15,S
0,112.14,0.33,3,1,Home,Desktop,None,0,1,MW
0,157.16,0.17,4,0,Electronics,Mobile,Gold,1,7,West
0,58.58,0.35,1,0,Apparel,Mobile,Silver,0,5,NE
0,323.91,0,3,0,Electronics,Desktop,Gold,1,14,West
0,62.27,0,2,0,Shoes,Mobile,Gold,0,29,S
1,62.84,0.43,5,0,Shoes,Mobile,None,0,4,S
0,65.88,0.33,4,1,Apparel,Desktop,None,0,1,West
1,110.78,0.24,2,0,Home,Mobile,None,0,3,S
0,67.69,0.44,2,0,Apparel,Mobile,Silver,0,4,S
1,85.34,0,3,1,Home,Mobile,Gold,0,9,NE
0,91.37,0.22,2,1,Home,Desktop,None,0,4,MW
1,167.61,0,2,0,Home,Desktop,None,1,0,NE
1,89.77,0.29,2,0,Shoes,Mobile,Silver,0,3,NE
0,109.48,0.04,2,0,Home,Desktop,Gold,0,34,NE
1,219.7,0.12,4,0,Electronics,Mobile,None,0,7,NE
1,115.27,0.19,5,1,Shoes,Mobile,None,0,1,West
0,31.81,0.24,1,1,Beauty,Desktop,Silver,0,0,NE
0,183.12,0.2,1,0,Electronics,Mobile,Gold,0,20,NE
0,14.9,0.17,2,0,Beauty,Mobile,None,0,1,MW
0,92.3,0.36,3,0,Home,Mobile,Gold,2,11,West
0,307.74,0.15,3,1,Electronics,Desktop,Gold,0,3,West
0,19.34,0.23,5,0,Beauty,Mobile,None,0,12,S
0,139.63,0.2,2,0,Shoes,Mobile,None,0,2,S
0,366.26,0.13,1,0,Electronics,Mobile,Silver,0,6,S
0,270.32,0,5,0,Electronics,Desktop,None,0,1,MW
0,50.01,0.43,4,0,Apparel,Mobile,None,0,7,West
0,40.92,0.22,3,0,Beauty,Mobile,Silver,0,8,West
0,34.61,0.29,1,0,Apparel,Mobile,Gold,1,7,NE
0,53.01,0.26,2,0,Apparel,Mobile,Gold,0,2,NE
0,35.39,0.12,6,1,Apparel,Desktop,None,0,2,MW
0,83.32,0.2,2,0,Shoes,Desktop,None,0,3,S
1,42.31,0.32,5,0,Apparel,Mobile,None,0,0,MW
0,336.24,0.06,3,1,Electronics,Desktop,None,0,2,S
0,125.55,0,3,0,Home,Mobile,Gold,0,4,NE
1,140.77,0.31,3,0,Shoes,Desktop,None,1,8,NE
0,31.08,0.38,3,0,Apparel,Desktop,None,1,1,NE
0,37.99,0.33,2,0,Apparel,Mobile,Gold,1,12,S
0,88.83,0.05,3,0,Home,Mobile,None,1,1,S
0,48.99,0.2,3,0,Apparel,Desktop,None,0,0,West
0,279.64,0.4,3,0,Shoes,Mobile,Silver,0,3,MW
0,87.23,0.16,4,0,Shoes,Desktop,None,0,2,S
0,37.37,0.41,2,1,Apparel,Mobile,None,0,7,MW
1,21.79,0.47,4,1,Apparel,Mobile,Gold,0,3,S
0,81.02,0.11,3,0,Home,Mobile,None,0,2,West
1,30.46,0.55,4,0,Apparel,Mobile,None,0,4,West
0,231.6,0.25,4,0,Electronics,Mobile,Gold,0,2,MW
0,99.88,0.21,5,1,Home,Mobile,None,0,1,S
1,43.44,0.26,4,1,Apparel,Mobile,None,0,6,West
0,129.16,0.23,1,0,Shoes,Desktop,Silver,0,6,NE
0,30.07,0.3,2,1,Beauty,Desktop,Gold,0,8,West
0,135.8,0.35,4,1,Beauty,Desktop,Gold,0,4,S
1,151.32,0.24,4,1,Electronics,Mobile,None,0,8,West
0,133.9,0.33,2,0,Home,Mobile,None,0,4,NE
1,41.46,0.18,3,0,Apparel,Desktop,Gold,2,30,S
0,199,0.08,2,0,Home,Mobile,Gold,0,4,S
0,46.72,0.24,4,1,Apparel,Mobile,None,0,1,S
1,40.59,0.22,5,1,Apparel,Desktop,Silver,0,8,MW
0,137,0.28,2,0,Shoes,Mobile,None,1,3,S
0,145.56,0.29,2,0,Home,Mobile,None,0,1,NE
0,41.8,0.36,5,0,Apparel,Desktop,Silver,0,1,S
0,102.28,0.33,4,0,Home,Desktop,Gold,1,17,MW
0,172.91,0.16,3,0,Electronics,Mobile,None,0,5,MW
0,29.75,0.18,1,1,Beauty,Desktop,Gold,0,3,NE
0,40.32,0.27,3,0,Apparel,Desktop,Silver,0,2,S
1,80.28,0.19,5,1,Home,Mobile,Gold,1,2,West
0,233.12,0.1,4,0,Electronics,Mobile,None,0,1,MW
0,42.58,0.01,6,1,Apparel,Desktop,None,0,0,S
1,70.42,0,5,1,Home,Mobile,None,0,0,S
0,103.91,0.23,4,1,Apparel,Mobile,Silver,1,7,West
1,29.52,0.16,3,1,Apparel,Mobile,Gold,0,13,West
0,96.29,0.24,5,1,Home,Mobile,None,0,2,West
1,137.38,0.2,4,1,Home,Mobile,None,1,7,S
1,352.14,0.02,3,0,Electronics,Desktop,Silver,3,6,West
0,212.8,0.16,1,0,Electronics,Desktop,Gold,1,6,NE
0,109.17,0,2,0,Shoes,Mobile,None,1,5,NE
1,112.57,0.28,4,0,Home,Mobile,Silver,1,0,NE
1,34.6,0.12,4,0,Beauty,Desktop,Silver,0,3,West
0,172.61,0.05,2,1,Home,Mobile,None,1,3,NE
0,54.49,0.15,3,0,Apparel,Mobile,None,0,5,West
0,22.91,0.03,3,0,Apparel,Desktop,Gold,0,3,MW
0,202.98,0.22,2,0,Home,Mobile,Gold,1,8,West
0,359.74,0.12,2,0,Electronics,Mobile,Gold,0,17,S
0,286.99,0.1,3,0,Electronics,Mobile,Gold,0,7,S
0,162.49,0.09,2,0,Electronics,Desktop,Silver,0,3,S
0,157.72,0.19,2,0,Electronics,Mobile,Silver,0,11,NE
0,74.03,0.19,2,0,Apparel,Mobile,Gold,0,21,NE
0,52.35,0.12,2,0,Apparel,Mobile,Gold,1,14,West
1,37.08,0.33,3,1,Beauty,Mobile,None,0,6,MW
1,74.29,0.34,5,1,Shoes,Desktop,None,0,0,S
0,26.68,0.31,1,1,Apparel,Mobile,Gold,1,14,NE
0,23.65,0.13,6,1,Beauty,Mobile,None,0,3,West
0,228.24,0,3,1,Electronics,Desktop,Silver,0,1,S
0,159.25,0.16,3,1,Electronics,Mobile,Silver,0,5,S
1,397.17,0.03,5,1,Electronics,Desktop,Silver,0,2,NE
0,38.41,0.15,4,0,Apparel,Desktop,Gold,1,10,MW
0,23.35,0.11,5,1,Beauty,Mobile,Gold,2,16,West
1,51.88,0.19,3,0,Apparel,Mobile,Gold,1,15,NE
0,39.04,0.15,3,0,Apparel,Desktop,None,0,0,West
0,136.05,0.15,3,0,Electronics,Mobile,None,0,3,S
1,33.11,0.25,2,0,Beauty,Mobile,None,1,2,S
0,90.03,0.23,3,1,Shoes,Desktop,None,0,11,S
0,38.85,0.53,2,0,Beauty,Desktop,Gold,0,5,NE
1,111.09,0.18,5,1,Home,Desktop,None,0,4,NE
1,97.67,0.21,4,0,Home,Desktop,None,0,3,West
1,75.5,0.28,2,0,Shoes,Desktop,None,0,2,MW
0,287.43,0.19,5,0,Electronics,Desktop,None,0,5,S
1,48.49,0.05,3,0,Apparel,Desktop,None,0,1,MW
0,35.44,0.29,4,1,Apparel,Desktop,None,0,0,MW
0,35.19,0.19,5,0,Apparel,Mobile,Gold,0,6,S
1,50.71,0.37,6,0,Apparel,Mobile,None,0,1,MW
0,32.41,0.19,2,0,Apparel,Mobile,Silver,0,3,NE
0,92.67,0.18,2,0,Shoes,Desktop,Silver,1,5,NE
0,224.4,0.22,2,0,Shoes,Mobile,Gold,1,13,MW
1,99.64,0.21,1,0,Electronics,Mobile,Silver,0,3,NE
1,307.22,0.15,2,0,Electronics,Desktop,None,0,0,NE
0,44.54,0.32,4,1,Beauty,Desktop,Gold,0,11,S
0,59.22,0.11,3,0,Apparel,Mobile,None,0,2,NE
0,201.68,0.15,5,0,Electronics,Mobile,None,0,2,MW
0,163.39,0.17,3,1,Home,Mobile,None,0,1,NE
0,42.88,0.14,4,0,Beauty,Mobile,None,0,3,S
1,35.78,0.29,5,1,Beauty,Mobile,None,0,0,West
0,62.03,0.3,2,0,Apparel,Mobile,None,0,2,MW
0,170.5,0.24,3,0,Home,Desktop,None,0,1,NE
0,191.68,0.26,3,0,Electronics,Mobile,Silver,1,3,S
0,128.2,0.17,2,0,Home,Mobile,Gold,0,3,West
0,42.45,0.31,3,0,Apparel,Mobile,Silver,0,12,S
1,60.12,0.29,4,0,Apparel,Desktop,None,0,5,S
0,163.65,0.19,4,0,Home,Mobile,Silver,0,2,S
1,123.22,0,5,1,Home,Mobile,Gold,1,8,West
0,182.43,0.06,4,0,Home,Desktop,Gold,0,20,NE
0,41.39,0.32,1,0,Beauty,Desktop,Silver,0,7,NE
1,73.75,0.18,4,1,Apparel,Desktop,None,0,8,West
0,33.21,0.41,3,0,Apparel,Mobile,None,0,0,NE
0,135.45,0.13,5,0,Home,Mobile,Gold,0,7,West
1,269.32,0.16,1,0,Electronics,Mobile,Silver,2,10,S
0,234.35,0.19,4,1,Electronics,Mobile,Gold,1,3,S
0,332.35,0.02,3,0,Electronics,Desktop,None,0,1,NE
1,256.64,0.1,2,0,Electronics,Mobile,Gold,1,3,NE
1,25.35,0.26,2,1,Apparel,Mobile,None,0,4,MW
0,76.36,0.24,4,0,Home,Desktop,None,1,4,West
1,121.06,0.05,3,1,Home,Desktop,Silver,0,3,S
0,42.79,0.11,3,0,Apparel,Mobile,None,0,1,MW
0,45.19,0.11,2,0,Shoes,Desktop,Gold,0,8,MW
0,45.48,0.17,3,0,Apparel,Desktop,None,0,2,S
1,27.32,0.28,3,0,Beauty,Mobile,Silver,1,5,S
0,62.64,0.19,4,1,Apparel,Mobile,Silver,0,2,MW
0,41.19,0.08,1,0,Beauty,Desktop,Gold,0,10,NE
0,53.72,0.43,1,0,Apparel,Mobile,Silver,0,10,S
0,124.73,0.09,5,0,Home,Desktop,Silver,0,1,West
0,118.73,0.11,4,1,Home,Desktop,Silver,1,9,NE
0,68.47,0.15,2,0,Apparel,Mobile,Gold,0,9,S
0,54.63,0,2,0,Home,Desktop,Gold,1,12,MW
1,32.94,0.11,4,1,Beauty,Desktop,Gold,1,5,West
1,207.1,0.17,5,1,Home,Mobile,Silver,3,4,West
0,130.03,0.28,1,0,Home,Desktop,Gold,1,18,West
1,47.99,0.26,4,0,Apparel,Mobile,None,0,2,NE
0,64.62,0.03,3,0,Shoes,Desktop,Gold,1,8,S
0,32.54,0.17,3,0,Beauty,Mobile,Silver,1,11,MW
1,22.46,0.22,2,1,Beauty,Desktop,Silver,0,5,West
0,40.91,0.28,2,1,Apparel,Mobile,Silver,1,11,West
1,63,0.19,5,1,Apparel,Desktop,None,0,1,West
0,198.48,0,4,0,Electronics,Desktop,Gold,0,4,S
1,56.14,0.21,1,0,Shoes,Mobile,None,0,4,MW
0,25.62,0.15,4,1,Beauty,Mobile,None,0,1,S
0,544.42,0,1,0,Electronics,Desktop,Gold,0,2,MW
0,34.78,0.24,4,0,Beauty,Mobile,None,0,6,MW
1,79.8,0.28,4,1,Home,Mobile,Silver,2,7,S
1,43.34,0.18,3,0,Apparel,Desktop,Silver,0,6,NE
1,269.25,0.08,5,1,Electronics,Desktop,Silver,0,1,West
0,225.78,0.05,1,0,Electronics,Mobile,Silver,2,7,NE
0,183.18,0.01,1,0,Home,Mobile,Silver,1,7,S
0,120.45,0.33,3,0,Home,Mobile,Gold,0,21,MW
0,23.44,0.17,4,0,Beauty,Mobile,Gold,0,12,MW
0,21.48,0.4,5,0,Beauty,Desktop,None,0,3,West
1,210.16,0.08,5,1,Electronics,Desktop,None,1,1,MW
0,44.23,0.29,2,0,Apparel,Mobile,None,0,2,MW
0,40.05,0.2,1,1,Apparel,Mobile,None,0,2,NE
0,54.27,0.2,1,0,Beauty,Mobile,Gold,0,12,S
0,30.64,0.18,5,1,Beauty,Mobile,None,0,3,S
0,77.88,0.31,1,0,Apparel,Desktop,Gold,0,3,NE
0,18.94,0.35,3,0,Apparel,Mobile,None,0,5,NE
0,30.87,0.1,3,0,Beauty,Desktop,Silver,0,2,West
0,89.1,0.23,1,1,Shoes,Mobile,None,0,1,MW
0,38.25,0.13,2,0,Beauty,Desktop,None,0,4,S
0,57.48,0.04,3,0,Shoes,Desktop,Silver,0,7,West
0,101.3,0.13,5,1,Home,Mobile,Gold,1,12,S
0,270.95,0.2,2,1,Electronics,Mobile,None,0,3,West
1,36.03,0.15,3,0,Apparel,Desktop,None,0,3,S
0,84.34,0.22,2,1,Shoes,Mobile,Gold,0,17,MW
0,25.77,0.11,1,0,Beauty,Mobile,Gold,1,12,S
0,178.5,0.17,3,0,Shoes,Mobile,None,0,2,NE
0,405.38,0.19,3,1,Electronics,Desktop,None,0,3,MW
0,31.96,0.39,5,1,Beauty,Desktop,None,0,8,West
0,181,0.1,3,0,Electronics,Mobile,None,0,1,MW
0,104.85,0.29,1,0,Shoes,Mobile,Gold,2,22,NE
0,98.73,0.19,4,1,Home,Desktop,None,0,10,NE
0,44.91,0.21,6,0,Apparel,Desktop,None,0,1,West
0,30.71,0.13,3,0,Apparel,Mobile,Silver,0,8,West
0,63.2,0.24,3,1,Shoes,Mobile,None,0,3,MW
0,125.59,0.24,3,0,Shoes,Mobile,None,0,4,MW
1,186.99,0,2,0,Electronics,Desktop,Gold,4,29,S
0,31.5,0.24,2,0,Apparel,Mobile,Gold,0,9,NE
1,161.9,0.11,4,0,Home,Mobile,None,0,4,S
1,27.82,0.24,2,1,Apparel,Desktop,Silver,0,3,MW
0,37.74,0.25,3,0,Apparel,Desktop,Gold,1,9,MW
0,91.95,0.18,2,0,Home,Desktop,Gold,0,13,S
0,276.29,0.21,3,0,Electronics,Mobile,Silver,0,6,West
0,114.68,0.05,1,0,Home,Mobile,Gold,0,2,S
0,161.37,0.28,4,0,Home,Desktop,Gold,2,19,S
1,38.17,0.23,4,0,Apparel,Desktop,None,1,3,NE
1,221.46,0.05,1,0,Electronics,Mobile,None,0,7,MW
0,364.47,0.06,3,0,Electronics,Mobile,None,0,4,West
0,137.1,0.1,2,0,Electronics,Mobile,None,0,3,NE
0,77.19,0.03,3,0,Shoes,Desktop,None,0,1,NE
1,417.83,0.26,3,0,Electronics,Desktop,None,0,3,MW
0,64.35,0.13,1,0,Shoes,Mobile,None,0,10,NE
1,67.62,0.19,6,1,Home,Desktop,None,0,0,MW
1,22.08,0.29,3,0,Apparel,Mobile,None,0,1,West
1,24.27,0.07,3,0,Apparel,Mobile,Silver,1,2,NE
0,51.42,0.14,2,0,Apparel,Desktop,Gold,2,36,MW
1,42.75,0.22,4,1,Apparel,Desktop,Gold,0,19,S
0,30.96,0.18,2,0,Apparel,Desktop,None,1,2,NE
0,44.75,0.11,3,0,Apparel,Mobile,None,0,1,S
0,178.9,0.01,4,0,Electronics,Mobile,None,0,2,MW
0,379.57,0.21,6,1,Electronics,Desktop,Silver,0,3,S
0,280.23,0.16,4,0,Electronics,Desktop,None,0,4,S
0,30.11,0.09,4,1,Beauty,Mobile,None,0,5,West
1,143.8,0.14,3,1,Home,Desktop,Silver,2,15,MW
1,42.58,0.17,5,1,Apparel,Desktop,None,0,2,S
