planet_name,orbital_period,semi_major_axis,planet_mass,planet_radius,stellar_mass,stellar_temp,equilibrium_temp,eccentricity,discovery_method
Kepler-5 b,3.5484657,0.0538,670.93913,15.984034,1.374,6297,1750,NA,Transit
HAT-P-7 b,2.20474,NA,584.8072,16.92559,1.56,6389,NA,0,Transit
Kepler-6 b,3.2346996,0.04852,212.31044,14.616536,1.209,5647,1460,NA,Transit
KOI-94 d,22.342989,0.1684,106,11.27,1.277,6182,806,0.022,Transit
Kepler-20 d,77.611455,0.3474,13.4,2.606,0.929,5495,430,0.082,Transit
Kepler-462 b,84.6866,NA,53.9,3,1.59,7500,NA,0.042,Transit
Kepler-79 d,52.0902,0.287,6,7.16,1.165,6174,NA,0.025,Transit
Kepler-106 e,43.8445,NA,11.17,2.56,1,5858,NA,NA,Transit
Kepler-111 c,224.77833,0.751,222.4798849,7.0840758,1.118,5914,352.2,0.176,Transit
Kepler-22 b,289.863876,0.812,9.1,2.1,0.857,5596,279,0.72,Transit
Kepler-117 c,50.790391,0.2804,584.78,12.341,1.129,6150,704,0.0323,Transit
Kepler-10 b,0.8374907,0.01685,3.24,1.47,0.91,5708,2188,0,Transit
KOI-94 c,10.423648,0.1013,15.6,4.32,1.277,6182,1012,0.43,Transit
Kepler-79 c,27.4029,0.187,5.9,3.72,1.165,6174,NA,0.03,Transit
Kepler-117 b,18.7959228,0.1445,29.875,8.059,1.129,6150,984,0.0493,Transit
Kepler-10 c,45.294301,0.241,11.29,2.355,0.91,5708,579,0.136,Transit
KOI-94 e,54.32031,0.3046,35,6.56,1.277,6182,584,0.019,Transit
Kepler-79 b,13.4845,0.117,10.9,3.47,1.165,6174,NA,0.015,Transit
Kepler-19 b,9.28699,0.0846,6.1,2.209,0.936,5541,851,0.41,Transit
Kepler-454 b,10.5737534,0.09528,5.4,2.37,1.03,5687,916,0.32,Transit
Kepler-103 b,15.9653287,0.133,11.67,3.4857,1.212,6047,NA,0.171,Transit
Kepler-109 b,6.4816307,0.0701,4.9,2.49,1.094,5950,1276,0.11,Transit
Kepler-425 b,3.79701816,0.0464,79.45,10.962,0.93,5170,1070,0.33,Transit
Kepler-49 b,7.2,NA,9.77,2.579,0.607,4095.6,NA,NA,Transit
Kepler-96 b,16.2385,NA,8.46,2.67,1,5690,NA,NA,Transit
KOI-142 b,10.91647,NA,9.5,3.438,0.99,5466,NA,0.05561,Transit
Kepler-433 b,5.33408384,0.0679,896.24,16.25,1.46,6360,1776,0.119,Transit
Kepler-48 b,4.778,NA,3.94,1.88,0.88,5194,NA,NA,Transit
Kepler-7 b,4.8854892,0.06067,140.16303,18.180998,1.359,5933,1630,NA,Transit
KOI-12 b,17.855182,0.154,349.613,13.78707,1.5,NA,NA,0.34,Transit
Kepler-74 b,7.340711,0.0781,200.22,10.76,1.18,6000,1078,0,Transit
Kepler-100 c,12.8159,NA,7.05,2.2,1.08,5825,NA,NA,Transit
Kepler-11 c,13.0241,0.107,2.9,2.87,0.961,5663,NA,0.026,Transit
Kepler-20 c,10.8540774,0.0936,11.1,2.894,0.929,5495,828,0.076,Transit
Kepler-8 b,3.5224991,0.0474,187.5197,15.871944,1.213,6213,1680,NA,Transit
Kepler-412 b,1.7208604,0.02897,299.07803,15.031269,1.167,5750,1850,NA,Transit
Kepler-128 b,15,NA,3.79,1.421,1.184,6072,NA,NA,Transit
Kepler-95 b,11.5231,NA,13,3.42,1.08,5699,NA,NA,Transit
Kepler-77 b,3.57878087,0.04501,136.661,10.761,0.95,5520,1440,0,Transit
Kepler-106 c,13.5708,NA,10.44,2.5,1,5858,NA,NA,Transit
Kepler-18 c,7.64159,0.0752,17.3,5.49,0.972,5345,NA,0,Transit
Kepler-44 b,3.2467293,0.0446,317.82,12.22,1.12,5800,1544,0.066,Transit
Kepler-41 b,1.8555582,0.03101,177.98,14.46,1.15,5750,1790,0,Transit
Kepler-105 b,5.4122034,NA,10.8,2.53,0.991,5933,NA,0.02,Transit
Kepler-422 b,7.8914483,0.082,136.66,12.89,1.15,5972,NA,NA,Transit
Kepler-423 b,2.6843285,0.03585,189.101,13.361,0.85,5560,1605,0.019,Transit
Kepler-26 b,12.28,NA,5.12,2.78,0.544,3914,NA,NA,Transit
Kepler-43 b,3.0240949,0.046,1026.5909,13.663771,1.32,6041,1620,NA,Transit
KOI-13 b,1.763588,0.03641,2949.4624,16.948008,1.72,7650,2550,6.4e-4,Transit
Kepler-102 e,16.1456994,0.1162,4.7,2.17,0.803,4909,590,0.089,Transit
Kepler-14 b,6.790123,NA,2669.66,12.733,1.512,6395,NA,0.035,Transit
Kepler-94 b,2.50806,NA,10.84,3.51,0.81,4781,NA,NA,Transit
Kepler-17 b,1.4857108,0.02591,778.65,14.68,1.04,5781,1570,0.011,Transit
Kepler-107 e,14.749143,0.12638,14.1,2.903,1.238,5854,955,0.1,Transit
Kepler-424 b,3.3118644,0.044,327.35,9.98,1.01,5460,NA,NA,Transit
Kepler-68 b,5.39875259,0.06135,8.03,2.357,1.057,5847,1275,0.09,Transit
Kepler-15 b,4.942782,0.05714,209.76,10.76,1.018,5515,NA,0.06,Transit
Kepler-426 b,3.21751883,0.0414,108.06,12.22,0.91,5725,1300,0.18,Transit
Kepler-63 b,9.4341505,0.08,120,6.11,0.984,5576,NA,0.45,Transit
Kepler-4 b,3.21346,0.0456,24.472,4.002,1.223,5857,1650,0,Transit
Kepler-109 c,21.22265,0.1546,8.2,2.65,1.094,5950,859,0.098,Transit
Kepler-49 c,10.91,NA,8.38,2.444,0.607,4095.6,NA,0.008,Transit
Kepler-48 c,9.67395,NA,14.61,2.71,0.88,5194,NA,NA,Transit
Kepler-11 d,22.6845,0.155,7.3,3.12,0.961,5663,NA,0.004,Transit
Kepler-20 b,3.6961049,0.04565,9.7,1.773,0.929,5495,1187,0.083,Transit
Kepler-105 c,7.12592,NA,5.6,1.44,0.991,5933,NA,0.02,Transit
Kepler-26 c,17.2559,NA,6.2,2.72,0.544,3914,NA,NA,Transit
Kepler-102 d,10.311767,0.08618,3,1.154,0.803,4909,686,0.092,Transit
Kepler-107 c,4.901452,0.06064,10,1.597,1.238,5854,1378,0.08,Transit
Kepler-11 e,31.9996,0.195,8,4.19,0.961,5663,NA,0.012,Transit
Kepler-107 b,3.1800218,0.04544,3.8,1.536,1.238,5854,1592,0.1,Transit
Kepler-25 c,12.7207,NA,15.2,5.217,1.165,NA,NA,0.0061,Transit
Kepler-37 d,39.7922622,0.2109,2,2.03,0.79,5357,499,0.1,Transit
Kepler-25 b,6.238297,NA,8.7,2.748,1.165,NA,NA,0.0029,Transit
Kepler-93 b,4.72673978,0.05343,4.66,1.478,0.911,5669,1133,0,Transit
Kepler-45 b,2.455239,0.03,160.497,10.76,0.59,3820,1000,0.11,Transit
Kepler-427 b,10.290994,0.091,92.17,13.79,0.96,5800,1100,0.57,Transit
Kepler-114 c,8.041,NA,2.8,1.6,0.56,NA,NA,NA,Transit
TrES-2 b,2.47063,NA,473.5667,15.24424,1.36,5850,NA,0,Transit
Kepler-23 c,10.74,NA,7.81,3.005,1.078,5828,NA,0.021,Transit
Kepler-12 b,4.4379629,0.0553,137.30256,19.660586,1.166,5947,1480,NA,Transit
Kepler-113 c,8.92507,NA,8.7,2.18,0.75,4725,NA,NA,Transit
Kepler-18 d,14.85888,0.1172,16.4,6.98,0.972,5345,NA,0,Transit
Kepler-113 b,4.754,NA,11.7,1.82,0.75,4725,NA,NA,Transit
Kepler-48 d,42.8961,NA,7.93,2.04,0.88,5194,NA,NA,Transit
Kepler-114 d,11.776,NA,3.9,2.53,0.56,NA,NA,NA,Transit
Kepler-103 c,179.60978,0.6679,58.47,5.4539,1.212,6047,NA,0.103,Transit
Kepler-129 b,15.79,0.13,20,2.4,1.178,5770,NA,NA,Transit
Kepler-36 c,16.21865,NA,7.13,3.679,1.034,5979,NA,0,Transit
Kepler-98 b,1.54168,NA,3.55,1.99,0.99,5539,NA,NA,Transit
Kepler-1655 b,11.8728787,0.1029,5.4,2.213,1.03,6148,938,0.19,Transit
Kepler-131 b,16.092,NA,16.13,2.41,1.02,5685,NA,NA,Transit
Kepler-99 b,4.60358,NA,6.15,1.48,0.79,4782,NA,NA,Transit
Kepler-406 b,2.42629,NA,6.35,1.43,1.07,5538,NA,NA,Transit
Kepler-97 b,2.58664,NA,3.51,1.48,0.94,5779,NA,NA,Transit
Kepler-92 b,13.749,NA,64.3,3.51,1.21,NA,NA,NA,Transit
Kepler-138 c,13.7815,0.0913,2.3,1.51,0.535,3841,410,0.017,Transit
Kepler-462 c,207.62,NA,6,4,1.59,7500,NA,0.11,Transit
Kepler-414 c,7.171,NA,29.9,3.01,0.89,NA,NA,NA,Transit Timing Variations
Kepler-414 b,4.7,NA,3.5,1.71,0.89,NA,NA,NA,Transit Timing Variations
Kepler-11 f,46.6888,0.25,2,2.49,0.961,5663,NA,0.013,Transit
Kepler-138 d,23.0923,0.1288,2.1,1.51,0.535,3841,345,0.01,Transit
Kepler-101 b,3.4876812,0.0474,51.1,5.77,1.17,5667,1513,0.086,Transit
Kepler-11 g,118.3807,0.466,25,3.33,0.961,5663,NA,0.15,Transit
Kepler-51 b,45.154,0.2514,2.1,7.1,1.04,6018,543,0.04,Transit
Kepler-27 c,31.3309,0.191,4385.87,4.9,0.65,5400,NA,NA,Transit
Kepler-30 b,29.33434,0.18,11.3,3.9,0.99,5498,NA,0.042,Transit
Kepler-75 b,8.8849116,0.0818,3209.9,11.77,0.91,5200,767,0.57,Transit
Kepler-9 b,19.23891,0.143,43.4,8.29,1.022,5774,NA,0.0609,Transit
Kepler-30 d,143.34394,0.5,23.1,8.8,0.99,5498,NA,0.022,Transit
Kepler-80 b,7.05246,0.0648,6.93,2.67,0.73,4540,NA,NA,Transit
Kepler-53 b,18.6489525,NA,111,2.89,0.98,5858,NA,NA,Transit
Kepler-428 b,3.52563254,0.0433,403.63,12.11,0.87,5150,1070,0.22,Transit
Kepler-238 e,23.654,NA,169.7,5.6,1.06,NA,NA,NA,Transit
Kepler-27 b,15.3348,0.118,2895.31,4,0.65,5400,NA,NA,Transit
Kepler-539 b,125.63243,0.4988,308.2951,8.373123,1.048,5820,387.6,0.39,Transit
Kepler-28 b,5.91,NA,1.63,1.959,0.684,4499.3,NA,NA,Transit
Kepler-46 b,33.60134,0.1968,1907,9.057,0.902,5155,543,0.01,Transit
Kepler-82 b,26.44,0.1683,12.15,4.07,0.91,NA,NA,0.0033,Transit
Kepler-434 b,12.8747099,0.1143,908.96,12.67,1.198,5977,1000,0.131,Transit
Kepler-435 b,8.6001536,0.0948,266.97,22.31,1.538,6161,1729,0.114,Transit
Kepler-145 c,42.882,NA,79.4,4.32,1.32,NA,NA,NA,Transit
Kepler-177 c,49.40926,NA,14.7,8.73,0.921,5732,NA,0,Transit
Kepler-62 d,18.16406,0.12,14,1.95,0.69,4925,510,NA,Transit
Kepler-39 b,21.08721,0.164,6388.1,13.9,1.29,6350,897,0.112,Transit
Kepler-32 b,5.90124,0.05,1303,2.2,0.58,3900,NA,NA,Transit
Kepler-223 d,14.78869,NA,8,5.24,1.125,NA,NA,0.037,Transit
Kepler-29 b,10.33974,NA,5,2.55,0.761,5378,NA,0,Transit
Kepler-40 b,6.87349,0.08,699.2,13.11,1.48,6510,1620,0,Transit
Kepler-553 b,4.030467,0.04766,116.00736855,4.74139884,0.889,5191,1089,NA,Transit
Kepler-538 b,81.73778,0.3554,12.9,2.215,0.892,5534,417,0.21,Transit
Kepler-52 c,16.3850021,NA,45.4,1.84,0.54,4075,NA,NA,Transit
Kepler-595 b,25.3029092,NA,17.4,3.708,0.93,NA,NA,NA,Transit
Kepler-9 c,38.9853,0.227,29.9,8.08,1.022,5774,NA,0.06691,Transit
Kepler-30 c,60.323105,0.3,640,12.3,0.99,5498,NA,0.0111,Transit
Kepler-80 c,9.52355,0.0792,6.74,2.74,0.73,4540,NA,NA,Transit
Kepler-28 c,8.99,NA,2.06,1.857,0.684,4499.3,NA,0.017,Transit
Kepler-82 c,51.54,0.2626,13.9,5.34,0.91,NA,NA,0.007,Transit
Kepler-62 b,5.714932,0.0553,9,1.31,0.69,4925,750,NA,Transit
Kepler-32 c,8.7522,0.09,158.9,2,0.58,3900,NA,NA,Transit
Kepler-29 c,13.28613,NA,4.5,2.34,0.761,5378,NA,0,Transit
Kepler-52 b,7.8773565,NA,135,2.1,0.54,4075,NA,NA,Transit
Kepler-21 b,2.7858212,0.0434,7.5,1.639,1.408,6305,2015,0,Transit
Kepler-24 c,12.33,NA,9.99,2.514,1.06,6028,NA,0.014,Transit
Kepler-418 b,86.67856,NA,349.6112477,13.45,0.98,5820,NA,0.2,Transit
Kepler-407 b,0.6693124,NA,1.93,1.19,0.99,5487,NA,NA,Transit
Kepler-849 b,394.62508,1.137,298.75870258,8.08167508,1.259,5950,362.7,0.078,Transit
Kepler-58 b,10.2184954,NA,35.5,2.78,0.95,5843,NA,NA,Transit
Kepler-432 b,52.501129,0.301,1719.4603,12.834305,1.32,4995,NA,0.5134,Transit
Kepler-282 d,24.806,NA,61,2.46,0.97,NA,NA,NA,Transit
Kepler-57 b,5.72,NA,25.06,3.135,0.859,5187.9,NA,0.0162,Transit
KOI-1257 b,86.647661,0.382,460.83,10.54,0.99,5520,511,0.772,Transit
Kepler-56 c,21.40239,0.1652,181,9.8,1.32,4840,NA,NA,Transit
Kepler-279 c,35.736,NA,49.4,4.3,1.1,NA,NA,NA,Transit
Kepler-278 b,30.1556,0.202,56,3.955,1.227,4965,586,0.696,Transit
Kepler-277 b,17.324,NA,87.3,2.92,1.12,NA,NA,NA,Transit
Kepler-276 c,31.884,NA,16.6,2.9,1.1,NA,NA,NA,Transit
Kepler-289 c,125.8723,NA,157.18,11.23,1.08,5990,NA,NA,Transit
Kepler-419 b,69.7546,0.37,794.5,10.8,1.39,6430,NA,0.833,Transit
Kepler-305 b,5.487,NA,10.5,3.6,0.76,NA,NA,NA,Transit
Kepler-87 b,114.73635,0.481,324.2,13.49,1.1,5600,478,0.036,Transit
Kepler-307 b,10.4208,NA,7.44,2.43,0.907,5367,NA,NA,Transit
KOI-1599.01,20.4415,0.14728,4.6,1.9,1.02,NA,NA,0.014,Transit
Kepler-277 c,33.006,NA,64.2,3.36,1.12,NA,NA,NA,Transit
Kepler-278 c,51.111,0.287,34.9,3.268,1.227,4965,492,0.616,Transit
Kepler-56 b,10.5016,0.1028,22.1,6.51,1.32,4840,NA,NA,Transit
Kepler-282 e,44.347,NA,56.2,3.1,0.97,NA,NA,NA,Transit
Kepler-23 d,15.27,NA,4.44,2.206,1.078,5828,NA,0.01,Transit
Kepler-553 c,328.24017,0.898,2129.4503269,11.57887706,0.889,5191,251,0.346,Transit
Kepler-167 e,1071.23205,1.883,321.00669107,10.16,0.777,4884,134.4,0.29,Transit
Kepler-177 b,36.8601,NA,5.84,3.5,0.921,5732,NA,0,Transit
Kepler-223 c,9.84564,NA,5.1,3.44,1.125,NA,NA,0.15,Transit
Kepler-31 c,42.6318,0.26,1493.7,5.3,1.21,6340,NA,NA,Transit
Kepler-24 b,8.14,NA,11.14,2.348,1.06,6028,NA,0.023,Transit
Kepler-80 e,4.64489,0.0491,4.13,1.6,0.73,4540,NA,NA,Transit
Kepler-223 b,7.3844900000000004,NA,7.4,2.99,1.125,NA,NA,0.078,Transit
Kepler-107 d,7.95839,0.08377,7.7,0.86,1.238,5854,1173,0.11,Transit
Kepler-23 b,7.1,NA,2.56,1.638,1.078,5828,NA,0.017,Transit
Kepler-80 d,3.07222,0.0372,6.75,1.53,0.73,4540,NA,NA,Transit
Kepler-62 e,122.3874,0.427,36,1.61,0.69,4925,270,NA,Transit
Kepler-223 e,19.72567,NA,4.8,4.6,1.125,NA,NA,0.051,Transit
Kepler-53 c,38.5583038,NA,36,3.17,0.98,5858,NA,NA,Transit
Kepler-31 d,87.6451,0.4,2161.244,3.9,1.21,6340,NA,NA,Transit
Kepler-11 b,10.3039,0.091,1.9,1.8,0.961,5663,NA,0.045,Transit
Kepler-18 b,3.504725,0.0447,6.9,2,0.972,5345,NA,0,Transit
Kepler-20 e,6.0984882,0.0637,0.76,0.821,0.929,5495,1004,0.092,Transit
Kepler-16 b,228.776,0.7048,105.833,8.4493,0.6897,4450,NA,0.0069,Transit
Kepler-408 b,2.46502,NA,5,0.82,1.08,6104,NA,NA,Transit
Kepler-76 b,1.5449298,0.0274,638.8383,15.24424,1.2,6409,2140,NA,Orbital Brightness Modulation
Kepler-323 c,3.5538229,0.0458,6.8,1.57,1.015,6004,1431,0.095,Transit
Kepler-416 b,6.319,NA,58.2,2.48,1,NA,NA,NA,Transit Timing Variations
Kepler-350 c,17.849,NA,6.1,3.1,1,NA,NA,NA,Transit
Kepler-328 c,71.312,NA,39.4,5.4,1.15,NA,NA,NA,Transit
Kepler-409 b,68.9583216,0.3192,6,1.199,0.913,5421,438,0.69,Transit
KOI-1783.01,134.4628,NA,71,8.86,1.076,5922,NA,0,Transit
Kepler-447 b,7.79430132,0.0769,435.41,18.49,1,5493,NA,0.123,Transit
Kepler-411 c,7.834435,0.0739,26.4,4.421,0.87,NA,838,0.108,Transit
Kepler-91 b,6.24658,0.0731,257.4423,15.322703,1.31,4550,2040,NA,Transit
Kepler-60 b,7.1334,NA,4.19,1.71,1.041,5905,NA,NA,Transit
Kepler-85 b,8.3,NA,1.84,1.778,0.928,5505.2,NA,0.02,Transit
Kepler-106 b,6.16486,NA,5.3,0.82,1,5858,NA,NA,Transit
Kepler-100 b,6.88734,NA,4.01,1.34,1.13,5837,NA,NA,Transit
Kepler-100 d,35.3331,NA,3,1.61,1.08,5825,NA,NA,Transit
Kepler-101 c,6.02976,0.0684,3.78,1.25,1.17,5667,1413,0,Transit
Kepler-20 f,19.578328,0.1387,1.4,0.952,0.929,5495,681,0.094,Transit
Kepler-102 f,27.453592,0.1656,4.3,0.861,0.803,4909,495,0.1,Transit
Kepler-102 c,7.071392,0.06702,1.7,0.567,0.803,4909,777,0.094,Transit
Kepler-102 b,5.286965,0.05521,1.1,0.46,0.803,4909,857,0.1,Transit
KOI-94 b,3.743208,0.05119,10.5,1.71,1.277,6182,1486,0.25,Transit
Kepler-37 c,21.301848,0.139,1.3,0.755,0.79,5357,615,0.099,Transit
Kepler-37 b,13.36702,0.1019,0.79,0.3098,0.79,5357,718,0.098,Transit
Kepler-68 c,9.605027,0.09008,1.3,0.979,1.057,5847,1052,0.099,Transit
Kepler-34 b,288.822,1.0896,69.92,8.564,1.0479,5913,NA,0.182,Transit
Kepler-276 d,48.648,NA,16.3,2.8,1.1,NA,NA,NA,Transit
Kepler-57 c,11.6,NA,6.86,2.196,0.859,5187.9,NA,0.0725,Transit
Kepler-128 c,22.8,NA,3.38,1.521,1.184,6072,NA,0.037,Transit
Kepler-58 c,15.5741568,NA,53,2.86,0.95,5843,NA,NA,Transit
Kepler-289 b,34.5383,NA,3.7,2.49,1.08,5990,NA,NA,Transit
Kepler-129 c,82.2,0.39,43,2.52,1.178,5770,NA,NA,Transit
Kepler-138 b,10.3134,0.0753,0.07,0.64,0.535,3841,452,0.02,Transit
Kepler-145 b,22.951,NA,37.1,2.65,1.32,NA,NA,NA,Transit
Kepler-391 b,7.4175,0.083,1100,2.5,1.27,5038,930,0.46,Transit
Kepler-51 d,130.194,0.509,7.6,9.7,1.04,6018,381,0.008,Transit
Kepler-396 c,88.505,NA,17.9,5.3,0.85,NA,NA,NA,Transit
Kepler-51 c,85.312,0.384,4,9,1.04,6018,439,0.014,Transit
Kepler-122 f,56.268,NA,36,1.75,1.03,NA,NA,NA,Transit Timing Variations
Kepler-350 d,26.136,NA,14.9,2.8,1,NA,NA,NA,Transit
Kepler-85 c,12.51,NA,2.15,1.978,0.928,5505.2,NA,0.027,Transit
Kepler-60 c,8.9187,NA,3.85,1.9,1.041,5905,NA,NA,Transit
Kepler-60 d,11.8981,NA,4.16,1.99,1.041,5905,NA,NA,Transit
Kepler-417 b,12.331,NA,11,2.31,0.9,NA,NA,NA,Transit Timing Variations
Kepler-415 b,4.176,NA,119.9,1.21,0.67,NA,NA,NA,Transit Timing Variations
Kepler-305 c,8.291,NA,6,3.3,0.76,NA,NA,NA,Transit
Kepler-305 d,16.74,NA,6.2,2.76,0.827,5090,NA,NA,Transit
Kepler-307 c,13.0729,NA,3.64,2.2,0.907,5367,NA,NA,Transit
Kepler-411 b,3.005156,0.0375,25.6,2.401,0.87,NA,1138,0.146,Transit
Kepler-323 b,1.678328,0.02778,3.9,1.381,1.015,6004,1838,0.095,Transit
Kepler-338 e,9.341,NA,8.5,1.56,1.14,NA,NA,NA,Transit Timing Variations
Kepler-35 b,131.458,0.60347,40.363,8.16,0.8877,5606,NA,0.042,Transit
Kepler-38 b,105.599,0.4632,122,4.3,0.941,5623,475,0.032,Transit
Kepler-106 d,23.9802,NA,8.1,0.95,1,5858,NA,NA,Transit
Kepler-238 f,50.447,NA,13.5,2,1.06,NA,NA,NA,Transit
Kepler-79 e,81.0659,0.386,4.1,3.49,1.165,6174,NA,0.012,Transit
Kepler-279 d,54.414,NA,37.5,3.1,1.1,NA,NA,NA,Transit
Kepler-87 c,191.2318,0.676,6.4,6.14,1.1,5600,403,0.039,Transit
Kepler-396 b,42.994,NA,75.5,3.5,0.85,NA,NA,NA,Transit
Kepler-131 c,25.5169,NA,8.25,0.84,1.02,5685,NA,NA,Transit
Kepler-92 c,26.723,NA,6.1,2.6,1.21,NA,NA,NA,Transit
Kepler-406 c,4.62332,NA,2.71,0.85,1.07,5538,NA,NA,Transit
Kepler-62 c,12.4417,0.0929,4,0.54,0.69,4925,578,NA,Transit
Kepler-62 f,267.291,0.718,35,1.41,0.69,4925,208,NA,Transit
Kepler-391 c,20.501,0.164,450,2.88,1.27,5038,662,0.27,Transit
Kepler-411 d,58.02035,0.279,15.2,3.319,0.87,NA,410,0.128,Transit
Kepler-328 b,34.921,NA,28.5,2.3,1.15,NA,NA,NA,Transit
PH2 b,282.52542,0.833,87.08498352,9.33708092,0.966,5734,295.1,0.215,Transit
Kepler-1513 b,160.8842,NA,48.30991786,8.594,0.943,5491,NA,0.306,Transit
KOI-3680 b,141.241671,0.534,613.4119,11.09691,1.01,5830,347,0.496,Transit
Kepler-1514 b,217.83184,0.753,1678.1424,12.419572,1.196,6145,387.9,0.401,Transit
KOI-1783.02,284.215,NA,15,5.44,1.076,5922,NA,0,Transit
KOI-1599.02,13.6088,0.112293,9,1.9,1.02,NA,NA,0.0114,Transit
K2-27 b,6.771347,NA,30.2,4.74,0.88,5246,836,NA,Transit
K2-19 d,2.5081,NA,10,1.11,0.88,5322,NA,NA,Transit
K2-36 c,5.340888,0.05528,7.9,3.2,0.79,4916,854,0.089,Transit
K2-36 b,1.422614,0.02288,4.3,1.43,0.79,4916,1328,0.093,Transit
WASP-85 A b,2.6556777,0.039,402.05495,13.89916,1.09,6112,1452,0,Transit
K2-24 c,42.3391,NA,15.4,7.5,1.07,5625,NA,0.07,Transit
K2-24 b,20.88977,NA,19,5.4,1.07,5625,NA,0.06,Transit
K2-37 d,14.09229,NA,12.5,2.31,0.84,5352,646,NA,Transit
K2-31 b,1.25785,0.022,563.83042,11.88154,0.91,5280,NA,0,Transit
K2-32 b,8.992,0.0795,15,5.299,0.83,5271,837,0.03,Transit
K2-32 d,31.71701,0.18422,6.7,3.484,0.83,5271,550,0.05,Transit
K2-32 c,20.66093,0.13843,8.1,3.134,0.83,5271,634,0.049,Transit
K2-33 b,5.424865,NA,1175.971,5.04,0.56,3540,NA,0,Transit
K2-55 b,2.849271,NA,44,4.43,0.688,4300,900,NA,Transit
K2-265 b,2.36902,0.03359,7.3418362,1.70824866,0.901,5420,1366,0.16,Transit
K2-60 b,3.00265,0.045,135.39558,7.655747,0.97,5500,1400,0,Transit
K2-66 b,5.06963,0.05983,21.3,2.49,1.11,5887,1372,0,Transit
K2-73 b,7.49556,NA,9.2,2.58,1.02,5867,968,NA,Transit
K2-39 b,4.60543,NA,28.6047,6.27704,0.66,4881,NA,0,Transit
K2-85 b,0.68453862616,NA,3.2,1.4,0.7,4232,1355,NA,Transit
K2-79 b,10.9947,0.0988,9.2,4.09,1.066,5897,1022,0.23,Transit
K2-111 b,5.3518,0.0565,5.58,1.82,0.84,5775,1309,0.1,Transit
K2-180 b,8.865663,0.0756,11.41003981,2.46597575,0.735,5365,797.5,0.075,Transit
K2-97 b,8.407115,0.0854,174.48779544,13.45077684,1.17,4673,1566,0.207,Transit
K2-182 b,4.7369696,0.05174,20.97667486,2.71257333,0.823,5128,965.8,0.071,Transit
K2-98 b,10.1367349,0.0986,34.00763955,5.06645928,1.246,6260,1185,0.119,Transit
K2-114 b,11.390931,0.0944,638.83509807,10.59248676,0.863,4899,701.4,0.079,Transit
K2-115 b,20.2729914,0.1415,321.00669107,11.80305668,0.918,5870,696,0.063,Transit
K2-105 b,8.26726,NA,15.4,3.4,0.94,5373,805,NA,Transit
K2-121 b,5.185738,NA,51,7.16,0.71,4526,716,NA,Transit
K2-146 b,2.6446,NA,5.77,2.05,0.331,3385,NA,0.129,Transit
K2-100 b,1.6739035,0.0301,21.8,3.88,1.15,5945,1841,0,Transit
K2-110 b,13.86375,0.10207,15.9,2.592,0.738,5010,638,0.13,Transit
K2-99 b,18.24783,0.153,276.51071409,11.88151954,1.44,6069,1184,0.22,Transit
K2-199 b,3.2253993,0.0382,6.9,1.73,0.711,4491,913,0.02,Transit
K2-199 c,7.3744897,0.0662,12.4,2.85,0.711,4491,694,0.03,Transit
Kepler-595 c,12.38602,NA,3.3,1.009,0.93,NA,NA,NA,Transit
K2-280 b,19.89526,0.1461,37.1,7.5,1.03,5500,787,0.35,Transit
K2-222 b,15.38857,0.1206,8.7,2.35,0.989,5942,871,0.16,Transit
K2-216 b,2.1748,0.028,8,1.75,0.7,4503,1103,0,Transit
K2-295 b,4.024867,0.0451,106.47305,10.054473,0.74,4444,852,0,Transit
K2-157 b,0.3652575,0.00962,1.14,0.935,0.89,5334,2432,NA,Transit
HD 80606 b,111.436765,0.4603,1323.46926959,11.56766808,1.05,5565,NA,0.93183,Radial Velocity
HD 97658 b,9.4897116,NA,8.3,2.12,0.85,5212,751,0.05,Radial Velocity
HR 8799 b,170000,68,2000,13,1.5,NA,NA,NA,Imaging
HR 8799 c,69000,38,3000,13,1.5,NA,NA,NA,Imaging
HR 8799 d,37000,24,3000,13,1.5,NA,NA,NA,Imaging
HR 8799 e,NA,16.4,3178.3,13.11453,NA,7400,1150,0.15,Imaging
Lupus-TR-3 b,3.91405,0.0464,257.431,9.976,0.87,5000,NA,0,Transit
OGLE2-TR-L9 b,2.4855335,0.0308,1430.175,18.046,1.52,6933,NA,NA,Transit
OGLE-TR-10 b,3.101278,0.0434,197.046,14.011,1.14,5950,NA,NA,Transit
OGLE-TR-113 b,1.4324752,0.02289,400.449,12.251,0.779,4790,NA,NA,Transit
OGLE-TR-132 b,1.689868,0.03035,375.02,13.45,1.305,6210,2013,NA,Transit
OGLE-TR-182 b,3.9791,0.051,320.995,12.666,1.14,5924,NA,0,Transit
OGLE-TR-211 b,3.67724,0.051,327.351,15.244,1.33,6325,NA,0,Transit
OGLE-TR-56 b,1.2119189,0.02383,441.77,15.278,1.228,6050,2212,NA,Transit
Qatar-1 b,1.4200242,0.02332,411.27202,12.811887,0.838,5013,1418,0,Transit
Qatar-2 b,1.33711647,0.02153,792.635,14.056,0.743,4645,1344,0,Transit
SWEEPS-4 b,4.2,0.055,1207.7,9.079,1.24,NA,NA,NA,Transit
SWEEPS-11 b,1.796,0.03,3082.82,12.666,1.1,NA,NA,NA,Transit
TrES-1 b,3.03007,NA,266.9772,12.66617,1.04,5230,NA,0,Transit
TrES-3 b,1.30618581,0.02282,607.03,14.975,0.928,5650,NA,0,Transit
TrES-4 b,3.55395,NA,247.9074,18.04649,1.08,6200,NA,0,Transit
TrES-5 b,1.48224686,0.02459,568.9157,13.383546,0.901,5171,1480,NA,Transit
WASP-10 b,3.0927616000000002,0.03781,1001.12,12.106,0.75,4675,1370,NA,Transit
WASP-11 b,3.72247,NA,251.0857,12.44199,1.42,4800,NA,0,Transit
WASP-13 b,4.35301,NA,114.4188,13.67498,0.72,5950,NA,0,Transit
WASP-14 b,2.24375,NA,2809.6172,15.46842,1.62,6475,NA,0.09,Transit
WASP-15 b,3.7521,NA,171.6282,15.80469,1.18,6300,NA,0,Transit
WASP-16 b,3.1186,NA,394.1092,13.67498,1.78,5700,NA,0,Transit
WASP-17 b,3.73543,NA,247.9074,20.96083,2.28,6550,NA,0,Transit
WASP-18 b,0.94145223,0.02024,3241.8497514,13.89913607,1.294,6432,2429,0.0051,Transit
WASP-19 b,0.78883852,0.01652,366.77398168,15.86070769,0.965,5616,2113,0.0126,Transit
WASP-1 b,2.5199454,0.03889,271.415,16.623,1.24,NA,NA,0,Transit
WASP-21 b,4.322482,0.052,95.345,11.99,NA,NA,NA,0,Transit
WASP-22 b,3.53269,NA,212.9461,13.78707,1.46,6000,NA,0.02,Transit
WASP-24 b,2.34121,NA,394.1092,15.46842,1.43,6075,NA,0,Transit
WASP-25 b,3.7648337,NA,179.25522155,13.80946422,0.962,5697,1217,NA,Transit
WASP-26 b,2.7566,NA,270.1555,13.56289,0.86,6034,NA,0,Transit
WASP-28 b,3.40883495,0.0442,282.54945382,13.66374747,0.993,NA,1456,0,Transit
WASP-29 b,3.92273,NA,73.1009,8.63093,0.77,4800,NA,0.03,Transit
WASP-2 b,2.152175,0.03144,295.89973,12.116929,0.895,5180,1311,NA,Transit
WASP-31 b,3.4059096,0.04659,151.916,17.363,1.163,6302,NA,0,Transit
WASP-32 b,2.71866,NA,835.8929,10.76064,0.72,6140,NA,0,Transit
WASP-33 b,1.21987,0.0239,665.21819,17.855937,1.495,7430,2781.7,NA,Transit
WASP-34 b,4.31768,NA,177.9848,11.209,0.96,5700,NA,0.04,Transit
WASP-35 b,3.16158,NA,225.6593,14.5717,1.05,5990,NA,0,Transit
WASP-36 b,1.53736596,0.02677,750.39663,14.874343,1.081,5959,1733,NA,Transit
WASP-37 b,3.577469,0.0446,572.07,13.002,0.925,5800,NA,0,Transit
WASP-38 b,6.87188,NA,1093.3352,13.78707,1.76,6180,NA,0.03,Transit
WASP-39 b,4.0552941,0.048280000000000003,89.31023,14.336311,0.913,5485,1166,NA,Transit
WASP-3 b,1.84683,NA,772.3269,15.91678,1.62,6400,NA,0,Transit
WASP-41 b,3.0524,NA,270.1555,12.3299,0.81,5545,NA,0,Transit
WASP-43 b,0.813475,0.0142,565.714,10.424,0.58,4400,NA,0,Transit
WASP-44 b,2.423804,0.03453,276.5121,12.3299,0.935,5420,1337,NA,Transit
WASP-45 b,3.126089,0.03963,306.38812,10.603714,0.85,5150,1153,NA,Transit
WASP-46 b,1.43036763,0.02335,607.0553,13.159366,0.828,5600,1636,NA,Transit
WASP-48 b,2.14363,NA,254.264,16.8135,0.88,5920,NA,0,Transit
WASP-4 b,1.338230994,0.02261,381.3940884,15.12091496,0.899,NA,1653,NA,Transit
WASP-50 b,1.9551,0.0293,466.828704,13.069694,0.892,5400,1394.84,NA,Transit
WASP-5 b,1.6284279,0.0267,502.15,12.184,0.96,5700,1706,0.038,Transit
WASP-6 b,3.3610026,NA,148.42586607,12.5428494,0.854,5438,1167,NA,Transit
WASP-7 b,4.9546416,0.0617,305.1168,14.90797,1.276,6400,1487,NA,Transit
K2-263 b,50.818947,0.2573,14.9,2.41,0.88,5368,470,0.15,Transit
G 9-40 b,5.7459982,0.0418,4,1.9,0.2952,3395,440.6,0,Transit
HD 80653 b,0.719573,0.01661,5.72,1.613,1.18,5959,2463,0,Transit
2MASS J12073346-3932539 b,NA,NA,1652.7077164,15.69257298,NA,NA,1163,NA,Imaging
55 Cnc e,0.7365474,0.01544,7.99,1.875,0.905,5172,NA,0.05,Radial Velocity
CoRoT-10 b,13.2406,0.1055,874,10.87,0.89,5075,600,0.53,Transit
CoRoT-11 b,2.99433,0.0436,740.51,16.03,1.27,6440,1657,0,Transit
CoRoT-12 b,2.828042,0.04016,291.438,16.14,1.078,5675,1442,0.07,Transit
CoRoT-13 b,4.03519,0.051,415.704,9.92,1.09,5945,1700,0,Transit
CoRoT-14 b,1.51214,0.027,2415.4,12.22,1.13,6035,1952,0,Transit
CoRoT-17 b,3.7681,0.0461,772.29,11.43,1.04,5740,1626,0,Transit
CoRoT-18 b,1.9000693,0.0295,1102.82,14.68,0.95,5440,1550,0.08,Transit
CoRoT-19 b,3.89713,0.0518,352.78,14.46,1.21,6090,2000,0.047,Transit
CoRoT-1 b,1.5089557,NA,327.35,16.7,0.95,5950,1898,0,Transit
CoRoT-23 b,3.6313,0.048,889.9,11.77,1.14,5900,1660,0.16,Transit
CoRoT-2 b,1.7429935,0.02798,1102.82,16.432,0.96,5625,NA,0.0143,Transit
CoRoT-3 b,4.2568,NA,6883.91,11.32,1.37,6740,NA,0,Transit
CoRoT-4 b,9.20205,0.09,228.83,13.34,1.16,6190,1074,0,Transit
CoRoT-5 b,4.0378962,0.04947,148.42,15.558,1,6100,1438,0.09,Transit
CoRoT-6 b,8.886593,0.0855,940.74,13.068,1.05,6090,1017,0.1,Transit
CoRoT-7 b,0.85359163,NA,4.07660518,1.68135,0.82,5275,NA,0,Transit
CoRoT-8 b,6.21229,0.063,69.92,6.39,0.88,5080,NA,0,Transit
CoRoT-9 b,95.272656,0.4021,266.9772,11.948794,0.96,5625,420,0.133,Transit
CT Cha b,NA,440,5403,24.66,NA,NA,2600,NA,Imaging
GJ 1214 b,1.580404531,0.01505,8.41,2.733,0.182,3101,567,0.0062,Transit
GJ 436 b,2.64388312,0.0291,22.1,4.17,0.47,NA,NA,0.13827,Radial Velocity
GQ Lup b,NA,100,6356,33.6,0.7,NA,2650,NA,Imaging
HAT-P-12 b,3.2130598,0.0384,67.059,10.749,0.733,4650,963,0,Transit
HAT-P-13 b,2.91625,NA,270.462,14.258,NA,NA,NA,0.0133,Transit
HAT-P-14 b,4.62767,NA,1093.3352,15.91678,2.65,6600,NA,0.11,Transit
HAT-P-15 b,10.8635,NA,616.5902,11.88154,1,5568,NA,0.19,Transit
HAT-P-17 b,10.33852,NA,184.3414,11.76945,0.99,5246,NA,0.35,Transit
HAT-P-18 b,5.508023,0.0559,62.61,11.153,0.77,4803,852,0.084,Transit
HAT-P-19 b,4.00878322,0.04599,88.03846874,11.29865255,0.807,4962,981.2,NA,Transit
HAT-P-1 b,4.46529976,0.05561,166.86075,14.784671,1.151,5980,1322,NA,Transit
HAT-P-20 b,2.875317,0.0361,2302.899,9.718,0.756,4595,970,0.015,Transit
HAT-P-21 b,4.12448,NA,1547.8321,12.44199,1.24,5588,NA,0.23,Transit
HAT-P-22 b,3.21222,NA,785.0401,12.89035,1.13,5302,NA,0.02,Transit
HAT-P-23 b,1.212884,0.0232,664.237,15.334,1.13,5905,2056,0.106,Transit
HAT-P-24 b,3.3552399999999998,NA,238.3725,14.5717,1.37,6373,NA,0.07,Transit
HAT-P-25 b,3.65281514,0.0466,180.84527,12.722215,1.012,5519,1182,0.023,Transit
HAT-P-26 b,4.23452,NA,22.2481,7.06167,1.12,5079,NA,0.12,Transit
HAT-P-27 b,3.039577,0.04,197.05,11.43,0.916,5316,NA,0,Transit
HAT-P-28 b,3.257215,0.0434,198.953,13.585,1.025,5680,1384,0.051,Transit
HAT-P-29 b,5.72319,NA,279.6904,13.11453,1.45,6087,NA,0.09,Transit
HAT-P-30 b,2.8106,NA,263.7989,16.14096,1.55,6304,NA,0.04,Transit
HAT-P-31 b,5.00542,NA,721.4741,12.21781,1.31,6065,NA,0.25,Transit
HAT-P-32 b,2.1500082,0.03397,216.1244,22.19382,1.132,6001,1835.7,0.159,Transit
HAT-P-33 b,3.47447,NA,292.4036,20.73665,1.82,6446,NA,0,Transit
HAT-P-34 b,5.452654,0.06774,1058.3739,13.417173,1.392,6442,NA,0.432,Transit
HAT-P-35 b,3.646706,0.04978,335.62848,14.930388,1.236,6096,NA,0.02,Transit
HAT-P-36 b,1.32734683,0.0241,587.413406,14.313893,1.03,5620,1780.97,NA,Transit
HAT-P-37 b,2.797436,0.0379,371.528,13.204,0.929,5500,1271,0.058,Transit
HAT-P-3 b,2.8997,NA,206.5895,10.53646,1.06,5185,NA,0,Transit
HAT-P-4 b,3.056536,0.04438,213.255,14.28,1.248,5860,1686,0,Transit
HAT-P-5 b,2.78849,NA,311.4734,13.56289,1.04,5960,NA,0,Transit
HAT-P-6 b,3.85298,NA,419.5356,16.58932,1.79,6570,NA,0,Transit
HAT-P-8 b,3.07634,NA,406.8224,15.6926,1.27,6200,NA,0,Transit
HAT-P-9 b,3.92281072,0.05287,238.05467,15.614137,1.281,6350,1540,0.084,Transit
HD 118203 b,6.1349779,0.0713,680.15279098,12.778238,1.27,5742,1361,0.3136,Radial Velocity
HD 136352 b,11.57797,0.0964,4.72,1.664,0.87,5664,905,0,Radial Velocity
HD 136352 c,27.59221,0.1721,11.24,2.916,0.87,5664,677,0,Radial Velocity
HD 136352 d,107.245,0.425,8.82,2.562,0.87,5664,431,0,Radial Velocity
HD 149026 b,2.87589,NA,120.7754,8.29466,1.42,6179,NA,0,Radial Velocity
HD 17156 b,21.2164294,0.1632,1036.12060682,12.26262489,1.285,6046,888,0.6772,Radial Velocity
HD 189733 b,2.21857567,NA,359.1479,12.66617,0.79,5052,NA,0,Radial Velocity
HD 209458 b,3.52474859,NA,232.0159,15.58051,1.23,6091,NA,0,Radial Velocity
WASP-8 b,8.15872,NA,807.2882,12.66617,1.34,5600,NA,0.31,Transit
XO-1 b,3.94153,NA,263.7989,12.77826,0.88,5750,NA,0,Transit
XO-2 N b,2.61586178,0.0368,179.89178,11.130537,0.971,NA,NA,NA,Transit
XO-3 b,3.19152309,0.04815,4217.58296089,14.79585452,1.449,6970,1890,0.2791,Transit
XO-4 b,4.12508,NA,451.3186,14.01125,1.1,6397,NA,0,Transit
XO-5 b,4.1877558,0.0515,378.2,12.78,1.04,5430,1230,0,Transit
CoRoT-16 b,5.35227,0.0618,170.032,13.11,1.098,5650,NA,0.33,Transit
HN Peg b,NA,773,6991.57,11.7768,NA,NA,NA,NA,Imaging
Ross 458 c,NA,1100,1906.98,14.01125,NA,NA,NA,NA,Imaging
WASP-23 b,2.9444256,0.0376,280.95,10.783,0.78,5150,NA,0.062,Transit
KOI-55 b,0.240104,0.006,0.44,0.759,0.496,27730,NA,NA,Orbital Brightness Modulation
KOI-55 c,0.342887,0.0076,0.655,0.867,0.496,27730,NA,NA,Orbital Brightness Modulation
HATS-1 b,3.446459,0.0444,589.55,14.594,0.986,5870,1359,0.12,Transit
WASP-78 b,2.17518,NA,352.7913,21.63337,1.87,6100,NA,0,Transit
WASP-79 b,3.662392,0.0519,270.15414595,17.14974047,1.39,6600,1716.2,0,Transit
KELT-1 b,1.217514,0.02466,8654.15,12.442,1.335,6516,NA,0.0099,Transit
KELT-2 A b,4.11379,NA,540.311,15.13215,1.54,6327,NA,0,Transit
Kepler-36 b,13.86825,NA,3.83,1.498,1.034,5979,NA,0,Transit
GJ 3470 b,3.3366496,0.0355,13.9,4.57,0.539,3600,593.5,NA,Radial Velocity
HAT-P-39 b,3.54387,0.0509,190.372,17.609,1.404,6430,1752,0,Transit
HAT-P-40 b,4.45724,NA,152.5584,17.03768,1.03,6080,NA,0,Transit
HAT-P-41 b,2.69405,NA,378.2177,22.97845,2.56,6390,NA,0,Transit
WASP-42 b,4.9816819,0.0561,167.49641,12.576498,0.951,5315,1021,NA,Transit
WASP-47 b,4.159151,NA,374,12.86,1.058,NA,NA,6e-4,Transit
WASP-49 b,2.78174,NA,117.5971,12.44199,0.92,5600,NA,0,Transit
WASP-55 b,4.465631,NA,186.2474465,14.72860064,1.071,6096,1342,NA,Transit
WASP-61 b,3.8559,NA,851.7844,15.80469,1.82,6250,NA,0,Transit
WASP-62 b,4.41195,NA,165.2716,14.79588,1.11,6230,NA,0,Transit
WASP-63 b,4.37808,NA,117.5971,15.80469,1.28,5550,NA,0,Transit
WASP-66 b,4.08605,NA,746.9005,15.6926,1.33,6600,NA,0,Transit
WASP-67 b,4.61442,NA,136.6669,12.89035,0.91,5200,NA,0,Transit
HAT-P-38 b,4.640382,0.0523,84.857,9.247,0.886,5330,1082,0.067,Transit
Kepler-47 b,49.4643,0.2877,2.07,3.05,0.957,NA,NA,0.021,Transit
Kepler-47 c,303.227,0.9638,3.17,4.65,0.957,NA,NA,0.044,Transit
WTS-1 b,3.352057,0.047,1274.44,16.7,1.2,6250,1500,0.1,Transit
WASP-54 b,3.69364,NA,187.5197,17.71022,1.08,6100,NA,0.07,Transit
WASP-56 b,4.6171,NA,143.0235,10.53646,0.71,5600,NA,0,Transit
WASP-57 b,2.83891856,0.03769,204.68252,11.76945,0.886,5600,1338,NA,Transit
WASP-52 b,1.7497798,0.0272,146.2,14.24,0.87,5000,1315,0,Transit
WASP-58 b,5.01718,NA,308.2951,16.02887,1.06,5800,NA,0,Transit
WASP-59 b,7.919585,0.0697,274.276,8.687,0.719,4650,670,0.1,Transit
WASP-60 b,4.305,NA,174.8065,9.86392,1.19,5900,NA,0,Transit
WASP-64 b,1.5732918,0.02648,403.945,14.247,1.004,5400,1689,0,Transit
WASP-72 b,2.21673,NA,731.009,14.45961,2.78,6250,NA,0,Transit
WASP-80 b,3.06785234,0.0344,170.99254,11.197791,0.577,4143,825,0.002,Transit
WASP-71 b,2.90367,NA,441.7837,13.22662,0.76,6050,NA,0,Transit
PH1 b,138.317,0.652,169,6.18,1.528,6407,481,0.0702,Transit
KELT-3 b,2.70339,NA,616.5902,17.48604,1.96,6304,NA,0,Transit
Kepler-78 b,0.35500745,0.00901,1.68,1.201,0.779,5058,2223,0,Transit
HD 203030 b,NA,NA,3496.112477,14.4595851,NA,NA,1040,NA,Imaging
POTS-1 b,3.1606296,0.03734,734.16,10.548,0.695,4400,NA,NA,Transit
HATS-2 b,1.35413379,0.02317,435.42491759,12.57647635,0.904,NA,1550,NA,Transit
HATS-3 b,3.547851,0.0485,340.382,15.48,1.209,6351,1648,0,Transit
WASP-65 b,2.3114243,0.0334,492.62,12.464,0.93,5600,1480,0,Transit
WASP-75 b,2.484193,0.0375,340.06,14.235,1.14,6100,1710,0,Transit
HAT-P-42 b,4.641878,0.0575,331.801,14.348,1.178,5743,1428,0,Transit
WISEP J121756.91+162640.2 A b,NA,8,6992,10.468,0.029,575,450,NA,Imaging
CoRoT-27 b,3.57532,0.0476,3302.11,11.287,1.05,5900,1500,0.065,Transit
WASP-103 b,0.925542,0.01985,473.547,17.127,1.22,6110,2508,NA,Transit
KELT-6 b,7.8457,NA,165.2716,14.5717,1.42,6102,NA,0.22,Transit
Kepler-413 b,66.262,0.3553,67,4.347,0.82,4700,NA,0.1181,Transit
HAT-P-49 b,2.69155,NA,699.226,17.82231,2.22,6820,NA,0,Transit
WTS-2 b,1.0187068,0.01855,355.9696,15.277867,0.82,5000,2000,0,Transit
WASP-68 b,5.0843,NA,343.2564,14.79588,1.49,5910,NA,0,Transit
WASP-73 b,4.08722,NA,908.9938,15.91678,2.52,6030,NA,0,Transit
WASP-88 b,4.954,NA,133.4886,16.36514,0.94,6430,NA,0,Transit
WASP-95 b,2.18467,NA,457.6752,13.78707,1.46,5830,NA,0,Transit
WASP-96 b,3.4252602,0.0453,152.55,13.45,1.06,5540,1285,0,Transit
WASP-97 b,2.07276,NA,432.2488,12.77826,1.18,5640,NA,0,Transit
WASP-98 b,2.96264036,0.03762,293.03926,12.823096,0.809,5473,1171,NA,Transit
WASP-99 b,5.75251,NA,772.3269,11.43318,1.21,6150,NA,0,Transit
WASP-100 b,2.84938,NA,400.4658,14.90797,0.77,6900,NA,0,Transit
WASP-101 b,3.58572,NA,162.0933,16.02887,1.41,6380,NA,0,Transit
CoRoT-25 b,4.86069,0.0578,85.81,12.11,1.09,6040,1330,0,Transit
CoRoT-26 b,4.20474,0.0526,165.26,14.12,1.09,5590,1600,0,Transit
HAT-P-44 b,4.301219,0.0507,111.871,13.922,0.942,5295,1108,0.044,Transit
HAT-P-45 b,3.128992,0.0452,283.492,15.984,1.259,6330,1652,0.049,Transit
HAT-P-46 b,4.463129,0.0577,156.684,14.392,1.284,6120,1458,0.123,Transit
GU Psc b,NA,2000,3591.3,14.179,0.325,NA,1050,NA,Imaging
HATS-5 b,4.763387,0.0542,75.323,10.223,0.936,5304,1025,0.019,Transit
CoRoT-24 b,5.1134,0.056,5.7,3.7,0.91,4950,1070,0,Transit
CoRoT-24 c,11.759,0.098,28,5,0.91,4950,850,0,Transit
HATS-4 b,2.516729,0.0362,420.471,11.433,1.001,5403,1315,0.013,Transit
CoRoT-22 b,9.75598,0.092,12.2,4.88,1.099,5939,885,0.077,Transit
WASP-117 b,10.02165,NA,95.349,11.88154,1.29,6040,NA,0.3,Transit
WASP-104 b,1.7554137,0.02918,404.263,12.745,1.076,5475,1516,0,Transit
WASP-106 b,9.28969,0.0901,613.40882551,12.10569916,1.175,6002,NA,0.023,Transit
WASP-94 A b,3.95019,NA,158.915,17.71022,1.67,6170,NA,0,Transit
WASP-69 b,3.86813881,0.0453,82.58,11.21,0.83,4792,971,0,Transit
WASP-70 A b,3.7130203,0.04853,187.512,13.047,1.106,5763,1387,0,Transit
WASP-84 b,8.52349648,0.0778,220,10.72,0.853,NA,732,NA,Transit
Kepler-289 d,66.0282,NA,5.33,3.03,1.08,5990,NA,NA,Transit
HIP 116454 b,9.1004157,0.0792,9.7,2.469,0.8,5048,753.2,0.215,Transit
WASP-82 b,2.70579,NA,371.8611,18.15858,1.48,6480,NA,0,Transit
K2-3 b,10.0546535,0.0747,5.11,2.078,0.549,3844,501.3,0.107,Transit
K2-3 c,24.646729,0.1357,2.68,1.582,0.549,3844,371.8,0.048,Transit
K2-3 d,44.55603,0.2014,2.2,1.458,0.549,3844,305.2,0.091,Transit
CoRoT-28 b,5.20851,0.0603,153.82972,10.704595,1.01,5150,NA,0.047,Transit
CoRoT-29 b,2.85057,0.0386,270.1555,10.0881,0.97,5260,NA,0.082,Transit
HAT-P-54 b,3.799847,0.04117,241.5508,10.581296,0.645,4390,818,0.074,Transit
HD 100546 b,NA,53,2701.5414595,77.3421,2.4,10500,NA,NA,Imaging
HATS-6 b,3.3252725,0.03623,101.38777,11.186582,0.574,3724,712.8,0,Transit
VHS J125601.92-125723.9 b,5800000,350,5085.254512,13.67495645,NA,NA,1194,0.68,Imaging
2MASS J02192210-3925225 b,NA,156,4417.837,16.14096,0.108,3064,NA,NA,Imaging
HATS-10 b,3.312846,0.04491,167.17858,10.861521,1.101,5880,1407,0.501,Transit
KELT-7 b,2.73477,NA,441.7837,17.9344,1.76,6768,NA,0,Transit
HAT-P-55 b,3.5852313,0.04628,189.42573057,14.84069045,1.028,5804,1367,NA,Transit
HATS-8 b,3.583893,0.04667,43.86054,9.785457,1.056,5679,1324,0.376,Transit
WASP-74 b,2.13775,NA,228.8376,15.24424,0.98,5990,NA,0,Transit
WASP-83 b,4.971252,0.059,95.349,11.65736,1.11,5510,1120,0,Transit
WASP-89 b,3.3564227,0.0427,1875.197,11.65736,0.92,5130,1120,0.193,Transit
K2-19 b,7.9222,NA,32.4,7,0.88,5322,NA,0.2,Transit
K2-19 c,11.8993,NA,10.8,4.1,0.88,5322,NA,0.21,Transit
K2-10 b,19.30553,NA,25.2,3.773,0.88,5533,649,NA,Transit
K2-12 b,8.28246,0.0792,5.2,2.44,0.965,5672,1026,0.5,Transit
K2-18 b,32.939623,0.1429,8.92,2.37,0.359,3457,284,0.2,Transit
HAT-P-56 b,2.79083,NA,734.1873,16.92559,1.42,6566,NA,NA,Transit
HD 219134 b,3.092926,0.03876,4.74,1.602,0.81,4699,1015,0,Radial Velocity
HD 219134 c,6.76458,0.0653,4.36,1.511,0.81,4699,782,0.062,Radial Velocity
HD 219134 d,46.859,0.237,16.17,1.61,0.81,4699,410.5,0.138,Radial Velocity
HATS-13 b,3.0440499,0.04057,172.58169,13.585308,0.962,5523,1244,0.181,Transit
HATS-14 b,2.7667641,0.03815,340.39593,11.646151,0.967,5346,1276,0.142,Transit
KELT-8 b,3.24406,NA,209.7678,18.15858,0.81,5754,NA,0.04,Transit
WASP-47 d,9.030501,NA,15.5,3.65,1.058,NA,NA,0.001,Transit
WASP-47 e,0.78961,NA,9,1.83,1.058,NA,NA,0,Transit
Kepler-453 b,240.503,0.7903,16,6.204,0.944,5527,NA,0.0359,Transit
HAT-P-57 b,2.4653,NA,448.1403,19.50366,2.77,6330,NA,0,Transit
GJ 1132 b,1.62892911,0.0157,1.83704819,1.19151465,0.1945,3229,583.8,0.0118,Transit
HAT-P-50 b,3.1220109,0.0453,429.0705,14.437192,1.273,6280,1862,0.115,Transit
HAT-P-51 b,4.21802091,0.05042,97.57332095,13.50682174,0.961,5453,1168.2,NA,Transit
HAT-P-52 b,2.7535953,0.03694,259.98494,11.309881,0.887,5131,1218,0.047,Transit
HAT-P-53 b,1.9616241,0.03159,471.65972,14.773462,1.093,5956,1778,0.134,Transit
HD 219134 f,22.717,0.1463,7.3,1.31,0.81,4699,522.6,0.148,Radial Velocity
WASP-135 b,1.4013794,0.0243,603.877,14.5717,0.98,5675,NA,0,Transit
K2-25 b,3.48456408,0.0287,24.5,3.44,0.2634,3207,494,0.428,Transit
WASP-76 b,1.80988198,0.033,284.13859586,20.78145022,1.458,6329,2228,0,Transit
WASP-90 b,3.916243,0.0562,200.2329,18.27067,1.55,6430,1840,0,Transit
KELT-4 A b,2.9895932,0.04317,286.68266,19.044091,1.201,6206,1823,0,Transit
KELT-14 b,1.7100566,0.03005,408.09372,19.537287,1.239,5720,1970,0,Transit
KELT-15 b,3.32944,NA,416.3573,19.50366,2.06,6003,NA,0,Transit
K2-29 b,3.2588321,0.04217,232.0159,13.33871,0.94,5358,1171,0.066,Transit
HATS-17 b,16.254611,0.1308,425.25654,8.709393,1.131,5846,814,0.029,Transit
K2-30 b,4.098503,0.04839,184.02357,11.646151,0.9,5425,1092,0,Transit
KELT-10 b,4.1662739,0.0525,215.80657,15.681391,1.112,5948,1377,NA,Transit
TRAPPIST-1 b,1.510826,0.01154,1.374,1.116,0.0898,2566,NA,NA,Transit
TRAPPIST-1 c,2.421937,0.0158,1.308,1.097,0.0898,2566,NA,NA,Transit
TRAPPIST-1 d,4.049219,0.02227,0.388,0.788,0.0898,2566,NA,NA,Transit
WASP-119 b,2.49979,0.0363,390.9309,15.6926,1.02,5650,1600,0.058,Transit
WASP-124 b,3.37265,0.0449,190.698,13.89916,1.07,6050,1400,0.017,Transit
WASP-129 b,5.748145,0.0628,317.83,10.42437,1,5900,1100,0.096,Transit
WASP-133 b,2.176423,0.0345,368.6828,13.56289,1.16,5700,1790,0.17,Transit
Kepler-1647 b,1107.5923,2.7205,483,11.8739,1.2207,6210,NA,0.0581,Transit
HATS-25 b,4.2986432,0.05163,194.82979,14.12334,0.994,5715,1277,0.176,Transit
HATS-26 b,3.3023881,0.04735,206.5895,19.61575,1.299,6071,1918,0.245,Transit
HATS-27 b,4.637038,0.0611,168.4499,16.8135,1.415,6438,1659,0.581,Transit
HATS-28 b,3.1810781,0.04131,213.58176,13.383546,0.929,5498,1253,0.202,Transit
HATS-29 b,4.6058749,0.05475,207.54299,14.022459,1.032,5670,1212,0.158,Transit
HATS-30 b,3.1743516,0.04354,224.38798,13.170575,1.093,5943,1414,0.096,Transit
WASP-121 b,1.27492504,0.02571,371.85923619,19.52604438,1.33,6628,2409,NA,Transit
HATS-15 b,1.74748753,0.02712,689.6911,12.385945,0.871,5311,1505,0.126,Transit
HATS-16 b,2.686502,0.03744,1039.3041,14.5717,0.97,5738,1592,0,Transit
K2-38 b,4.01593,0.04994,7.3,1.54,1.03,5731,1266,0.197,Transit
K2-38 c,10.56103,0.09514,8.3,2.29,1.03,5731,916,0.161,Transit
HIP 41378 b,15.57208,NA,6.89,2.595,1.16,6320,959,NA,Transit
HIP 41378 c,31.70603,NA,4.4,2.727,1.16,6320,757,NA,Transit
HIP 41378 d,278.3618,NA,4.6,3.54,1.16,6320,367,NA,Transit
HIP 41378 e,369,NA,12,4.92,1.16,6320,335,NA,Transit
HIP 41378 f,542.07975,NA,12,9.2,1.16,6320,294,NA,Transit
WASP-113 b,4.54216874538,0.05885,150.96925,15.793481,1.318,5890,1496,0,Transit
WASP-114 b,1.5487743,0.02851,562.24127,15.008851,1.289,5940,2043,0.012,Transit
BD+20 594 b,41.6855,NA,22.2481,2.57807,1.67,5766,NA,0,Transit
HD 3167 b,0.959641,0.01796,4.97,1.67,0.837,5261,1774,0,Transit
HD 3167 c,29.8454,0.1776,11.13,3,0.837,5261,564,0.06,Transit
KELT-17 b,3.0801716,0.04881,416.3573,17.093725,1.635,7454,2087,NA,Transit
WASP-92 b,2.1746742,0.0348,255.85315,16.376349,1.19,6280,1871,0,Transit
WASP-93 b,2.7325321,0.04211,467.2101,17.900773,1.334,6700,1942,0,Transit
WASP-118 b,4.0460435,0.05453,163.36462,16.14096,1.32,6410,1729,0,Transit
HAT-P-65 b,2.60544751,0.04042,176.07693748,18.05766791,1.297,5872,1818,NA,Transit
HAT-P-66 b,2.972086,0.04363,248.86089,17.82231,1.255,6002,1896,0.09,Transit
HATS-18 b,0.83784,0.0174,629.144485,14.896761,1.037,5600,2069.48,NA,Transit
WASP-130 b,11.55098,0.1012,390.9309,9.97601,1.04,5625,833,0,Transit
WASP-131 b,5.3220125,0.0608,86.76715511,13.74221034,1.06,5990,NA,0,Transit
WASP-132 b,7.1335164,0.0674,136.0305582,10.09929161,0.789,4686,682,0.0163,Transit
WASP-139 b,5.924262,0.062,37.18611,8.9672,0.92,5310,910,0,Transit
WASP-141 b,3.310651,0.0469,854.9627,13.56289,1.25,5900,1540,0,Transit
WASP-142 b,2.052868,0.0347,266.9772,17.14977,1.33,6010,2000,0,Transit
HATS-31 b,3.37796,0.0478,279.6904,18.38276,1.275,6050,1823,0.233,Transit
HATS-32 b,2.8126548,0.04024,292.4036,14.000041,1.099,5700,1437,0.471,Transit
HATS-33 b,2.5495551,0.03727,378.85336,13.78707,1.062,5659,1429,0.08,Transit
HATS-34 b,2.1061607,0.03166,299.07803,16.02887,0.955,5380,1445,0.108,Transit
HATS-35 b,1.8209993,0.03199,388.38826,16.409976,1.317,6300,2037,0.306,Transit
WASP-127 b,4.17806203,0.0484,52.346601,14.694999,0.95,NA,NA,0,Transit
WASP-138 b,3.634433,0.0494,387.7526,12.21781,1.22,6272,1590,NA,Transit
XO-6 b,3.7650007,0.0815,1398.452,23.20263,1.47,6720,1577,0,Transit
EPIC 220674823 b,0.5713127,0.01314,7.8,1.676,0.913,5578,2299,0,Transit
EPIC 220674823 c,13.33989,0.1073,7.32,2.84,0.913,5578,804,0.17,Transit
WASP-53 b,3.3098443,0.04101,677.61356,12.038466,0.839,4953,1053,0.03,Transit
WASP-81 b,2.7164762,0.03908,231.69807,16.017661,1.08,5870,1623,0.066,Transit
KELT-16 b,0.9689951,0.02044,874.0325,15.860735,1.211,6236,2453,0,Transit
TRAPPIST-1 e,6.101013,0.02925,0.692,0.92,0.0898,2566,NA,NA,Transit
TRAPPIST-1 f,9.20754,0.03849,1.039,1.045,0.0898,2566,NA,NA,Transit
TRAPPIST-1 g,12.352446,0.04683,1.321,1.129,0.0898,2566,NA,NA,Transit
TRAPPIST-1 h,18.772866,0.06189,0.326,0.755,0.0898,2566,NA,NA,Transit
HD 106315 b,9.55237,0.0907,12.6,2.44,1.091,6327,1153,0.093,Transit
HD 106315 c,21.05704,0.1536,15.2,4.35,1.091,6327,886,0.22,Transit
HATS-22 b,4.7228124,0.05025,870.8542,10.682177,0.759,4803,858,0.079,Transit
HATS-23 b,2.1605156,0.03397,467.2101,20.84874,1.121,5780,1654,0.114,Transit
HATS-24 b,1.3484978,0.0238,718.2958,15.636555,1.07,6125,2166,0,Transit
HAT-P-67 b,4.8101069,NA,143.02278315,23.9872187,1.73,6640,NA,NA,Transit
Qatar-3 b,2.5079204,0.03783,1369.8473,12.285064,1.145,6007,1681,0,Transit
Qatar-4 b,1.8053564,0.02803,1938.763,12.722215,0.896,5215,1385,0,Transit
Qatar-5 b,2.8792319,0.04127,1373.0256,12.408363,1.128,5747,1415,0,Transit
LHS 1140 b,24.73723,0.0946,5.6,1.73,0.1844,3096,226,0.043,Transit
KELT-18 b,2.8717518,0.0455,375.0394,17.59813,1.524,6670,2085,0,Transit
KELT-12 b,5.031623,0.06708,301.9385,19.95202,1.591,6279,1800,0,Transit
KELT-11 b,4.73620865,0.0623,65.15482343,15.13212395,1.44,5375,1712,0,Transit
KELT-9 b,1.4811235,0.03462,915.3504,21.196219,2.52,10170,4050,0,Transit
HIP 65426 b,NA,92,2860.47,16.8135,1.96,8840,1500,NA,Imaging
WASP-167 b,2.0219596,0.0365,2542.64,17.71022,1.59,7000,2329,NA,Transit
WASP-91 b,2.798581,0.037,425.8922,11.54527,0.84,4920,1160,0,Transit
WASP-105 b,7.87288,0.075,572.094,10.76064,0.89,5070,900,0,Transit
CoRoT-32 b,6.71837,0.071,47.6745,6.38913,1.08,5970,938,NA,Transit
K2-131 b,0.3693038,0.00936,7.9,1.69,0.803,5120,2223,0,Transit
K2-132 b,9.1751,NA,155.7367,14.5717,1.08,4840,NA,NA,Transit
WASP-151 b,4.5334775,0.055,100.43377661,13.30506009,1.081,NA,1312,0,Transit
WASP-153 b,3.332609,0.048,123.9537,17.37395,1.336,5914,1700,0.009,Transit
WASP-156 b,3.8361623,0.0458,41.8,6.02802815,0.8712,4987,934.5,0,Transit
GJ 9827 b,1.208974,0.0189,4.28,1.44,0.62,4236,1035.01,NA,Transit
GJ 9827 c,3.648103,0.0395,1.86,1.13,0.62,4236,715.94,NA,Transit
GJ 9827 d,6.20183,0.053,3.02,1.98,0.62,4236,675,NA,Transit
KELT-20 b,3.4741085,0.0542,1074.90106,19.514869,1.76,8720,2262,NA,Transit
NGTS-1 b,2.647298,0.0326,258.07796,14.90797,0.617,3916,790,0.016,Transit
K2-136 b,7.9752,0.0707,4.3,1.014,0.742,4500,610,0.14,Transit
K2-136 c,17.30713,0.1185,18.1,3,0.742,4500,470,0.047,Transit
K2-136 d,25.575,0.1538,3,1.565,0.742,4500,420,0.071,Transit
K2-140 b,6.569188,0.068,295.58041851,13.56286665,0.96,5585,962,0,Transit
HATS-50 b,3.8297015,0.05046,123.9537,12.66617,1.168,5990,NA,0.516,Transit
HATS-51 b,3.3488702,0.04639,244.09344,15.80469,1.187,5758,1553,0.33,Transit
HATS-52 b,1.36665436,0.02498,711.9392,15.490838,1.111,6010,1834,0.246,Transit
HATS-53 b,3.8537768,0.04753,189.10885,15.02006,0.964,5644,1312,0.33,Transit
K2-138 b,2.35309,0.03385,3.1,1.51,0.935,5356.3,NA,0.048,Transit
K2-138 c,3.56004,0.04461,6.31,2.299,0.935,5356.3,NA,0.045,Transit
K2-138 d,5.40479,0.05893,7.92,2.39,0.935,5356.3,NA,0.043,Transit
K2-138 e,8.26146,0.0782,12.97,3.39,0.935,5356.3,NA,0.077,Transit
K2-138 f,12.75758,0.10447,1.63,2.904,0.935,5356.3,NA,0.062,Transit
KELT-19 A b,4.6117093,0.0637,1293.5681,21.40919,1.62,7500,1935,NA,Transit
K2-141 b,0.2803244,0.00747,4.97,1.51,0.708,4570,2103,0,Transit
K2-141 c,7.7485,0.0683,8,7,0.708,4570,695,0.092,Transit
KELT-21 b,3.6127647,0.05224,1242.7153,17.777474,1.458,7598,2051,0,Transit
Kepler-1654 b,1047.8356,2.026,158.915,9.180171,1.011,5597,206,0.26,Transit
K2-232 b,11.168454,0.10356,126.49634,11.209,1.188,6154,1030,0.258,Transit
HATS-39 b,4.5776348,0.06007,200.2329,17.59813,1.379,6572,1645,0.275,Transit
HATS-40 b,3.2642736,0.04997,505.3497,17.71022,1.561,6460,2101,0.312,Transit
HATS-41 b,4.193649,0.0583,3082.951,14.90797,1.496,6424,1710,0.38,Transit
HATS-42 b,2.292102,0.03689,597.5204,15.6926,1.273,6060,1856,0.229,Transit
KPS-1 b,1.706291,0.0269,346.4347,11.54527,0.892,5165,1459,0,Transit
K2-233 b,2.467583,0.03293,2.4,1.315,0.79,4796,1127,0,Transit
K2-233 c,7.06024,0.0664,4.6,1.272,0.79,4796,794,0,Transit
K2-233 d,24.3681,0.1516,10.3,2.363,0.79,4796,525,0.18,Transit
HATS-43 b,4.3888497,0.04944,82.95363,13.22662,0.837,5099,1003,0.173,Transit
HATS-44 b,2.7439004,0.03649,177.9848,11.960003,0.86,5080,1161,0.279,Transit
HATS-45 b,4.1876244,0.05511,222.481,14.414774,1.272,6450,1518,0.24,Transit
HATS-46 b,4.7423729,0.05367,54.98459,10.121727,0.917,5495,1054,0.559,Transit
HATS-7 b,3.185315,0.04012,38.1396,6.310667,0.849,4985,1084,0.17,Transit
NGTS-3 A b,1.6753728,0.023,756.4354,16.58932,1.017,5600,NA,NA,Transit
HD 89345 b,11.8143,0.1066,34.9613,7.39794,1.157,5576,1089,0.22,Transit
K2-237 b,2.18053332,0.03552,434.15360396,16.06246934,1.256,6180,1759,0.03,Transit
K2-238 b,3.20466,0.046,273.3338,14.5717,1.19,5630,1587,0,Transit
K2-260 b,2.62669762,0.04392,546.66486004,18.41635529,1.637,6860,2090,0.053,Transit
K2-261 b,11.6334681,0.1086,68.96876432,9.26982704,1.107,5490,1036,0.274,Transit
WASP-174 b,4.2337005,0.05503,104.88337431,16.10730527,1.24,6399,1528,0,Transit
Wolf 503 b,6.00127,0.05706,6.26,2.043,0.688,4716,790,0.41,Transit
NGTS-2 b,4.511164,0.063,235.1942,17.878355,1.64,6478,1468,0,Transit
EPIC 246851721 b,6.180235,0.07229,953.49,11.780659,1.317,6202,1401,NA,Transit
K2-266 b,0.658524,0.01306,11.26782377,3.3,0.686,4285,1515,NA,Transit
K2-266 c,7.814,0.0679,0.29013072,0.705,0.686,4285,664.5,0.042,Transit
K2-266 d,14.697,0.1035,8.9,2.93,0.686,4285,538.3,0.047,Transit
K2-266 e,19.482,0.1249,14.3,2.73,0.686,4285,490.1,0.043,Transit
WASP-144 b,2.2783152,0.0316,139.8452,9.52765,0.81,5200,1260,0,Transit
WASP-145 A b,1.7690381,0.0261,282.8687,10.0881,0.76,4900,1200,0,Transit
WASP-158 b,3.656333,0.0517,886.7457,11.99363,1.38,6350,1590,0,Transit
WASP-159 b,3.840401,0.0538,174.8065,15.46842,1.41,6120,1850,0,Transit
WASP-162 b,9.62468,0.0871,1652.716,11.209,0.95,5300,910,0.434,Transit
WASP-168 b,4.153658,0.0519,133.4886,16.8135,1.08,6000,1340,0,Transit
WASP-172 b,5.477433,0.0694,149.3801,17.59813,1.49,6900,1740,0,Transit
WASP-173 A b,1.38665318,0.0248,1172.7927,13.4508,1.05,5800,1880,0,Transit
WASP-147 b,4.60273,0.0549,87.40325,12.498035,1.044,5702,1404,0,Transit
WASP-160 B b,3.7684952,0.0452,88.35674,12.21781,0.87,5298,1119,0,Transit
WASP-164 b,1.7771255,0.02818,676.9779,12.643752,0.946,5806,1610,0,Transit
WASP-165 b,3.465509,0.04823,209.13214,14.12334,1.248,5599,1624,0,Transit
HATS-59 b,5.416081,0.06112,256.17098,12.621334,1.038,5670,1128,0.129,Transit
LHS 1140 c,3.77794,0.027,1.91,1.272,0.1844,3096,422,0.05,Transit
CoRoT-21 b,2.72474,0.0417,718.2958,14.5717,1.29,6200,NA,0,Transit
WASP-161 b,5.4060425,0.0673,791.3967,12.811887,1.39,6400,1557,NA,Transit
WASP-163 b,1.6096884,0.0266,594.3421,13.473218,0.97,5500,1638,NA,Transit
WASP-170 b,2.34478022,0.0337,508.528,12.285064,0.93,5600,1422,NA,Transit
K2-285 b,3.471745,0.03817,9.68,2.59,0.83,4975,1088.9,0,Transit
K2-285 c,7.138048,0.0824,15.68,3.53,0.83,4975,741.4,0,Transit
K2-285 d,10.45582,0.1178,6.5,2.48,0.83,4975,619.9,0,Transit
K2-285 e,14.76289,0.18041,10.7,1.95,0.83,4975,500.9,0,Transit
K2-287 b,14.893291,0.1206,100.11645,9.494023,1.056,5695,804,0.478,Transit
HATS-60 b,3.560829,0.04708,210.40346,12.923977,1.097,5688,1528,0.191,Transit
HATS-61 b,7.817953,0.07908,1080.622,13.394755,1.076,5542,1226.1,0.092,Transit
HATS-62 b,3.2768837,0.04163,56.89157,11.825495,0.896,5416,1237,0.298,Transit
HATS-63 b,3.0566527,0.04026,305.1168,13.529263,0.931,5627,1398.3,0.136,Transit
HATS-64 b,4.908897,0.06562,305.1168,18.819911,1.564,6554,1793,0.151,Transit
HATS-65 b,3.105161,0.04497,260.93843,16.824709,1.257,6277,1634,0.062,Transit
HATS-66 b,3.1414391,0.04714,1694.0339,15.815899,1.411,6626,1998,0.064,Transit
HATS-67 b,1.6091788,0.03032,460.8535,18.887165,1.435,6594,2193,0.057,Transit
HATS-68 b,3.5862202,0.05071,410.0007,13.809488,1.351,6147,1741,0.036,Transit
HATS-69 b,2.2252577,0.03211,183.38791,10.592505,0.892,5137,1295.7,0.519,Transit
K2-290 b,9.21165,0.0923,10.9,3.06,1.194,6302,1230,0,Transit
K2-290 c,48.36685,0.305,246.00042,11.276254,1.194,6302,676,0,Transit
K2-291 b,2.225177,0.03261,6.49,1.589,0.934,5520,NA,0,Transit
HD 202772 A b,3.308958,0.05208,323.23311,17.317905,1.72,6272,2132,0.038,Transit
K2-292 b,16.9841,0.13,24.5,2.63,1,5725,795,0.04,Transit
HATS-70 b,1.8882378,0.03632,4100.007,15.513256,1.78,7930,2730,0.18,Transit
GJ 143 b,35.61253,0.1915,22.7,2.61,0.73,4640,422,0.188,Transit
HD 23472 b,17.667087,0.1162,8.32,2,0.67,4684,543,0.072,Transit
HD 23472 c,29.79749,0.1646,3.41,1.87,0.67,4684,467,0.063,Transit
HD 219666 b,6.034468,NA,17.6,4.898,1.02,5540,1076,0.05,Transit
HD 1397 b,11.53533,0.1097,131.89945,11.500434,1.324,5521,1228.3,0.251,Transit
WASP-190 b,5.367753,0.0663,317.83,12.89035,1.35,6400,1500,0,Transit
PDS 70 b,NA,20.8,1017.0509024,21.96960217,0.982,4109,1392,0.17,Imaging
Qatar-7 b,2.032046,0.0352,597.5204,19.0553,1.409,6387,2053,0,Transit
TOI-172 b,9.47725,0.0914,1722.6386,10.816685,1.128,5645,1198,0.3806,Transit
HD 221416 b,14.2767,0.1228,60.5,9.17,1.212,5080,NA,0.115,Transit
WASP-177 b,3.071722,0.03957,161.45764,17.71022,0.876,5017,1142,NA,Transit
WASP-181 b,4.5195064,0.05427,95.03117,13.271456,1.04,5839,1186,NA,Transit
WASP-183 b,4.1117771,0.04632,159.55066,16.47723,0.784,5313,1111,NA,Transit
Kepler-47 d,187.366,0.6992,19.02,7.04,0.957,NA,NA,0.024,Transit
HD 21749 c,7.78993,0.0695,3.7,0.892,0.73,4640,701,NA,Transit
Qatar-8 b,3.71495,0.0474,117.91493,14.403565,1.029,5738,1457,0,Transit
Qatar-9 b,1.540731,0.0234,378.2177,11.309881,0.719,4309,1134,0,Transit
Qatar-10 b,1.645321,0.0286,233.92288,17.295487,1.156,6124,1955,0,Transit
TOI-216.02,17.16073,NA,18.75187601,8,0.77,NA,NA,0.16,Transit
TOI-216.01,34.525528,NA,177.98390792,10.1,0.77,NA,NA,0.0046,Transit
NGTS-5 b,3.3569866,0.0382,72.78307,12.733424,0.661,4987,952,0,Transit
HD 15337 b,4.7559804,NA,6.519,1.77,0.829,5131,NA,0.058,Transit
HD 15337 c,17.180546,NA,6.792,2.526,0.829,5131,NA,0.096,Transit
NGTS-4 b,1.3373508,0.019,20.6,3.18,0.75,5143,1650,0,Transit
K2-32 e,4.34934,0.04899,2.1,1.212,0.83,5271,1066,0.043,Transit
L 98-59 b,2.253114,0.0223,0.46,0.837,0.2923,3415,620,0.031,Transit
L 98-59 c,3.6906764,0.0309,2,1.329,0.2923,3415,526,0.002,Transit
L 98-59 d,7.450729,0.0494,1.64,1.627,0.2923,3415,416,0.006,Transit
PDS 70 c,NA,34.3,2383.7130525,22.19378179,0.982,4109,1054,0.037,Imaging
HD 2685 b,4.12688,0.0568,371.8611,16.14096,1.43,6801,2061,0.091,Transit
TOI-150.01,5.857487,0.07037,797.7533,14.067295,1.351,6255,1404.5,0.262,Transit
KELT-23 A b,2.255251,0.03302,298.12454,14.829507,0.944,5899,1561,0,Transit
V1298 Tau b,24.140006,0.1685,13.1,9.41,1.1,4970,666,0.0079,Transit
WASP-87 b,1.682795,0.02946,692.8694,15.524465,1.204,6450,NA,0,Transit
EPIC 248847494 b,3650,4.5,4131.79,12.44199,0.9,4898,183,0,Transit
WASP-166 b,5.44354,0.0641,32.10083,7.06167,1.19,6050,1270,0,Transit
HR 858 b,3.585287,0.04888,3.55,2.004,1.204,6354,1552,0,Transit
HR 858 c,5.973865,0.0687,3.8,1.979,1.204,6354,1309,0,Transit
HR 858 d,11.230511,0.1046,7.1,2.001,1.204,6354,1061,0,Transit
TOI-270 b,3.35992,NA,1.48,1.28,0.386,3506,600,0.0167,Transit
TOI-270 c,5.66051,NA,6.2,2.33,0.386,3506,489,0.0044,Transit
TOI-270 d,11.38194,NA,4.2,2,0.386,3506,383,0.0066,Transit
LTT 1445 A b,5.3587635,0.0381,2.73,1.34,0.257,NA,431,NA,Transit
K2-146 c,4.00498,NA,7.49,2.19,0.331,3385,NA,0.075,Transit
HAT-P-69 b,4.7869491,0.06555,1137.8314,18.786284,1.648,7394,1930,0,Transit
HAT-P-70 b,2.74432452,0.04739,2154.8874,20.96083,1.89,8450,2562,0,Transit
HATS-54 b,2.5441765,0.037,239.32479047,11.37711541,1.05,5621,1429,0,Transit
HATS-55 b,4.2042001,0.05412,292.72143,14.022459,1.1955,6214,1367,0.092,Transit
HATS-56 b,4.324799,0.06043,191.33366,18.920792,1.573,6536,1902,0.019,Transit
HATS-57 b,2.350621,0.03493,1000.21101,12.767051,1.026,5587,1413.4,0.028,Transit
HATS-58 A b,4.2180896,0.05798,327.3649,12.273855,1.461,7175,1721,0.168,Transit
WASP-169 b,5.6114118,0.0681,178.30263,14.616536,1.337,6110,1604,0,Transit
WASP-171 b,3.8186244,0.0504,344.52772,10.98482,1.171,5965,1642,0,Transit
WASP-175 b,3.0652907,0.04403,314.6517,13.540472,1.212,6229,1571,0,Transit
WASP-182 b,3.3769848,0.0451,47.03884,9.52765,1.076,5638,1479,0,Transit
KELT-24 b,5.55149296,0.0665,1458.83238813,12.71098411,1.268,6426,1391,0.0319,Transit
NGTS-6 b,0.882059,0.01677,425.57437,14.863134,0.767,4730,1283.9,0,Transit
WASP-180 A b,3.409264,0.048,286.047,13.89916,1.3,6600,1540,0,Transit
WASP-178 b,3.3448285,0.0558,527.5978,20.28829,2.07,9360,2470,0,Transit
WASP-184 b,5.1817,0.0627,181.1631,14.90797,1.23,6000,1480,0,Transit
WASP-185 b,9.38755,0.0904,311.4734,14.01125,1.12,5900,1160,0.24,Transit
WASP-192 b,2.8786765,0.0408,731.009,13.78707,1.09,5910,1620,0,Transit
V1298 Tau c,8.249164,0.0824,4.7,5.08,1.1,4970,953,0.0094,Transit
V1298 Tau d,12.401394,0.1081,6,6.53,1.1,4970,831,0.0087,Transit
V1298 Tau e,48.677714,0.2689,15.3,10.17,1.1,4970,527,0.0124,Transit
LP 791-18 c,4.98991,0.02961,7.16,2.488,0.139,2960,NA,1e-4,Transit
TOI-163 b,4.231306,0.058,387.7526,16.690201,1.4352,6495,1669,0,Transit
TOI-125 b,4.65382,0.05186,9.5,2.726,0.859,5320,1037,0.194,Transit
TOI-125 c,9.15059,0.0814,6.63,2.759,0.859,5320,827.8,0.066,Transit
NGTS-8 b,2.4997,0.035,295.5819,12.21781,0.89,5241,1345,0.01,Transit
NGTS-9 b,4.43527,0.058,921.707,11.99363,1.34,6330,1448,0.06,Transit
Qatar-6 b,3.506195,0.0423,212.31044,11.903958,0.822,5052,1006,0,Transit
HD 213885 b,1.008035,0.02012,8.83,1.745,1.068,5978,2128,0,Transit
XO-7 b,2.8641424,0.04421,225.34147,15.389957,1.405,6250,1743,0.038,Transit
GJ 1252 b,0.5182331,NA,1.32,1.193,0.381,3458,NA,0,Transit
EPIC 249893012 b,3.5951,0.047,8.75,1.95,1.05,5430,1616,0.06,Transit
EPIC 249893012 c,15.624,0.13,14.67,3.67,1.05,5430,990,0.07,Transit
EPIC 249893012 d,35.747,0.22,10.18,3.94,1.05,5430,752,0.15,Transit
L 168-9 b,1.40152604,0.0208,4.07,1.63,0.614,3842,998,0,Transit
TOI-125 d,19.98,0.137,13.6,2.93,0.859,5320,638.1,0.168,Transit
Kepler-1661 b,175.06,0.633,17,3.87,0.841,5100,243,0.057,Transit
TOI-132 b,2.1097019,0.026,22.4,3.42,0.97,5397,1395,0.059,Transit
HATS-47 b,3.9228038,0.04269,117.27927,12.520453,0.674,4512,852.9,0.088,Transit
HATS-48 A b,3.1316666,0.03769,77.23269,8.9672,0.7279,4546,954.6,0.162,Transit
HATS-49 b,4.1480467,0.04515,112.19399,8.574885,0.7133,4405,834.8,0.071,Transit
HATS-72 b,7.3279474,0.066517,39.855882,8.0973816,0.7311,4656.1,739.3,0.013,Transit
NGTS-10 b,0.7668944,0.0143,687.14846,13.506845,0.696,4600,1332,0,Transit
MASCARA-4 b,2.8240932,0.0474,532.36258173,16.98160576,1.75,7800,2250,NA,Transit
LHS 1815 b,3.814334,NA,1.58,1.088,0.502,3643,NA,0,Transit
TOI-1130 b,4.074554,0.0453,19.8,3.66,0.745,4360,825,0.052162,Transit
TOI-1130 c,8.3501898,0.0731,336,13,0.745,4360,650,0.0398,Transit
CoRoT-30 b,9.06005,0.0844,921.707,11.309881,0.98,5650,NA,0.007,Transit
CoRoT-31 b,4.62941,0.0586,266.9772,16.36514,1.25,5700,NA,0.02,Transit
TOI-677 b,11.2365985,0.1041,392.20025424,13.11450742,1.181,6295,NA,0.46,Transit
WASP-150 b,5.644207,0.0694,2688.8418,11.99363,1.394,6218,1460,0.3775,Transit
WASP-176 b,3.899052,0.0535,271.74465,16.869545,1.345,5941,1721,0,Transit
HD 332231 b,18.712024,0.145,74.1,9.07303305,1.1642,6128,798.3,0,Transit
LTT 3780 b,0.76837931,0.01195,2.46,1.325,0.381,3358,903,0,Transit
LTT 3780 c,12.252284,0.0757,8.04,2.39,0.381,3358,359,0.024,Transit
TOI-1235 b,3.444714,NA,6.69,1.69,0.63,3997,NA,0.049,Transit
TOI-1338 b,95.4001,NA,11.3,7.661,1.0936,NA,NA,0.0331,Transit
AU Mic b,8.463446,0.07,8.99,4.79,0.635,3540,554.8,0.07,Transit
WASP-148 b,8.803809,0.08215,91.21675281,8.47398941,0.954,5555,NA,0.208,Transit
TOI-1728 b,3.49151,0.0391,26.78,5.05,0.646,3980,767,0.057,Transit
NGTS-11 b,35.45533,0.201,109.33352,9.157753,0.862,5050,435,0.13,Transit
TOI-849 b,0.765548,0.0155,41.8,3.64,0.97,5257,NA,0,Transit
Wendelstein-1 b,2.663416,0.0282,188.15536,11.5609626,0.65,4251,2198,0.012,Transit
Wendelstein-2 b,1.7522239,0.0234,232.33373,12.9934728,0.73,4591,2470,0.057,Transit
HD 191939 b,8.8803256,0.0804,10,3.41,0.81,5348,880,0.031,Transit
HD 191939 c,28.579743,0.1752,8,3.195,0.81,5348,600,0.034,Transit
HD 191939 d,38.353037,0.2132,2.8,2.995,0.81,5348,540,0.031,Transit
TYC 8998-760-1 c,NA,320,1906.98,12.3299,1,NA,1240,NA,Imaging
TOI-1899 b,29.090312,0.1525,212.94503269,11.09689089,0.632,3926,378,0.044,Transit
HIP 65 A b,0.9809734,0.01782,1021.18779,22.754270000000002,0.781,4590,1411,0,Transit
TOI-157 b,2.0845435,0.03138,375.0394,14.414774,0.948,5404,1588,0,Transit
TOI-169 b,2.2554477,0.03524,251.40353,12.172974,1.147,5880,1715,0,Transit
HATS-37 A b,4.3315366,0.04913,31.46517,6.792654,0.843,5326,1085,0,Transit
HATS-38 b,4.375021,0.05036,23.51942,6.882326,0.89,5732,1294,0,Transit
HD 86226 c,3.98442,0.049,7.25,2.16,1.019,5863,1311,0.075,Transit
WD 1856+534 b,1.4079405,0.0204,4386.054,10.4,0.518,4710,163,0,Transit
LTT 9779 b,0.792052,0.01679,29.32,4.72,1.02,5443,1978,0,Transit
HD 63433 b,7.1079475,NA,21.755,2.14,0.956,5553,967.11,NA,Transit
HD 63433 c,20.5438281,NA,15.539,2.692,0.956,5553,678.92,NA,Transit
TOI-763 b,5.6057,0.06,9.79,2.28,0.917,5450,1038,0.04,Transit
TOI-763 c,12.2737,0.1011,9.32,2.63,0.917,5450,800,0.04,Transit
HATS-71 b,3.7955202,0.03745,117.5971,11.478016,0.4861,3405,586.8,0,Transit
TOI-824 b,1.392978,0.02177,18.467,2.926,0.71,4600,1253,NA,Transit
TOI-1266 b,10.8945,0.073,4.46,2.52,0.437,3563,415,0.039,Transit
TOI-1266 c,18.8027,0.105,3.17,1.98,0.437,3563,346,0.071,Transit
TOI-421 b,5.197576,0.0554,6.7,2.64,0.833,5291,922,0.13,Transit
TOI-421 c,16.067541,0.117,14.1,5.09,0.833,5291,635,0.19,Transit
NGTS-12 b,7.532806,0.0757,66.10864,11.747032,1.021,5690,1257,0,Transit
GJ 3473 b,1.1980035,0.01589,1.86,1.264,0.36,3347,773,0,Transit
TOI-837 b,8.3249113,0.0888,120.45696625,9.16894621,1.142,5995,995.3,NA,Transit
TOI-954 b,3.6849729,0.04963,55.30242,9.550068,1.201,5710,1526,0.14,Transit
K2-329 b,12.4551225,0.1016,82.6358,8.675766,0.901,5282,650,0.0697,Transit
TOI-481 b,10.33111,0.097,486.2799,11.09691,1.14,5735,1370,0.153,Transit
TOI-892 b,10.62656,0.092,301.9385,11.99363,1.28,6261,1397,0.125,Transit
TIC 237913194 b,15.168865,0.1207,617.22586,12.520453,1.026,5788,974,0.575,Transit
WASP-186 b,5.026799,0.06,1341.2426,12.44199,1.22,6361,NA,0.33,Transit
WASP-187 b,5.147878,0.0653,254.264,18.38276,1.54,6150,NA,0,Transit
LP 714-47 b,4.052037,0.0417,30.8,4.7,0.59,3950,700,0.04,Transit
TOI-251 b,4.93777,0.05741,317.83,2.74,1.036,5875,NA,0,Transit
HAT-P-68 b,2.29840551,0.02996,230.10892,12.016048,0.6785,4508,1027.8,0.041,Transit
TOI-776 b,8.24662,0.0653,5,1.798,0.542,3725,520,0.052,Transit
TOI-776 c,15.665323,0.1001,6.9,2.047,0.542,3725,420,0.089,Transit
TOI-561 b,0.4465697,0.01064,2.02,1.397,0.806,NA,2319,0,Transit
TOI-561 c,10.778838,0.0889,5.93,2.865,0.806,NA,802,0.023,Transit
TOI-564 b,1.651144,0.02734,464.98529,11.43318,0.998,5640,1714,0.072,Transit
TOI-905 b,3.739494,0.04666,211.99261,13.125739,0.968,5570,1192,0.024,Transit
TOI-451 b,1.8587033,0.0274,4.7,1.84,0.93,5490,1474,0,Transit
TOI-451 c,9.192463,0.0795,3.7,2.93,0.93,5490,865,0,Transit
TOI-451 d,16.364962,0.1168,10.2,3.93,0.93,5490,714,0,Transit
NGTS-13 b,4.119027,0.0549,1538.2972,12.800678,1.3,5819,1605,0.086,Transit
HD 110113 b,2.541,0.035,4.55,2.05,0.997,5732,1371,0.093,Transit
TOI-178 b,1.9145601,NA,0.96,1.2,0.647,4316,NA,NA,Transit
TOI-178 c,3.238486,NA,4.64,1.754,0.647,4316,NA,3.2e-4,Transit
TOI-178 d,6.557569,NA,5.2,2.695,0.647,4316,NA,0.0068,Transit
TOI-178 e,9.96318,NA,3.48,2.301,0.647,4316,NA,3.8e-4,Transit
TOI-178 f,15.23335,NA,5.63,2.417,0.647,4316,NA,4.5e-4,Transit
TOI-178 g,20.71663,NA,4.4,2.939,0.647,4316,NA,4.3e-4,Transit
HD 183579 b,17.471291,0.1322,20.4,3.49,0.996,5784,752,0.061,Transit
NGTS-14 A b,3.5357173,0.0403,29.24036,4.976796,0.898,5187,1143,0,Transit
K2-138 g,41.96797,0.23109,4.32,3.013,0.935,5356.3,NA,0.059,Transit
TOI-628 b,3.4095675,0.0486,2011.8639,11.88154,1.311,6250,1586,0.072,Transit
TOI-640 b,5.003777,NA,181.16219199,19.2794468,1.536,6460,1816,0.013,Transit
TOI-1333 b,4.720219,0.0626,753.2571,15.647764,1.464,6274,1679,0.073,Transit
TOI-1478 b,10.1802117,0.0818,279.68899816,11.99360935,NA,NA,NA,0.055,Transit
TOI-1601 b,5.33175,0.069,387,14.19902343,1.5055,5982,1493.97,0,Transit
GJ 486 b,1.46712127,0.01714,2.77,1.289,0.312,3317,696.3,8.6e-4,Radial Velocity
GJ 414 A b,50.8,0.2324,7.6,2.63,0.65,4120,308.6,0.45,Radial Velocity
GJ 414 A c,749.83,1.4,53.83,8.4,0.65,4120,124.7,0.105,Radial Velocity
TOI-201 b,52.977946,0.3026,184.34047606,11.82547464,1.316,NA,NA,0.318,Transit
TOI-519 b,1.2652328,0.0159,147.15455244,11.54525012,0.335,3322,687,0.33,Transit
TOI-220 b,10.695264,0.08911,13.8,3.03,0.825,5298,805,0.032,Transit
KOI-3503 b,21.185,NA,9.2,1.19,0.858,6001,785,NA,Transit
KOI-3503 c,31.828,NA,10.36,1.21,0.858,6001,686,NA,Transit
KOI-1831 d,34.169,NA,2.23,1.13,0.901,5233,475,NA,Transit
KOI-1833 d,7.685,NA,11.02,2.58,0.681,4413,613,NA,Transit
TOI-1444 b,0.4702743,0.0116,3.58,1.41792246,0.9513,5460,2130.02,0,Transit
TOI-1231 b,24.245586,0.1288,15.4,3.65,0.485,3553,329.6,0.087,Transit
HD 152843 b,11.62071,0.1049,9.82,3.05,1.15,6310,NA,0.046,Transit
HD 152843 c,19.502104,0.1482,9.67,5.94,1.15,6310,NA,0.074,Transit
WASP-110 b,3.7784022,NA,154.78243421,13.19297028,0.814,5392,1158,NA,Transit
LHS 1478 b,1.9495378,0.01848,2.33,1.242,0.236,3381,595,NA,Transit
TOI-257 b,18.38818,0.1528,43.86032017,7.16253867,1.407,6095,1027,0,Transit
HD 5278 b,14.339156,0.1202,7.8,2.45,1.126,6203,943,0.08,Transit
TOI-269 b,3.6977104,0.0345,8.8,2.77,0.3917,3514,531,0.425,Transit
CFHTWIR-Oph 98 b,8040000,200,2479.0615746,20.8487041,0.0147,2320,1800,NA,Imaging
NGTS-15 b,3.27623,0.0441,238.68913366,12.32987877,0.995,5600,1146,0,Transit
NGTS-16 b,4.84532,0.0523,211.99154747,14.57167491,1.002,5550,1177,0,Transit
NGTS-17 b,3.24253,0.0391,242.82090295,13.89913607,1.025,5650,1457,0,Transit
NGTS-18 b,3.05125,0.0448,129.99181846,13.56286665,1.003,5610,1381,0,Transit
Kepler-1704 b,988.88112,2.027,1322.16617312,11.94877343,1.132,5746,253.8,0.92,Transit
TOI-674 b,1.977143,0.025,23.6,5.25,0.42,3514,635,0,Transit
TOI-1685 b,0.66913923,0.01164,3.07,1.421,0.466,3470,1000,NA,Transit
HAT-P-58 b,4.0138379,0.04994,118.2321674,14.93036229,1.031,6078,1622,0.073,Transit
HAT-P-59 b,4.1419771,0.05064,489.45574678,12.58768533,1.008,5678,1277.8,0.03,Transit
HAT-P-60 b,4.7947813,0.06277,182.43350562,18.28184752,1.435,6212,1772,0.25,Transit
HAT-P-61 b,1.90231289,0.0301,335.9446262,10.07687365,1.004,5587,1505,0.113,Transit
HAT-P-62 b,2.6453235,0.03772,241.86741773,12.02723629,1.023,5629,1512,0.101,Transit
HAT-P-63 b,3.377728,0.04294,195.1466419,12.5428494,0.925,5400,1237,0.069,Transit
HAT-P-64 b,4.007232,0.05387,184.34047606,19.08889413,1.298,6457,1766,0.101,Transit
TOI-1259 A b,3.477978,0.0407,140.16232749,11.45557828,0.744,4775,963,0,Transit
TOI-1260 b,3.127463,0.0367,8.56,2.41,0.679,4227,871,0,Transit
TOI-1260 c,7.493134,0.0657,13.2,2.76,0.679,4227,651,0,Transit
TOI-1634 b,0.9893455,NA,7.57,1.773,0.451,3472,NA,0,Transit
TOI-1749 b,2.38839,0.0291,57,1.39,0.58,3985,831,0.14,Transit
TOI-1749 c,4.4929,0.0443,14,2.12,0.58,3985,673,0.019,Transit
TOI-1749 d,9.0497,0.0707,15,2.52,0.58,3985,533,0.062,Transit
TOI-1807 b,0.54937097,0.0122,2.44,1.49681583,0.8048,4914,1694.1,0,Transit
TOI-2076 c,21.015327,0.142,55,3.69441587,0.8557,5192,543.16,0,Transit
TOI-2076 d,35.125686,0.199,29,3.43087751,0.8557,5192,457.68,0,Transit
TOI-532 b,2.3266508,0.0296,61.5,5.82,0.639,3927,867,0,Transit
TOI-431 b,0.490047,0.0113,3.07,1.28,0.78,4850,1862,0,Transit
TOI-431 d,12.46103,0.098,9.9,3.29,0.78,4850,633,0,Transit
TOI-1062 b,4.11296,0.052,10.15,2.265,0.94,5328,1077,0.177,Transit
TOI-2406 b,3.0766891,0.02267,15.6,2.86,0.166,3100,449,0.17,Transit
TOI-1278 b,14.47567,0.095,5879.8255295,12.21778896,0.54,3799,NA,0.013,Transit
AU Mic c,18.859023,0.119,14.46,2.79,0.635,3540,424.7,0.18,Transit
COCONUTS-2 b,NA,NA,2542.627256,12.44196858,0.37,3406,NA,NA,Imaging
TOI-2202 b,11.9126075,NA,287.31687993,10.951174139999999,0.841,5169,NA,0.022,Transit
TOI-1431 b,2.650237,0.046,991.62462984,16.70138124,1.9,7690,2370,0.0022,Transit
TOI-1789 b,3.208664,0.04882,222.4798849,16.14093221,1.507,5991,1927,NA,Transit
TOI-3362 b,18.09547,0.153,1598.3590588,12.80065596,1.445,6532,NA,0.815,Transit
TOI-558 b,14.574071,0.1291,1147.36054927,12.17295304,1.349,6466,1061,0.298,Transit
TOI-559 b,6.9839095,0.0723,1910.14872607,12.22899794,1.026,5925,1180,0.151,Transit
TIC 257060897 b,3.66003639,0.04922,201.50321004,17.26183028,1.187,5993,1775,0.039,Transit
TOI-1296 b,3.9443736,0.051,95.3,14.11645916,1.1576,5567,1414.84,0,Transit
TOI-1298 b,4.537143,0.057,99,9.65807033,1.2187,5752,1278,0,Transit
TOI-530 b,6.387597,0.052,127.1313628,9.30345398,0.53,3659,565,0,Transit
HD 63935 b,9.058807,0.083,10.5,2.91575244,0.9406,5513,825.22,0,Transit
HD 63935 c,21.4027,0.148,11.1,3.06451296,0.9406,5513,619.59,0,Radial Velocity
GPX-1 b,1.744579,0.0338,6261.2196179,16.47720163,1.68,7000,2300,0,Transit
TOI-1201 b,2.4919863,0.0287,6.28,2.415,0.512,3476,703,0,Transit
TOI-1518 b,1.90261131,0.03712,581.62598481,21.05046575,1.88,7299,2546,NA,Transit
EPIC 201595106 b,0.87724,0.0177,7.67,1.565,0.958,5679,2038,0,Transit
TIC 172900988 b,200.452,0.90281,942,11.25,1.2384,6050,NA,0.0271,Transit
HD 137496 b,1.62116,0.02732,4.04,1.31,1.04,5799,2130,0,Transit
HD 207897 b,16.20166,0.117,14.8,2.34302132,0.8208,5106,581.75,0,Transit
HIP 97166 b,10.288914,0.091,19.1,2.4801338,0.9342,5216,701.66,0.29,Transit
Kepler-1876 b,6.99205,0.0758,2.4,0.853,1.187,6104,1299,0.098,Transit
GJ 367 b,0.3219225,0.00709,0.633,0.699,0.455,3522,1365,0.06,Transit
KOI-4777.01,0.412,0.008,99.2,0.51,0.41,3515,1180,0,Transit
HATS-74 A b,1.73185606,0.02384,464.02947422,11.56766808,0.601,3776.9,895.1,0.044,Transit
HATS-75 b,2.7886556,0.032742,156.05374784,9.90873894,0.6017,3790.4,772.3,0.064,Transit
HATS-76 b,1.9416423,0.02658,835.570882,12.09449018,0.662,4016,939.8,0.062,Transit
HATS-77 b,3.0876262,0.03607,436.69623122,13.05846252,0.655,4071,828.3,0.045,Transit
GJ 3929 b,2.616235,0.0252,1.75,1.09,0.313,3384,568,0,Transit
TOI-1759 b,18.85019,0.1177,10.8,3.14,0.606,4065,443,0,Transit
TOI-2184 b,6.90683,NA,206.58846455,11.39953337,1.53,5966,NA,0.08,Transit
Kepler-1972 b,7.54425,NA,2.02,0.802,1.12,5818,NA,0.067,Transit
Kepler-1972 c,11.3295,NA,2.11,0.868,1.12,5818,NA,0.043,Transit
BD+60 1417 b,NA,1662,4767.426105,14.68376472,1,4993,1303,NA,Imaging
Kepler-1708 b,737.1131,1.64,1462.0106722,9.96,1.088,6157,NA,0.4,Transit
Kepler-1705 b,9.03502,NA,4.47,2.03,1.139,6312,NA,0.033,Transit
Kepler-1705 c,11.28,NA,5.42,2.05,1.139,6312,NA,0.028,Transit
TOI-2180 b,260.79,0.828,875.61726129,11.32107051,1.111,5695,348,0.3683,Transit
TOI-1064 b,6.443868,0.06152,13.5,2.587,0.748,4734,784,0.047,Transit
TOI-1064 c,12.226574,0.09429,2.5,2.651,0.748,4734,634,0.088,Transit
TOI-2337 b,2.99432,NA,508.5254512,10.08808263,1.325,4780,NA,0.019,Transit
TOI-4329 b,2.9223,NA,143.02278315,16.81347105,1.538,6000,NA,0.068,Transit
TOI-2669 b,6.2034,NA,193.87532827,19.72780603,1.19,4800,NA,0.09,Transit
TOI-500 b,0.548177,0.01189,1.42,1.166,0.74,4440,1617,0.063,Transit
TOI-544 b,1.548352,0.0225,2.89,2.018,0.631,4169,999,0,Transit
TOI-1075 b,0.6047328,0.01159,9.95,1.791,0.604,3875,1323,0,Transit
TOI-1411 b,1.4520527,0.02122,2,1.19880592,0.6045,4115,976.4,0,Transit
TOI-1268 b,8.1577094,0.0711,96.4,9.1,0.96,5300,918.9,0.105,Transit
LTT 1445 A c,3.1239035,0.02661,1.54,1.147,0.257,3340,508,0.223,Transit
TOI-2109 b,0.67247414,0.01791,1595.4986031399999,15.098497,1.453,6540,3646,NA,Transit
TOI-1842 b,9.5739181,0.1,89.4,12.3485023,1.4643,6039,1199.55,0.276,Transit
WASP-189 b,2.724033,0.05053,632.47852993,18.14733975,2.03,8000,3353,0,Transit
HD 73583 b,6.398042,0.0604,10.2,2.79,0.73,4511,714,0.09,Transit
HD 73583 c,18.87974,0.1242,9.7,2.39,0.73,4511,498,0.08,Transit
TOI-1670 b,10.98462,0.103,41.31769291,2.06,1.21,6170,1062,0.59,Transit
TOI-1670 c,40.74976,0.249,200.23189641,11.06326395,1.21,6170,684,0.09,Transit
TOI-1696 b,2.500311,0.0229,48.8,3.09,0.255,3185,489,NA,Transit
TOI-2136 b,7.851928,0.057,6.37,2.19,0.34,3342,395,0,Transit
TOI-1246 b,4.30744,0.049,8.1,3.01,0.87,5151,955,NA,Transit
TOI-1246 c,5.904137,0.061,9.1,2.45109846,0.8889,5213,862.49,0,Transit
TOI-1246 d,18.654874,0.132,5.4,3.43139739,0.8889,5213,587.77,0,Transit
TOI-1246 e,37.92548,0.212,14.5,3.5141875,0.8889,5213,463.98,0,Transit
HIP 94235 b,7.713057,0.0787,379,3,1.094,5991,1060,0.32,Transit
TOI-1710 b,24.283377,0.166,22.4,5.20315158,1.0258,5684,602.99,0,Transit
TOI-1181 b,2.103189,NA,374.71969185,17.02644168,1.467,6054,NA,0.011,Transit
TOI-1516 b,2.056014,NA,1004.33776612,15.24421375,1.14,6520,NA,NA,Transit
TOI-2046 b,1.4971842,NA,731.0053361,16.14093221,1.13,6250,NA,NA,Transit
WASP-132 c,1.01153624,0.01833,6.26,1.841,0.789,4686,1329,0,Transit
TOI-1272 b,3.31599,0.0417,27,4.13204907,0.8772,5065,975,0.35,Transit
HD 260655 b,2.76953,0.02933,2.14,1.24,0.439,3803,709,0.039,Transit
HD 260655 c,5.70588,0.04749,3.09,1.533,0.439,3803,557,0.038,Transit
TOI-3714 b,2.154849,0.027,222.4798849,11.32107051,0.53,3660,750,0.03,Transit
TOI-3629 b,3.936551,0.043,82.63538582,8.29464572,0.63,3870,690,0.05,Transit
TOI-1422 b,12.99894,0.107,9.5,3.83,NA,NA,870,0.2,Transit
HD 28109 b,22.891054,NA,6.2,2.69,1.227,6189,867,0.0071,Transit
HD 28109 c,55.99712,NA,9.2,4.13,1.227,6189,643,0.0039,Transit
HD 28109 d,84.2899,NA,5.8,3.11,1.227,6189,561,0.0054,Transit
TOI-5153 b,20.33003,0.158,1036.12060682,11.88151954,1.24,6300,906,0.091,Transit
NGTS-20 b,54.18915,0.313,947.12865286,11.99360935,1.47,5980,688,0.432,Transit
Gaia-1 b,3.052524,0.04047,533.95172376,13.77583728,0.949,5470,NA,NA,Transit
Gaia-2 b,3.6915224,0.0467,259.66580852,14.81827249,1,5720,NA,NA,Transit
TOI-1107 b,4.0782387,0.0561,1064.72516345,14.57167491,1.35,6311,1728,0.025,Transit
CoRoT-35 b,3.22748,0.0429,349.6112477,18.83108758,1.01,6390,1747,0,Transit
CoRoT-36 b,5.616531,0.066,216.12331676,15.80466279,1.32,6730,1567,0,Transit
HD 93963 A b,1.0376109,0.02061,2.8,1.46954368,1.0844,5908,1842.23,0,Transit
HD 93963 A c,3.6451389,0.04726,18.4,3.11976057,1.0844,5908,1212.45,0,Transit
TOI-1452 b,11.06201,0.061,4.82,1.672,0.249,3185,326,0,Transit
TOI-2193 A b,2.1225735,0.03319,298.75870258,19.83989584,1.082,5966,1763,0,Transit
TOI-2207 b,8.001968,0.0854,203.41018048,11.1529358,1.296,6101,1259,0.174,Transit
TOI-2236 b,3.5315902,0.05009,502.16888306,14.36991326,1.343,6248,1688,0,Transit
TOI-2421 b,4.3474032,0.0543,105.83685953,10.36830715,1.131,5607,1534,0,Transit
TOI-2567 b,5.983944,0.0672,63.88350981,10.92875618,1.13,5611,1352,0,Transit
TOI-2570 b,2.9887615,0.04145,260.61929374,13.64132951,1.063,5771,1431,0,Transit
TOI-3331 A b,2.0180231,0.03144,721.47048389,12.97999965,1.016,5609,1488,0,Transit
TOI-3540 A b,3.119999,0.04289,375.03752026,23.53885947,1.081,5810,1498,0,Transit
TOI-3693 b,9.088516,0.0813,324.18497514,12.59889431,0.867,5321,801,0,Transit
TOI-4137 b,3.8016122,0.05222,457.67290608,13.57407563,1.313,6202,1570,0,Transit
TOI-2196 b,1.1947268,0.02234,26,3.51,1.032,5634,1860,0,Transit
TOI-3757 b,3.438753,0.03845,85.3,12,0.64,3913,759,0.14,Transit
GJ 3090 b,2.85310198,0.0316,4.52,2.18,0.519,3707,723,0.25,Transit
LP 890-9 b,2.7299025,0.01875,13.2,1.32,0.118,2850,396,NA,Transit
LP 890-9 c,8.457463,0.03984,25.3,1.367,0.118,2850,272,NA,Transit
TOI-1820 b,4.860674,0.061,731.0053361,12.778238,1.04,5734,1375,0.043,Transit
TOI-2025 b,8.8720982,0.0892,1144.1822652,11.89272852,1.199,5977,1166,0.394,Transit
TOI-2158 b,8.60077,0.075,260.61929374,10.76062147,1.12,5673,1188,0.07,Transit
HD 23472 d,3.97664,0.04298,0.55,0.75,0.67,4684,909,0.07,Transit
HD 23472 e,7.90754,0.068,0.72,0.818,0.67,4684,723,0.07,Transit
HD 23472 f,12.1621839,0.0906,0.77,1.137,0.67,4684,630,0.07,Transit
TOI-5398 b,10.590547,0.098,58.7,10.3,1.146,6000,947,0.13,Transit
TOI-5542 b,75.12375,0.332,419.53349724,11.30986153,0.89,5700,441,0.018,Transit
TOI-411 b,4.040295,0.05727,13.71,1.362,1.098,6169,1241,NA,Transit
TOI-411 c,9.573083,0.1017,9.72,2.328,1.098,6169,931,NA,Transit
HD 206893 b,9350,9.6,8899.195396,14.01122587,1.32,NA,1429.2,0.14,Imaging
TOI-1468 c,15.532477,0.08608,4.1,2.126,0.3527,3376,338.1,0.111,Transit
TOI-1468 b,1.8805201,0.02107,3.04,1.401,0.3527,3376,683.5,0.0099,Transit
HD 18599 b,4.1374354,0.048,24.1,2.6,0.863,5145,NA,0.34,Transit
TOI-3884 b,4.5445828,0.0361,32.59,6.43,0.298,3180,441,0.06,Transit
TOI-969 b,1.8237305,0.02636,9.1,2.765,0.734,4435,941,NA,Transit
NGTS-21 b,1.5433897,0.0236,750.07504052,14.90794433,0.72,4660,1357,0,Transit
NGTS-23 b,4.0764326,0.0504,194.82881349,14.20177855,1.01,6057,1327,0,Transit
NGTS-24 b,3.4678796,0.0479,165.27077164,13.60770257,1.26,5820,1499,0,Transit
NGTS-25 b,2.823093,0.0388,203.09235207,11.46678726,0.91,5321,1101,0,Transit
TOI-1288 b,2.6998279,0.0374,44.1,4.96846551,0.9552,5388,1203.44,0,Transit
HD 20329 b,0.926118,0.018,7.42,1.72,0.9,5596,2141,0,Transit
HD 206893 c,2090,3.53,4036.4207689,16.36511182,1.32,NA,1181.9,0.41,Imaging
TOI-1695 b,3.1342791,0.033548,6.36,1.9,0.513,3690,698,0.097,Transit
HD 114082 b,109.75,0.5109,2542.627256,11.2089807,1.47,6651,NA,0.395,Radial Velocity
TOI-1260 d,16.608164,0.1116,11.84,3.12,0.679,4227,499,0,Transit
TOI-4582 b,31.034,NA,168.44905571,10.53644186,1.34,5190,NA,0.51,Transit
TOI-1694 b,3.770107,0.045,31.3,5.3422266,0.853,5058,943.19,0,Transit
TOI-4342 b,5.5382592,0.0519,7.3,2.329,0.587,3866,639,0,Transit
TOI-4342 c,10.688662,0.0804,4.8,2.349,0.587,3866,514,0,Transit
TOI-2525 b,23.2856,0.1511,26.69758619,8.67575106,0.849,5096,NA,0.17,Transit
TOI-2525 c,49.2519,0.249,208.8132634,10.13291855,0.849,5096,NA,0.157,Transit
TOI-3235 b,2.59261842,0.02709,211.35589065,11.39953337,0.3939,3388.8,604,0.029,Transit
TOI-836 b,3.81673,0.0422,4.53,1.704,0.678,4552,871,0.053,Transit
TOI-836.01,8.59545,0.075,9.6,2.587,0.678,4552,665,0.078,Transit
TOI-1937 A b,0.94667944,0.01932,638.83509807,13.97759893,1.072,5814,2097,0,Transit
TOI-2364 b,4.0197517,0.04871,71.51139158,8.60849718,0.954,5306,1091,0,Transit
TOI-2583 A b,4.5207265,0.0571,79.45710175,14.4595851,1.215,5936,1456,0,Transit
TOI-2587 A b,5.45664,0.0635,69.28659273,12.07207221,1.15,5760,1445,0,Transit
TOI-2796 b,4.8084983,0.0569,139.84449908,17.26183028,1.063,5764,1205,0,Transit
TOI-2803 A b,1.96229325,0.03185,309.88269682,18.11371281,1.118,6280,1893,0,Transit
TOI-2818 b,4.039709,0.0493,225.65816897,15.27784069,0.977,5721,1376,0,Transit
TOI-2842 b,3.5514058,0.0475,117.59651059,12.84549188,1.135,5910,1471,0,Transit
TOI-2977 b,2.3505614,0.03386,533.95172376,13.15934334,0.936,5691,1544,0,Transit
TOI-3023 b,3.9014971,0.0505,197.05361234,16.43236571,1.12,5760,1596,0,Transit
TOI-3364 b,5.8768918,0.0675,530.77343969,12.22899794,1.186,5706,1264,0,Transit
TOI-3688 A b,3.246075,0.0456,311.47183886,13.08088048,1.199,5950,1534,0,Transit
TOI-3807 b,2.8989727,0.0421,330.54154328,18.49481816,1.181,5772,1646,0,Transit
TOI-3819 b,3.2443141,0.04611,352.78953177,13.13692538,1.242,5859,1633,0,Transit
TOI-3912 b,3.4936264,0.0463,129.03833324,14.28024141,1.088,5725,1512,0,Transit
TOI-3976 A b,6.607662,0.0743,55.61997123,12.27383387,1.254,5975,1295,0,Transit
TOI-4087 b,3.1774835,0.04469,232.01473711,13.04725353,1.178,6060,1458,0,Transit
TOI-4145 A b,4.0664428,0.04823,136.66621501,13.30506009,0.905,5281,1074,0,Transit
TOI-4463 A b,2.8807198,0.04036,252.35575516,13.26022417,1.056,5640,1395,0,Transit
TOI-4791 b,4.28088,0.0555,734.18362017,12.44196858,1.242,6058,1472,0,Transit
TOI-181 b,4.532,0.053900000000000003,46.1687,6.9559,0.822,4994,895.1,0.1543,Transit
TIC 279401253 b,76.8,0.369,1951.46641898,11.2089807,1.13,5951,NA,0.448,Transit
TOI-561 d,25.71268,0.1587,13.33,2.615,0.806,NA,600,0.111,Transit
TOI-561 e,77.144,0.33,12.4,2.517,0.806,NA,416,0.074,Transit
TOI-5205 b,1.630757,0.0199,343,11.6,0.392,3430,737,0.02,Transit
TOI-1811 b,3.7130765,0.04389,308.9292116,11.14172682,0.817,4766,962.2,0.052,Transit
TOI-2145 b,10.261128,0.1117,1805.26535176,12.24020692,1.71,6206,NA,0.214,Transit
TOI-2152 A b,3.3773512,0.05064,899.45439181,14.35870428,1.516,6630,1802,0.057,Transit
TOI-2154 b,3.8240801,0.0513,292.40213444,16.28664896,1.233,6280,1580,0.117,Transit
TOI-2497 b,10.655669,0.1166,1531.93292174,11.14172682,1.859,7360,1595,0.195,Transit
TOI-4603 b,7.24599,0.0888,4096.80816623,11.67975789,1.765,6264,1677,0.325,Transit
K2-415 b,4.0179694,0.027,7.5,1.015,0.1635,3173,412.4,NA,Transit
TOI-4406 b,30.08364,0.201,95.3485221,11.2089807,1.19,6219,904,0.15,Transit
TOI-2338 b,22.65398,0.158,1900.61387386,11.2089807,0.99,5581,799,0.676,Transit
TOI-2589 b,61.6277,0.3,1112.3994245,12.10569916,0.93,5579,592,0.522,Transit
TOI-733 b,4.884765,0.0618,5.72,1.992,0.956,5585,1055.8,0.046,Transit
EPIC 229004835 b,16.141132,0.1237,10.4,2.332,0.97,5868,804,0.23,Transit
TOI-778 b,4.633611,0.06,878,15.4,1.4,6643,1561,0.21,Transit
TOI-1221 b,91.68278,0.387,1112.3994245,2.91,0.93,5592,440,0.21,Transit
TOI-244 b,7.397225,0.0559,2.68,1.52,0.428,3433,458,NA,Transit
LP 791-18 d,2.75485,0.01992,0.91,1.032,0.139,2960,NA,0.0011,Transit
HD 207496 b,6.441008,0.0629,6.1,2.25,0.8,4819,743,0.231,Transit
TOI-4127 b,56.39879,0.3081,731.0053361,12.28504285,1.23,6096,605.1,0.7471,Transit
TOI-5678 b,47.73022,0.249,20,4.91,0.905,5485,513,0.14,Transit
TOI-2498 b,3.738252,0.0491,34.62,6.06,1.12,5905,1443,0.089,Transit
TOI-1416 b,1.0697568,0.019,3.48,1.62,0.798,4884,1517,0,Transit
K2-416 b,13.102,0.088,1652.7077164,2.66,0.548,3746,447,NA,Transit
K2-417 b,6.535,0.063,699.2224954,3.31,0.569,3861,558,NA,Transit
TOI-615 b,4.6615983,0.0678,138.25535705,18.97680433,1.449,6850,1666,0.39,Transit
TOI-622 b,6.402513,0.0708,96.30200732,9.2362001,1.313,6400,1388,0.42,Transit
TOI-2641 b,4.880974,0.0607,122.6817651,18.10250383,1.16,6100,1387,0.18,Transit
HD 235088 b,7.4341325,0.0706,4.15,1.982,0.849,5075,NA,0,Transit
WASP-193 b,6.2463475,0.0668,35.59678158,14.78464554,1.018,6080,1250,0.081,Transit
TOI-2000 b,3.09833,0.04271,11,2.7,1.082,5611,1488,0,Transit
TOI-2000 c,9.127055,0.0878,81.7,8.14,1.082,5611,1038,0.063,Transit
TOI-784 b,2.7970365,0.038,9.67,1.93,0.91,5558,NA,0,Transit
HIP 9618 b,20.772858,0.145,8.3,3.82838127,0.942,5649,640.88,0,Transit
HIP 9618 c,52.56363,0.269,7,3.42855926,0.942,5649,470.31,0,Transit
TOI-2018 b,7.435583,NA,9.2,2.268,0.57,4174,NA,0,Transit
TOI-3785 b,4.6747373,0.043,14.95,5.14,0.52,3576,582,0.11,Transit
TOI-4010 b,1.348335,0.0229,11,3.02,0.88,4960,1441,0.03,Transit
TOI-4010 c,5.414654,0.058,20.31,5.93,0.88,4960,907,0.03,Transit
TOI-4010 d,14.70886,0.113,38.15,6.18,0.88,4960,650,0.07,Transit
WASP-84 c,1.4468849,0.02359,15.2,1.95,0.853,NA,1329,NA,Transit
TOI-908 b,3.183792,0.041657,16.137,3.186,0.95,5626,1317,0.132,Transit
HD 22946 d,47.42489,0.2958,26.57,2.607,1.098,6169,546,NA,Transit
TOI-3984 A b,4.353326,0.041,44,7.9,0.49,3476,563,0.23,Transit
TOI-5293 A b,2.930289,0.034,170.4,11.9,0.54,3586,675,0.38,Transit
TOI-1470 b,2.527093,0.0285,7.32,2.18,0.471,3709,734,0.3,Transit
TOI-1470 c,18.08816,0.106,7.24,2.47,0.471,3709,373,0.5,Transit
TOI-1052 b,9.139703,0.09103,16.9,2.87,1.204,6146,1135,0.18,Transit
TOI-2095 b,17.66484,0.101,4.1,1.25,0.44,3759,347,0,Transit
TOI-2095 c,28.17232,0.137,7.4,1.33,0.44,3759,297,0,Transit
TOI-4860 b,1.5227591,0.01808,86.7,8.7,0.34,3260,694,0.008,Transit
TOI-332 b,0.777038,0.0159,57.2,3.2,0.88,5251,1871,0,Transit
TOI-469.01,13.6308205,0.111,9.1,3.41,0.901,5289,716,NA,Transit
HIP 29442 c,3.5379559,0.04518,4.5,1.551,0.901,5289,1123,NA,Radial Velocity
HIP 29442 d,6.429575,0.0673,5.14,1.538,0.901,5289,920,NA,Radial Velocity
TOI-199 b,104.854,0.4254,54.03082919,9.07927437,0.936,5255,NA,0.09,Transit
TOI-4600 b,82.6869,0.349,959.84178914,6.8,0.89,5170,347,0.25,Transit
TOI-4600 c,482.8191,1.152,2946.26933289,9.42,0.89,5170,191,0.21,Transit
TOI-4201 b,3.5819194,0.04,788.21444936,13.67495645,0.61,3794,725,0.041,Transit
TOI-1408 b,4.42587,0.05778,593,25,1.312,6117,NA,0.0023,Transit
TOI-858 B b,3.2797178,0.04435,349.6112477,14.06727078,1.081,5842,1529,0.15,Transit
TOI-1853 b,1.2436258,0.0213,73.2,3.46,0.837,4985,1479,0.03,Transit
TOI-1194 b,2.3106446,0.034,120,8.71664516,0.9835,5394,1264.29,0,Transit
TOI-5344 b,3.792622,0.04041,130.94530368,10.60369574,0.612,3747,689,0.054,Transit
TOI-1420 b,6.9561063,0.071,25.1,11.89,0.987,5510,957,0.17,Transit
TOI-5398 c,4.77271,0.057,11.8,3.52,1.146,6000,1242,0.14,Transit
TOI-1801 b,10.64387,NA,5.738,2.079,0.556,3863,493.7,0,Transit
HD 110067 b,9.113678,0.0793,5.69,2.2,0.798,5266,800,NA,Transit
HD 110067 c,13.673694,0.1039,6.3,2.388,0.798,5266,699,NA,Transit
HD 110067 d,20.519617,0.1362,8.52,2.852,0.798,5266,602,NA,Transit
HD 110067 e,30.793091,0.1785,3.9,1.94,0.798,5266,533,NA,Transit
HD 110067 f,41.05854,0.2163,5.04,2.601,0.798,5266,489,NA,Transit
HD 110067 g,54.76992,0.2621,8.4,2.607,0.798,5266,440,NA,Transit
HD 88986 b,146.05,0.58,17.2,2.49,1.25,5861,460,0.24,Radial Velocity
TOI-2134 b,9.2292005,0.078,9.13,2.69,0.744,4580,666,0.06,Transit
TOI-2134 c,95.5,0.371,41.89,7.27,0.744,4580,306,0.67,Transit
TOI-2010 b,141.834025,0.5516,408.7273314,11.81426566,1.112,5929,400.2,0.212,Transit
TOI-2373 b,13.33668,0.112,2955.8041851,10.42435205,1.041,5651,860,0.112,Transit
TOI-2416 b,8.275479,0.0831,953.485221,9.86390302,1.118,5808,1080,0.32,Transit
TOI-2524 b,7.18585,0.073,203.41018048,11.2089807,1.007,5831,1100,0,Transit
GJ 806 b,0.9263237,0.01406,1.9,1.331,0.413,3600,940,NA,Transit
TOI-4641 b,22.09341,0.173,1229.99593509,8.18255591,1.41,6560,NA,0.074,Transit
TOI-1736 b,7.073076,0.073,12.3,3.18175535,1.0373000000000001,5636,1099.79,0,Transit
TOI-2141 b,18.261608,0.1322,20.1,3.147,0.896,5635,728,NA,Transit
TOI-4377 b,4.378081,0.0579,304.1617855,15.10970598,1.36,4974,NA,0.045,Transit
TOI-4551 b,9.95581,0.0994,473.56432643,11.85910158,1.31,4896,NA,0.101,Transit
Wolf 327 b,0.5734745,0.01,2.53,1.24,0.405,3542,996,0,Transit
TOI-1751 b,37.46852,0.215,19.5,2.9507845,0.9382,5970,651.64,0.327,Transit
TOI-1386 b,25.8401,0.173,45.8,6.2163865,1.0363,5735,615.03,0,Transit
Kepler-139 d,7.305699922,0.0755533961,4.65807623,1.695,1.078,NA,NA,0,Transit
TOI-238 b,1.273099,0.0212,3.37,1.559,0.781,5059,1378,NA,Transit
TOI-238 c,8.465651,0.0749,6.7,2.18,0.79,5059,696,0.36,Radial Velocity
TOI-1994 b,4.0337142,0.0613,7024.0077947,13.67495645,1.86,7700,2290,0.341,Transit
TOI-1347 b,0.84742346,NA,11.1,1.8,0.913,5464,1400,0,Transit
TOI-1347 c,4.841962,NA,6.4,1.6,0.913,5464,1000,0,Transit
TOI-1199 b,3.671463,0.04988,75.96098927,10.5140239,1.23,5710,1486,0.03,Transit
TOI-1273 b,4.631296,0.0549,70.55790635,11.09689089,1.06,5690,1211,0.055,Transit
TOI-4515 b,15.266446,0.118,637,12.17,0.949,5433,705,0.461,Transit
HD 77946 b,6.527363,0.073,10.9,2.89646124,1.1973,6007,1128.86,0.211,Transit
TOI-4438 b,7.44628,0.0534,5.4,2.52,0.368,3422,435,0.14,Transit
NGTS-30 b,98.29838,0.408,305.11527072,10.40193409,0.94,5455,500,0.294,Transit
TOI-771 b,2.3260155,0.0208,2.47,1.36,0.22,3370,543,0.055,Transit
KOI-2513.01,19.00547,0.5,7310.053361,2.80224517,0.91,5900,NA,0.36,Transit
TOI-4336 A b,16.336351,0.0849,3.33,2.137,0.306,3307,309.4,0,Transit
TIC 139270665 b,23.624,0.163,147.15455244,7.22979255,1.035,5844,703,0.105,Transit
TOI-815 b,11.197259,0.0903,7.6,2.94,0.776,4869,686,0.2,Transit
TOI-815 c,34.976145,0.193,23.5,2.62,0.776,4869,469,0.22,Transit
TOI-5720 b,1.4344555,0.018288,4.3,1.09,0.383,3325,708,NA,Transit
TOI-6008 b,0.8574347,0.010777,4,1.03,0.23,3075,707,NA,Transit
TOI-2015 b,3.348237,0.029322,9.2,3.309,0.3041,3297,530.9,0.0789,Transit
TOI-1450 A b,2.0439274,NA,1.258,1.13,0.48,3437,722,NA,Transit
TOI-4633 c,271.9445,0.847,123,3.2,1.1,5800,NA,0.117,Transit
Gliese 12 b,12.761418,NA,0.95,0.93,0.255,3328,NA,0.24,Transit
TOI-5076 b,23.443162,0.1481,16.14568308,3.48935569,0.789,4780,550,0,Transit
HD 73344 b,15.611,0.131,10.48,2.884,1.2,6252.6,911,0.03,Transit
TIC 393818343 b,16.24921,0.1291,1379.37528638,12.18416202,1.082,5756,805.5,0.6058,Transit
NGTS-26 b,4.5199279,0.049,92.80589484,14.88552637,0.96,5550,1331,0,Transit
NGTS-27 b,3.3704181,0.0446,188.47224535,15.64773706,1.07,5700,1783,0,Transit
TOI-2447 b,69.33684,0.347,124.90656395,9.60609646,1.034,5730,414,0.17,Transit
TOI-406.01,13.175682,0.0809,6.57,2.08,0.408,3392,368,0.056,Transit
TOI-654.01,1.527561,0.01944,8.71,2.378,0.419,3521,794,0,Transit
TOI-1410.01,1.21687,0.0207,12.5,3.10083009,0.7941,4635,1236.7,0,Transit
TOI-4495 c,5.18553,0.06323,23.2,4.03,1.247,6210,1365,0.023,Transit
TOI-5388.01,2.5946748,NA,2.2,0.99,0.292,3440,488,NA,Transit
TOI-782 b,8.0240015,0.0578,19.1,2.734,0.397,3370,435,0.19,Transit
TOI-1448 b,8.112245,0.0567,19.5,2.749,0.372,3412,426,0.36,Transit
TOI-2120 b,5.7998164,0.0377,6.8,2.122,0.211,3131,384,0.32,Transit
TIC 365102760 b,4.21285367,0.0622,19.2,6.21,1.17,4900,NA,0.406,Transit
BD-14 3065 b,4.2889731,0.0656,3932,21.59,1.41,6935,2001,0.066,Transit
TOI-663 b,2.598902,0.0295,4.45,2.27,0.514,3681,674,NA,Transit
TOI-663 c,4.6955507,0.0437,3.65,2.26,0.514,3681,553,NA,Transit
TOI-663 d,7.1027268,0.0576,5.2,1.92,0.514,3681,482,NA,Transit
TOI-2374 b,4.31361,0.0471,56.64,6.81,0.75,4802,885,0.13,Transit
TOI-3071 b,1.266938,0.0249,68.2,7.16,1.29,6177,2155,0.09,Transit
HIP 8152 b,10.751014,0.093,8.9,2.53625843,0.9373,5618,794.96,0,Transit
HIP 8152 c,19.60562,0.139,10.7,2.52442508,0.9373,5618,650.68,0.2,Transit
HD 25463 b,7.0491423,0.076,8.7,2.54535814,1.251,6353,1198.46,0,Transit
HD 25463 c,3.04405,0.0443,4.3,1.36354953,1.251,6353,1585.57,0,Transit
TOI-669 b,3.945152,0.048,10,2.58606487,0.9245,5597,1124.85,0,Transit
HD 6061 b,5.2549,0.06,10,2.42763557,1.0269,5934,1075.31,0,Transit
TOI-762 A b,3.4716826,0.03418,79.77493016,8.33948164,0.442,3266,555.4,0.083,Transit
TIC 46432937 b,1.4404452700000001,0.02065,1017.0509024,13.31626907,0.563,3572,872,0.009,Transit
TOI-329 b,5.70439,0.0638,40.4,4.94057819,1.0678,5614,1213.02,0.39,Transit
TOI-1836 b,20.380799,0.1597,38.45723725,8.00321222,1.307,6380,966,0,Transit
TOI-1836 c,1.7727471,0.03089,8,2.59987579,1.2518,6237,2007.6,0,Transit
TOI-260 b,13.475853,0.0943,4.23,1.71,0.616,4026,493,0,Transit
TOI-1898 b,45.52234,0.269,129,9.39553231,1.2484,6241,674.54,0.485,Transit
TOI-1753 b,5.3846104,0.059,16.6,2.47852533,0.9483,5621,1005.43,0,Transit
TOI-2019 b,15.3444,0.128,34.4,5.33275337,1.1832,5626,917.46,0,Transit
TOI-1823 b,38.8,0.212,67.4,7.5406241,0.8414,4927,423.63,0,Transit
TOI-1472 b,6.36338574,0.064,18.05,4.058,0.87,5100,891,0.041,Transit
TOI-480 b,6.866196,0.077,20.8,2.85372018,1.2793,6174,1198.94,0,Transit
TOI-1173 b,7.06466,0.0696,27.4,9.19,0.911,5350,868,0.023,Transit
TOI-1294 b,3.915292,0.051,63.9,10.12369881,1.1578,5718,1392.74,0,Transit
TOI-1439 b,27.644,0.192,38.5,4.2427861,1.2313,5841,748.4,0.157,Transit
TOI-1794 b,8.765528,0.082,8.7,3.29701268,0.9698,5631,992.91,0,Transit
TOI-1742 b,21.269084,0.154,9.7,2.36507598,1.0861,5815,694.09,0.3,Transit
TOI-1437 b,18.840942,0.14,9.6,2.24,1.1,6008,NA,0.17,Transit
TOI-1279 b,9.61419,0.085,10.6,2.66146528,0.8784,5457,759,0,Transit
TOI-1249 b,13.079151,0.109,11.9,3.2710301,1.0062,5497,726.89,0,Transit
TOI-1443 b,23.540678,0.147,30,2.30381001,0.7663,5224,520.66,0,Transit
TOI-2088 b,124.72997,0.472,37,3.6831179,0.9027,5081,300.33,0,Transit
TOI-1669 c,2.6800535,0.0376,13,2.2963977,0.9867,5497,1285.16,0,Transit
TOI-2128 b,16.34136,0.127,4.5,2.08874836,1.0251,5968,780.53,0,Transit
TOI-1451 b,16.537944,0.127,15.2,2.61143902,1.0022,5801,723.33,0,Transit
TOI-1824 b,22.808533,0.151,16,2.7438269,0.8801,5165,528.67,0,Transit
TOI-1269 b,4.2529913,0.0496,6.4,2.40144286,0.9027,5499,1004.9,0,Transit
TOI-1248 b,4.3601561,0.051,27.4,6.8084859,0.9042,5205,952.09,0,Transit
TOI-1775 b,10.2405549,0.08,96,8.04728896,0.9218,5284,707.89,0,Transit
TOI-1776 b,2.799868,0.0378,1.4,1.21612741,0.9196,5785,1269.21,0,Transit
TIC 241249530 b,165.7719,0.641,1582.78546686,13.29385111,1.271,6166,NA,0.9412,Transit
TOI-3261 b,0.8831331,0.01714,30.3,3.82,0.861,5068,1722,0,Transit
TOI-1855 b,1.36414864,0.02398,360.09958513,18.49481816,0.987,5359,1701,0.033,Transit
TOI-2107 b,2.4545467,0.03515,263.79757781,13.57407563,0.961,5627,1397,0.033,Transit
TOI-2368 b,5.1750073,0.05649,206.58846455,10.83908434,0.897,5360,1000,0.061,Transit
TOI-3321 b,3.6525145,0.047,176.07693748,15.55806521,1.041,5850,1616,0.054,Transit
TOI-3894 b,4.33454,0.05354,260.61929374,15.27784069,1.138,6000,1531,0.05,Transit
TOI-3919 b,7.433234,0.0795,1233.17421916,12.31866979,1.208,6100,1198,0.259,Transit
TOI-4153 b,4.6174141,0.06311,365.50266805,16.11851425,1.572,6860,1669,0.039,Transit
TOI-5232 b,4.0966692,0.05593,743.71847238,12.778238,1.389,6500,1772,0.035,Transit
TOI-5301 b,5.858858,0.073,1182.32167404,13.09208946,1.483,6240,1648,0.33,Transit
TOI-757 b,17.46819,0.122,10.5,2.5,0.8,5278,641,0.39,Transit
TOI-1408 c,2.1664,0.03587,7.6,2.22,1.312,6117,NA,0.1353,Transit Timing Variations
TOI-6255 b,0.23818244,NA,1.44,1.079,0.353,3421,NA,0,Transit
TOI-6029 b,5.7987,NA,519.64944544,14.39233122,1.548,6223,NA,0.091,Transit
TOI-4379 b,3.25352,NA,353.74301699,16.69017226,1.372,6020,NA,0.018,Transit
TOI-2529 b,64.5949,0.327,743.71847238,11.54525012,1.11,5802,636,0.021,Transit
TIC 4672985 b,69.048,0.33,4049.13390518,11.5004142,1.01,5757,517.2,0.018,Transit
K2-419 A b,20.35847252,0.1208,196,10.55,0.562,3711,377,0.042,Transit
TOI-6034 b,2.576184,0.02949,254,11.92,0.514,3635,714,0.04,Transit
TOI-5616 b,2.002849,0.0272,624,10.78,0.666,3996,939,0,Transit
TOI-5634 A b,2.2035373,0.0272,588,10.42,0.556,3896,837,0,Transit
TOI-5218 b,4.291452,0.0469,657,9.86,0.739,4230,783,0,Transit
TOI-2379 b,5.4693827,0.05263,1830.69162432,11.72459381,0.645,3707,624,0.342,Transit
TOI-2384 b,2.13570304,0.02793,624.85064816,11.48920522,0.635,3943,889.7,0,Transit
TOI-3568 b,4.417965,0.0485,26.4,5.3,0.78,4969,899,0.035,Transit
HD 21520 b,25.1292,0.1726,17.7,2.697,1.09,5871,637,0,Transit
TOI-4914 b,10.60057,0.098,227,12.87,1.03,5805,894,0.408,Transit
TOI-2714 b,2.499387,0.036,228,13.72,1.07,5665,1603,0.164,Transit
TOI-2981 b,3.601501,0.048,638,13.4,1.03,5940,1358,0.035,Transit
TOI-286 b,4.5117244,0.0503,4.53,1.42,0.832,5152,979,0,Transit
TOI-286 c,39.361826,0.213,3.72,1.88,0.832,5152,475,0,Transit
TOI-5005 b,6.3085044,0.06614,32.7,6.25,0.97,5749,1040,NA,Transit
TOI-2420 b,5.842641,0.0684,294.62693329,15.02003414,1.158,NA,1571.6,0.055,Transit
TOI-2485 b,11.23479,0.1093,766.60211768,12.1393261,1.163,NA,1134,0.0341,Transit
TOI-6651 b,5.056973,0.0633,61,5.09,1.323,5940,1493,0.091,Transit
TOI-6054.01,7.501428,0.0763,12.5,2.64,1.107,6047,1360,0.164,Transit
TOI-6054.02,12.563636,0.1079,9.3,2.82,1.107,6047,1143,0.332,Transit
TOI-2458 b,3.73659,0.0482,13.31,2.83,1.05,6005,1509.4,0.087,Transit
NGTS-33 b,2.827972,0.048,1153.71711741,18.38272835,1.6,7437,1991,0,Transit
TOI-4994 b,21.491984,0.1515,88.99195396,8.54124329,1.005,5640,717.6,0.319,Transit
TOI-406 c,3.307441,0.0322,2.08,1.32,0.408,3392,584,0.032,Transit
TOI-6383 A b,1.79058695,0.02292,331,11.29,0.458,3444,745,0.05,Transit
TOI-5688 A b,2.94815527,0.03379,124,10.3,0.6,3713,742,0.128,Transit
TOI-4504 c,82.97213,0.3569,1197.32317485,11.09689089,0.89,5315,NA,0.032,Transit
TOI-5108 b,6.753581,0.073,32,6.6,1.1,5808,1180,NA,Transit
TOI-5786 b,12.779107,0.114,73,8.54,1.23,6235,1040,NA,Transit
TOI-6038 A b,5.8267311,0.069,78.5,6.41,1.291,6110,1439,NA,Transit
TOI-1295 b,3.1968838,0.047,451.31633794,15.69257298,1.38,6280,2360,0.024,Transit
TOI-2580 b,3.39775,0.048,200.23189641,17.37392009,1.33,6120,2410,0.08,Transit
TOI-6016 b,4.023687,0.055,371.85923619,13.67495645,1.31,6110,1890,0,Transit
TOI-6130 b,2.3926789999999998,0.036,333.71982735,14.3474953,1.31,6110,1750,0.036,Transit
GJ 341 b,7.57686,NA,4,0.88,0.48,3770,NA,0,Transit
TOI-2295 b,30.033302,0.1992,278.09985612,16.47720163,1.168,5730,747,0.334,Transit
TOI-2537 b,94.1022,0.3715,415.40172795,11.25381662,0.771,4870,338,0.364,Transit
TOI-5110 b,30.158577,0.2157,921.7023803,11.98240037,1.469,6160,976,0.745,Transit
TOI-6628 b,18.18424,0.134,235.19302118,10.98480109,0.97,5463,833,0.67,Transit
TOI-3837 b,11.88865,0.099,187.51876013,10.87271128,0.89,5905,1178,0.221,Transit
TOI-5027 b,10.24368,0.093,642.01338214,10.76062147,1.02,5909,1056,0.385,Transit
TOI-2328 b,17.10197,0.127,50.85254512,9.97599282,0.95,5525,842,0.057,Transit
TOI-512 b,7.18886,NA,3.57,1.54,0.74,5277,1009,0.02,Transit
TOI-2443 b,15.66858,0.105,4.8,2.363,0.642,4375,519,0.301,Transit
TOI-1453 b,4.3135225,NA,2.32,1.173,0.715,4975,944.2,0,Transit
TOI-1453 c,6.5886982,NA,2.95,2.224,0.715,4975,819.8,0,Transit
TOI-7041 b,9.691,NA,114.41822652,11.43316031,1.07,4700,NA,0.04,Transit
ZTF J1230-2655 b,0.23597766,NA,7024.0077947,13.78704626,0.646,10000,NA,NA,Transit
ZTF J1828+2308 b,0.1120067,NA,6356.56814,11.13051784,0.61,15900,NA,NA,Transit
KOI-1843.03,0.1768913,NA,8,0.61,0.46,3584,NA,NA,Transit
WASP-102 b,2.709813,0.041,197.68926915,14.90794433,1.08,5990,1671,0,Transit
WASP-116 b,6.6132,0.065,203.41018048,13.67495645,1.25,6250,1414,0,Transit
WASP-149 b,1.332813,0.024,314.96795134,15.24421375,1.05,5750,1855,0,Transit
WASP-154 b,3.811678,0.044,198.96058278,10.76062147,0.8,4774,994,0,Transit
WASP-155 b,3.110413,0.043,276.8285425,13.45077684,1.09,5660,1468,0,Transit
WASP-188 b,5.748916,0.072,458.6263913,14.81827249,1.5,6850,1666,0,Transit
WASP-194 b,3.183387,0.047,373.13054982,15.47960235,1.29,6405,1693,0,Transit
WASP-195 b,5.051928,0.063,33.05415433,10.31226224,1.3,6300,1522,0,Transit
WASP-197 b,5.167228,0.065,403.32424848,14.44837612,1.36,6050,1665,0,Transit
TOI-3493 b,8.1594667,NA,8.97,3.22,1.023,5844,1102,NA,Transit
TOI-6324 b,0.279221,NA,1.17,1.059,0.269,3247,1216,0,Transit
TOI-2005 b,17.305904,0.16,2034.1018048,11.99360935,1.59,7130,NA,0.597,Transit
HD 35843 c,46.9622,0.25,11.32,2.54,0.94,5666,479,0.153,Transit
TOI-1803 b,6.293287,0.06,10.32,2.99,0.756,4687,747,0,Transit
TOI-1803 c,12.885779,0.097,8,4.29,0.756,4687,588,0,Transit
TOI-5573 b,8.79758977,0.0712,112,9.75,0.619,3790,528,0.072,Transit
TOI-6695 b,80.389,0.402,66.74396547,9.52763359,1.338,6400,599,0.04,Transit
TOI-6894 b,3.37077196,0.02604,53.39517238,9.5836785,0.207,3007,417.9,0.029,Transit
TOI-2969 b,1.8237146,0.0261,368.68095212,12.32987877,0.71,4738,1186,0,Transit
TOI-2989 b,3.122832,0.0384,953.485221,12.55405838,0.77,4672,1001,0,Transit
TOI-5300 b,2.262196,0.0295,190.6970442,9.86390302,0.67,4610,1043,0,Transit
TOI-1117 b,2.22816,0.033,8.9,2.46,0.97,5635,1538,0,Transit
TOI-5882 b,7.148972,0.0804,6995.40323807,11.46678726,1.334,5920,1515,0.0339,Transit
TOI-4465 b,101.94054,0.416,1872.00931723,14.01122587,0.93,5545,427,0.24,Transit
TOI-5800 b,2.6278838,0.0344,9.5,2.46,0.778,4850,1108,0.3,Transit
KOI-134 b,67.1277,0.363,346.43296363,12.03844527,1.407,6160,659,0.16,Transit
TOI-2346 b,3.3312029,0.0473,394.10722468,16.11851425,1.271,6480,1689,0.086,Transit
TOI-2382 b,4.6612061,0.059,235.19302118,12.25141591,1.26,6033,1426,0.18,Transit
TOI-2876 b,6.2996431,0.0654,54.03082919,9.6397234,0.939,5271,929,0.13,Transit
TOI-2886 b,1.60200105,0.02871,444.9597698,18.6405349,1.229,6240,1978,0.11,Transit
TOI-2986 b,3.2783662,0.04489,96.61983573,9.292245,1.122,5906,1622,0.14,Transit
TOI-2992 b,3.007812,0.0434,1058.36859531,13.75341932,1.21,6000,1726,0.089,Transit
TOI-3135 b,3.7065585,0.04756,327.36325921,13.65253849,1.044,5890,1292,0.24,Transit
TOI-3464 b,3.6515568,0.0515,397.28550875,13.7646283,1.363,6370,1693,0.25,Transit
TOI-3474 b,3.8795105,0.0502,193.87532827,14.67255574,1.121,6020,1451,0.13,Transit
TOI-3486 b,2.21778105,0.03138,99.16246298,10.5700688,0.837,4930,1190,0.078,Transit
TOI-3593 b,3.8212867,0.0481,565.73456446,11.02963701,1.015,5550,1170,0.105,Transit
TOI-3682 b,3.3462406,0.048,69.28659273,12.80065596,1.32,5703,1657,0.22,Transit
TOI-3856 b,2.04360352,0.0325,171.62733978,13.59649359,1.096,5622,1544,0.083,Transit
TOI-3877 b,4.123596,0.0529,99.7981198,11.67975789,1.16,5731,1445,0.22,Transit
TOI-3980 b,3.6089254,0.0494,187.51876013,14.4595851,1.24,5840,1621,0.16,Transit
TOI-4214 b,3.4913885,0.05018,165.27077164,10.68215861,1.382,6370,1642,0.17,Transit
TOI-4734 b,6.235633,0.074,61.65871096,10.9175472,1.391,6070,1468,0.12,Transit
TOI-4794 b,3.5658116,0.0492,308.29355479,14.35870428,1.25,6390,1673,0.1,Transit
TOI-4961 b,7.479182,0.0726,572.0911326,12.34108775,0.912,5380,919,0.182,Transit
TOI-5210 b,4.5661061,0.0557,81.99972901,10.72699453,1.105,5723,1286,0.066,Transit
TOI-5322 b,5.4233207,0.0604,184.02264765,16.6117094,0.998,5692,1350,0.055,Transit
TOI-5340 b,4.9394392,0.0628,270.15414595,15.07607904,1.35,5990,1566,0.13,Transit
TOI-5592 b,2.6085846,0.03935,285.72773789,17.14974047,1.194,6237,1789,0.062,Transit
TOI-2031 A b,5.71548654,0.066,254.2627256,14.20177855,1.174,6490,1358,0.076,Transit
TOI-2169 A b,8.2148282,0.0896,329.58805806,12.50922246,1.42,6270,1364,0.045,Transit
TOI-3160 A b,3.971281,0.0505,378.21580433,13.7646283,1.088,6190,1539,0.18,Transit
TOI-3523 A b,2.30458952,0.03559,435.42491759,15.9727975,1.131,6450,1984,0.047,Transit
TOI-4487 A b,3.9540709,0.05448,397.28550875,14.60530185,1.378,6206,1639,0.083,Transit
TOI-5181 A b,3.8922295,0.0522,330.54154328,13.34989601,1.25,6060,1585,0.15,Transit
TOI-5386 A b,3.62156552,0.04856,155.10026262,14.70618268,1.165,6094,1488,0.072,Transit
TOI-1238 b,0.764597,0.0139,3.76,1.21,0.59,4089,1133,0.25,Transit
TOI-1238 c,3.294736,0.037,8.32,2.11,0.59,4089,695,0.15,Transit
HD 135344 A b,NA,16.5,3178.28407,16.25302201,NA,9540,1585,0.5,Imaging
TOI-201 c,2800,4.28,4513.1633794,11.13051784,1.316,NA,NA,0.643,Transit Timing Variations
TOI-1011 b,2.470498,NA,4.04,1.45,0.91,5475,NA,0,Transit
TOI-5795 b,6.1406325,0.064,23.66,5.62,0.901,5715,1136.78,0.25,Transit
Ross 176 b,5.0066338,0.0464,4.57,1.84,0.577,4041,682,0.25,Transit
TOI-7149 b,2.65206166,0.02603,224,13.2,0.344,3363,593,0.078,Transit
TOI-5817 b,15.61031,0.1223,10.3,3.08,0.97,5770,950,0.2,Transit
TOI-1438 b,5.13967,0.0553,9.4,3.04,0.876,5230,971,0,Transit
TOI-1438 c,9.428089,0.083,10.6,2.75,0.876,5230,794,0,Transit
HD 224018 b,10.6413,0.0952,4.1,0.91,1.013,5784,968,0.06,Radial Velocity
HD 224018 c,36.57669,0.217,10.4,2.42,1.013,5784,641,0.02,Transit
HD 224018 d,138.0731,0.53,4.2,2.4,1.013,5784,411,0.04,Transit
TOI-2322 b,11.30717,0.0924,2.31,0.994,0.703,4664,603.1,0,Transit
TOI-2322 c,20.225528,0.1362,18.1,1.874,0.703,4664,496.8,0,Transit
TOI-6303 b,9.485236,0.0761,2493,11.59,0.644,3977,541,0.02,Transit
TOI-6330 b,6.8500246,0.05763,3179,10.89,0.531,3539,495,0.34,Transit
TOI-4773 b,1.7452851,0.03216,1687.66884117,15.22179579,1.452,6740,2255,0.024,Transit
TOI-5261 b,4.1509768,0.05134,3651.84839643,11.60129502,1.037,5790,1244,0.1585,Transit
TOI-5350 b,7.581367,0.0796,2094.48920213,12.41955062,1.167,6220,1195,0.0165,Transit
TOI-6420 b,6.961508,0.0753,2606.1929374,11.93756445,1.165,6020,1213,0.078,Transit
TOI-1203 b,4.1572888,0.04869,3.51,1.52,0.886,5737,1361.2,0.067,Radial Velocity
TOI-1203.01,25.502672,0.1632,7.39,2.918,0.886,5737,743.6,0.032,Transit
TOI-2449 b,106.14468,0.45,222,11.24,1.079,6021,400,0.098,Transit
NGTS-31 b,4.162734,0.064,355.96781584,18.04645893,0.96,5710,1410,0,Transit
NGTS-32 b,3.31211,0.044,181.16219199,15.91675259,1.07,5680,1750,0,Transit
HD 143811 AB b,117000,63,1938.7532827,15.69257298,1.32,6791,NA,0.19,Imaging
TOI-756 b,1.2392495,0.018,9.83,2.81,0.505,3657,934,0,Transit
TOI-283 b,17.61745,0.123,6.54,2.34,0.8,5213,661,0,Transit
TOI-2093 c,53.81149,0.257,15.8,2.3,0.745,4426,329,0,Transit
TOI-2345 b,1.0528573,0.01705,3.49,1.504,0.727,4687,1478,NA,Transit
TOI-2345 c,21.064302,0.1257,7.27,2.451,0.727,4687,544,NA,Transit
TOI-1422 c,34.5633,0.205,14,2.61,NA,NA,628,0.2,Radial Velocity
TOI-521 b,1.54285047,0.0195,5.3,1.98,0.42,3544,794,0,Transit
TOI-912 b,4.6780691,0.041,5.1,1.93,0.418,3572,551,0.58,Transit
TOI-7510 b,11.530869,0.1019,18.1,7.31,1.063,5720,878,0.0572,Transit
TOI-7510 c,22.5687423,0.1595,131,10.81,1.063,5720,702,0.0091,Transit
TOI-7510 d,48.864468,0.2672,190,10.52,1.063,5720,542.4,0.04,Transit
CD-35 2722 b,NA,67,9375.9380065,17.37392009,NA,3689,NA,NA,Imaging
TOI-333 b,3.7852503,0.049,20.1,4.26,1.2,6241,1445,0,Transit
TOI-1472 c,15.5381747,0.116,21.13,3.334,0.87,5100,662,0.172,Radial Velocity
TOI-1648 b,7.331602,0.0694,7.4,2.54,0.83,4850,799,0.178,Transit
TOI-6041 b,26.04945,0.1651,28.9,4.55,0.885,5445,605.6,NA,Transit
V2376 Ori b,NA,71,6356.56814,87.20586985,0.45,NA,2100,NA,Imaging
NGTS-34 b,43.12655,0.257,19.1,3.65,1.266,6134,624,NA,Transit
TOI-4940 b,25.867811,0.165,89,6.61,1.012,5504,643,NA,Transit
NGTS-35 b,25.241192,0.16,152,10.9,0.789,4717,451,0.192,Transit
TOI-3288 b,1.4338635,0.0215,670.61793877,11.2089807,0.64,3933,1059,0,Transit
TOI-4666 b,2.9089168,0.0333,222.4798849,12.44196858,0.58,3512,713,0,Transit
TOI-4507 b,104.61611,0.456,20,8.2,1.11,6260,NA,0.09,Transit
TOI-5349 b,3.317921,0.0369,127.4,10.2,0.61,3751,719,0.03,Transit
TOI-5789 c,12.927748,0.1009,5,2.86,0.821,5185,718,0.067,Transit
TOI-5422 b,5.377219,0.0619,8899.195396,9.10169233,1.066,5820,1369,0.094,Transit
TOI-1243 b,4.6594779,NA,7.7,2.33,0.515,3515,450,NA,Transit
TOI-4529 b,5.879577,NA,4.9,1.77,0.482,3697,511,NA,Transit
TOI-1774.01,16.70988,NA,8.5,2.78,0.991,5746,824,0.05,Transit
TOI-5788 b,6.340758,0.064,3.72,1.528,0.87,5615,910,0.061,Transit
TOI-5788 c,16.213362,0.1197,6.4,2.272,0.87,5615,667,0.046,Transit
TOI-6692 b,131.125,0.512,197.05361234,11.67975789,1.047,5890,467,0.537,Transit
TOI-4495 b,2.56699,0.03957,7.7,2.483,1.247,6210,1735,0.078,Transit
TOI-375 b,9.45469,0.099,236.78216321,10.77183045,1.441,5259.9,1373,0.087,Transit
TOI-5734 b,6.1841876,0.05921,9.1,2.1,0.724,4750,688,NA,Transit
LHS 1903 b,2.1555098,0.02656,3.28,1.382,0.538,3664,796,0.015,Transit
LHS 1903 c,6.226185,0.05387,4.55,2.046,0.538,3664,559,0.089,Transit
LHS 1903 d,12.566287,0.08604,5.96,2.5,0.538,3664,442,0.112,Transit
LHS 1903 e,29.31773,0.15135,5.79,1.732,0.538,3664,333,0.014,Transit
TOI-4336 A c,7.587266,0.05092,1.55,1.251,0.306,3307,399.5,0,Transit
TOI-1080 b,3.9652482,0.0272,10.7,1.2,0.1667,3065,368,NA,Transit
TOI-3862 b,1.55745774,0.02539,53.7,5.53,0.9,5300,1539,0.0232,Transit
