record_id,year,species_id,species,plot_id,plot_type,sex,weight
63,1977,DM,merriami,3,Long-term Krat Exclosure,M,40
64,1977,DM,merriami,7,Rodent Exclosure,M,48
65,1977,DM,merriami,4,Control,F,29
66,1977,DM,merriami,4,Control,F,46
67,1977,DM,merriami,7,Rodent Exclosure,M,36
68,1977,DO,ordii,8,Control,F,52
71,1977,DM,merriami,7,Rodent Exclosure,F,35
75,1977,DM,merriami,8,Control,F,22
79,1977,DM,merriami,7,Rodent Exclosure,F,42
82,1977,DM,merriami,4,Control,F,41
83,1977,DM,merriami,6,Short-term Krat Exclosure,F,37
84,1977,DM,merriami,19,Long-term Krat Exclosure,F,43
85,1977,DM,merriami,23,Rodent Exclosure,F,41
86,1977,DM,merriami,18,Short-term Krat Exclosure,F,40
88,1977,DM,merriami,18,Short-term Krat Exclosure,F,45
90,1977,DM,merriami,18,Short-term Krat Exclosure,M,29
92,1977,DM,merriami,6,Short-term Krat Exclosure,M,39
93,1977,DM,merriami,18,Short-term Krat Exclosure,NA,42
94,1977,DM,merriami,18,Short-term Krat Exclosure,F,43
95,1977,DM,merriami,23,Rodent Exclosure,M,46
96,1977,DM,merriami,12,Control,M,41
97,1977,DM,merriami,18,Short-term Krat Exclosure,M,41
98,1977,DM,merriami,5,Rodent Exclosure,M,40
99,1977,DM,merriami,11,Control,M,45
101,1977,DM,merriami,5,Rodent Exclosure,F,46
102,1977,DM,merriami,23,Rodent Exclosure,F,40
103,1977,DM,merriami,18,Short-term Krat Exclosure,F,30
105,1977,DM,merriami,19,Long-term Krat Exclosure,M,39
109,1977,DM,merriami,6,Short-term Krat Exclosure,M,34
111,1977,DM,merriami,11,Control,F,42
112,1977,DM,merriami,23,Rodent Exclosure,M,42
116,1977,DM,merriami,13,Short-term Krat Exclosure,F,31
146,1977,DM,merriami,13,Short-term Krat Exclosure,F,40
157,1977,DM,merriami,20,Short-term Krat Exclosure,M,37
158,1977,DM,merriami,22,Control,M,48
161,1977,DM,merriami,5,Rodent Exclosure,M,42
162,1977,DM,merriami,6,Short-term Krat Exclosure,F,45
164,1977,DM,merriami,22,Control,F,36
167,1977,DM,merriami,6,Short-term Krat Exclosure,M,42
168,1977,DM,merriami,12,Control,M,44
170,1977,DM,merriami,20,Short-term Krat Exclosure,F,41
173,1977,DM,merriami,12,Control,F,40
174,1977,DM,merriami,12,Control,M,34
175,1977,DM,merriami,19,Long-term Krat Exclosure,M,40
178,1977,DM,merriami,18,Short-term Krat Exclosure,M,44
179,1977,DM,merriami,12,Control,M,44
180,1977,DM,merriami,6,Short-term Krat Exclosure,M,36
181,1977,DM,merriami,20,Short-term Krat Exclosure,M,33
183,1977,DM,merriami,5,Rodent Exclosure,F,46
186,1977,DM,merriami,19,Long-term Krat Exclosure,F,35
187,1977,DM,merriami,17,Control,M,46
189,1977,DM,merriami,17,Control,F,37
190,1977,DM,merriami,7,Rodent Exclosure,M,34
192,1977,DM,merriami,4,Control,F,45
197,1977,DM,merriami,14,Control,M,51
198,1977,DM,merriami,4,Control,M,39
199,1977,DM,merriami,11,Control,M,29
202,1977,DM,merriami,17,Control,F,48
203,1977,DM,merriami,11,Control,M,46
204,1977,DM,merriami,16,Rodent Exclosure,F,41
208,1977,DM,merriami,14,Control,M,45
209,1977,DM,merriami,17,Control,F,42
210,1977,DM,merriami,11,Control,F,53
213,1977,DM,merriami,14,Control,F,49
215,1977,DM,merriami,14,Control,F,46
219,1977,DM,merriami,13,Short-term Krat Exclosure,M,48
226,1977,DM,merriami,2,Control,M,51
228,1977,DM,merriami,9,Spectab exclosure,M,50
229,1977,DM,merriami,13,Short-term Krat Exclosure,M,44
233,1977,DM,merriami,2,Control,M,44
234,1977,DM,merriami,9,Spectab exclosure,M,45
235,1977,DM,merriami,13,Short-term Krat Exclosure,F,45
243,1977,DM,merriami,6,Short-term Krat Exclosure,F,44
244,1977,DM,merriami,22,Control,F,42
245,1977,DM,merriami,2,Control,M,39
246,1977,DM,merriami,13,Short-term Krat Exclosure,M,47
249,1977,DM,merriami,13,Short-term Krat Exclosure,M,42
251,1977,DM,merriami,2,Control,M,49
253,1977,DM,merriami,20,Short-term Krat Exclosure,M,39
254,1977,DM,merriami,20,Short-term Krat Exclosure,F,43
255,1977,DM,merriami,18,Short-term Krat Exclosure,M,50
256,1977,DM,merriami,6,Short-term Krat Exclosure,M,41
257,1977,DM,merriami,2,Control,M,47
258,1977,DM,merriami,18,Short-term Krat Exclosure,F,37
259,1977,DM,merriami,2,Control,M,41
260,1977,DM,merriami,22,Control,F,36
261,1977,DM,merriami,6,Short-term Krat Exclosure,M,45
263,1977,DM,merriami,1,Spectab exclosure,M,40
265,1977,DM,merriami,9,Spectab exclosure,M,49
268,1977,DM,merriami,2,Control,F,55
269,1977,DM,merriami,6,Short-term Krat Exclosure,M,46
270,1977,DM,merriami,1,Spectab exclosure,F,38
273,1977,DM,merriami,9,Spectab exclosure,M,44
275,1977,DM,merriami,20,Short-term Krat Exclosure,M,41
280,1977,DM,merriami,18,Short-term Krat Exclosure,M,46
283,1977,DM,merriami,6,Short-term Krat Exclosure,M,36
284,1977,DM,merriami,13,Short-term Krat Exclosure,M,44
285,1977,DM,merriami,1,Spectab exclosure,M,53
287,1977,DM,merriami,17,Control,M,41
288,1977,DM,merriami,17,Control,M,48
289,1977,DM,merriami,14,Control,M,47
292,1977,DO,ordii,3,Long-term Krat Exclosure,F,33
293,1977,DM,merriami,4,Control,F,42
294,1977,DO,ordii,3,Long-term Krat Exclosure,F,50
295,1977,DM,merriami,11,Control,M,41
298,1977,DM,merriami,19,Long-term Krat Exclosure,M,49
302,1977,DM,merriami,19,Long-term Krat Exclosure,F,44
303,1977,DM,merriami,3,Long-term Krat Exclosure,M,31
304,1977,DM,merriami,21,Long-term Krat Exclosure,M,40
305,1977,DM,merriami,14,Control,F,40
306,1977,DM,merriami,16,Rodent Exclosure,M,23
307,1977,DM,merriami,19,Long-term Krat Exclosure,M,42
312,1977,DM,merriami,11,Control,F,42
313,1977,DM,merriami,19,Long-term Krat Exclosure,M,31
315,1977,DM,merriami,3,Long-term Krat Exclosure,M,39
316,1977,DM,merriami,15,Long-term Krat Exclosure,M,48
317,1977,DO,ordii,17,Control,F,48
318,1977,DM,merriami,17,Control,M,29
319,1977,DM,merriami,14,Control,M,45
320,1977,DM,merriami,17,Control,F,39
323,1977,DO,ordii,17,Control,F,31
328,1977,DM,merriami,16,Rodent Exclosure,F,43
330,1977,DM,merriami,5,Rodent Exclosure,M,43
334,1977,DM,merriami,5,Rodent Exclosure,F,45
336,1977,DM,merriami,12,Control,M,40
337,1977,DO,ordii,8,Control,F,41
338,1977,DM,merriami,12,Control,M,41
340,1977,DM,merriami,12,Control,F,39
342,1977,DM,merriami,16,Rodent Exclosure,M,25
345,1977,DM,merriami,22,Control,F,45
346,1977,DM,merriami,2,Control,F,36
347,1977,DM,merriami,6,Short-term Krat Exclosure,F,40
348,1977,DM,merriami,13,Short-term Krat Exclosure,M,44
350,1977,DM,merriami,2,Control,M,47
352,1977,DM,merriami,1,Spectab exclosure,M,40
354,1977,DM,merriami,2,Control,M,44
356,1977,DO,ordii,1,Spectab exclosure,F,44
357,1977,DS,spectabilis,9,Spectab exclosure,F,117
359,1977,DM,merriami,18,Short-term Krat Exclosure,M,40
360,1977,DM,merriami,20,Short-term Krat Exclosure,F,39
361,1977,DM,merriami,2,Control,F,40
362,1977,DS,spectabilis,1,Spectab exclosure,F,121
364,1977,DM,merriami,9,Spectab exclosure,M,46
365,1977,DM,merriami,1,Spectab exclosure,F,35
367,1977,DS,spectabilis,20,Short-term Krat Exclosure,M,115
369,1977,DM,merriami,20,Short-term Krat Exclosure,F,39
370,1977,DM,merriami,9,Spectab exclosure,M,40
371,1977,DM,merriami,13,Short-term Krat Exclosure,M,40
372,1977,DM,merriami,22,Control,F,35
373,1977,DM,merriami,6,Short-term Krat Exclosure,M,36
374,1977,DM,merriami,18,Short-term Krat Exclosure,M,44
377,1977,DS,spectabilis,9,Spectab exclosure,F,120
378,1977,DO,ordii,1,Spectab exclosure,M,48
379,1977,DM,merriami,14,Control,M,44
380,1977,DM,merriami,17,Control,F,38
381,1977,DS,spectabilis,17,Control,F,118
382,1977,DM,merriami,17,Control,M,40
383,1977,DS,spectabilis,11,Control,F,126
384,1977,DM,merriami,11,Control,M,37
385,1977,DS,spectabilis,17,Control,M,132
388,1977,DM,merriami,11,Control,F,39
389,1977,DS,spectabilis,14,Control,F,113
392,1977,DS,spectabilis,11,Control,F,122
394,1977,DS,spectabilis,4,Control,F,107
395,1977,DM,merriami,14,Control,M,43
396,1977,DM,merriami,14,Control,F,40
398,1977,DS,spectabilis,4,Control,F,115
399,1977,DM,merriami,17,Control,F,39
404,1977,DM,merriami,12,Control,M,40
407,1977,DS,spectabilis,5,Rodent Exclosure,F,116
409,1977,DM,merriami,12,Control,F,38
410,1977,DS,spectabilis,5,Rodent Exclosure,M,137
411,1977,DM,merriami,5,Rodent Exclosure,M,42
412,1977,DS,spectabilis,5,Rodent Exclosure,M,126
413,1977,DS,spectabilis,8,Control,F,112
414,1977,DO,ordii,8,Control,F,39
415,1977,DM,merriami,5,Rodent Exclosure,F,41
420,1977,DM,merriami,13,Short-term Krat Exclosure,F,48
421,1977,DS,spectabilis,9,Spectab exclosure,F,121
422,1977,DM,merriami,2,Control,F,42
423,1977,DM,merriami,13,Short-term Krat Exclosure,M,42
424,1977,DM,merriami,2,Control,M,52
425,1977,DM,merriami,20,Short-term Krat Exclosure,F,38
426,1977,DM,merriami,22,Control,M,45
427,1977,DM,merriami,2,Control,F,37
428,1977,DO,ordii,9,Spectab exclosure,F,40
429,1977,DM,merriami,1,Spectab exclosure,M,38
433,1977,DM,merriami,9,Spectab exclosure,M,44
436,1977,DM,merriami,18,Short-term Krat Exclosure,F,33
437,1977,DM,merriami,18,Short-term Krat Exclosure,F,38
438,1977,DM,merriami,2,Control,M,47
439,1977,DM,merriami,20,Short-term Krat Exclosure,F,39
443,1977,DM,merriami,13,Short-term Krat Exclosure,M,42
444,1977,DM,merriami,6,Short-term Krat Exclosure,M,36
447,1977,DM,merriami,18,Short-term Krat Exclosure,M,44
448,1977,DS,spectabilis,20,Short-term Krat Exclosure,M,116
449,1977,DM,merriami,2,Control,M,43
450,1977,DO,ordii,1,Spectab exclosure,M,45
451,1977,DS,spectabilis,9,Spectab exclosure,F,116
453,1977,DM,merriami,9,Spectab exclosure,M,42
454,1977,DM,merriami,1,Spectab exclosure,F,38
460,1977,DS,spectabilis,12,Control,F,114
461,1977,DM,merriami,14,Control,M,41
462,1977,DM,merriami,17,Control,M,40
463,1977,DS,spectabilis,4,Control,M,134
464,1977,DS,spectabilis,5,Rodent Exclosure,M,139
466,1977,DS,spectabilis,4,Control,F,118
467,1977,DO,ordii,8,Control,F,41
468,1977,DM,merriami,11,Control,M,37
472,1977,DS,spectabilis,11,Control,F,127
476,1977,DS,spectabilis,8,Control,F,120
477,1977,DS,spectabilis,17,Control,F,115
479,1977,DM,merriami,14,Control,F,40
480,1977,DS,spectabilis,14,Control,F,114
481,1977,DM,merriami,17,Control,F,37
482,1977,DM,merriami,17,Control,M,46
483,1977,DS,spectabilis,8,Control,M,149
484,1977,DM,merriami,11,Control,F,38
485,1977,DS,spectabilis,11,Control,M,127
487,1977,DM,merriami,12,Control,F,36
488,1977,DM,merriami,12,Control,M,41
490,1977,DM,merriami,14,Control,M,44
491,1977,DS,spectabilis,11,Control,M,138
492,1977,DS,spectabilis,12,Control,M,110
493,1977,DS,spectabilis,4,Control,F,110
496,1977,DM,merriami,17,Control,F,37
499,1977,DS,spectabilis,11,Control,F,121
502,1977,DM,merriami,5,Rodent Exclosure,F,43
505,1978,DM,merriami,13,Short-term Krat Exclosure,M,43
507,1978,DM,merriami,2,Control,M,44
508,1978,DM,merriami,20,Short-term Krat Exclosure,F,36
511,1978,DM,merriami,2,Control,M,38
512,1978,DS,spectabilis,9,Spectab exclosure,F,122
515,1978,DO,ordii,9,Spectab exclosure,F,42
516,1978,DM,merriami,9,Spectab exclosure,M,46
518,1978,DM,merriami,2,Control,M,38
519,1978,DM,merriami,2,Control,M,48
521,1978,DM,merriami,2,Control,M,43
522,1978,DM,merriami,2,Control,F,35
523,1978,DM,merriami,2,Control,M,43
525,1978,DM,merriami,6,Short-term Krat Exclosure,M,36
526,1978,DS,spectabilis,9,Spectab exclosure,F,117
527,1978,DM,merriami,2,Control,F,37
528,1978,DS,spectabilis,20,Short-term Krat Exclosure,M,122
529,1978,DM,merriami,9,Spectab exclosure,M,43
530,1978,DM,merriami,13,Short-term Krat Exclosure,M,42
533,1978,DM,merriami,2,Control,M,45
538,1978,DM,merriami,17,Control,M,40
539,1978,DM,merriami,17,Control,F,37
540,1978,DS,spectabilis,17,Control,F,117
541,1978,DM,merriami,11,Control,M,40
542,1978,DM,merriami,1,Spectab exclosure,M,40
543,1978,DS,spectabilis,4,Control,M,132
545,1978,DM,merriami,1,Spectab exclosure,F,36
548,1978,DS,spectabilis,8,Control,M,150
549,1978,DM,merriami,11,Control,M,44
550,1978,DM,merriami,14,Control,F,40
551,1978,DS,spectabilis,4,Control,F,126
552,1978,DS,spectabilis,11,Control,F,122
553,1978,DS,spectabilis,8,Control,F,136
555,1978,DS,spectabilis,14,Control,F,116
556,1978,DM,merriami,17,Control,F,38
557,1978,DM,merriami,11,Control,F,39
558,1978,DS,spectabilis,1,Spectab exclosure,F,135
559,1978,DM,merriami,14,Control,M,46
560,1978,DS,spectabilis,17,Control,M,133
561,1978,DS,spectabilis,11,Control,M,136
564,1978,DS,spectabilis,18,Short-term Krat Exclosure,F,141
566,1978,DM,merriami,18,Short-term Krat Exclosure,F,38
567,1978,DM,merriami,12,Control,F,35
569,1978,DS,spectabilis,5,Rodent Exclosure,M,135
571,1978,DM,merriami,18,Short-term Krat Exclosure,F,33
572,1978,DM,merriami,18,Short-term Krat Exclosure,M,51
573,1978,DS,spectabilis,5,Rodent Exclosure,F,122
574,1978,DM,merriami,18,Short-term Krat Exclosure,F,33
575,1978,DM,merriami,18,Short-term Krat Exclosure,M,47
576,1978,DM,merriami,18,Short-term Krat Exclosure,M,49
578,1978,DM,merriami,18,Short-term Krat Exclosure,M,46
579,1978,DM,merriami,5,Rodent Exclosure,F,45
580,1978,DM,merriami,12,Control,M,41
585,1978,DS,spectabilis,2,Control,M,157
586,1978,DM,merriami,13,Short-term Krat Exclosure,M,51
589,1978,DM,merriami,20,Short-term Krat Exclosure,F,38
592,1978,DM,merriami,22,Control,M,45
593,1978,DM,merriami,2,Control,M,52
594,1978,DM,merriami,9,Spectab exclosure,M,50
595,1978,DM,merriami,2,Control,M,51
596,1978,DS,spectabilis,9,Spectab exclosure,F,126
597,1978,DM,merriami,20,Short-term Krat Exclosure,F,39
600,1978,DM,merriami,2,Control,F,40
601,1978,DM,merriami,2,Control,M,41
602,1978,DM,merriami,13,Short-term Krat Exclosure,M,46
607,1978,DM,merriami,5,Rodent Exclosure,F,39
608,1978,DM,merriami,17,Control,F,42
610,1978,DM,merriami,17,Control,M,39
614,1978,DS,spectabilis,4,Control,F,124
615,1978,DS,spectabilis,5,Rodent Exclosure,F,114
616,1978,DM,merriami,11,Control,M,44
617,1978,DM,merriami,11,Control,M,48
619,1978,DM,merriami,14,Control,F,44
620,1978,DS,spectabilis,8,Control,F,132
622,1978,DS,spectabilis,17,Control,F,137
624,1978,DM,merriami,4,Control,M,39
625,1978,DM,merriami,5,Rodent Exclosure,F,56
633,1978,DS,spectabilis,8,Control,M,154
635,1978,DM,merriami,15,Long-term Krat Exclosure,M,49
636,1978,DM,merriami,18,Short-term Krat Exclosure,F,44
637,1978,DM,merriami,18,Short-term Krat Exclosure,F,35
638,1978,DM,merriami,12,Control,F,36
639,1978,DM,merriami,1,Spectab exclosure,F,39
640,1978,DS,spectabilis,12,Control,F,133
641,1978,DM,merriami,15,Long-term Krat Exclosure,M,50
642,1978,DM,merriami,1,Spectab exclosure,M,43
643,1978,DM,merriami,15,Long-term Krat Exclosure,F,40
644,1978,DM,merriami,18,Short-term Krat Exclosure,M,45
645,1978,DM,merriami,12,Control,M,44
647,1978,DS,spectabilis,1,Spectab exclosure,F,144
648,1978,DM,merriami,16,Rodent Exclosure,F,46
649,1978,DM,merriami,16,Rodent Exclosure,M,48
651,1978,DM,merriami,20,Short-term Krat Exclosure,M,45
653,1978,DS,spectabilis,22,Control,F,133
654,1978,DM,merriami,22,Control,F,40
656,1978,DS,spectabilis,9,Spectab exclosure,F,128
657,1978,DS,spectabilis,2,Control,M,153
660,1978,DM,merriami,2,Control,M,53
664,1978,DM,merriami,2,Control,M,43
665,1978,DM,merriami,20,Short-term Krat Exclosure,F,43
667,1978,DM,merriami,20,Short-term Krat Exclosure,F,42
669,1978,DS,spectabilis,9,Spectab exclosure,F,146
674,1978,DS,spectabilis,20,Short-term Krat Exclosure,M,122
677,1978,DS,spectabilis,5,Rodent Exclosure,M,137
678,1978,DS,spectabilis,4,Control,M,131
679,1978,DS,spectabilis,5,Rodent Exclosure,F,125
684,1978,DM,merriami,4,Control,M,43
687,1978,DS,spectabilis,5,Rodent Exclosure,F,69
688,1978,DS,spectabilis,4,Control,F,141
689,1978,DS,spectabilis,11,Control,M,138
690,1978,DM,merriami,11,Control,M,43
691,1978,DS,spectabilis,4,Control,F,124
694,1978,DM,merriami,11,Control,F,43
696,1978,DM,merriami,5,Rodent Exclosure,F,45
697,1978,DM,merriami,11,Control,M,46
699,1978,DM,merriami,5,Rodent Exclosure,F,43
700,1978,DM,merriami,5,Rodent Exclosure,M,49
702,1978,DM,merriami,5,Rodent Exclosure,M,47
710,1978,DS,spectabilis,8,Control,M,152
711,1978,DM,merriami,18,Short-term Krat Exclosure,F,44
712,1978,DM,merriami,15,Long-term Krat Exclosure,M,48
714,1978,DM,merriami,15,Long-term Krat Exclosure,F,44
715,1978,DM,merriami,18,Short-term Krat Exclosure,M,49
716,1978,DM,merriami,15,Long-term Krat Exclosure,M,45
717,1978,DM,merriami,1,Spectab exclosure,F,51
718,1978,DO,ordii,8,Control,M,57
720,1978,DS,spectabilis,8,Control,F,134
721,1978,DM,merriami,1,Spectab exclosure,F,44
724,1978,DM,merriami,15,Long-term Krat Exclosure,M,48
725,1978,DS,spectabilis,1,Spectab exclosure,F,146
726,1978,DM,merriami,18,Short-term Krat Exclosure,F,37
729,1978,DM,merriami,15,Long-term Krat Exclosure,M,46
731,1978,DS,spectabilis,2,Control,F,110
770,1978,DM,merriami,4,Control,M,26
771,1978,DM,merriami,4,Control,M,44
773,1978,DM,merriami,5,Rodent Exclosure,M,48
774,1978,DM,merriami,5,Rodent Exclosure,M,39
775,1978,DM,merriami,5,Rodent Exclosure,M,44
776,1978,DM,merriami,5,Rodent Exclosure,M,45
778,1978,DM,merriami,8,Control,M,36
780,1978,DM,merriami,11,Control,M,51
781,1978,DM,merriami,11,Control,F,45
782,1978,DM,merriami,11,Control,M,47
783,1978,DS,spectabilis,14,Control,F,90
785,1978,DM,merriami,17,Control,M,49
786,1978,DS,spectabilis,11,Control,M,131
787,1978,DS,spectabilis,5,Rodent Exclosure,F,114
788,1978,DM,merriami,17,Control,M,42
789,1978,DS,spectabilis,8,Control,M,148
790,1978,DS,spectabilis,5,Rodent Exclosure,F,76
791,1978,DS,spectabilis,5,Rodent Exclosure,M,141
792,1978,DM,merriami,17,Control,F,42
793,1978,DS,spectabilis,4,Control,F,121
794,1978,DM,merriami,11,Control,M,44
795,1978,DO,ordii,17,Control,F,55
796,1978,DS,spectabilis,4,Control,M,133
797,1978,DS,spectabilis,17,Control,M,142
798,1978,DS,spectabilis,8,Control,F,142
799,1978,DM,merriami,11,Control,F,46
800,1978,DM,merriami,5,Rodent Exclosure,F,50
801,1978,DS,spectabilis,14,Control,F,142
803,1978,DS,spectabilis,4,Control,F,84
804,1978,DM,merriami,4,Control,M,42
805,1978,DS,spectabilis,17,Control,F,142
806,1978,DS,spectabilis,4,Control,F,118
807,1978,DM,merriami,17,Control,F,43
808,1978,DS,spectabilis,11,Control,F,132
809,1978,DS,spectabilis,11,Control,F,75
810,1978,DM,merriami,14,Control,F,49
814,1978,DS,spectabilis,1,Spectab exclosure,M,168
815,1978,DM,merriami,1,Spectab exclosure,F,43
816,1978,DS,spectabilis,18,Short-term Krat Exclosure,F,84
818,1978,DS,spectabilis,1,Spectab exclosure,F,87
819,1978,DS,spectabilis,12,Control,F,117
820,1978,DM,merriami,18,Short-term Krat Exclosure,F,42
821,1978,DM,merriami,16,Rodent Exclosure,F,41
822,1978,DS,spectabilis,1,Spectab exclosure,F,140
823,1978,DM,merriami,18,Short-term Krat Exclosure,F,40
824,1978,DM,merriami,12,Control,M,45
827,1978,DM,merriami,15,Long-term Krat Exclosure,M,47
828,1978,DM,merriami,18,Short-term Krat Exclosure,NA,48
829,1978,DS,spectabilis,1,Spectab exclosure,M,89
830,1978,DM,merriami,18,Short-term Krat Exclosure,M,51
834,1978,DM,merriami,22,Control,M,47
835,1978,DS,spectabilis,2,Control,M,149
836,1978,DS,spectabilis,9,Spectab exclosure,F,124
837,1978,DS,spectabilis,6,Short-term Krat Exclosure,F,73
838,1978,DM,merriami,2,Control,M,48
839,1978,DS,spectabilis,9,Spectab exclosure,M,139
840,1978,DM,merriami,6,Short-term Krat Exclosure,M,41
841,1978,DS,spectabilis,20,Short-term Krat Exclosure,M,123
842,1978,DM,merriami,2,Control,F,41
843,1978,DS,spectabilis,22,Control,F,114
844,1978,DS,spectabilis,9,Spectab exclosure,F,59
846,1978,DS,spectabilis,9,Spectab exclosure,F,90
847,1978,DM,merriami,20,Short-term Krat Exclosure,M,45
849,1978,DM,merriami,2,Control,M,43
850,1978,DS,spectabilis,22,Control,F,91
851,1978,DS,spectabilis,9,Spectab exclosure,M,50
852,1978,DM,merriami,13,Short-term Krat Exclosure,M,44
853,1978,DS,spectabilis,9,Spectab exclosure,F,113
854,1978,DM,merriami,9,Spectab exclosure,M,36
855,1978,DS,spectabilis,9,Spectab exclosure,F,90
856,1978,DM,merriami,9,Spectab exclosure,F,50
862,1978,DS,spectabilis,5,Rodent Exclosure,M,137
863,1978,DS,spectabilis,5,Rodent Exclosure,M,57
864,1978,DS,spectabilis,12,Control,F,121
865,1978,DM,merriami,20,Short-term Krat Exclosure,F,31
866,1978,DM,merriami,12,Control,F,41
867,1978,DM,merriami,6,Short-term Krat Exclosure,M,37
868,1978,DS,spectabilis,6,Short-term Krat Exclosure,F,83
870,1978,DS,spectabilis,22,Control,F,116
871,1978,DS,spectabilis,6,Short-term Krat Exclosure,F,74
872,1978,DS,spectabilis,20,Short-term Krat Exclosure,M,130
874,1978,DM,merriami,20,Short-term Krat Exclosure,M,40
876,1978,DM,merriami,6,Short-term Krat Exclosure,M,41
877,1978,DS,spectabilis,12,Control,F,83
880,1978,DM,merriami,16,Rodent Exclosure,M,48
881,1978,DM,merriami,18,Short-term Krat Exclosure,F,41
882,1978,DS,spectabilis,11,Control,M,118
884,1978,DS,spectabilis,18,Short-term Krat Exclosure,M,102
885,1978,DM,merriami,11,Control,M,42
887,1978,DM,merriami,11,Control,F,29
888,1978,DM,merriami,17,Control,M,23
889,1978,DS,spectabilis,18,Short-term Krat Exclosure,F,138
890,1978,DS,spectabilis,17,Control,M,131
891,1978,DM,merriami,17,Control,M,41
892,1978,DS,spectabilis,17,Control,F,115
893,1978,DS,spectabilis,14,Control,F,121
894,1978,DM,merriami,17,Control,F,38
895,1978,DS,spectabilis,4,Control,M,126
896,1978,DS,spectabilis,4,Control,F,120
898,1978,DM,merriami,11,Control,F,29
899,1978,DM,merriami,18,Short-term Krat Exclosure,F,43
900,1978,DM,merriami,15,Long-term Krat Exclosure,M,41
901,1978,DS,spectabilis,4,Control,F,68
902,1978,DS,spectabilis,4,Control,M,83
904,1978,DS,spectabilis,11,Control,F,97
905,1978,DM,merriami,17,Control,M,21
906,1978,DM,merriami,11,Control,M,21
907,1978,DM,merriami,14,Control,F,44
908,1978,DO,ordii,17,Control,M,18
909,1978,DM,merriami,4,Control,M,40
910,1978,DM,merriami,17,Control,F,41
911,1978,DS,spectabilis,9,Spectab exclosure,F,129
912,1978,DS,spectabilis,2,Control,M,148
913,1978,DM,merriami,1,Spectab exclosure,M,42
914,1978,DM,merriami,2,Control,F,41
916,1978,DS,spectabilis,8,Control,F,108
917,1978,DS,spectabilis,1,Spectab exclosure,M,160
919,1978,DO,ordii,8,Control,M,54
921,1978,DS,spectabilis,8,Control,F,125
922,1978,DS,spectabilis,1,Spectab exclosure,M,100
923,1978,DM,merriami,1,Spectab exclosure,M,21
924,1978,DM,merriami,2,Control,M,49
925,1978,DM,merriami,9,Spectab exclosure,M,35
926,1978,DO,ordii,1,Spectab exclosure,M,37
927,1978,DS,spectabilis,9,Spectab exclosure,F,64
928,1978,DS,spectabilis,1,Spectab exclosure,F,131
929,1978,DS,spectabilis,1,Spectab exclosure,M,54
930,1978,DM,merriami,2,Control,M,44
931,1978,DS,spectabilis,9,Spectab exclosure,F,90
932,1978,DM,merriami,1,Spectab exclosure,F,39
934,1978,DS,spectabilis,2,Control,F,114
937,1978,DS,spectabilis,12,Control,M,90
938,1978,DM,merriami,20,Short-term Krat Exclosure,M,46
939,1978,DS,spectabilis,8,Control,F,110
940,1978,DS,spectabilis,11,Control,M,119
941,1978,DM,merriami,17,Control,M,29
942,1978,DM,merriami,20,Short-term Krat Exclosure,M,48
944,1978,DS,spectabilis,9,Spectab exclosure,F,124
945,1978,DS,spectabilis,12,Control,F,84
946,1978,DM,merriami,11,Control,F,43
947,1978,DM,merriami,17,Control,F,43
948,1978,DM,merriami,9,Spectab exclosure,M,40
949,1978,DS,spectabilis,22,Control,F,120
950,1978,DO,ordii,8,Control,F,55
952,1978,DM,merriami,20,Short-term Krat Exclosure,F,26
953,1978,DS,spectabilis,12,Control,F,115
954,1978,DM,merriami,22,Control,M,45
955,1978,DS,spectabilis,9,Spectab exclosure,M,70
956,1978,DS,spectabilis,17,Control,F,123
957,1978,DM,merriami,12,Control,F,16
958,1978,DM,merriami,20,Short-term Krat Exclosure,F,42
959,1978,DS,spectabilis,8,Control,F,125
960,1978,DM,merriami,12,Control,M,19
961,1978,DO,ordii,8,Control,M,55
962,1978,DS,spectabilis,22,Control,F,117
963,1978,DS,spectabilis,17,Control,M,133
964,1978,DM,merriami,9,Spectab exclosure,M,36
965,1978,DS,spectabilis,9,Spectab exclosure,F,71
966,1978,DM,merriami,17,Control,M,29
967,1978,DS,spectabilis,22,Control,F,99
970,1978,DM,merriami,12,Control,F,39
972,1978,DS,spectabilis,9,Spectab exclosure,F,94
973,1978,DS,spectabilis,9,Spectab exclosure,F,100
974,1978,DS,spectabilis,11,Control,F,98
975,1978,DM,merriami,17,Control,F,43
977,1978,DO,ordii,17,Control,M,23
979,1978,DM,merriami,11,Control,M,26
980,1978,DS,spectabilis,20,Short-term Krat Exclosure,M,124
982,1978,DS,spectabilis,12,Control,F,84
987,1978,DM,merriami,6,Short-term Krat Exclosure,M,24
989,1978,DS,spectabilis,4,Control,M,122
992,1978,DM,merriami,14,Control,M,46
993,1978,DS,spectabilis,2,Control,M,149
994,1978,DM,merriami,18,Short-term Krat Exclosure,F,23
996,1978,DS,spectabilis,18,Short-term Krat Exclosure,F,136
997,1978,DS,spectabilis,18,Short-term Krat Exclosure,M,102
998,1978,DS,spectabilis,14,Control,F,122
999,1978,DM,merriami,18,Short-term Krat Exclosure,F,40
1000,1978,DS,spectabilis,5,Rodent Exclosure,F,71
1001,1978,DM,merriami,18,Short-term Krat Exclosure,F,42
1003,1978,DS,spectabilis,1,Spectab exclosure,M,160
1004,1978,DS,spectabilis,6,Short-term Krat Exclosure,F,82
1005,1978,DS,spectabilis,5,Rodent Exclosure,M,134
1006,1978,DM,merriami,6,Short-term Krat Exclosure,M,38
1007,1978,DM,merriami,1,Spectab exclosure,F,40
1008,1978,DM,merriami,18,Short-term Krat Exclosure,F,37
1010,1978,DS,spectabilis,13,Short-term Krat Exclosure,F,107
1011,1978,DS,spectabilis,1,Spectab exclosure,M,100
1012,1978,DS,spectabilis,6,Short-term Krat Exclosure,M,32
1013,1978,DO,ordii,1,Spectab exclosure,M,38
1014,1978,DS,spectabilis,6,Short-term Krat Exclosure,F,73
1015,1978,DS,spectabilis,1,Spectab exclosure,F,134
1016,1978,DS,spectabilis,4,Control,F,119
1017,1978,DM,merriami,5,Rodent Exclosure,F,50
1018,1978,DM,merriami,2,Control,M,43
1019,1978,DS,spectabilis,1,Spectab exclosure,F,59
1020,1978,DM,merriami,16,Rodent Exclosure,M,48
1021,1978,DS,spectabilis,1,Spectab exclosure,M,58
1022,1978,DM,merriami,6,Short-term Krat Exclosure,M,41
1023,1978,DS,spectabilis,4,Control,F,81
1024,1978,DS,spectabilis,4,Control,M,93
1025,1978,DM,merriami,14,Control,M,28
1028,1978,DM,merriami,13,Short-term Krat Exclosure,F,24
1031,1978,DS,spectabilis,9,Spectab exclosure,F,127
1033,1978,DM,merriami,12,Control,F,44
1034,1978,DM,merriami,17,Control,M,35
1035,1978,DM,merriami,12,Control,M,17
1036,1978,DS,spectabilis,12,Control,F,122
1037,1978,DS,spectabilis,11,Control,M,122
1038,1978,DM,merriami,20,Short-term Krat Exclosure,F,32
1039,1978,DM,merriami,11,Control,F,48
1040,1978,DS,spectabilis,12,Control,M,95
1041,1978,DM,merriami,17,Control,M,45
1042,1978,DO,ordii,8,Control,M,51
1043,1978,DM,merriami,17,Control,M,47
1044,1978,DS,spectabilis,22,Control,F,119
1045,1978,DS,spectabilis,8,Control,F,124
1046,1978,DS,spectabilis,12,Control,F,87
1047,1978,DS,spectabilis,6,Short-term Krat Exclosure,F,85
1049,1978,DM,merriami,9,Spectab exclosure,M,36
1050,1978,DS,spectabilis,22,Control,F,123
1051,1978,DS,spectabilis,8,Control,F,111
1052,1978,DM,merriami,17,Control,F,39
1053,1978,DM,merriami,12,Control,M,27
1054,1978,DS,spectabilis,22,Control,F,105
1055,1978,DS,spectabilis,17,Control,M,132
1056,1978,DM,merriami,17,Control,F,45
1057,1978,DS,spectabilis,11,Control,F,96
1058,1978,DM,merriami,12,Control,F,40
1059,1978,DS,spectabilis,17,Control,F,120
1060,1978,DM,merriami,12,Control,M,43
1061,1978,DM,merriami,2,Control,F,46
1062,1978,DM,merriami,2,Control,F,43
1063,1978,DS,spectabilis,9,Spectab exclosure,F,86
1065,1978,DM,merriami,9,Spectab exclosure,M,34
1066,1978,DS,spectabilis,12,Control,M,106
1069,1978,DS,spectabilis,9,Spectab exclosure,F,98
1070,1978,DO,ordii,17,Control,M,33
1075,1978,DM,merriami,13,Short-term Krat Exclosure,M,46
1077,1978,DS,spectabilis,4,Control,M,130
1079,1978,DS,spectabilis,18,Short-term Krat Exclosure,M,106
1080,1978,DM,merriami,14,Control,F,39
1082,1978,DM,merriami,1,Spectab exclosure,F,45
1084,1978,DM,merriami,4,Control,F,36
1085,1978,DM,merriami,18,Short-term Krat Exclosure,M,24
1086,1978,DS,spectabilis,14,Control,F,120
1089,1978,DM,merriami,16,Rodent Exclosure,M,48
1090,1978,DM,merriami,18,Short-term Krat Exclosure,F,29
1091,1978,DS,spectabilis,18,Short-term Krat Exclosure,F,131
1092,1978,DM,merriami,13,Short-term Krat Exclosure,F,34
1093,1978,DS,spectabilis,1,Spectab exclosure,M,101
1094,1978,DM,merriami,18,Short-term Krat Exclosure,F,37
1095,1978,DM,merriami,5,Rodent Exclosure,F,47
1096,1978,DS,spectabilis,5,Rodent Exclosure,M,133
1097,1978,DS,spectabilis,1,Spectab exclosure,M,63
1098,1978,DM,merriami,16,Rodent Exclosure,M,46
1099,1978,DS,spectabilis,4,Control,F,81
1100,1978,DS,spectabilis,5,Rodent Exclosure,M,71
1101,1978,DS,spectabilis,1,Spectab exclosure,F,65
1102,1978,DS,spectabilis,4,Control,F,80
1103,1978,DS,spectabilis,1,Spectab exclosure,F,130
1104,1978,DM,merriami,14,Control,F,47
1105,1978,DS,spectabilis,4,Control,F,118
1106,1978,DS,spectabilis,4,Control,M,91
1107,1978,DS,spectabilis,12,Control,F,120
1109,1978,DM,merriami,22,Control,M,45
1111,1978,DS,spectabilis,8,Control,F,122
1112,1978,DM,merriami,17,Control,M,37
1113,1978,DM,merriami,20,Short-term Krat Exclosure,F,36
1115,1978,DS,spectabilis,12,Control,F,95
1118,1978,DS,spectabilis,17,Control,F,123
1120,1978,DM,merriami,11,Control,F,17
1121,1978,DM,merriami,17,Control,M,50
1122,1978,DS,spectabilis,11,Control,M,126
1123,1978,DM,merriami,17,Control,F,44
1125,1978,DM,merriami,12,Control,M,44
1127,1978,DM,merriami,9,Spectab exclosure,M,39
1128,1978,DS,spectabilis,22,Control,F,115
1129,1978,DO,ordii,17,Control,M,38
1130,1978,DS,spectabilis,17,Control,M,138
1133,1978,DS,spectabilis,12,Control,M,105
1134,1978,DM,merriami,11,Control,F,43
1136,1978,DM,merriami,12,Control,M,32
1137,1978,DM,merriami,8,Control,F,36
1138,1978,DM,merriami,9,Spectab exclosure,M,40
1139,1978,DM,merriami,11,Control,M,36
1141,1978,DS,spectabilis,9,Spectab exclosure,F,139
1143,1978,DS,spectabilis,11,Control,F,108
1145,1978,DM,merriami,12,Control,F,39
1148,1978,DM,merriami,6,Short-term Krat Exclosure,F,43
1149,1978,DM,merriami,16,Rodent Exclosure,M,48
1150,1978,DM,merriami,18,Short-term Krat Exclosure,F,33
1151,1978,DS,spectabilis,2,Control,M,165
1152,1978,DM,merriami,13,Short-term Krat Exclosure,F,41
1153,1978,DS,spectabilis,18,Short-term Krat Exclosure,M,112
1154,1978,DM,merriami,4,Control,F,35
1155,1978,DS,spectabilis,6,Short-term Krat Exclosure,F,100
1157,1978,DM,merriami,4,Control,F,34
1158,1978,DS,spectabilis,5,Rodent Exclosure,F,88
1159,1978,DM,merriami,2,Control,F,31
1160,1978,DS,spectabilis,14,Control,F,123
1162,1978,DS,spectabilis,5,Rodent Exclosure,M,137
1166,1978,DS,spectabilis,4,Control,M,96
1167,1978,DM,merriami,18,Short-term Krat Exclosure,F,41
1169,1978,DS,spectabilis,1,Spectab exclosure,M,100
1170,1978,DM,merriami,6,Short-term Krat Exclosure,M,40
1171,1978,DS,spectabilis,1,Spectab exclosure,NA,130
1172,1978,DS,spectabilis,6,Short-term Krat Exclosure,F,98
1173,1978,DM,merriami,13,Short-term Krat Exclosure,F,34
1176,1978,DM,merriami,18,Short-term Krat Exclosure,F,36
1177,1978,DM,merriami,14,Control,M,36
1178,1978,DM,merriami,16,Rodent Exclosure,M,49
1179,1978,DM,merriami,18,Short-term Krat Exclosure,M,30
1180,1978,DS,spectabilis,4,Control,F,83
1182,1978,DS,spectabilis,1,Spectab exclosure,F,88
1183,1978,DM,merriami,2,Control,F,47
1184,1978,DM,merriami,14,Control,F,43
1185,1978,DS,spectabilis,1,Spectab exclosure,F,136
1186,1978,DS,spectabilis,4,Control,F,82
1188,1978,DS,spectabilis,1,Spectab exclosure,M,70
1189,1978,DS,spectabilis,4,Control,F,119
1191,1978,DS,spectabilis,5,Rodent Exclosure,F,115
1198,1978,DM,merriami,17,Control,M,46
1199,1978,DS,spectabilis,12,Control,M,107
1200,1978,DS,spectabilis,11,Control,M,126
1203,1978,DM,merriami,11,Control,F,45
1205,1978,DS,spectabilis,8,Control,F,122
1206,1978,DM,merriami,20,Short-term Krat Exclosure,F,39
1207,1978,DM,merriami,12,Control,F,31
1208,1978,DM,merriami,11,Control,M,30
1209,1978,DS,spectabilis,12,Control,F,124
1210,1978,DO,ordii,8,Control,M,54
1211,1978,DS,spectabilis,9,Spectab exclosure,F,133
1212,1978,DS,spectabilis,17,Control,F,122
1213,1978,DS,spectabilis,22,Control,F,110
1215,1978,DM,merriami,17,Control,M,52
1216,1978,DM,merriami,17,Control,M,49
1219,1978,DM,merriami,9,Spectab exclosure,M,43
1223,1978,DS,spectabilis,22,Control,F,128
1224,1978,DS,spectabilis,17,Control,M,136
1225,1978,DS,spectabilis,9,Spectab exclosure,F,100
1226,1978,DM,merriami,17,Control,F,44
1228,1978,DM,merriami,8,Control,F,40
1229,1978,DM,merriami,9,Spectab exclosure,M,41
1231,1978,DS,spectabilis,20,Short-term Krat Exclosure,M,127
1234,1978,DS,spectabilis,8,Control,F,134
1238,1978,DS,spectabilis,22,Control,F,125
1239,1978,DS,spectabilis,12,Control,F,100
1241,1978,DM,merriami,12,Control,M,37
1242,1978,DM,merriami,8,Control,F,40
1243,1978,DS,spectabilis,9,Spectab exclosure,F,114
1244,1978,DS,spectabilis,11,Control,F,110
1245,1978,DM,merriami,11,Control,M,41
1247,1978,DM,merriami,12,Control,M,47
1251,1978,DM,merriami,6,Short-term Krat Exclosure,F,46
1252,1978,DM,merriami,14,Control,F,40
1254,1978,DS,spectabilis,18,Short-term Krat Exclosure,M,107
1255,1978,DM,merriami,4,Control,F,39
1259,1978,DM,merriami,14,Control,M,47
1260,1978,DS,spectabilis,18,Short-term Krat Exclosure,F,134
1262,1978,DM,merriami,5,Rodent Exclosure,F,39
1263,1978,DS,spectabilis,13,Short-term Krat Exclosure,F,86
1266,1978,DS,spectabilis,2,Control,M,158
1267,1978,DS,spectabilis,4,Control,M,118
1268,1978,DS,spectabilis,1,Spectab exclosure,F,123
1269,1978,DM,merriami,2,Control,F,41
1270,1978,DM,merriami,5,Rodent Exclosure,F,49
1271,1978,DS,spectabilis,1,Spectab exclosure,M,124
1272,1978,DM,merriami,2,Control,F,42
1274,1978,DS,spectabilis,6,Short-term Krat Exclosure,F,106
1276,1978,DM,merriami,18,Short-term Krat Exclosure,M,38
1277,1978,DM,merriami,2,Control,F,47
1278,1978,DS,spectabilis,6,Short-term Krat Exclosure,F,114
1280,1978,DS,spectabilis,5,Rodent Exclosure,M,140
1284,1978,DO,ordii,6,Short-term Krat Exclosure,M,45
1287,1978,DS,spectabilis,13,Short-term Krat Exclosure,F,112
1289,1978,DM,merriami,14,Control,F,47
1291,1978,DM,merriami,5,Rodent Exclosure,F,38
1292,1978,DS,spectabilis,4,Control,F,77
1293,1978,DS,spectabilis,5,Rodent Exclosure,F,126
1296,1978,DS,spectabilis,1,Spectab exclosure,F,138
1297,1978,DS,spectabilis,4,Control,F,125
1298,1978,DS,spectabilis,5,Rodent Exclosure,F,106
1299,1978,DM,merriami,6,Short-term Krat Exclosure,M,43
1300,1978,DM,merriami,13,Short-term Krat Exclosure,F,38
1302,1978,DM,merriami,4,Control,F,37
1305,1978,DS,spectabilis,1,Spectab exclosure,F,120
1306,1978,DM,merriami,1,Spectab exclosure,F,38
1307,1978,DS,spectabilis,1,Spectab exclosure,M,125
1309,1978,DM,merriami,1,Spectab exclosure,F,51
1310,1978,DM,merriami,20,Short-term Krat Exclosure,F,41
1312,1978,DM,merriami,11,Control,F,45
1314,1978,DS,spectabilis,8,Control,F,118
1315,1978,DS,spectabilis,11,Control,M,108
1317,1978,DM,merriami,11,Control,M,45
1320,1978,DM,merriami,20,Short-term Krat Exclosure,F,35
1321,1978,DO,ordii,8,Control,M,50
1322,1978,DM,merriami,12,Control,F,41
1323,1978,DS,spectabilis,22,Control,F,112
1324,1978,DM,merriami,9,Spectab exclosure,F,41
1325,1978,DS,spectabilis,9,Spectab exclosure,F,129
1326,1978,DS,spectabilis,20,Short-term Krat Exclosure,M,131
1327,1978,DO,ordii,11,Control,M,45
1328,1978,DM,merriami,17,Control,F,41
1329,1978,DM,merriami,12,Control,M,40
1330,1978,DS,spectabilis,17,Control,M,134
1331,1978,DS,spectabilis,9,Spectab exclosure,M,132
1332,1978,DM,merriami,17,Control,F,42
1333,1978,DS,spectabilis,17,Control,F,121
1334,1978,DS,spectabilis,12,Control,F,120
1335,1978,DS,spectabilis,9,Spectab exclosure,F,98
1336,1978,DS,spectabilis,22,Control,F,124
1338,1978,DS,spectabilis,8,Control,F,129
1339,1978,DM,merriami,17,Control,M,48
1340,1978,DS,spectabilis,11,Control,F,118
1341,1978,DM,merriami,9,Spectab exclosure,M,37
1342,1978,DS,spectabilis,9,Spectab exclosure,F,99
1344,1978,DM,merriami,11,Control,M,38
1346,1978,DM,merriami,11,Control,F,41
1348,1978,DM,merriami,8,Control,F,35
1353,1978,DM,merriami,4,Control,F,36
1356,1978,DM,merriami,14,Control,F,37
1358,1978,DS,spectabilis,5,Rodent Exclosure,M,131
1359,1978,DM,merriami,13,Short-term Krat Exclosure,F,37
1360,1978,DS,spectabilis,18,Short-term Krat Exclosure,M,113
1363,1978,DS,spectabilis,18,Short-term Krat Exclosure,M,112
1364,1978,DS,spectabilis,14,Control,F,121
1365,1978,DS,spectabilis,2,Control,M,149
1367,1978,DS,spectabilis,6,Short-term Krat Exclosure,F,110
1369,1978,DM,merriami,6,Short-term Krat Exclosure,M,38
1370,1978,DM,merriami,2,Control,F,39
1371,1978,DS,spectabilis,4,Control,M,115
1373,1978,DS,spectabilis,18,Short-term Krat Exclosure,F,135
1376,1978,DS,spectabilis,6,Short-term Krat Exclosure,F,102
1379,1978,DM,merriami,14,Control,M,45
1382,1978,DM,merriami,2,Control,F,42
1383,1978,DM,merriami,5,Rodent Exclosure,F,46
1384,1978,DS,spectabilis,13,Short-term Krat Exclosure,F,106
1387,1978,DS,spectabilis,4,Control,F,120
1389,1978,DM,merriami,13,Short-term Krat Exclosure,F,37
1392,1978,DM,merriami,6,Short-term Krat Exclosure,M,45
1394,1978,DM,merriami,18,Short-term Krat Exclosure,M,39
1396,1978,DM,merriami,9,Spectab exclosure,M,42
1397,1978,DM,merriami,11,Control,F,37
1398,1978,DS,spectabilis,17,Control,F,120
1399,1978,DS,spectabilis,12,Control,F,116
1401,1978,DS,spectabilis,8,Control,F,124
1402,1978,DM,merriami,1,Spectab exclosure,F,39
1403,1978,DS,spectabilis,1,Spectab exclosure,M,133
1404,1978,DS,spectabilis,1,Spectab exclosure,F,125
1406,1978,DM,merriami,9,Spectab exclosure,F,38
1407,1978,DM,merriami,12,Control,M,32
1408,1978,DM,merriami,17,Control,F,40
1409,1978,DO,ordii,8,Control,M,54
1411,1978,DS,spectabilis,9,Spectab exclosure,F,126
1412,1978,DS,spectabilis,9,Spectab exclosure,M,136
1414,1978,DS,spectabilis,17,Control,M,137
1415,1978,DM,merriami,8,Control,F,37
1416,1978,DM,merriami,1,Spectab exclosure,F,39
1417,1978,DM,merriami,12,Control,F,42
1418,1978,DO,ordii,8,Control,F,45
1419,1978,DM,merriami,9,Spectab exclosure,F,39
1422,1978,DS,spectabilis,1,Spectab exclosure,M,130
1423,1978,DS,spectabilis,9,Spectab exclosure,F,101
1424,1978,DO,ordii,17,Control,F,45
1425,1978,DS,spectabilis,22,Control,F,129
1426,1978,DM,merriami,11,Control,M,45
1428,1978,DM,merriami,12,Control,M,45
1429,1978,DS,spectabilis,20,Short-term Krat Exclosure,M,130
1430,1978,DM,merriami,9,Spectab exclosure,M,39
1431,1978,DS,spectabilis,9,Spectab exclosure,F,108
1433,1978,DM,merriami,17,Control,M,49
1434,1978,DM,merriami,11,Control,M,39
1439,1978,DM,merriami,6,Short-term Krat Exclosure,M,43
1440,1978,DM,merriami,4,Control,F,36
1441,1978,DM,merriami,6,Short-term Krat Exclosure,F,41
1442,1978,DM,merriami,13,Short-term Krat Exclosure,F,40
1444,1978,DM,merriami,18,Short-term Krat Exclosure,F,37
1445,1978,DM,merriami,6,Short-term Krat Exclosure,F,36
1447,1978,DS,spectabilis,6,Short-term Krat Exclosure,F,111
1448,1978,DM,merriami,14,Control,M,45
1449,1978,DS,spectabilis,5,Rodent Exclosure,M,132
1450,1978,DS,spectabilis,13,Short-term Krat Exclosure,F,107
1451,1978,DS,spectabilis,18,Short-term Krat Exclosure,M,119
1452,1978,DS,spectabilis,18,Short-term Krat Exclosure,F,121
1454,1978,DS,spectabilis,4,Control,M,111
1456,1978,DM,merriami,6,Short-term Krat Exclosure,M,37
1458,1978,DM,merriami,4,Control,M,38
1459,1978,DS,spectabilis,6,Short-term Krat Exclosure,F,105
1460,1978,DM,merriami,18,Short-term Krat Exclosure,M,41
1461,1978,DM,merriami,2,Control,F,38
1463,1978,DS,spectabilis,14,Control,F,121
1464,1978,DM,merriami,18,Short-term Krat Exclosure,F,38
1466,1978,DM,merriami,14,Control,F,43
1468,1978,DM,merriami,13,Short-term Krat Exclosure,F,40
1469,1978,DM,merriami,2,Control,F,41
1471,1978,DM,merriami,13,Short-term Krat Exclosure,F,37
1483,1978,DM,merriami,11,Control,F,37
1484,1978,DS,spectabilis,9,Spectab exclosure,F,128
1485,1978,DM,merriami,17,Control,F,40
1486,1978,DM,merriami,11,Control,M,44
1487,1978,DM,merriami,1,Spectab exclosure,F,37
1488,1978,DS,spectabilis,17,Control,F,119
1489,1978,DM,merriami,12,Control,M,39
1492,1978,DM,merriami,1,Spectab exclosure,F,38
1496,1978,DM,merriami,9,Spectab exclosure,F,41
1497,1978,DS,spectabilis,20,Short-term Krat Exclosure,M,136
1498,1978,DM,merriami,11,Control,M,46
1499,1978,DS,spectabilis,9,Spectab exclosure,F,101
1500,1978,DO,ordii,8,Control,M,52
1501,1978,DS,spectabilis,8,Control,F,122
1503,1978,DS,spectabilis,22,Control,F,118
1504,1978,DS,spectabilis,12,Control,F,116
1506,1978,DO,ordii,17,Control,F,44
1509,1978,DS,spectabilis,22,Control,F,132
1511,1978,DM,merriami,1,Spectab exclosure,M,42
1513,1978,DM,merriami,9,Spectab exclosure,M,40
1514,1978,DM,merriami,11,Control,M,38
1515,1978,DM,merriami,22,Control,M,42
1519,1978,DM,merriami,2,Control,M,46
1520,1978,DS,spectabilis,14,Control,F,120
1521,1978,DS,spectabilis,6,Short-term Krat Exclosure,F,113
1522,1978,DM,merriami,13,Short-term Krat Exclosure,F,42
1523,1978,DM,merriami,18,Short-term Krat Exclosure,F,44
1524,1978,DM,merriami,5,Rodent Exclosure,F,37
1525,1978,DS,spectabilis,18,Short-term Krat Exclosure,M,126
1526,1978,DS,spectabilis,18,Short-term Krat Exclosure,F,124
1527,1978,DS,spectabilis,6,Short-term Krat Exclosure,F,111
1528,1978,DM,merriami,6,Short-term Krat Exclosure,M,42
1529,1978,DM,merriami,2,Control,M,38
1531,1978,DS,spectabilis,4,Control,M,118
1534,1978,DM,merriami,2,Control,F,40
1535,1978,DM,merriami,2,Control,F,43
1536,1978,DM,merriami,18,Short-term Krat Exclosure,F,38
1537,1978,DS,spectabilis,5,Rodent Exclosure,M,142
1538,1978,DM,merriami,14,Control,M,45
1539,1978,DM,merriami,2,Control,M,49
1540,1978,DS,spectabilis,13,Short-term Krat Exclosure,F,111
1551,1978,DM,merriami,16,Rodent Exclosure,M,45
1552,1979,DM,merriami,22,Control,F,37
1553,1979,DS,spectabilis,8,Control,F,128
1554,1979,DM,merriami,9,Spectab exclosure,F,42
1555,1979,DM,merriami,11,Control,M,37
1557,1979,DM,merriami,17,Control,F,48
1558,1979,DM,merriami,12,Control,M,45
1559,1979,DM,merriami,17,Control,F,42
1560,1979,DO,ordii,11,Control,M,52
1562,1979,DM,merriami,11,Control,M,50
1564,1979,DM,merriami,9,Spectab exclosure,F,43
1565,1979,DM,merriami,22,Control,M,47
1567,1979,DM,merriami,11,Control,M,43
1575,1979,DM,merriami,18,Short-term Krat Exclosure,F,45
1576,1979,DM,merriami,6,Short-term Krat Exclosure,M,43
1577,1979,DM,merriami,18,Short-term Krat Exclosure,M,42
1578,1979,DM,merriami,6,Short-term Krat Exclosure,M,49
1579,1979,DM,merriami,4,Control,F,44
1580,1979,DM,merriami,18,Short-term Krat Exclosure,M,47
1581,1979,DM,merriami,2,Control,F,42
1582,1979,DS,spectabilis,6,Short-term Krat Exclosure,F,125
1583,1979,DM,merriami,18,Short-term Krat Exclosure,F,38
1586,1979,DM,merriami,16,Rodent Exclosure,M,45
1587,1979,DM,merriami,18,Short-term Krat Exclosure,M,49
1588,1979,DS,spectabilis,18,Short-term Krat Exclosure,M,137
1589,1979,DS,spectabilis,4,Control,M,126
1590,1979,DM,merriami,6,Short-term Krat Exclosure,M,50
1591,1979,DM,merriami,6,Short-term Krat Exclosure,F,41
1592,1979,DS,spectabilis,18,Short-term Krat Exclosure,F,153
1593,1979,DM,merriami,16,Rodent Exclosure,F,42
1595,1979,DM,merriami,4,Control,F,42
1596,1979,DM,merriami,6,Short-term Krat Exclosure,F,41
1599,1979,DM,merriami,18,Short-term Krat Exclosure,M,44
1600,1979,DM,merriami,4,Control,M,44
1601,1979,DS,spectabilis,14,Control,F,142
1602,1979,DM,merriami,18,Short-term Krat Exclosure,F,41
1604,1979,DM,merriami,14,Control,F,48
1606,1979,DM,merriami,6,Short-term Krat Exclosure,F,37
1608,1979,DM,merriami,6,Short-term Krat Exclosure,F,45
1610,1979,DM,merriami,6,Short-term Krat Exclosure,M,52
1611,1979,DM,merriami,2,Control,F,43
1612,1979,DM,merriami,13,Short-term Krat Exclosure,F,40
1613,1979,DM,merriami,18,Short-term Krat Exclosure,M,48
1619,1979,DM,merriami,22,Control,M,50
1620,1979,DM,merriami,22,Control,M,47
1621,1979,DM,merriami,22,Control,F,44
1623,1979,DO,ordii,9,Spectab exclosure,F,61
1624,1979,DM,merriami,11,Control,M,48
1625,1979,DS,spectabilis,12,Control,F,123
1627,1979,DS,spectabilis,8,Control,M,109
1628,1979,DM,merriami,22,Control,M,46
1629,1979,DM,merriami,11,Control,M,44
1631,1979,DS,spectabilis,22,Control,F,127
1632,1979,DO,ordii,17,Control,F,48
1633,1979,DS,spectabilis,17,Control,F,125
1634,1979,DM,merriami,8,Control,M,42
1635,1979,DM,merriami,22,Control,M,45
1636,1979,DM,merriami,12,Control,M,47
1637,1979,DS,spectabilis,9,Spectab exclosure,F,124
1638,1979,DS,spectabilis,20,Short-term Krat Exclosure,F,131
1644,1979,DM,merriami,2,Control,F,44
1647,1979,DS,spectabilis,5,Rodent Exclosure,M,142
1648,1979,DM,merriami,14,Control,F,43
1649,1979,DS,spectabilis,18,Short-term Krat Exclosure,M,139
1651,1979,DM,merriami,1,Spectab exclosure,M,43
1652,1979,DS,spectabilis,18,Short-term Krat Exclosure,F,132
1654,1979,DM,merriami,1,Spectab exclosure,M,48
1655,1979,DS,spectabilis,6,Short-term Krat Exclosure,F,119
1656,1979,DS,spectabilis,1,Spectab exclosure,M,137
1658,1979,DS,spectabilis,4,Control,M,130
1659,1979,DS,spectabilis,13,Short-term Krat Exclosure,M,60
1660,1979,DS,spectabilis,14,Control,F,127
1661,1979,DM,merriami,2,Control,F,44
1663,1979,DM,merriami,4,Control,M,46
1665,1979,DM,merriami,4,Control,F,39
1666,1979,DM,merriami,14,Control,M,40
1667,1979,DM,merriami,16,Rodent Exclosure,M,44
1668,1979,DM,merriami,13,Short-term Krat Exclosure,F,43
1671,1979,DS,spectabilis,12,Control,M,86
1672,1979,DM,merriami,4,Control,F,23
1673,1979,DS,spectabilis,2,Control,F,82
1674,1979,DM,merriami,13,Short-term Krat Exclosure,F,37
1676,1979,DM,merriami,2,Control,M,54
1677,1979,DM,merriami,12,Control,M,53
1678,1979,DS,spectabilis,14,Control,F,132
1679,1979,DM,merriami,22,Control,M,50
1680,1979,DS,spectabilis,14,Control,F,71
1681,1979,DS,spectabilis,5,Rodent Exclosure,M,142
1682,1979,DM,merriami,17,Control,F,46
1683,1979,DS,spectabilis,17,Control,M,71
1684,1979,DS,spectabilis,12,Control,F,125
1685,1979,DS,spectabilis,14,Control,F,73
1687,1979,DO,ordii,18,Short-term Krat Exclosure,F,29
1689,1979,DS,spectabilis,18,Short-term Krat Exclosure,M,141
1690,1979,DS,spectabilis,18,Short-term Krat Exclosure,M,78
1691,1979,DM,merriami,4,Control,F,49
1692,1979,DM,merriami,2,Control,M,45
1693,1979,DS,spectabilis,22,Control,F,144
1694,1979,DS,spectabilis,8,Control,F,123
1695,1979,DS,spectabilis,1,Spectab exclosure,M,141
1696,1979,DS,spectabilis,9,Spectab exclosure,F,115
1697,1979,DS,spectabilis,1,Spectab exclosure,M,140
1698,1979,DS,spectabilis,18,Short-term Krat Exclosure,M,127
1699,1979,DM,merriami,5,Rodent Exclosure,M,54
1700,1979,DO,ordii,17,Control,F,49
1701,1979,DM,merriami,2,Control,F,46
1702,1979,DM,merriami,6,Short-term Krat Exclosure,M,53
1703,1979,DS,spectabilis,17,Control,F,129
1704,1979,DS,spectabilis,9,Spectab exclosure,F,112
1705,1979,DS,spectabilis,9,Spectab exclosure,F,71
1706,1979,DO,ordii,17,Control,F,50
1707,1979,DO,ordii,18,Short-term Krat Exclosure,M,54
1708,1979,DS,spectabilis,13,Short-term Krat Exclosure,F,58
1709,1979,DM,merriami,9,Spectab exclosure,M,55
1711,1979,DM,merriami,9,Spectab exclosure,M,31
1712,1979,DM,merriami,11,Control,M,46
1713,1979,DS,spectabilis,13,Short-term Krat Exclosure,F,112
1714,1979,DS,spectabilis,4,Control,M,129
1715,1979,DM,merriami,8,Control,M,45
1725,1979,DM,merriami,11,Control,M,47
1726,1979,DS,spectabilis,12,Control,M,73
1727,1979,DS,spectabilis,12,Control,F,75
1728,1979,DS,spectabilis,12,Control,F,140
1730,1979,DM,merriami,1,Spectab exclosure,F,50
1732,1979,DS,spectabilis,22,Control,F,127
1733,1979,DS,spectabilis,1,Spectab exclosure,M,144
1734,1979,DM,merriami,11,Control,F,46
1735,1979,DS,spectabilis,1,Spectab exclosure,F,71
1736,1979,DS,spectabilis,22,Control,M,76
1737,1979,DS,spectabilis,9,Spectab exclosure,F,51
1738,1979,DS,spectabilis,8,Control,F,130
1739,1979,DS,spectabilis,17,Control,M,143
1740,1979,DS,spectabilis,9,Spectab exclosure,M,49
1741,1979,DS,spectabilis,9,Spectab exclosure,F,124
1742,1979,DS,spectabilis,9,Spectab exclosure,F,46
1743,1979,DM,merriami,12,Control,M,34
1744,1979,DS,spectabilis,20,Short-term Krat Exclosure,M,71
1745,1979,DS,spectabilis,17,Control,F,119
1747,1979,DS,spectabilis,20,Short-term Krat Exclosure,F,143
1748,1979,DS,spectabilis,9,Spectab exclosure,M,85
1749,1979,DS,spectabilis,9,Spectab exclosure,F,63
1750,1979,DO,ordii,17,Control,F,51
1758,1979,DO,ordii,18,Short-term Krat Exclosure,F,48
1759,1979,DS,spectabilis,14,Control,M,67
1761,1979,DS,spectabilis,5,Rodent Exclosure,M,143
1764,1979,DS,spectabilis,13,Short-term Krat Exclosure,M,97
1766,1979,DS,spectabilis,14,Control,M,61
1768,1979,DM,merriami,2,Control,M,43
1769,1979,DM,merriami,14,Control,F,65
1770,1979,DS,spectabilis,18,Short-term Krat Exclosure,M,99
1771,1979,DM,merriami,4,Control,F,45
1772,1979,DS,spectabilis,13,Short-term Krat Exclosure,F,135
1773,1979,DS,spectabilis,4,Control,F,92
1774,1979,DS,spectabilis,5,Rodent Exclosure,M,95
1775,1979,DM,merriami,14,Control,M,27
1781,1979,DS,spectabilis,9,Spectab exclosure,F,136
1783,1979,DS,spectabilis,12,Control,M,91
1785,1979,DM,merriami,17,Control,F,43
1786,1979,DS,spectabilis,22,Control,M,96
1787,1979,DS,spectabilis,17,Control,F,73
1788,1979,DM,merriami,22,Control,F,47
1790,1979,DM,merriami,12,Control,M,43
1791,1979,DS,spectabilis,17,Control,M,75
1792,1979,DS,spectabilis,9,Spectab exclosure,F,76
1793,1979,DS,spectabilis,22,Control,M,62
1794,1979,DS,spectabilis,9,Spectab exclosure,F,114
1795,1979,DS,spectabilis,17,Control,F,119
1797,1979,DS,spectabilis,9,Spectab exclosure,F,63
1799,1979,DS,spectabilis,17,Control,M,147
1800,1979,DS,spectabilis,9,Spectab exclosure,F,136
1802,1979,DS,spectabilis,22,Control,F,60
1803,1979,DS,spectabilis,9,Spectab exclosure,M,71
1804,1979,DS,spectabilis,20,Short-term Krat Exclosure,M,63
1805,1979,DM,merriami,9,Spectab exclosure,F,47
1806,1979,DS,spectabilis,8,Control,F,135
1808,1979,DM,merriami,8,Control,M,46
1809,1979,DO,ordii,12,Control,M,41
1810,1979,DS,spectabilis,22,Control,F,47
1811,1979,DO,ordii,17,Control,M,29
1812,1979,DS,spectabilis,20,Short-term Krat Exclosure,M,66
1813,1979,DM,merriami,11,Control,M,46
1814,1979,DS,spectabilis,20,Short-term Krat Exclosure,F,147
1817,1979,DM,merriami,5,Rodent Exclosure,F,53
1820,1979,DM,merriami,1,Spectab exclosure,M,19
1821,1979,DS,spectabilis,18,Short-term Krat Exclosure,F,128
1824,1979,DS,spectabilis,5,Rodent Exclosure,F,113
1825,1979,DM,merriami,14,Control,F,20
1826,1979,DO,ordii,18,Short-term Krat Exclosure,F,44
1827,1979,DS,spectabilis,14,Control,NA,88
1828,1979,DS,spectabilis,18,Short-term Krat Exclosure,M,114
1829,1979,DS,spectabilis,1,Spectab exclosure,F,101
1830,1979,DO,ordii,18,Short-term Krat Exclosure,M,40
1831,1979,DM,merriami,14,Control,M,40
1832,1979,DS,spectabilis,13,Short-term Krat Exclosure,F,112
1833,1979,DM,merriami,1,Spectab exclosure,F,45
1834,1979,DM,merriami,5,Rodent Exclosure,M,21
1835,1979,DS,spectabilis,5,Rodent Exclosure,M,105
1836,1979,DS,spectabilis,1,Spectab exclosure,M,140
1837,1979,DS,spectabilis,4,Control,F,107
1838,1979,DS,spectabilis,14,Control,F,123
1839,1979,DM,merriami,2,Control,M,50
1840,1979,DS,spectabilis,1,Spectab exclosure,M,132
1841,1979,DS,spectabilis,14,Control,M,93
1843,1979,DM,merriami,4,Control,F,44
1844,1979,DM,merriami,13,Short-term Krat Exclosure,M,36
1845,1979,DM,merriami,2,Control,F,53
1846,1979,DM,merriami,2,Control,M,45
1847,1979,DM,merriami,14,Control,F,57
1853,1979,DS,spectabilis,12,Control,M,105
1857,1979,DS,spectabilis,9,Spectab exclosure,F,116
1858,1979,DM,merriami,17,Control,F,41
1859,1979,DS,spectabilis,22,Control,M,120
1861,1979,DS,spectabilis,9,Spectab exclosure,F,96
1862,1979,DS,spectabilis,17,Control,M,143
1864,1979,DS,spectabilis,8,Control,F,128
1865,1979,DS,spectabilis,11,Control,M,91
1866,1979,DS,spectabilis,20,Short-term Krat Exclosure,F,156
1868,1979,DM,merriami,12,Control,M,44
1869,1979,DO,ordii,17,Control,M,38
1870,1979,DS,spectabilis,9,Spectab exclosure,M,86
1875,1979,DS,spectabilis,20,Short-term Krat Exclosure,M,43
1876,1979,DM,merriami,11,Control,F,32
1877,1979,DM,merriami,17,Control,M,48
1878,1979,DS,spectabilis,9,Spectab exclosure,M,99
1881,1979,DM,merriami,5,Rodent Exclosure,M,34
1883,1979,DS,spectabilis,18,Short-term Krat Exclosure,M,60
1885,1979,DM,merriami,13,Short-term Krat Exclosure,F,27
1886,1979,DM,merriami,5,Rodent Exclosure,F,50
1887,1979,DS,spectabilis,14,Control,F,120
1888,1979,DS,spectabilis,18,Short-term Krat Exclosure,M,59
1889,1979,DS,spectabilis,5,Rodent Exclosure,F,112
1891,1979,DS,spectabilis,18,Short-term Krat Exclosure,F,138
1893,1979,DS,spectabilis,6,Short-term Krat Exclosure,F,95
1894,1979,DM,merriami,14,Control,F,53
1896,1979,DS,spectabilis,14,Control,M,70
1897,1979,DS,spectabilis,5,Rodent Exclosure,M,110
1899,1979,DO,ordii,18,Short-term Krat Exclosure,F,53
1900,1979,DS,spectabilis,13,Short-term Krat Exclosure,M,79
1901,1979,DM,merriami,14,Control,M,44
1902,1979,DM,merriami,14,Control,M,41
1909,1979,DM,merriami,13,Short-term Krat Exclosure,F,32
1911,1979,DM,merriami,22,Control,F,40
1912,1979,DS,spectabilis,1,Spectab exclosure,M,141
1913,1979,DS,spectabilis,20,Short-term Krat Exclosure,F,165
1915,1979,DS,spectabilis,13,Short-term Krat Exclosure,M,93
1918,1979,DS,spectabilis,22,Control,F,78
1922,1979,DS,spectabilis,2,Control,F,80
1925,1979,DM,merriami,12,Control,M,45
1926,1979,DM,merriami,14,Control,F,44
1927,1979,DS,spectabilis,17,Control,M,99
1929,1979,DS,spectabilis,18,Short-term Krat Exclosure,F,133
1931,1979,DM,merriami,11,Control,M,31
1932,1979,DO,ordii,18,Short-term Krat Exclosure,M,46
1933,1979,DS,spectabilis,12,Control,M,108
1934,1979,DS,spectabilis,8,Control,F,126
1935,1979,DS,spectabilis,17,Control,M,145
1936,1979,DS,spectabilis,14,Control,F,93
1937,1979,DS,spectabilis,11,Control,M,98
1938,1979,DO,ordii,18,Short-term Krat Exclosure,F,42
1939,1979,DS,spectabilis,14,Control,F,125
1945,1979,DS,spectabilis,4,Control,M,108
1947,1979,DM,merriami,9,Spectab exclosure,F,44
1949,1979,DM,merriami,4,Control,F,44
1951,1979,DM,merriami,5,Rodent Exclosure,M,40
1955,1979,DS,spectabilis,6,Short-term Krat Exclosure,F,59
1956,1979,DS,spectabilis,9,Spectab exclosure,M,94
1957,1979,DS,spectabilis,9,Spectab exclosure,M,68
1958,1979,DS,spectabilis,4,Control,F,111
1959,1979,DM,merriami,4,Control,F,23
1963,1979,DS,spectabilis,24,Rodent Exclosure,F,124
1965,1979,DS,spectabilis,14,Control,M,94
1967,1979,DS,spectabilis,20,Short-term Krat Exclosure,F,148
1970,1979,DM,merriami,24,Rodent Exclosure,F,41
1971,1979,DM,merriami,14,Control,F,53
1972,1979,DS,spectabilis,22,Control,M,132
1973,1979,DS,spectabilis,13,Short-term Krat Exclosure,M,106
1974,1979,DS,spectabilis,14,Control,F,128
1975,1979,DM,merriami,14,Control,M,46
1978,1979,DS,spectabilis,12,Control,M,119
1979,1979,DS,spectabilis,8,Control,F,125
1983,1979,DM,merriami,11,Control,M,35
1984,1979,DS,spectabilis,18,Short-term Krat Exclosure,M,94
1985,1979,DM,merriami,17,Control,M,45
1987,1979,DS,spectabilis,17,Control,M,106
1989,1979,DO,ordii,17,Control,M,45
1990,1979,DS,spectabilis,17,Control,M,144
1991,1979,DM,merriami,12,Control,M,47
1992,1979,DM,merriami,11,Control,F,40
1996,1979,DO,ordii,18,Short-term Krat Exclosure,F,45
1999,1979,DS,spectabilis,9,Spectab exclosure,M,93
2000,1979,DS,spectabilis,5,Rodent Exclosure,F,93
2001,1979,DS,spectabilis,4,Control,M,124
2002,1979,DS,spectabilis,9,Spectab exclosure,M,103
2004,1979,DS,spectabilis,6,Short-term Krat Exclosure,F,81
2005,1979,DM,merriami,9,Spectab exclosure,F,48
2006,1979,DS,spectabilis,1,Spectab exclosure,M,142
2007,1979,DM,merriami,1,Spectab exclosure,M,53
2008,1979,DS,spectabilis,5,Rodent Exclosure,M,87
2009,1979,DS,spectabilis,1,Spectab exclosure,M,144
2010,1979,DS,spectabilis,4,Control,F,117
2014,1979,DM,merriami,2,Control,M,49
2017,1979,DM,merriami,17,Control,M,47
2020,1979,DS,spectabilis,12,Control,M,131
2022,1979,DM,merriami,9,Spectab exclosure,M,35
2023,1979,DS,spectabilis,17,Control,M,118
2026,1979,DS,spectabilis,22,Control,M,138
2027,1979,DM,merriami,12,Control,F,37
2029,1979,DM,merriami,12,Control,F,41
2030,1979,DM,merriami,20,Short-term Krat Exclosure,M,50
2032,1979,DS,spectabilis,20,Short-term Krat Exclosure,F,153
2033,1979,DS,spectabilis,8,Control,F,122
2034,1979,DS,spectabilis,9,Spectab exclosure,F,106
2035,1979,DM,merriami,11,Control,M,49
2040,1979,DM,merriami,11,Control,F,40
2046,1979,DM,merriami,14,Control,M,45
2049,1979,DM,merriami,24,Rodent Exclosure,F,49
2053,1979,DM,merriami,4,Control,F,46
2055,1979,DS,spectabilis,24,Rodent Exclosure,F,119
2056,1979,DS,spectabilis,4,Control,M,129
2059,1979,DM,merriami,24,Rodent Exclosure,F,35
2060,1979,DM,merriami,2,Control,F,46
2062,1979,DS,spectabilis,4,Control,F,124
2063,1979,DM,merriami,24,Rodent Exclosure,M,53
2064,1979,DM,merriami,14,Control,F,46
2065,1979,DM,merriami,24,Rodent Exclosure,F,43
2068,1979,DS,spectabilis,13,Short-term Krat Exclosure,M,120
2070,1979,DM,merriami,2,Control,M,51
2074,1979,DO,ordii,9,Spectab exclosure,M,26
2075,1979,DO,ordii,12,Control,M,52
2076,1979,DS,spectabilis,11,Control,M,137
2079,1979,DO,ordii,8,Control,M,50
2080,1979,DS,spectabilis,20,Short-term Krat Exclosure,F,151
2082,1979,DO,ordii,8,Control,F,47
2083,1979,DM,merriami,9,Spectab exclosure,F,45
2085,1979,DM,merriami,17,Control,M,46
2086,1979,DM,merriami,12,Control,F,40
2087,1979,DS,spectabilis,9,Spectab exclosure,F,145
2088,1979,DM,merriami,9,Spectab exclosure,M,43
2090,1979,DM,merriami,11,Control,F,28
2091,1979,DM,merriami,11,Control,M,29
2093,1979,DS,spectabilis,22,Control,M,143
2094,1979,DS,spectabilis,17,Control,M,156
2095,1979,DS,spectabilis,17,Control,M,123
2097,1979,DS,spectabilis,8,Control,F,120
2098,1979,DS,spectabilis,9,Spectab exclosure,F,123
2101,1979,DM,merriami,12,Control,M,45
2105,1979,DO,ordii,17,Control,M,49
2106,1979,DS,spectabilis,9,Spectab exclosure,F,102
2113,1979,DS,spectabilis,24,Rodent Exclosure,F,122
2115,1979,DS,spectabilis,14,Control,F,133
2118,1979,DS,spectabilis,4,Control,M,130
2122,1979,DM,merriami,2,Control,F,35
2123,1979,DM,merriami,5,Rodent Exclosure,F,49
2124,1979,DM,merriami,24,Rodent Exclosure,M,50
2125,1979,DS,spectabilis,13,Short-term Krat Exclosure,M,135
2126,1979,DS,spectabilis,4,Control,F,126
2128,1979,DM,merriami,14,Control,F,49
2130,1979,DM,merriami,13,Short-term Krat Exclosure,M,47
2131,1979,DM,merriami,2,Control,F,47
2134,1979,DS,spectabilis,18,Short-term Krat Exclosure,M,127
2137,1979,DM,merriami,4,Control,M,49
2141,1979,DM,merriami,5,Rodent Exclosure,F,30
2143,1979,DM,merriami,4,Control,M,40
2145,1979,DM,merriami,5,Rodent Exclosure,F,49
2149,1979,DM,merriami,17,Control,M,48
2152,1979,DM,merriami,5,Rodent Exclosure,M,26
2159,1979,DS,spectabilis,24,Rodent Exclosure,F,124
2160,1979,DM,merriami,4,Control,M,50
2161,1979,DS,spectabilis,17,Control,M,130
2162,1979,DS,spectabilis,18,Short-term Krat Exclosure,M,136
2165,1979,DM,merriami,1,Spectab exclosure,F,30
2168,1979,DS,spectabilis,4,Control,F,128
2170,1979,DM,merriami,14,Control,F,51
2175,1979,DM,merriami,5,Rodent Exclosure,M,48
2176,1979,DM,merriami,2,Control,M,50
2177,1979,DS,spectabilis,14,Control,F,141
2180,1979,DM,merriami,24,Rodent Exclosure,M,52
2181,1979,DM,merriami,2,Control,F,49
2182,1979,DM,merriami,5,Rodent Exclosure,M,25
2186,1979,DO,ordii,17,Control,M,51
2188,1979,DM,merriami,13,Short-term Krat Exclosure,F,27
2189,1979,DM,merriami,14,Control,M,21
2194,1979,DM,merriami,7,Rodent Exclosure,M,53
2195,1979,DM,merriami,7,Rodent Exclosure,F,43
2197,1979,DM,merriami,8,Control,M,44
2198,1979,DM,merriami,8,Control,F,45
2199,1979,DM,merriami,8,Control,F,50
2200,1979,DO,ordii,8,Control,F,54
2201,1979,DM,merriami,8,Control,M,43
2202,1979,DS,spectabilis,9,Spectab exclosure,M,110
2203,1979,DS,spectabilis,9,Spectab exclosure,F,118
2204,1979,DM,merriami,9,Spectab exclosure,F,41
2205,1979,DM,merriami,9,Spectab exclosure,M,49
2207,1979,DM,merriami,10,Rodent Exclosure,F,36
2208,1979,DO,ordii,11,Control,F,42
2213,1979,DM,merriami,12,Control,M,44
2214,1979,DM,merriami,12,Control,M,51
2215,1979,DS,spectabilis,12,Control,F,118
2217,1979,DM,merriami,13,Short-term Krat Exclosure,M,36
2218,1979,DM,merriami,14,Control,M,46
2219,1979,DM,merriami,14,Control,F,43
2220,1979,DM,merriami,15,Long-term Krat Exclosure,M,46
2221,1979,DM,merriami,15,Long-term Krat Exclosure,F,45
2222,1979,DM,merriami,15,Long-term Krat Exclosure,F,42
2224,1979,DM,merriami,16,Rodent Exclosure,M,43
2225,1979,DM,merriami,16,Rodent Exclosure,M,46
2227,1979,DS,spectabilis,17,Control,F,134
2229,1979,DM,merriami,18,Short-term Krat Exclosure,F,40
2230,1979,DM,merriami,19,Long-term Krat Exclosure,M,53
2232,1979,DM,merriami,19,Long-term Krat Exclosure,M,48
2233,1979,DM,merriami,19,Long-term Krat Exclosure,M,54
2234,1979,DM,merriami,20,Short-term Krat Exclosure,F,45
2237,1979,DM,merriami,21,Long-term Krat Exclosure,F,48
2241,1979,DM,merriami,24,Rodent Exclosure,M,42
2242,1979,DM,merriami,20,Short-term Krat Exclosure,F,41
2243,1979,DS,spectabilis,11,Control,M,134
2244,1979,DM,merriami,11,Control,M,48
2246,1979,DO,ordii,9,Spectab exclosure,M,44
2248,1979,DO,ordii,8,Control,M,50
2250,1979,DS,spectabilis,20,Short-term Krat Exclosure,F,154
2251,1979,DS,spectabilis,22,Control,M,141
2252,1979,DM,merriami,11,Control,F,42
2254,1979,DS,spectabilis,22,Control,F,143
2256,1979,DM,merriami,11,Control,F,39
2257,1979,DS,spectabilis,12,Control,NA,133
2259,1979,DM,merriami,8,Control,M,39
2261,1979,DM,merriami,9,Spectab exclosure,M,46
2262,1979,DM,merriami,12,Control,F,50
2264,1979,DS,spectabilis,9,Spectab exclosure,F,103
2265,1979,DM,merriami,12,Control,M,46
2266,1979,DM,merriami,20,Short-term Krat Exclosure,M,49
2268,1979,DM,merriami,11,Control,M,36
2271,1980,DO,ordii,8,Control,M,53
2273,1980,DM,merriami,18,Short-term Krat Exclosure,F,33
2274,1980,DM,merriami,11,Control,M,37
2275,1980,DO,ordii,8,Control,F,29
2276,1980,DS,spectabilis,11,Control,M,132
2279,1980,DM,merriami,11,Control,F,36
2282,1980,DM,merriami,17,Control,F,49
2286,1980,DM,merriami,11,Control,M,47
2289,1980,DS,spectabilis,20,Short-term Krat Exclosure,F,150
2290,1980,DM,merriami,11,Control,M,49
2292,1980,DM,merriami,12,Control,F,40
2293,1980,DS,spectabilis,18,Short-term Krat Exclosure,F,132
2294,1980,DM,merriami,22,Control,F,25
2296,1980,DO,ordii,8,Control,F,50
2297,1980,DM,merriami,11,Control,M,45
2298,1980,DM,merriami,17,Control,M,47
2299,1980,DM,merriami,9,Spectab exclosure,M,46
2300,1980,DM,merriami,18,Short-term Krat Exclosure,F,29
2301,1980,DS,spectabilis,9,Spectab exclosure,F,136
2302,1980,DM,merriami,12,Control,M,45
2308,1980,DM,merriami,8,Control,M,40
2310,1980,DM,merriami,11,Control,M,48
2312,1980,DS,spectabilis,12,Control,M,131
2317,1980,DO,ordii,18,Short-term Krat Exclosure,F,51
2319,1980,DM,merriami,11,Control,M,26
2320,1980,DO,ordii,18,Short-term Krat Exclosure,M,32
2322,1980,DS,spectabilis,9,Spectab exclosure,F,114
2324,1980,DM,merriami,11,Control,M,49
2325,1980,DO,ordii,17,Control,M,50
2326,1980,DS,spectabilis,22,Control,M,142
2332,1980,DO,ordii,1,Spectab exclosure,M,50
2333,1980,DM,merriami,1,Spectab exclosure,F,52
2334,1980,DM,merriami,1,Spectab exclosure,M,44
2335,1980,DM,merriami,1,Spectab exclosure,F,43
2336,1980,DM,merriami,1,Spectab exclosure,M,42
2338,1980,DM,merriami,2,Control,F,46
2339,1980,DM,merriami,2,Control,F,37
2340,1980,DM,merriami,2,Control,F,42
2341,1980,DM,merriami,3,Long-term Krat Exclosure,F,44
2342,1980,DS,spectabilis,4,Control,F,113
2343,1980,DM,merriami,5,Rodent Exclosure,M,48
2344,1980,DM,merriami,5,Rodent Exclosure,F,39
2347,1980,DM,merriami,6,Short-term Krat Exclosure,M,42
2349,1980,DM,merriami,6,Short-term Krat Exclosure,F,46
2352,1980,DM,merriami,13,Short-term Krat Exclosure,M,43
2353,1980,DM,merriami,14,Control,M,48
2354,1980,DM,merriami,14,Control,M,47
2356,1980,DM,merriami,15,Long-term Krat Exclosure,F,39
2357,1980,DM,merriami,15,Long-term Krat Exclosure,M,36
2358,1980,DM,merriami,15,Long-term Krat Exclosure,F,39
2359,1980,DM,merriami,16,Rodent Exclosure,M,49
2360,1980,DM,merriami,16,Rodent Exclosure,M,45
2361,1980,DM,merriami,16,Rodent Exclosure,F,40
2363,1980,DO,ordii,17,Control,M,32
2365,1980,DO,ordii,18,Short-term Krat Exclosure,M,29
2366,1980,DM,merriami,23,Rodent Exclosure,F,44
2367,1980,DM,merriami,23,Rodent Exclosure,M,51
2368,1980,DM,merriami,24,Rodent Exclosure,F,46
2370,1980,DO,ordii,24,Rodent Exclosure,F,43
2372,1980,DM,merriami,2,Control,F,37
2376,1980,DM,merriami,5,Rodent Exclosure,M,45
2377,1980,DM,merriami,24,Rodent Exclosure,M,40
2378,1980,DM,merriami,13,Short-term Krat Exclosure,F,37
2381,1980,DS,spectabilis,24,Rodent Exclosure,F,120
2382,1980,DS,spectabilis,4,Control,M,131
2384,1980,DO,ordii,2,Control,F,53
2385,1980,DM,merriami,14,Control,F,49
2386,1980,DS,spectabilis,14,Control,F,68
2388,1980,DM,merriami,4,Control,M,51
2389,1980,DM,merriami,1,Spectab exclosure,F,43
2390,1980,DM,merriami,1,Spectab exclosure,F,38
2394,1980,DM,merriami,4,Control,F,40
2396,1980,DS,spectabilis,4,Control,F,141
2397,1980,DM,merriami,5,Rodent Exclosure,F,40
2398,1980,DM,merriami,6,Short-term Krat Exclosure,M,40
2399,1980,DM,merriami,5,Rodent Exclosure,M,44
2400,1980,DM,merriami,2,Control,F,42
2401,1980,DM,merriami,14,Control,M,37
2402,1980,DM,merriami,4,Control,F,36
2403,1980,DM,merriami,24,Rodent Exclosure,M,54
2408,1980,DM,merriami,4,Control,F,48
2409,1980,DM,merriami,5,Rodent Exclosure,F,61
2410,1980,DO,ordii,17,Control,F,54
2411,1980,DM,merriami,18,Short-term Krat Exclosure,F,41
2415,1980,DM,merriami,12,Control,M,50
2416,1980,DS,spectabilis,22,Control,M,142
2417,1980,DM,merriami,17,Control,M,47
2422,1980,DO,ordii,9,Spectab exclosure,F,50
2424,1980,DS,spectabilis,17,Control,M,128
2428,1980,DO,ordii,8,Control,F,47
2429,1980,DM,merriami,8,Control,M,43
2430,1980,DO,ordii,18,Short-term Krat Exclosure,M,44
2431,1980,DS,spectabilis,8,Control,M,133
2433,1980,DM,merriami,12,Control,F,40
2434,1980,DM,merriami,12,Control,M,47
2436,1980,DM,merriami,12,Control,F,42
2440,1980,DS,spectabilis,9,Spectab exclosure,F,103
2445,1980,DM,merriami,11,Control,F,36
2446,1980,DO,ordii,17,Control,F,52
2447,1980,DO,ordii,9,Spectab exclosure,F,46
2449,1980,DM,merriami,12,Control,F,23
2450,1980,DM,merriami,12,Control,F,24
2452,1980,DM,merriami,1,Spectab exclosure,F,40
2453,1980,DM,merriami,1,Spectab exclosure,M,51
2454,1980,DS,spectabilis,1,Spectab exclosure,M,147
2455,1980,DM,merriami,1,Spectab exclosure,F,43
2456,1980,DM,merriami,2,Control,F,48
2458,1980,DO,ordii,2,Control,F,55
2459,1980,DO,ordii,2,Control,M,52
2460,1980,DM,merriami,2,Control,F,46
2461,1980,DS,spectabilis,3,Long-term Krat Exclosure,M,147
2462,1980,DM,merriami,3,Long-term Krat Exclosure,M,48
2463,1980,DS,spectabilis,3,Long-term Krat Exclosure,M,155
2464,1980,DS,spectabilis,3,Long-term Krat Exclosure,M,129
2465,1980,DM,merriami,4,Control,F,38
2466,1980,DM,merriami,4,Control,M,50
2467,1980,DM,merriami,4,Control,F,40
2469,1980,DS,spectabilis,6,Short-term Krat Exclosure,M,126
2470,1980,DM,merriami,6,Short-term Krat Exclosure,F,37
2471,1980,DO,ordii,7,Rodent Exclosure,M,52
2472,1980,DM,merriami,7,Rodent Exclosure,F,37
2473,1980,DS,spectabilis,8,Control,M,81
2474,1980,DS,spectabilis,8,Control,M,79
2475,1980,DM,merriami,9,Spectab exclosure,F,46
2476,1980,DM,merriami,9,Spectab exclosure,M,47
2477,1980,DM,merriami,10,Rodent Exclosure,F,40
2478,1980,DM,merriami,10,Rodent Exclosure,M,49
2479,1980,DS,spectabilis,11,Control,M,143
2480,1980,DM,merriami,11,Control,F,36
2481,1980,DM,merriami,11,Control,M,41
2482,1980,DM,merriami,12,Control,F,38
2483,1980,DM,merriami,12,Control,M,51
2484,1980,DM,merriami,12,Control,F,39
2485,1980,DM,merriami,13,Short-term Krat Exclosure,M,45
2486,1980,DM,merriami,13,Short-term Krat Exclosure,M,48
2487,1980,DM,merriami,13,Short-term Krat Exclosure,M,47
2488,1980,DM,merriami,14,Control,M,56
2489,1980,DM,merriami,14,Control,M,39
2490,1980,DM,merriami,14,Control,F,41
2491,1980,DM,merriami,15,Long-term Krat Exclosure,M,46
2492,1980,DM,merriami,15,Long-term Krat Exclosure,F,42
2493,1980,DM,merriami,15,Long-term Krat Exclosure,M,44
2494,1980,DM,merriami,16,Rodent Exclosure,F,49
2495,1980,DM,merriami,16,Rodent Exclosure,M,46
2496,1980,DM,merriami,24,Rodent Exclosure,M,51
2497,1980,DM,merriami,24,Rodent Exclosure,F,46
2499,1980,DS,spectabilis,24,Rodent Exclosure,M,134
2500,1980,DS,spectabilis,24,Rodent Exclosure,F,136
2501,1980,DS,spectabilis,24,Rodent Exclosure,M,87
2502,1980,DM,merriami,24,Rodent Exclosure,M,46
2505,1980,DM,merriami,5,Rodent Exclosure,M,47
2510,1980,DM,merriami,13,Short-term Krat Exclosure,M,42
2511,1980,DM,merriami,24,Rodent Exclosure,M,51
2515,1980,DS,spectabilis,1,Spectab exclosure,M,105
2517,1980,DM,merriami,14,Control,F,46
2519,1980,DS,spectabilis,13,Short-term Krat Exclosure,M,71
2520,1980,DS,spectabilis,6,Short-term Krat Exclosure,M,143
2521,1980,DM,merriami,14,Control,M,42
2524,1980,DS,spectabilis,4,Control,F,142
2525,1980,DM,merriami,2,Control,F,45
2527,1980,DM,merriami,6,Short-term Krat Exclosure,M,43
2534,1980,DM,merriami,5,Rodent Exclosure,F,42
2538,1980,DO,ordii,9,Spectab exclosure,F,49
2539,1980,DO,ordii,11,Control,F,54
2543,1980,DM,merriami,4,Control,M,50
2544,1980,DM,merriami,6,Short-term Krat Exclosure,M,41
2545,1980,DS,spectabilis,12,Control,F,70
2546,1980,DS,spectabilis,17,Control,M,126
2547,1980,DM,merriami,20,Short-term Krat Exclosure,F,44
2549,1980,DM,merriami,4,Control,F,41
2550,1980,DM,merriami,17,Control,M,49
2551,1980,DM,merriami,18,Short-term Krat Exclosure,F,40
2552,1980,DM,merriami,22,Control,F,55
2554,1980,DS,spectabilis,18,Short-term Krat Exclosure,F,114
2555,1980,DM,merriami,2,Control,M,42
2556,1980,DM,merriami,6,Short-term Krat Exclosure,F,39
2557,1980,DM,merriami,9,Spectab exclosure,F,48
2559,1980,DM,merriami,13,Short-term Krat Exclosure,M,40
2560,1980,DM,merriami,22,Control,M,49
2561,1980,DS,spectabilis,1,Spectab exclosure,M,145
2562,1980,DO,ordii,2,Control,M,55
2563,1980,DO,ordii,8,Control,F,47
2567,1980,DM,merriami,6,Short-term Krat Exclosure,F,39
2569,1980,DM,merriami,12,Control,M,50
2570,1980,DM,merriami,13,Short-term Krat Exclosure,F,40
2571,1980,DM,merriami,24,Rodent Exclosure,M,48
2574,1980,DO,ordii,6,Short-term Krat Exclosure,F,49
2575,1980,DM,merriami,11,Control,F,29
2577,1980,DS,spectabilis,18,Short-term Krat Exclosure,M,108
2578,1980,DM,merriami,20,Short-term Krat Exclosure,M,49
2579,1980,DM,merriami,22,Control,F,49
2582,1980,DM,merriami,22,Control,M,47
2584,1980,DM,merriami,12,Control,F,43
2585,1980,DO,ordii,13,Short-term Krat Exclosure,M,54
2586,1980,DM,merriami,14,Control,F,50
2587,1980,DM,merriami,24,Rodent Exclosure,F,53
2588,1980,DM,merriami,1,Spectab exclosure,M,50
2589,1980,DM,merriami,2,Control,F,46
2590,1980,DS,spectabilis,9,Spectab exclosure,M,146
2592,1980,DM,merriami,9,Spectab exclosure,M,50
2594,1980,DO,ordii,18,Short-term Krat Exclosure,M,44
2596,1980,DM,merriami,6,Short-term Krat Exclosure,M,43
2597,1980,DM,merriami,13,Short-term Krat Exclosure,M,46
2599,1980,DM,merriami,20,Short-term Krat Exclosure,F,51
2600,1980,DM,merriami,2,Control,F,38
2601,1980,DS,spectabilis,4,Control,F,111
2603,1980,DO,ordii,12,Control,M,53
2604,1980,DM,merriami,14,Control,F,43
2605,1980,DM,merriami,22,Control,F,52
2606,1980,DO,ordii,2,Control,M,55
2607,1980,DS,spectabilis,4,Control,M,121
2608,1980,DM,merriami,13,Short-term Krat Exclosure,M,43
2609,1980,DM,merriami,14,Control,F,52
2611,1980,DS,spectabilis,12,Control,M,136
2612,1980,DO,ordii,13,Short-term Krat Exclosure,F,51
2613,1980,DM,merriami,14,Control,M,58
2614,1980,DS,spectabilis,24,Rodent Exclosure,M,86
2616,1980,DM,merriami,6,Short-term Krat Exclosure,M,38
2619,1980,DM,merriami,20,Short-term Krat Exclosure,M,52
2620,1980,DS,spectabilis,24,Rodent Exclosure,F,126
2621,1980,DO,ordii,6,Short-term Krat Exclosure,M,42
2622,1980,DM,merriami,2,Control,M,43
2624,1980,DS,spectabilis,6,Short-term Krat Exclosure,F,67
2626,1980,DM,merriami,1,Spectab exclosure,M,42
2628,1980,DS,spectabilis,4,Control,M,124
2629,1980,DM,merriami,9,Spectab exclosure,M,49
2630,1980,DO,ordii,11,Control,F,50
2631,1980,DM,merriami,2,Control,M,44
2632,1980,DO,ordii,8,Control,F,57
2633,1980,DM,merriami,13,Short-term Krat Exclosure,M,44
2634,1980,DM,merriami,20,Short-term Krat Exclosure,M,49
2635,1980,DM,merriami,2,Control,F,52
2638,1980,DM,merriami,20,Short-term Krat Exclosure,F,43
2640,1980,DO,ordii,1,Spectab exclosure,M,44
2641,1980,DS,spectabilis,11,Control,M,147
2642,1980,DM,merriami,15,Long-term Krat Exclosure,M,37
2643,1980,DM,merriami,2,Control,M,43
2644,1980,DS,spectabilis,17,Control,M,132
2647,1980,DM,merriami,5,Rodent Exclosure,M,48
2648,1980,DM,merriami,11,Control,M,42
2651,1980,DM,merriami,13,Short-term Krat Exclosure,F,42
2653,1980,DM,merriami,2,Control,M,51
2654,1980,DS,spectabilis,4,Control,F,135
2655,1980,DM,merriami,5,Rodent Exclosure,F,46
2656,1980,DS,spectabilis,9,Spectab exclosure,F,114
2657,1980,DS,spectabilis,13,Short-term Krat Exclosure,M,118
2658,1980,DM,merriami,20,Short-term Krat Exclosure,M,42
2660,1980,DS,spectabilis,22,Control,M,147
2661,1980,DM,merriami,1,Spectab exclosure,F,46
2662,1980,DM,merriami,2,Control,M,47
2663,1980,DS,spectabilis,4,Control,M,147
2665,1980,DM,merriami,12,Control,M,52
2666,1980,DM,merriami,20,Short-term Krat Exclosure,M,46
2667,1980,DM,merriami,2,Control,F,46
2668,1980,DM,merriami,24,Rodent Exclosure,M,47
2669,1980,DM,merriami,24,Rodent Exclosure,M,53
2671,1980,DM,merriami,8,Control,M,45
2672,1980,DM,merriami,9,Spectab exclosure,M,48
2676,1980,DM,merriami,20,Short-term Krat Exclosure,F,43
2677,1980,DM,merriami,4,Control,M,52
2678,1980,DM,merriami,6,Short-term Krat Exclosure,M,51
2679,1980,DM,merriami,14,Control,M,42
2681,1980,DM,merriami,20,Short-term Krat Exclosure,M,42
2682,1980,DS,spectabilis,22,Control,M,131
2683,1980,DO,ordii,6,Short-term Krat Exclosure,M,56
2684,1980,DS,spectabilis,8,Control,M,85
2686,1980,DM,merriami,12,Control,F,41
2687,1980,DS,spectabilis,13,Short-term Krat Exclosure,M,89
2689,1980,DS,spectabilis,1,Spectab exclosure,M,160
2690,1980,DS,spectabilis,8,Control,M,131
2691,1980,DS,spectabilis,20,Short-term Krat Exclosure,M,134
2692,1980,DM,merriami,2,Control,M,45
2693,1980,DM,merriami,13,Short-term Krat Exclosure,M,50
2695,1980,DM,merriami,2,Control,M,45
2698,1980,DS,spectabilis,13,Short-term Krat Exclosure,M,104
2700,1980,DS,spectabilis,1,Spectab exclosure,M,110
2701,1980,DM,merriami,2,Control,F,49
2702,1980,DM,merriami,12,Control,M,56
2703,1980,DM,merriami,13,Short-term Krat Exclosure,M,50
2704,1980,DM,merriami,14,Control,M,43
2705,1980,DM,merriami,1,Spectab exclosure,F,46
2707,1980,DM,merriami,12,Control,F,27
2708,1980,DM,merriami,13,Short-term Krat Exclosure,M,47
2709,1980,DO,ordii,13,Short-term Krat Exclosure,F,55
2712,1980,DS,spectabilis,8,Control,M,82
2714,1980,DS,spectabilis,22,Control,F,114
2715,1980,DM,merriami,2,Control,F,50
2718,1980,DM,merriami,20,Short-term Krat Exclosure,M,43
2719,1980,DM,merriami,1,Spectab exclosure,F,44
2721,1980,DO,ordii,6,Short-term Krat Exclosure,F,51
2723,1980,DM,merriami,11,Control,F,43
2724,1980,DO,ordii,13,Short-term Krat Exclosure,F,39
2725,1980,DM,merriami,20,Short-term Krat Exclosure,F,42
2726,1980,DS,spectabilis,22,Control,M,141
2727,1980,DM,merriami,24,Rodent Exclosure,F,43
2731,1980,DM,merriami,13,Short-term Krat Exclosure,F,40
2733,1980,DM,merriami,24,Rodent Exclosure,F,44
2735,1980,DS,spectabilis,20,Short-term Krat Exclosure,M,104
2736,1980,DM,merriami,1,Spectab exclosure,F,42
2737,1980,DM,merriami,12,Control,F,29
2739,1980,DM,merriami,1,Spectab exclosure,F,45
2740,1980,DM,merriami,2,Control,F,45
2741,1980,DM,merriami,5,Rodent Exclosure,F,44
2743,1980,DM,merriami,9,Spectab exclosure,F,44
2744,1980,DO,ordii,18,Short-term Krat Exclosure,M,45
2745,1980,DM,merriami,24,Rodent Exclosure,F,39
2746,1980,DS,spectabilis,12,Control,M,134
2749,1980,DM,merriami,17,Control,M,48
2750,1980,DM,merriami,9,Spectab exclosure,M,47
2756,1980,DM,merriami,12,Control,F,51
2757,1980,DM,merriami,8,Control,M,44
2761,1980,DM,merriami,11,Control,F,45
2762,1980,DS,spectabilis,17,Control,M,160
2763,1980,DS,spectabilis,9,Spectab exclosure,F,61
2765,1980,DS,spectabilis,9,Spectab exclosure,M,91
2766,1980,DS,spectabilis,20,Short-term Krat Exclosure,F,165
2768,1980,DS,spectabilis,9,Spectab exclosure,F,92
2769,1980,DS,spectabilis,8,Control,M,134
2770,1980,DM,merriami,12,Control,F,45
2771,1980,DO,ordii,17,Control,M,51
2773,1980,DS,spectabilis,9,Spectab exclosure,F,113
2775,1980,DS,spectabilis,20,Short-term Krat Exclosure,M,113
2778,1980,DM,merriami,12,Control,M,53
2780,1980,DS,spectabilis,20,Short-term Krat Exclosure,F,65
2781,1980,DS,spectabilis,1,Spectab exclosure,M,117
2782,1980,DS,spectabilis,22,Control,M,144
2783,1980,DM,merriami,12,Control,M,50
2785,1980,DM,merriami,4,Control,M,51
2786,1980,DM,merriami,14,Control,F,54
2788,1980,DM,merriami,4,Control,F,44
2790,1980,DM,merriami,2,Control,F,59
2791,1980,DM,merriami,18,Short-term Krat Exclosure,M,47
2792,1980,DM,merriami,24,Rodent Exclosure,M,49
2795,1980,DS,spectabilis,14,Control,F,97
2796,1980,DS,spectabilis,18,Short-term Krat Exclosure,F,184
2798,1980,DM,merriami,4,Control,M,49
2799,1980,DS,spectabilis,24,Rodent Exclosure,M,80
2801,1980,DS,spectabilis,4,Control,M,131
2802,1980,DM,merriami,13,Short-term Krat Exclosure,M,42
2804,1980,DS,spectabilis,24,Rodent Exclosure,F,127
2805,1980,DS,spectabilis,4,Control,F,133
2806,1980,DS,spectabilis,6,Short-term Krat Exclosure,M,138
2808,1980,DM,merriami,5,Rodent Exclosure,M,49
2811,1980,DS,spectabilis,4,Control,M,81
2812,1980,DS,spectabilis,13,Short-term Krat Exclosure,M,90
2813,1980,DM,merriami,15,Long-term Krat Exclosure,M,45
2814,1980,DM,merriami,2,Control,F,44
2815,1980,DS,spectabilis,4,Control,M,82
2816,1980,DS,spectabilis,4,Control,F,78
2819,1980,DM,merriami,24,Rodent Exclosure,M,50
2822,1980,DM,merriami,14,Control,M,44
2826,1980,DM,merriami,13,Short-term Krat Exclosure,M,45
2827,1980,DM,merriami,5,Rodent Exclosure,F,51
2828,1980,DM,merriami,17,Control,M,23
2829,1980,DS,spectabilis,8,Control,M,135
2832,1980,DS,spectabilis,20,Short-term Krat Exclosure,F,155
2833,1980,DM,merriami,1,Spectab exclosure,M,19
2837,1980,DS,spectabilis,12,Control,M,132
2838,1980,DS,spectabilis,1,Spectab exclosure,M,145
2839,1980,DM,merriami,12,Control,F,43
2840,1980,DS,spectabilis,9,Spectab exclosure,F,114
2841,1980,DS,spectabilis,22,Control,M,95
2842,1980,DS,spectabilis,11,Control,F,130
2843,1980,DM,merriami,12,Control,M,49
2845,1980,DO,ordii,8,Control,F,30
2846,1980,DS,spectabilis,9,Spectab exclosure,M,143
2847,1980,DM,merriami,12,Control,F,43
2849,1980,DM,merriami,12,Control,M,55
2850,1980,DS,spectabilis,22,Control,M,140
2851,1980,DO,ordii,17,Control,M,49
2854,1980,DS,spectabilis,1,Spectab exclosure,M,122
2856,1980,DS,spectabilis,9,Spectab exclosure,F,108
2857,1980,DS,spectabilis,11,Control,F,92
2859,1980,DM,merriami,9,Spectab exclosure,M,48
2860,1980,DS,spectabilis,20,Short-term Krat Exclosure,M,125
2862,1980,DS,spectabilis,9,Spectab exclosure,M,104
2863,1980,DM,merriami,1,Spectab exclosure,M,51
2864,1980,DM,merriami,12,Control,F,43
2868,1980,DM,merriami,4,Control,M,49
2869,1980,DS,spectabilis,6,Short-term Krat Exclosure,M,141
2873,1980,DM,merriami,16,Rodent Exclosure,M,48
2874,1980,DS,spectabilis,4,Control,M,131
2876,1980,DS,spectabilis,18,Short-term Krat Exclosure,M,74
2882,1980,DM,merriami,24,Rodent Exclosure,M,50
2885,1980,DM,merriami,13,Short-term Krat Exclosure,M,44
2886,1980,DM,merriami,14,Control,F,51
2888,1980,DS,spectabilis,18,Short-term Krat Exclosure,F,146
2889,1980,DM,merriami,24,Rodent Exclosure,F,43
2891,1980,DS,spectabilis,24,Rodent Exclosure,F,160
2893,1980,DS,spectabilis,18,Short-term Krat Exclosure,M,135
2895,1980,DM,merriami,5,Rodent Exclosure,F,20
2896,1980,DS,spectabilis,13,Short-term Krat Exclosure,M,88
2897,1980,DS,spectabilis,4,Control,M,102
2898,1980,DS,spectabilis,14,Control,F,115
2901,1980,DM,merriami,2,Control,F,53
2902,1980,DM,merriami,2,Control,M,48
2906,1980,DM,merriami,2,Control,M,43
2907,1980,DM,merriami,14,Control,M,45
2908,1980,DS,spectabilis,4,Control,M,92
2909,1980,DS,spectabilis,4,Control,F,160
2910,1980,DS,spectabilis,13,Short-term Krat Exclosure,M,104
2911,1980,DM,merriami,13,Short-term Krat Exclosure,M,46
2912,1980,DM,merriami,5,Rodent Exclosure,F,43
2913,1980,DM,merriami,1,Spectab exclosure,F,44
2915,1980,DM,merriami,17,Control,M,34
2917,1980,DS,spectabilis,24,Rodent Exclosure,F,130
2918,1980,DM,merriami,12,Control,F,43
2919,1980,DS,spectabilis,11,Control,F,105
2922,1980,DM,merriami,24,Rodent Exclosure,M,49
2923,1980,DO,ordii,17,Control,M,51
2924,1980,DS,spectabilis,17,Control,NA,108
2925,1980,DS,spectabilis,11,Control,M,45
2926,1980,DS,spectabilis,20,Short-term Krat Exclosure,F,154
2929,1980,DS,spectabilis,12,Control,M,133
2930,1980,DM,merriami,24,Rodent Exclosure,F,41
2931,1980,DS,spectabilis,1,Spectab exclosure,M,148
2933,1980,DS,spectabilis,9,Spectab exclosure,F,127
2934,1980,DS,spectabilis,9,Spectab exclosure,M,144
2935,1980,DS,spectabilis,22,Control,M,140
2936,1980,DM,merriami,12,Control,F,40
2937,1980,DS,spectabilis,22,Control,F,78
2938,1980,DS,spectabilis,22,Control,M,104
2939,1980,DS,spectabilis,9,Spectab exclosure,F,72
2940,1980,DS,spectabilis,17,Control,M,142
2941,1980,DM,merriami,12,Control,M,53
2943,1980,DS,spectabilis,9,Spectab exclosure,M,113
2944,1980,DS,spectabilis,9,Spectab exclosure,F,73
2946,1980,DS,spectabilis,20,Short-term Krat Exclosure,M,120
2947,1980,DS,spectabilis,1,Spectab exclosure,M,102
2948,1980,DM,merriami,12,Control,M,29
2949,1980,DS,spectabilis,9,Spectab exclosure,F,138
2950,1980,DO,ordii,17,Control,F,53
2951,1980,DM,merriami,24,Rodent Exclosure,F,27
2954,1980,DS,spectabilis,20,Short-term Krat Exclosure,M,78
2955,1980,DM,merriami,24,Rodent Exclosure,M,30
2956,1980,DM,merriami,12,Control,M,31
2961,1980,DS,spectabilis,13,Short-term Krat Exclosure,M,97
2962,1980,DS,spectabilis,18,Short-term Krat Exclosure,M,84
2963,1980,DM,merriami,5,Rodent Exclosure,M,45
2964,1980,DS,spectabilis,18,Short-term Krat Exclosure,F,68
2965,1980,DM,merriami,4,Control,M,49
2969,1980,DS,spectabilis,18,Short-term Krat Exclosure,F,154
2970,1980,DM,merriami,18,Short-term Krat Exclosure,M,48
2971,1980,DS,spectabilis,4,Control,M,104
2972,1980,DM,merriami,13,Short-term Krat Exclosure,M,43
2975,1980,DM,merriami,2,Control,M,43
2976,1980,DS,spectabilis,18,Short-term Krat Exclosure,F,72
2977,1980,DM,merriami,5,Rodent Exclosure,F,30
2979,1980,DS,spectabilis,5,Rodent Exclosure,F,79
2980,1980,DS,spectabilis,4,Control,M,133
2981,1980,DM,merriami,2,Control,F,56
2982,1980,DS,spectabilis,6,Short-term Krat Exclosure,M,138
2983,1980,DS,spectabilis,13,Short-term Krat Exclosure,M,99
2984,1980,DS,spectabilis,8,Control,M,134
2985,1980,DS,spectabilis,14,Control,F,102
2986,1980,DS,spectabilis,18,Short-term Krat Exclosure,M,134
2987,1980,DM,merriami,14,Control,M,43
2988,1980,DM,merriami,14,Control,F,48
2991,1980,DM,merriami,13,Short-term Krat Exclosure,M,47
2993,1980,DO,ordii,8,Control,F,43
2995,1980,DS,spectabilis,4,Control,M,86
2996,1980,DS,spectabilis,4,Control,M,105
2997,1980,DM,merriami,16,Rodent Exclosure,M,45
2998,1980,DS,spectabilis,4,Control,F,123
3003,1980,DM,merriami,5,Rodent Exclosure,F,50
3004,1980,DS,spectabilis,1,Spectab exclosure,NA,135
3005,1980,DS,spectabilis,1,Spectab exclosure,M,142
3006,1980,DM,merriami,1,Spectab exclosure,M,54
3007,1980,DO,ordii,1,Spectab exclosure,M,54
3008,1980,DS,spectabilis,2,Control,F,153
3009,1980,DS,spectabilis,2,Control,F,105
3010,1980,DS,spectabilis,2,Control,M,149
3011,1980,DS,spectabilis,3,Long-term Krat Exclosure,F,115
3012,1980,DS,spectabilis,3,Long-term Krat Exclosure,F,78
3013,1980,DM,merriami,3,Long-term Krat Exclosure,F,43
3015,1980,DS,spectabilis,3,Long-term Krat Exclosure,M,123
3016,1980,DS,spectabilis,3,Long-term Krat Exclosure,F,125
3017,1980,DS,spectabilis,3,Long-term Krat Exclosure,M,91
3018,1980,DS,spectabilis,4,Control,M,95
3019,1980,DS,spectabilis,4,Control,M,88
3020,1980,DS,spectabilis,4,Control,M,53
3021,1980,DS,spectabilis,4,Control,F,103
3022,1980,DS,spectabilis,4,Control,F,54
3023,1980,DM,merriami,4,Control,F,41
3024,1980,DM,merriami,4,Control,M,49
3025,1980,DS,spectabilis,5,Rodent Exclosure,M,122
3026,1980,DM,merriami,5,Rodent Exclosure,F,43
3027,1980,DS,spectabilis,5,Rodent Exclosure,M,105
3029,1980,DS,spectabilis,5,Rodent Exclosure,F,112
3030,1980,DS,spectabilis,5,Rodent Exclosure,F,130
3031,1980,DM,merriami,5,Rodent Exclosure,M,44
3033,1980,DM,merriami,2,Control,F,45
3034,1980,DS,spectabilis,2,Control,M,102
3035,1980,DM,merriami,2,Control,M,46
3036,1980,DM,merriami,7,Rodent Exclosure,M,46
3037,1980,DM,merriami,7,Rodent Exclosure,F,53
3038,1980,DS,spectabilis,7,Rodent Exclosure,NA,126
3039,1980,DS,spectabilis,9,Spectab exclosure,M,122
3041,1980,DM,merriami,9,Spectab exclosure,F,51
3042,1980,DS,spectabilis,9,Spectab exclosure,F,69
3044,1980,DM,merriami,17,Control,M,41
3045,1980,DS,spectabilis,20,Short-term Krat Exclosure,F,151
3046,1980,DS,spectabilis,11,Control,M,109
3047,1980,DS,spectabilis,18,Short-term Krat Exclosure,F,93
3048,1980,DS,spectabilis,18,Short-term Krat Exclosure,M,82
3050,1980,DO,ordii,11,Control,F,56
3051,1980,DM,merriami,24,Rodent Exclosure,F,45
3052,1980,DM,merriami,17,Control,M,46
3053,1980,DO,ordii,11,Control,M,26
3054,1980,DM,merriami,20,Short-term Krat Exclosure,M,48
3055,1980,DS,spectabilis,17,Control,F,109
3056,1980,DS,spectabilis,22,Control,M,103
3057,1980,DS,spectabilis,18,Short-term Krat Exclosure,M,136
3060,1980,DO,ordii,8,Control,F,51
3063,1980,DS,spectabilis,9,Spectab exclosure,M,101
3064,1980,DS,spectabilis,11,Control,M,54
3065,1980,DS,spectabilis,8,Control,M,133
3066,1980,DO,ordii,17,Control,F,58
3067,1980,DS,spectabilis,22,Control,M,141
3068,1980,DS,spectabilis,17,Control,M,144
3069,1980,DS,spectabilis,20,Short-term Krat Exclosure,M,123
3070,1980,DS,spectabilis,9,Spectab exclosure,M,118
3072,1980,DS,spectabilis,9,Spectab exclosure,F,80
3073,1980,DO,ordii,17,Control,M,49
3075,1980,DM,merriami,18,Short-term Krat Exclosure,M,37
3076,1980,DS,spectabilis,9,Spectab exclosure,F,97
3077,1980,DS,spectabilis,22,Control,F,102
3078,1980,DS,spectabilis,20,Short-term Krat Exclosure,M,105
3079,1980,DO,ordii,18,Short-term Krat Exclosure,M,44
3082,1980,DM,merriami,14,Control,M,40
3083,1980,DS,spectabilis,2,Control,F,90
3084,1980,DM,merriami,5,Rodent Exclosure,F,52
3086,1980,DM,merriami,12,Control,F,31
3088,1980,DS,spectabilis,12,Control,M,132
3090,1980,DM,merriami,14,Control,F,48
3091,1980,DS,spectabilis,14,Control,M,77
3093,1980,DM,merriami,4,Control,F,38
3094,1980,DS,spectabilis,6,Short-term Krat Exclosure,M,135
3096,1980,DS,spectabilis,4,Control,M,124
3098,1980,DM,merriami,12,Control,F,39
3099,1980,DM,merriami,2,Control,M,42
3101,1980,DS,spectabilis,4,Control,M,96
3102,1980,DM,merriami,13,Short-term Krat Exclosure,M,43
3103,1980,DS,spectabilis,4,Control,F,124
3104,1980,DS,spectabilis,4,Control,M,106
3105,1980,DM,merriami,12,Control,F,29
3106,1980,DS,spectabilis,13,Short-term Krat Exclosure,M,111
3107,1980,DM,merriami,2,Control,F,53
3108,1980,DM,merriami,13,Short-term Krat Exclosure,M,28
3109,1980,DM,merriami,14,Control,F,25
3110,1980,DM,merriami,5,Rodent Exclosure,M,20
3111,1980,DS,spectabilis,14,Control,F,106
3112,1980,DS,spectabilis,4,Control,M,111
3117,1980,DM,merriami,14,Control,F,42
3118,1980,DS,spectabilis,1,Spectab exclosure,M,131
3119,1980,DM,merriami,12,Control,M,40
3124,1980,DM,merriami,17,Control,M,45
3125,1980,DS,spectabilis,18,Short-term Krat Exclosure,M,90
3130,1980,DS,spectabilis,11,Control,M,113
3131,1980,DO,ordii,17,Control,M,24
3134,1980,DS,spectabilis,17,Control,F,104
3135,1980,DM,merriami,18,Short-term Krat Exclosure,M,47
3136,1980,DS,spectabilis,8,Control,M,135
3137,1980,DS,spectabilis,17,Control,M,143
3138,1980,DS,spectabilis,22,Control,M,143
3139,1980,DS,spectabilis,18,Short-term Krat Exclosure,F,93
3140,1980,DS,spectabilis,22,Control,F,108
3141,1980,DM,merriami,24,Rodent Exclosure,F,41
3142,1980,DO,ordii,11,Control,M,34
3143,1980,DO,ordii,17,Control,M,49
3147,1980,DO,ordii,8,Control,F,47
3148,1980,DS,spectabilis,11,Control,M,122
3149,1980,DO,ordii,17,Control,F,47
3150,1980,DS,spectabilis,11,Control,M,71
3151,1980,DO,ordii,18,Short-term Krat Exclosure,M,44
3158,1980,DM,merriami,14,Control,M,42
3159,1980,DM,merriami,12,Control,M,54
3161,1980,DM,merriami,5,Rodent Exclosure,F,43
3164,1980,DM,merriami,4,Control,M,48
3165,1980,DS,spectabilis,12,Control,M,134
3166,1980,DS,spectabilis,14,Control,M,95
3167,1980,DM,merriami,13,Short-term Krat Exclosure,F,32
3168,1980,DM,merriami,12,Control,F,46
3169,1980,DM,merriami,14,Control,F,50
3171,1980,DS,spectabilis,4,Control,M,136
3173,1980,DM,merriami,4,Control,M,29
3174,1980,DS,spectabilis,4,Control,F,128
3177,1980,DS,spectabilis,4,Control,M,114
3178,1980,DS,spectabilis,4,Control,M,92
3179,1980,DM,merriami,14,Control,M,45
3180,1980,DM,merriami,14,Control,F,19
3182,1980,DM,merriami,2,Control,M,43
3183,1980,DM,merriami,5,Rodent Exclosure,F,43
3187,1980,DO,ordii,11,Control,M,39
3188,1980,DM,merriami,17,Control,M,46
3191,1980,DS,spectabilis,11,Control,M,121
3193,1980,DO,ordii,17,Control,M,32
3194,1980,DS,spectabilis,18,Short-term Krat Exclosure,M,140
3196,1980,DS,spectabilis,18,Short-term Krat Exclosure,M,99
3197,1980,DS,spectabilis,20,Short-term Krat Exclosure,M,134
3198,1980,DS,spectabilis,22,Control,M,115
3201,1980,DS,spectabilis,17,Control,F,118
3202,1980,DO,ordii,18,Short-term Krat Exclosure,M,46
3203,1980,DS,spectabilis,8,Control,M,134
3204,1980,DS,spectabilis,11,Control,M,102
3205,1980,DO,ordii,17,Control,M,51
3206,1980,DM,merriami,24,Rodent Exclosure,M,43
3207,1980,DS,spectabilis,17,Control,M,149
3209,1980,DS,spectabilis,22,Control,F,113
3211,1980,DM,merriami,11,Control,M,29
3219,1980,DM,merriami,12,Control,M,55
3220,1980,DM,merriami,14,Control,F,50
3223,1980,DS,spectabilis,4,Control,M,137
3224,1980,DM,merriami,12,Control,F,44
3225,1980,DS,spectabilis,1,Spectab exclosure,M,131
3226,1980,DM,merriami,1,Spectab exclosure,F,53
3227,1980,DS,spectabilis,12,Control,M,138
3229,1980,DM,merriami,12,Control,M,35
3231,1980,DM,merriami,14,Control,M,41
3234,1980,DM,merriami,4,Control,F,42
3236,1980,DM,merriami,2,Control,M,42
3237,1980,DS,spectabilis,1,Spectab exclosure,M,143
3238,1980,DM,merriami,5,Rodent Exclosure,F,42
3240,1980,DS,spectabilis,4,Control,F,136
3241,1980,DM,merriami,14,Control,F,28
3242,1980,DS,spectabilis,4,Control,M,120
3243,1980,DS,spectabilis,14,Control,F,111
3244,1980,DM,merriami,14,Control,M,45
3248,1980,DM,merriami,7,Rodent Exclosure,M,48
3252,1980,DM,merriami,18,Short-term Krat Exclosure,M,54
3253,1980,DS,spectabilis,18,Short-term Krat Exclosure,M,115
3254,1980,DM,merriami,22,Control,M,34
3255,1980,DM,merriami,17,Control,NA,35
3258,1980,DM,merriami,17,Control,M,51
3259,1980,DS,spectabilis,11,Control,M,131
3260,1980,DS,spectabilis,13,Short-term Krat Exclosure,M,108
3264,1980,DS,spectabilis,17,Control,M,124
3265,1980,DS,spectabilis,22,Control,M,111
3266,1980,DS,spectabilis,9,Spectab exclosure,M,114
3267,1980,DS,spectabilis,22,Control,M,120
3269,1980,DS,spectabilis,20,Short-term Krat Exclosure,F,150
3270,1980,DS,spectabilis,17,Control,M,145
3271,1980,DS,spectabilis,9,Spectab exclosure,F,124
3274,1980,DS,spectabilis,22,Control,F,122
3276,1980,DM,merriami,18,Short-term Krat Exclosure,F,33
3278,1980,DS,spectabilis,8,Control,M,134
3279,1980,DM,merriami,13,Short-term Krat Exclosure,M,49
3280,1980,DO,ordii,17,Control,M,52
3284,1980,DS,spectabilis,17,Control,F,118
3288,1980,DS,spectabilis,9,Spectab exclosure,F,110
3293,1980,DM,merriami,6,Short-term Krat Exclosure,M,41
3297,1980,DS,spectabilis,12,Control,M,141
3299,1980,DM,merriami,5,Rodent Exclosure,F,52
3302,1980,DM,merriami,2,Control,M,45
3303,1980,DS,spectabilis,4,Control,M,139
3304,1980,DM,merriami,12,Control,F,55
3305,1980,DM,merriami,1,Spectab exclosure,F,47
3307,1980,DM,merriami,12,Control,M,55
3309,1980,DS,spectabilis,1,Spectab exclosure,M,138
3310,1980,DS,spectabilis,14,Control,F,109
3312,1980,DM,merriami,6,Short-term Krat Exclosure,M,44
3314,1980,DM,merriami,14,Control,F,51
3315,1980,DM,merriami,4,Control,F,39
3318,1980,DS,spectabilis,4,Control,F,130
3321,1980,DS,spectabilis,4,Control,M,129
3322,1980,DM,merriami,14,Control,M,47
3325,1980,DS,spectabilis,1,Spectab exclosure,M,144
3330,1980,DS,spectabilis,13,Short-term Krat Exclosure,F,119
3334,1980,DS,spectabilis,22,Control,M,128
3337,1980,DS,spectabilis,20,Short-term Krat Exclosure,F,151
3338,1980,DM,merriami,20,Short-term Krat Exclosure,M,38
3340,1980,DS,spectabilis,17,Control,F,128
3341,1980,DM,merriami,24,Rodent Exclosure,F,43
3345,1980,DM,merriami,11,Control,M,39
3346,1980,DS,spectabilis,17,Control,M,149
3347,1980,DM,merriami,24,Rodent Exclosure,M,52
3348,1980,DS,spectabilis,22,Control,F,124
3349,1980,DM,merriami,20,Short-term Krat Exclosure,M,39
3350,1980,DM,merriami,13,Short-term Krat Exclosure,M,46
3357,1980,DS,spectabilis,1,Spectab exclosure,M,150
3358,1980,DS,spectabilis,11,Control,M,130
3359,1980,DS,spectabilis,8,Control,M,142
3361,1980,DO,ordii,17,Control,F,49
3367,1980,DM,merriami,12,Control,F,41
3368,1980,DM,merriami,6,Short-term Krat Exclosure,M,39
3369,1980,DS,spectabilis,12,Control,M,140
3373,1980,DM,merriami,12,Control,F,45
3375,1980,DM,merriami,6,Short-term Krat Exclosure,M,47
3378,1980,DS,spectabilis,18,Short-term Krat Exclosure,M,140
3379,1980,DS,spectabilis,9,Spectab exclosure,M,121
3380,1980,DS,spectabilis,2,Control,F,137
3381,1980,DS,spectabilis,4,Control,F,126
3383,1980,DS,spectabilis,18,Short-term Krat Exclosure,M,116
3384,1980,DM,merriami,5,Rodent Exclosure,M,48
3385,1980,DS,spectabilis,14,Control,F,110
3387,1980,DS,spectabilis,4,Control,M,137
3388,1980,DM,merriami,2,Control,M,45
3389,1980,DM,merriami,18,Short-term Krat Exclosure,M,49
3390,1980,DS,spectabilis,9,Spectab exclosure,F,120
3391,1980,DM,merriami,9,Spectab exclosure,M,44
3392,1980,DM,merriami,12,Control,M,61
3395,1980,DM,merriami,5,Rodent Exclosure,F,42
3399,1980,DM,merriami,14,Control,F,62
3401,1980,DM,merriami,14,Control,M,47
3403,1980,DM,merriami,12,Control,M,40
3406,1980,DM,merriami,17,Control,F,40
3407,1980,DM,merriami,20,Short-term Krat Exclosure,M,40
3408,1980,DS,spectabilis,8,Control,M,131
3410,1980,DS,spectabilis,17,Control,M,149
3413,1980,DS,spectabilis,8,Control,M,136
3417,1980,DO,ordii,8,Control,F,52
3418,1980,DS,spectabilis,1,Spectab exclosure,M,154
3419,1980,DM,merriami,24,Rodent Exclosure,F,43
3421,1980,DS,spectabilis,1,Spectab exclosure,M,155
3422,1980,DM,merriami,10,Rodent Exclosure,M,40
3423,1980,DS,spectabilis,8,Control,F,115
3424,1980,DS,spectabilis,17,Control,F,121
3427,1980,DO,ordii,17,Control,F,47
3428,1980,DM,merriami,24,Rodent Exclosure,M,52
3431,1980,DM,merriami,20,Short-term Krat Exclosure,M,35
3432,1980,DS,spectabilis,13,Short-term Krat Exclosure,F,122
3433,1980,DS,spectabilis,20,Short-term Krat Exclosure,F,144
3434,1980,DS,spectabilis,22,Control,F,121
3437,1980,DO,ordii,1,Spectab exclosure,F,50
3438,1980,DO,ordii,8,Control,M,48
3441,1980,DM,merriami,13,Short-term Krat Exclosure,M,48
3442,1980,DM,merriami,11,Control,F,42
3443,1980,DS,spectabilis,13,Short-term Krat Exclosure,F,133
3445,1980,DS,spectabilis,11,Control,M,127
3446,1980,DM,merriami,24,Rodent Exclosure,M,38
3451,1980,DM,merriami,1,Spectab exclosure,F,39
3452,1980,DS,spectabilis,1,Spectab exclosure,M,145
3453,1980,DO,ordii,2,Control,M,50
3454,1980,DM,merriami,2,Control,F,38
3455,1980,DO,ordii,2,Control,F,53
3456,1980,DM,merriami,2,Control,F,45
3457,1980,DS,spectabilis,2,Control,M,146
3458,1980,DM,merriami,3,Long-term Krat Exclosure,M,45
3460,1980,DM,merriami,3,Long-term Krat Exclosure,M,48
3462,1980,DS,spectabilis,4,Control,M,121
3463,1980,DM,merriami,4,Control,F,39
3464,1980,DM,merriami,4,Control,M,43
3465,1980,DM,merriami,4,Control,M,46
3466,1980,DS,spectabilis,5,Rodent Exclosure,F,129
3467,1980,DS,spectabilis,5,Rodent Exclosure,F,106
3468,1980,DM,merriami,6,Short-term Krat Exclosure,F,40
3469,1980,DS,spectabilis,6,Short-term Krat Exclosure,F,124
3470,1980,DM,merriami,6,Short-term Krat Exclosure,F,46
3471,1980,DS,spectabilis,6,Short-term Krat Exclosure,F,111
3472,1980,DS,spectabilis,6,Short-term Krat Exclosure,F,104
3473,1980,DS,spectabilis,9,Spectab exclosure,M,121
3474,1980,DO,ordii,9,Spectab exclosure,M,47
3475,1980,DM,merriami,9,Spectab exclosure,F,40
3476,1980,DM,merriami,9,Spectab exclosure,F,43
3477,1980,DM,merriami,9,Spectab exclosure,F,40
3478,1980,DM,merriami,12,Control,M,40
3479,1980,DS,spectabilis,12,Control,F,127
3480,1980,DM,merriami,13,Short-term Krat Exclosure,M,46
3481,1980,DM,merriami,13,Short-term Krat Exclosure,M,49
3483,1980,DM,merriami,14,Control,M,47
3484,1980,DM,merriami,14,Control,F,38
3485,1980,DM,merriami,14,Control,F,32
3486,1980,DM,merriami,14,Control,M,46
3488,1980,DS,spectabilis,14,Control,M,125
3489,1980,DM,merriami,15,Long-term Krat Exclosure,M,47
3490,1980,DM,merriami,15,Long-term Krat Exclosure,F,39
3491,1980,DM,merriami,15,Long-term Krat Exclosure,F,40
3492,1980,DS,spectabilis,17,Control,M,146
3493,1980,DM,merriami,17,Control,F,49
3494,1980,DM,merriami,17,Control,M,47
3495,1980,DM,merriami,18,Short-term Krat Exclosure,M,48
3496,1980,DO,ordii,18,Short-term Krat Exclosure,F,41
3497,1980,DM,merriami,18,Short-term Krat Exclosure,M,40
3498,1980,DM,merriami,18,Short-term Krat Exclosure,F,45
3499,1980,DM,merriami,18,Short-term Krat Exclosure,M,46
3500,1980,DO,ordii,18,Short-term Krat Exclosure,M,50
3501,1980,DM,merriami,19,Long-term Krat Exclosure,F,43
3504,1980,DM,merriami,19,Long-term Krat Exclosure,M,44
3505,1980,DS,spectabilis,2,Control,F,131
3508,1980,DM,merriami,5,Rodent Exclosure,M,48
3509,1980,DS,spectabilis,18,Short-term Krat Exclosure,M,133
3512,1980,DS,spectabilis,18,Short-term Krat Exclosure,M,134
3513,1980,DS,spectabilis,4,Control,M,127
3514,1980,DM,merriami,12,Control,F,39
3515,1980,DM,merriami,14,Control,F,51
3518,1980,DM,merriami,14,Control,M,47
3519,1980,DS,spectabilis,12,Control,M,138
3520,1980,DS,spectabilis,9,Spectab exclosure,F,122
3521,1980,DM,merriami,12,Control,F,44
3522,1980,DS,spectabilis,6,Short-term Krat Exclosure,F,111
3523,1980,DM,merriami,6,Short-term Krat Exclosure,M,45
3525,1980,DM,merriami,2,Control,M,42
3526,1980,DS,spectabilis,4,Control,F,126
3527,1980,DS,spectabilis,9,Spectab exclosure,M,135
3530,1980,DM,merriami,4,Control,M,46
3531,1980,DM,merriami,12,Control,M,51
3532,1980,DM,merriami,5,Rodent Exclosure,F,47
3533,1980,DS,spectabilis,9,Spectab exclosure,F,117
3534,1980,DM,merriami,12,Control,M,56
3536,1980,DM,merriami,18,Short-term Krat Exclosure,M,47
3537,1980,DM,merriami,9,Spectab exclosure,M,41
3541,1980,DM,merriami,12,Control,M,40
3542,1980,DM,merriami,9,Spectab exclosure,F,35
3544,1980,DO,ordii,9,Spectab exclosure,M,56
3545,1980,DO,ordii,9,Spectab exclosure,M,51
3546,1980,DS,spectabilis,2,Control,F,147
3547,1980,DM,merriami,2,Control,M,48
3548,1980,DM,merriami,9,Spectab exclosure,F,43
3549,1980,DM,merriami,24,Rodent Exclosure,F,46
3550,1980,DM,merriami,2,Control,F,46
3551,1980,DM,merriami,5,Rodent Exclosure,F,35
3555,1980,DS,spectabilis,9,Spectab exclosure,M,148
3559,1980,DO,ordii,9,Spectab exclosure,M,50
3564,1980,DM,merriami,2,Control,M,49
3565,1980,DS,spectabilis,1,Spectab exclosure,M,154
3566,1980,DM,merriami,2,Control,M,47
3567,1980,DM,merriami,5,Rodent Exclosure,M,51
3569,1980,DM,merriami,2,Control,M,33
3570,1980,DS,spectabilis,6,Short-term Krat Exclosure,M,149
3572,1980,DM,merriami,14,Control,F,47
3573,1980,DS,spectabilis,1,Spectab exclosure,M,152
3575,1980,DS,spectabilis,9,Spectab exclosure,F,139
3576,1980,DM,merriami,4,Control,F,44
3577,1980,DS,spectabilis,6,Short-term Krat Exclosure,F,120
3579,1980,DS,spectabilis,9,Spectab exclosure,M,139
3580,1980,DM,merriami,2,Control,M,42
3581,1980,DM,merriami,10,Rodent Exclosure,M,41
3582,1980,DO,ordii,1,Spectab exclosure,F,66
3583,1980,DM,merriami,4,Control,M,46
3584,1980,DO,ordii,1,Spectab exclosure,M,49
3585,1980,DM,merriami,14,Control,F,35
3588,1980,DM,merriami,4,Control,F,46
3590,1980,DS,spectabilis,9,Spectab exclosure,F,123
3591,1980,DM,merriami,9,Spectab exclosure,M,45
3592,1980,DS,spectabilis,4,Control,M,127
3593,1980,DM,merriami,4,Control,M,48
3597,1980,DO,ordii,8,Control,F,49
3598,1980,DO,ordii,8,Control,F,52
3599,1980,DM,merriami,8,Control,M,51
3600,1980,DM,merriami,11,Control,M,44
3601,1980,DS,spectabilis,11,Control,M,126
3602,1980,DM,merriami,12,Control,M,43
3603,1980,DM,merriami,12,Control,M,32
3604,1980,DM,merriami,12,Control,M,47
3605,1980,DS,spectabilis,12,Control,F,129
3606,1980,DM,merriami,12,Control,M,54
3607,1980,DM,merriami,13,Short-term Krat Exclosure,F,40
3608,1980,DM,merriami,13,Short-term Krat Exclosure,M,49
3609,1980,DS,spectabilis,13,Short-term Krat Exclosure,M,135
3610,1980,DS,spectabilis,13,Short-term Krat Exclosure,F,145
3611,1980,DM,merriami,13,Short-term Krat Exclosure,M,51
3612,1980,DO,ordii,13,Short-term Krat Exclosure,M,56
3613,1980,DM,merriami,13,Short-term Krat Exclosure,M,43
3614,1980,DM,merriami,14,Control,M,46
3615,1980,DM,merriami,15,Long-term Krat Exclosure,F,41
3616,1980,DM,merriami,15,Long-term Krat Exclosure,F,48
3617,1980,DM,merriami,16,Rodent Exclosure,F,41
3618,1980,DM,merriami,16,Rodent Exclosure,M,49
3619,1980,DS,spectabilis,17,Control,F,118
3620,1980,DS,spectabilis,17,Control,M,119
3621,1980,DO,ordii,18,Short-term Krat Exclosure,M,50
3622,1980,DS,spectabilis,18,Short-term Krat Exclosure,F,131
3623,1980,DS,spectabilis,18,Short-term Krat Exclosure,M,134
3624,1980,DM,merriami,19,Long-term Krat Exclosure,F,43
3625,1980,DM,merriami,19,Long-term Krat Exclosure,M,52
3626,1980,DO,ordii,19,Long-term Krat Exclosure,M,52
3627,1980,DM,merriami,19,Long-term Krat Exclosure,F,43
3628,1980,DM,merriami,19,Long-term Krat Exclosure,F,41
3629,1980,DM,merriami,20,Short-term Krat Exclosure,M,48
3630,1980,DM,merriami,20,Short-term Krat Exclosure,M,45
3631,1980,DM,merriami,20,Short-term Krat Exclosure,F,44
3632,1980,DS,spectabilis,20,Short-term Krat Exclosure,M,133
3633,1980,DS,spectabilis,20,Short-term Krat Exclosure,M,151
3634,1980,DM,merriami,21,Long-term Krat Exclosure,M,37
3635,1980,DM,merriami,22,Control,M,45
3636,1980,DS,spectabilis,22,Control,M,142
3637,1980,DM,merriami,23,Rodent Exclosure,M,49
3638,1980,DM,merriami,23,Rodent Exclosure,F,56
3639,1980,DM,merriami,23,Rodent Exclosure,M,29
3641,1980,DM,merriami,23,Rodent Exclosure,M,52
3642,1980,DM,merriami,23,Rodent Exclosure,F,44
3643,1980,DS,spectabilis,23,Rodent Exclosure,M,130
3644,1980,DS,spectabilis,23,Rodent Exclosure,M,131
3645,1980,DM,merriami,23,Rodent Exclosure,M,48
3646,1980,DM,merriami,23,Rodent Exclosure,F,47
3651,1980,DM,merriami,12,Control,F,40
3652,1980,DO,ordii,8,Control,F,54
3653,1980,DS,spectabilis,12,Control,M,137
3655,1980,DM,merriami,12,Control,F,52
3656,1980,DM,merriami,17,Control,M,48
3657,1980,DM,merriami,18,Short-term Krat Exclosure,M,51
3658,1980,DM,merriami,20,Short-term Krat Exclosure,M,40
3659,1980,DM,merriami,17,Control,F,43
3660,1980,DS,spectabilis,18,Short-term Krat Exclosure,M,120
3662,1980,DS,spectabilis,17,Control,F,127
3663,1980,DS,spectabilis,8,Control,F,120
3664,1980,DM,merriami,12,Control,M,60
3665,1980,DS,spectabilis,13,Short-term Krat Exclosure,F,150
3666,1980,DS,spectabilis,20,Short-term Krat Exclosure,F,147
3668,1980,DS,spectabilis,8,Control,M,140
3671,1980,DS,spectabilis,17,Control,F,129
3672,1980,DS,spectabilis,22,Control,F,130
3673,1980,DO,ordii,17,Control,F,59
3675,1980,DM,merriami,18,Short-term Krat Exclosure,F,31
3677,1980,DM,merriami,17,Control,M,52
3680,1980,DM,merriami,17,Control,F,46
3681,1980,DM,merriami,11,Control,F,59
3683,1980,DM,merriami,12,Control,M,44
3684,1980,DM,merriami,13,Short-term Krat Exclosure,M,52
3686,1981,DM,merriami,11,Control,M,34
3688,1981,DM,merriami,13,Short-term Krat Exclosure,M,49
3689,1981,DS,spectabilis,8,Control,M,140
3690,1981,DM,merriami,11,Control,F,46
3692,1981,DM,merriami,20,Short-term Krat Exclosure,M,38
3694,1981,DO,ordii,24,Rodent Exclosure,F,49
3695,1981,DS,spectabilis,11,Control,M,130
3696,1981,DO,ordii,8,Control,F,57
3697,1981,DM,merriami,10,Rodent Exclosure,M,49
3708,1981,DS,spectabilis,18,Short-term Krat Exclosure,M,130
3710,1981,DS,spectabilis,20,Short-term Krat Exclosure,F,158
3711,1981,DO,ordii,8,Control,F,57
3712,1981,DS,spectabilis,17,Control,F,116
3713,1981,DM,merriami,18,Short-term Krat Exclosure,F,34
3715,1981,DS,spectabilis,22,Control,F,131
3716,1981,DS,spectabilis,22,Control,F,136
3720,1981,DS,spectabilis,17,Control,M,148
3721,1981,DM,merriami,17,Control,F,48
3723,1981,DO,ordii,17,Control,F,46
3725,1981,DM,merriami,24,Rodent Exclosure,F,46
3727,1981,DS,spectabilis,8,Control,M,139
3728,1981,DS,spectabilis,13,Short-term Krat Exclosure,F,120
3730,1981,DM,merriami,10,Rodent Exclosure,M,43
3735,1981,DO,ordii,1,Spectab exclosure,M,39
3736,1981,DM,merriami,1,Spectab exclosure,M,51
3737,1981,DM,merriami,1,Spectab exclosure,F,45
3738,1981,DM,merriami,2,Control,M,47
3739,1981,DO,ordii,2,Control,M,45
3741,1981,DM,merriami,2,Control,M,50
3742,1981,DS,spectabilis,3,Long-term Krat Exclosure,F,136
3743,1981,DS,spectabilis,3,Long-term Krat Exclosure,M,121
3744,1981,DM,merriami,3,Long-term Krat Exclosure,F,46
3745,1981,DM,merriami,3,Long-term Krat Exclosure,F,40
3746,1981,DM,merriami,4,Control,F,37
3748,1981,DM,merriami,5,Rodent Exclosure,M,55
3749,1981,DM,merriami,5,Rodent Exclosure,M,48
3750,1981,DM,merriami,6,Short-term Krat Exclosure,F,41
3751,1981,DM,merriami,6,Short-term Krat Exclosure,F,47
3752,1981,DS,spectabilis,6,Short-term Krat Exclosure,M,127
3754,1981,DS,spectabilis,6,Short-term Krat Exclosure,M,132
3755,1981,DS,spectabilis,6,Short-term Krat Exclosure,M,123
3756,1981,DM,merriami,8,Control,M,49
3757,1981,DS,spectabilis,8,Control,M,148
3758,1981,DO,ordii,8,Control,M,57
3759,1981,DS,spectabilis,9,Spectab exclosure,M,124
3760,1981,DO,ordii,9,Spectab exclosure,F,59
3761,1981,DM,merriami,9,Spectab exclosure,F,47
3762,1981,DM,merriami,9,Spectab exclosure,F,40
3763,1981,DM,merriami,9,Spectab exclosure,M,48
3766,1981,DS,spectabilis,10,Rodent Exclosure,F,130
3767,1981,DS,spectabilis,11,Control,M,128
3768,1981,DM,merriami,12,Control,M,49
3769,1981,DM,merriami,12,Control,F,32
3770,1981,DM,merriami,12,Control,M,50
3771,1981,DM,merriami,12,Control,F,47
3772,1981,DS,spectabilis,14,Control,F,138
3773,1981,DM,merriami,14,Control,F,55
3774,1981,DM,merriami,14,Control,M,53
3776,1981,DO,ordii,9,Spectab exclosure,M,37
3778,1981,DS,spectabilis,2,Control,F,150
3781,1981,DM,merriami,2,Control,M,54
3782,1981,DM,merriami,5,Rodent Exclosure,F,47
3784,1981,DS,spectabilis,1,Spectab exclosure,M,156
3786,1981,DM,merriami,14,Control,F,53
3788,1981,DS,spectabilis,6,Short-term Krat Exclosure,F,135
3790,1981,DM,merriami,2,Control,M,41
3792,1981,DM,merriami,12,Control,M,50
3793,1981,DS,spectabilis,12,Control,M,144
3794,1981,DO,ordii,1,Spectab exclosure,M,49
3795,1981,DM,merriami,9,Spectab exclosure,F,33
3796,1981,DM,merriami,12,Control,M,61
3797,1981,DO,ordii,2,Control,F,43
3798,1981,DM,merriami,4,Control,M,53
3800,1981,DM,merriami,5,Rodent Exclosure,M,56
3801,1981,DS,spectabilis,9,Spectab exclosure,F,142
3802,1981,DS,spectabilis,1,Spectab exclosure,M,153
3803,1981,DM,merriami,14,Control,M,52
3805,1981,DM,merriami,14,Control,F,44
3807,1981,DM,merriami,5,Rodent Exclosure,M,33
3808,1981,DM,merriami,12,Control,F,46
3809,1981,DM,merriami,11,Control,M,47
3811,1981,DO,ordii,24,Rodent Exclosure,F,41
3812,1981,DM,merriami,20,Short-term Krat Exclosure,M,42
3818,1981,DS,spectabilis,18,Short-term Krat Exclosure,F,137
3820,1981,DS,spectabilis,12,Control,M,132
3821,1981,DS,spectabilis,17,Control,F,143
3823,1981,DS,spectabilis,18,Short-term Krat Exclosure,M,139
3824,1981,DM,merriami,11,Control,M,38
3825,1981,DS,spectabilis,11,Control,M,130
3826,1981,DS,spectabilis,18,Short-term Krat Exclosure,M,122
3829,1981,DM,merriami,18,Short-term Krat Exclosure,F,35
3833,1981,DO,ordii,13,Short-term Krat Exclosure,F,59
3834,1981,DS,spectabilis,20,Short-term Krat Exclosure,F,158
3835,1981,DS,spectabilis,22,Control,F,142
3836,1981,DS,spectabilis,17,Control,M,147
3837,1981,DS,spectabilis,17,Control,F,137
3840,1981,DM,merriami,12,Control,M,55
3842,1981,DM,merriami,18,Short-term Krat Exclosure,M,53
3843,1981,DS,spectabilis,22,Control,F,126
3844,1981,DM,merriami,20,Short-term Krat Exclosure,F,37
3845,1981,DM,merriami,12,Control,M,60
3849,1981,DM,merriami,12,Control,M,49
3850,1981,DS,spectabilis,13,Short-term Krat Exclosure,F,133
3851,1981,DM,merriami,13,Short-term Krat Exclosure,M,55
3852,1981,DO,ordii,17,Control,F,33
3853,1981,DM,merriami,24,Rodent Exclosure,F,47
3854,1981,DM,merriami,12,Control,M,46
3855,1981,DM,merriami,12,Control,F,48
3856,1981,DS,spectabilis,13,Short-term Krat Exclosure,F,47
3857,1981,DM,merriami,11,Control,F,46
3863,1981,DM,merriami,5,Rodent Exclosure,F,43
3864,1981,DS,spectabilis,8,Control,M,135
3865,1981,DS,spectabilis,9,Spectab exclosure,M,147
3867,1981,DM,merriami,2,Control,M,48
3868,1981,DO,ordii,9,Spectab exclosure,M,52
3869,1981,DS,spectabilis,2,Control,F,136
3870,1981,DM,merriami,9,Spectab exclosure,F,41
3871,1981,DM,merriami,5,Rodent Exclosure,F,39
3872,1981,DS,spectabilis,8,Control,M,140
3873,1981,DO,ordii,9,Spectab exclosure,M,51
3874,1981,DO,ordii,9,Spectab exclosure,M,44
3875,1981,DS,spectabilis,2,Control,M,130
3876,1981,DO,ordii,9,Spectab exclosure,F,55
3877,1981,DM,merriami,2,Control,M,50
3878,1981,DM,merriami,5,Rodent Exclosure,M,53
3879,1981,DO,ordii,1,Spectab exclosure,M,52
3880,1981,DM,merriami,14,Control,F,51
3881,1981,DO,ordii,8,Control,F,57
3882,1981,DS,spectabilis,6,Short-term Krat Exclosure,F,133
3883,1981,DM,merriami,5,Rodent Exclosure,M,47
3884,1981,DS,spectabilis,1,Spectab exclosure,M,153
3885,1981,DO,ordii,2,Control,M,47
3886,1981,DM,merriami,14,Control,M,50
3888,1981,DO,ordii,9,Spectab exclosure,F,41
3889,1981,DM,merriami,2,Control,M,48
3890,1981,DO,ordii,1,Spectab exclosure,F,59
3891,1981,DS,spectabilis,9,Spectab exclosure,M,136
3892,1981,DS,spectabilis,9,Spectab exclosure,M,120
3894,1981,DM,merriami,5,Rodent Exclosure,M,36
3895,1981,DO,ordii,8,Control,F,57
3896,1981,DS,spectabilis,1,Spectab exclosure,M,153
3897,1981,DM,merriami,2,Control,M,49
3898,1981,DM,merriami,4,Control,M,49
3899,1981,DM,merriami,2,Control,M,44
3900,1981,DM,merriami,14,Control,F,39
3901,1981,DM,merriami,2,Control,M,39
3902,1981,DO,ordii,2,Control,F,49
3904,1981,DS,spectabilis,9,Spectab exclosure,F,130
3905,1981,DM,merriami,5,Rodent Exclosure,M,49
3910,1981,DM,merriami,13,Short-term Krat Exclosure,M,47
3911,1981,DS,spectabilis,17,Control,M,142
3914,1981,DS,spectabilis,17,Control,F,138
3915,1981,DM,merriami,11,Control,M,39
3917,1981,DS,spectabilis,8,Control,M,141
3918,1981,DM,merriami,20,Short-term Krat Exclosure,M,44
3919,1981,DO,ordii,8,Control,F,28
3920,1981,DM,merriami,24,Rodent Exclosure,F,54
3922,1981,DM,merriami,20,Short-term Krat Exclosure,F,39
3924,1981,DS,spectabilis,20,Short-term Krat Exclosure,F,150
3927,1981,DS,spectabilis,22,Control,F,126
3928,1981,DM,merriami,13,Short-term Krat Exclosure,M,56
3929,1981,DS,spectabilis,13,Short-term Krat Exclosure,F,120
3930,1981,DS,spectabilis,11,Control,M,135
3931,1981,DM,merriami,18,Short-term Krat Exclosure,F,38
3932,1981,DM,merriami,18,Short-term Krat Exclosure,M,42
3933,1981,DS,spectabilis,13,Short-term Krat Exclosure,F,66
3934,1981,DS,spectabilis,17,Control,F,141
3936,1981,DO,ordii,17,Control,F,44
3937,1981,DM,merriami,11,Control,M,52
3939,1981,DS,spectabilis,8,Control,M,136
3940,1981,DS,spectabilis,13,Short-term Krat Exclosure,M,72
3942,1981,DM,merriami,11,Control,F,51
3947,1981,DM,merriami,2,Control,M,51
3949,1981,DM,merriami,6,Short-term Krat Exclosure,M,43
3950,1981,DM,merriami,1,Spectab exclosure,M,49
3951,1981,DO,ordii,1,Spectab exclosure,F,50
3952,1981,DS,spectabilis,3,Long-term Krat Exclosure,M,151
3953,1981,DS,spectabilis,5,Rodent Exclosure,M,82
3954,1981,DM,merriami,6,Short-term Krat Exclosure,F,50
3955,1981,DM,merriami,1,Spectab exclosure,F,47
3957,1981,DM,merriami,1,Spectab exclosure,F,45
3958,1981,DS,spectabilis,2,Control,M,148
3959,1981,DS,spectabilis,6,Short-term Krat Exclosure,M,131
3960,1981,DM,merriami,2,Control,M,49
3961,1981,DM,merriami,3,Long-term Krat Exclosure,F,58
3962,1981,DM,merriami,4,Control,M,51
3963,1981,DO,ordii,1,Spectab exclosure,M,37
3964,1981,DS,spectabilis,3,Long-term Krat Exclosure,F,124
3965,1981,DM,merriami,4,Control,F,29
3966,1981,DM,merriami,6,Short-term Krat Exclosure,F,43
3967,1981,DM,merriami,3,Long-term Krat Exclosure,M,45
3968,1981,DM,merriami,5,Rodent Exclosure,M,48
3969,1981,DS,spectabilis,6,Short-term Krat Exclosure,F,129
3970,1981,DS,spectabilis,3,Long-term Krat Exclosure,F,128
3971,1981,DM,merriami,4,Control,M,50
3972,1981,DM,merriami,6,Short-term Krat Exclosure,M,56
3973,1981,DS,spectabilis,2,Control,F,159
3976,1981,DS,spectabilis,2,Control,M,89
3977,1981,DS,spectabilis,2,Control,M,75
3978,1981,DM,merriami,12,Control,F,22
3979,1981,DM,merriami,2,Control,F,51
3980,1981,DS,spectabilis,2,Control,M,77
3981,1981,DS,spectabilis,9,Spectab exclosure,F,114
3983,1981,DM,merriami,12,Control,F,45
3984,1981,DS,spectabilis,6,Short-term Krat Exclosure,M,136
3985,1981,DM,merriami,12,Control,F,42
3989,1981,DM,merriami,14,Control,F,50
3990,1981,DM,merriami,12,Control,M,60
3991,1981,DS,spectabilis,14,Control,M,81
3993,1981,DS,spectabilis,1,Spectab exclosure,M,151
3994,1981,DS,spectabilis,12,Control,M,136
3996,1981,DS,spectabilis,9,Spectab exclosure,F,79
3998,1981,DM,merriami,2,Control,F,30
3999,1981,DS,spectabilis,9,Spectab exclosure,F,137
4001,1981,DS,spectabilis,1,Spectab exclosure,M,150
4003,1981,DS,spectabilis,4,Control,F,139
4004,1981,DM,merriami,2,Control,M,40
4005,1981,DM,merriami,4,Control,F,39
4006,1981,DM,merriami,4,Control,M,49
4007,1981,DM,merriami,14,Control,F,39
4008,1981,DM,merriami,5,Rodent Exclosure,M,44
4009,1981,DS,spectabilis,9,Spectab exclosure,M,137
4010,1981,DM,merriami,14,Control,M,50
4011,1981,DM,merriami,5,Rodent Exclosure,F,43
4012,1981,DS,spectabilis,6,Short-term Krat Exclosure,F,126
4013,1981,DM,merriami,1,Spectab exclosure,M,52
4014,1981,DM,merriami,9,Spectab exclosure,F,44
4015,1981,DS,spectabilis,12,Control,F,153
4017,1981,DM,merriami,20,Short-term Krat Exclosure,F,43
4018,1981,DM,merriami,22,Control,F,49
4019,1981,DM,merriami,1,Spectab exclosure,M,50
4020,1981,DO,ordii,12,Control,F,60
4022,1981,DM,merriami,22,Control,M,43
4023,1981,DO,ordii,1,Spectab exclosure,F,47
4025,1981,DS,spectabilis,9,Spectab exclosure,F,115
4026,1981,DM,merriami,14,Control,M,47
4027,1981,DM,merriami,17,Control,F,46
4028,1981,DS,spectabilis,20,Short-term Krat Exclosure,F,120
4029,1981,DM,merriami,22,Control,F,40
4030,1981,DM,merriami,1,Spectab exclosure,M,52
4031,1981,DM,merriami,5,Rodent Exclosure,M,49
4032,1981,DO,ordii,12,Control,M,54
4034,1981,DS,spectabilis,17,Control,F,147
4035,1981,DM,merriami,20,Short-term Krat Exclosure,F,47
4036,1981,DM,merriami,22,Control,M,38
4037,1981,DM,merriami,1,Spectab exclosure,F,45
4038,1981,DM,merriami,5,Rodent Exclosure,M,52
4039,1981,DM,merriami,1,Spectab exclosure,F,46
4040,1981,DM,merriami,5,Rodent Exclosure,M,43
4043,1981,DM,merriami,22,Control,M,49
4044,1981,DO,ordii,1,Spectab exclosure,F,55
4045,1981,DM,merriami,5,Rodent Exclosure,F,47
4046,1981,DO,ordii,14,Control,F,58
4047,1981,DM,merriami,17,Control,M,44
4048,1981,DM,merriami,22,Control,M,40
4050,1981,DM,merriami,14,Control,F,47
4055,1981,DM,merriami,17,Control,M,43
4056,1981,DM,merriami,20,Short-term Krat Exclosure,F,45
4061,1981,DM,merriami,20,Short-term Krat Exclosure,M,48
4062,1981,DM,merriami,12,Control,F,54
4063,1981,DO,ordii,14,Control,M,50
4064,1981,DS,spectabilis,20,Short-term Krat Exclosure,M,132
4065,1981,DS,spectabilis,22,Control,M,125
4066,1981,DO,ordii,9,Spectab exclosure,F,48
4067,1981,DM,merriami,22,Control,F,43
4068,1981,DM,merriami,5,Rodent Exclosure,M,47
4069,1981,DM,merriami,9,Spectab exclosure,M,48
4070,1981,DM,merriami,12,Control,M,44
4071,1981,DM,merriami,17,Control,NA,24
4072,1981,DM,merriami,20,Short-term Krat Exclosure,M,44
4073,1981,DS,spectabilis,22,Control,M,100
4074,1981,DS,spectabilis,1,Spectab exclosure,F,131
4075,1981,DM,merriami,5,Rodent Exclosure,M,52
4076,1981,DS,spectabilis,9,Spectab exclosure,M,138
4077,1981,DS,spectabilis,12,Control,M,135
4078,1981,DS,spectabilis,22,Control,F,140
4079,1981,DS,spectabilis,9,Spectab exclosure,F,104
4081,1981,DM,merriami,1,Spectab exclosure,M,50
4082,1981,DO,ordii,9,Spectab exclosure,F,58
4083,1981,DS,spectabilis,14,Control,M,93
4084,1981,DS,spectabilis,17,Control,M,129
4085,1981,DM,merriami,20,Short-term Krat Exclosure,M,43
4086,1981,DS,spectabilis,1,Spectab exclosure,M,155
4087,1981,DO,ordii,9,Spectab exclosure,M,49
4088,1981,DS,spectabilis,1,Spectab exclosure,M,141
4090,1981,DS,spectabilis,17,Control,M,120
4091,1981,DM,merriami,20,Short-term Krat Exclosure,M,43
4093,1981,DM,merriami,5,Rodent Exclosure,M,50
4094,1981,DS,spectabilis,9,Spectab exclosure,F,98
4095,1981,DS,spectabilis,1,Spectab exclosure,M,82
4096,1981,DM,merriami,5,Rodent Exclosure,F,42
4097,1981,DM,merriami,9,Spectab exclosure,F,44
4098,1981,DM,merriami,14,Control,F,54
4100,1981,DM,merriami,22,Control,F,53
4101,1981,DO,ordii,9,Spectab exclosure,F,47
4102,1981,DM,merriami,12,Control,F,47
4104,1981,DO,ordii,9,Spectab exclosure,M,49
4105,1981,DM,merriami,12,Control,M,43
4106,1981,DM,merriami,14,Control,F,51
4107,1981,DS,spectabilis,17,Control,F,128
4109,1981,DO,ordii,1,Spectab exclosure,M,49
4110,1981,DS,spectabilis,12,Control,M,129
4111,1981,DS,spectabilis,22,Control,M,101
4112,1981,DS,spectabilis,1,Spectab exclosure,M,147
4114,1981,DS,spectabilis,9,Spectab exclosure,M,122
4115,1981,DO,ordii,12,Control,M,47
4116,1981,DM,merriami,14,Control,F,38
4117,1981,DS,spectabilis,9,Spectab exclosure,M,69
4119,1981,DS,spectabilis,9,Spectab exclosure,M,89
4120,1981,DM,merriami,14,Control,M,47
4121,1981,DM,merriami,20,Short-term Krat Exclosure,M,41
4123,1981,DS,spectabilis,9,Spectab exclosure,M,137
4124,1981,DM,merriami,12,Control,M,59
4125,1981,DS,spectabilis,14,Control,M,136
4126,1981,DS,spectabilis,20,Short-term Krat Exclosure,M,141
4127,1981,DS,spectabilis,22,Control,M,100
4128,1981,DS,spectabilis,22,Control,F,134
4130,1981,DM,merriami,22,Control,F,48
4131,1981,DS,spectabilis,1,Spectab exclosure,M,101
4133,1981,DM,merriami,20,Short-term Krat Exclosure,F,39
4134,1981,DS,spectabilis,9,Spectab exclosure,M,128
4135,1981,DS,spectabilis,20,Short-term Krat Exclosure,M,121
4136,1981,DM,merriami,22,Control,F,46
4137,1981,DM,merriami,5,Rodent Exclosure,F,36
4138,1981,DM,merriami,12,Control,F,49
4140,1981,DM,merriami,20,Short-term Krat Exclosure,F,47
4141,1981,DS,spectabilis,1,Spectab exclosure,M,127
4142,1981,DS,spectabilis,9,Spectab exclosure,F,125
4143,1981,DM,merriami,14,Control,F,36
4144,1981,DM,merriami,12,Control,F,42
4145,1981,DM,merriami,12,Control,F,45
4146,1981,DM,merriami,14,Control,M,49
4147,1981,DM,merriami,20,Short-term Krat Exclosure,M,41
4148,1981,DM,merriami,5,Rodent Exclosure,F,51
4149,1981,DM,merriami,14,Control,M,48
4150,1981,DS,spectabilis,17,Control,F,122
4152,1981,DS,spectabilis,1,Spectab exclosure,F,135
4153,1981,DM,merriami,5,Rodent Exclosure,M,45
4154,1981,DM,merriami,12,Control,M,50
4155,1981,DS,spectabilis,17,Control,M,136
4157,1981,DM,merriami,12,Control,M,49
4159,1981,DS,spectabilis,22,Control,F,142
4160,1981,DM,merriami,1,Spectab exclosure,M,42
4161,1981,DM,merriami,5,Rodent Exclosure,M,48
4162,1981,DS,spectabilis,9,Spectab exclosure,M,98
4163,1981,DO,ordii,17,Control,F,51
4164,1981,DS,spectabilis,20,Short-term Krat Exclosure,M,149
4165,1981,DS,spectabilis,22,Control,F,90
4166,1981,DM,merriami,1,Spectab exclosure,F,43
4167,1981,DM,merriami,5,Rodent Exclosure,F,38
4168,1981,DM,merriami,14,Control,F,40
4169,1981,DM,merriami,17,Control,F,40
4170,1981,DM,merriami,22,Control,M,45
4171,1981,DM,merriami,1,Spectab exclosure,M,45
4172,1981,DM,merriami,5,Rodent Exclosure,M,46
4173,1981,DM,merriami,14,Control,M,43
4174,1981,DM,merriami,17,Control,M,49
4176,1981,DM,merriami,9,Spectab exclosure,M,46
4177,1981,DM,merriami,14,Control,M,40
4178,1981,DM,merriami,9,Spectab exclosure,F,41
4179,1981,DM,merriami,22,Control,M,42
4182,1981,DM,merriami,5,Rodent Exclosure,M,45
4184,1981,DS,spectabilis,20,Short-term Krat Exclosure,M,109
4185,1981,DS,spectabilis,22,Control,M,139
4186,1981,DO,ordii,1,Spectab exclosure,M,42
4187,1981,DS,spectabilis,9,Spectab exclosure,M,135
4188,1981,DM,merriami,12,Control,M,45
4189,1981,DM,merriami,14,Control,M,48
4190,1981,DS,spectabilis,2,Control,F,131
4191,1981,DS,spectabilis,18,Short-term Krat Exclosure,M,138
4192,1981,DO,ordii,24,Rodent Exclosure,F,45
4193,1981,DO,ordii,2,Control,F,46
4194,1981,DM,merriami,4,Control,M,46
4195,1981,DM,merriami,6,Short-term Krat Exclosure,M,48
4196,1981,DM,merriami,13,Short-term Krat Exclosure,M,43
4197,1981,DS,spectabilis,18,Short-term Krat Exclosure,F,143
4198,1981,DM,merriami,2,Control,M,50
4199,1981,DM,merriami,4,Control,F,34
4200,1981,DS,spectabilis,6,Short-term Krat Exclosure,M,125
4201,1981,DS,spectabilis,8,Control,F,119
4203,1981,DS,spectabilis,2,Control,M,147
4204,1981,DS,spectabilis,6,Short-term Krat Exclosure,M,126
4205,1981,DS,spectabilis,11,Control,F,77
4206,1981,DM,merriami,13,Short-term Krat Exclosure,F,43
4207,1981,DS,spectabilis,18,Short-term Krat Exclosure,M,118
4208,1981,DM,merriami,4,Control,M,44
4209,1981,DM,merriami,6,Short-term Krat Exclosure,M,41
4210,1981,DO,ordii,8,Control,F,52
4211,1981,DS,spectabilis,13,Short-term Krat Exclosure,F,138
4212,1981,DM,merriami,6,Short-term Krat Exclosure,M,27
4213,1981,DO,ordii,8,Control,M,54
4215,1981,DO,ordii,24,Rodent Exclosure,F,36
4216,1981,DS,spectabilis,2,Control,M,86
4217,1981,DM,merriami,6,Short-term Krat Exclosure,F,40
4218,1981,DS,spectabilis,8,Control,M,129
4220,1981,DO,ordii,24,Rodent Exclosure,M,50
4221,1981,DS,spectabilis,2,Control,M,95
4222,1981,DS,spectabilis,6,Short-term Krat Exclosure,M,133
4223,1981,DM,merriami,13,Short-term Krat Exclosure,M,45
4224,1981,DO,ordii,24,Rodent Exclosure,F,53
4225,1981,DS,spectabilis,2,Control,M,145
4226,1981,DM,merriami,13,Short-term Krat Exclosure,M,44
4227,1981,DM,merriami,24,Rodent Exclosure,M,42
4228,1981,DM,merriami,4,Control,M,48
4229,1981,DM,merriami,11,Control,M,60
4230,1981,DS,spectabilis,2,Control,F,130
4232,1981,DO,ordii,24,Rodent Exclosure,M,45
4233,1981,DS,spectabilis,2,Control,M,81
4234,1981,DM,merriami,6,Short-term Krat Exclosure,F,39
4236,1981,DM,merriami,13,Short-term Krat Exclosure,M,51
4237,1981,DM,merriami,18,Short-term Krat Exclosure,F,50
4238,1981,DM,merriami,2,Control,M,46
4239,1981,DO,ordii,8,Control,M,32
4241,1981,DM,merriami,13,Short-term Krat Exclosure,M,54
4242,1981,DM,merriami,18,Short-term Krat Exclosure,F,44
4243,1981,DM,merriami,2,Control,F,44
4244,1981,DS,spectabilis,4,Control,F,138
4245,1981,DM,merriami,13,Short-term Krat Exclosure,F,35
4247,1981,DM,merriami,24,Rodent Exclosure,F,43
4248,1981,DS,spectabilis,2,Control,M,137
4249,1981,DS,spectabilis,6,Short-term Krat Exclosure,F,133
4250,1981,DO,ordii,18,Short-term Krat Exclosure,F,49
4251,1981,DM,merriami,2,Control,F,47
4252,1981,DM,merriami,6,Short-term Krat Exclosure,M,46
4253,1981,DM,merriami,11,Control,F,39
4255,1981,DM,merriami,6,Short-term Krat Exclosure,M,47
4256,1981,DM,merriami,13,Short-term Krat Exclosure,M,46
4257,1981,DO,ordii,2,Control,M,51
4258,1981,DS,spectabilis,6,Short-term Krat Exclosure,M,126
4259,1981,DM,merriami,13,Short-term Krat Exclosure,M,48
4260,1981,DS,spectabilis,18,Short-term Krat Exclosure,F,122
4261,1981,DO,ordii,24,Rodent Exclosure,M,49
4262,1981,DS,spectabilis,13,Short-term Krat Exclosure,M,123
4263,1981,DS,spectabilis,6,Short-term Krat Exclosure,F,109
4264,1981,DO,ordii,8,Control,F,58
4266,1981,DM,merriami,13,Short-term Krat Exclosure,F,44
4267,1981,DM,merriami,18,Short-term Krat Exclosure,M,52
4268,1981,DM,merriami,2,Control,F,50
4269,1981,DM,merriami,13,Short-term Krat Exclosure,M,44
4270,1981,DM,merriami,18,Short-term Krat Exclosure,F,42
4271,1981,DM,merriami,2,Control,F,45
4272,1981,DS,spectabilis,6,Short-term Krat Exclosure,M,94
4273,1981,DS,spectabilis,8,Control,F,88
4274,1981,DM,merriami,11,Control,M,42
4275,1981,DM,merriami,13,Short-term Krat Exclosure,F,34
4276,1981,DM,merriami,2,Control,M,46
4277,1981,DO,ordii,13,Short-term Krat Exclosure,M,46
4278,1981,DS,spectabilis,6,Short-term Krat Exclosure,M,122
4279,1981,DO,ordii,8,Control,M,48
4280,1981,DS,spectabilis,11,Control,M,123
4281,1981,DS,spectabilis,6,Short-term Krat Exclosure,F,133
4282,1981,DM,merriami,11,Control,F,46
4284,1981,DM,merriami,6,Short-term Krat Exclosure,M,45
4286,1981,DM,merriami,18,Short-term Krat Exclosure,F,46
4287,1981,DO,ordii,2,Control,F,54
4289,1981,DO,ordii,13,Short-term Krat Exclosure,F,50
4291,1981,DM,merriami,6,Short-term Krat Exclosure,M,44
4292,1981,DS,spectabilis,13,Short-term Krat Exclosure,F,131
4293,1981,DM,merriami,18,Short-term Krat Exclosure,M,42
4295,1981,DS,spectabilis,13,Short-term Krat Exclosure,M,130
4296,1981,DM,merriami,18,Short-term Krat Exclosure,F,48
4297,1981,DO,ordii,8,Control,F,55
4298,1981,DM,merriami,13,Short-term Krat Exclosure,F,47
4299,1981,DS,spectabilis,2,Control,NA,140
4301,1981,DS,spectabilis,13,Short-term Krat Exclosure,F,133
4304,1981,DM,merriami,4,Control,M,46
4305,1981,DS,spectabilis,13,Short-term Krat Exclosure,M,131
4306,1981,DM,merriami,2,Control,M,41
4307,1981,DS,spectabilis,4,Control,F,115
4308,1981,DS,spectabilis,8,Control,M,124
4309,1981,DM,merriami,18,Short-term Krat Exclosure,M,46
4310,1981,DM,merriami,24,Rodent Exclosure,F,44
4312,1981,DM,merriami,4,Control,M,46
4314,1981,DM,merriami,18,Short-term Krat Exclosure,F,46
4316,1981,DM,merriami,24,Rodent Exclosure,M,49
4317,1981,DM,merriami,2,Control,M,51
4318,1981,DO,ordii,2,Control,M,46
4319,1981,DO,ordii,8,Control,F,50
4320,1981,DM,merriami,2,Control,F,46
4322,1981,DO,ordii,8,Control,F,49
4323,1981,DS,spectabilis,13,Short-term Krat Exclosure,M,81
4325,1981,DM,merriami,4,Control,F,42
4326,1981,DM,merriami,6,Short-term Krat Exclosure,F,44
4327,1981,DM,merriami,11,Control,M,46
4328,1981,DM,merriami,13,Short-term Krat Exclosure,F,41
4329,1981,DM,merriami,18,Short-term Krat Exclosure,F,49
4330,1981,DO,ordii,8,Control,F,48
4331,1981,DS,spectabilis,13,Short-term Krat Exclosure,F,136
4332,1981,DM,merriami,18,Short-term Krat Exclosure,M,37
4333,1981,DM,merriami,24,Rodent Exclosure,F,46
4334,1981,DS,spectabilis,2,Control,M,125
4335,1981,DM,merriami,11,Control,M,48
4336,1981,DS,spectabilis,13,Short-term Krat Exclosure,M,119
4337,1981,DM,merriami,18,Short-term Krat Exclosure,M,42
4338,1981,DM,merriami,24,Rodent Exclosure,M,42
4339,1981,DS,spectabilis,13,Short-term Krat Exclosure,M,78
4340,1981,DM,merriami,24,Rodent Exclosure,M,49
4341,1981,DM,merriami,2,Control,M,43
4342,1981,DS,spectabilis,4,Control,M,125
4343,1981,DO,ordii,6,Short-term Krat Exclosure,F,52
4344,1981,DM,merriami,11,Control,M,48
4345,1981,DS,spectabilis,13,Short-term Krat Exclosure,M,137
4346,1981,DM,merriami,24,Rodent Exclosure,M,49
4347,1981,DM,merriami,2,Control,F,34
4348,1981,DS,spectabilis,11,Control,M,117
4349,1981,DM,merriami,13,Short-term Krat Exclosure,M,46
4350,1981,DS,spectabilis,8,Control,M,84
4351,1981,DM,merriami,11,Control,M,21
4352,1981,DS,spectabilis,13,Short-term Krat Exclosure,F,110
4356,1981,DO,ordii,12,Control,M,40
4359,1981,DM,merriami,12,Control,M,60
4362,1981,DM,merriami,13,Short-term Krat Exclosure,M,53
4365,1981,DS,spectabilis,18,Short-term Krat Exclosure,F,147
4366,1981,DM,merriami,20,Short-term Krat Exclosure,F,44
4371,1981,DS,spectabilis,18,Short-term Krat Exclosure,M,120
4372,1981,DM,merriami,17,Control,F,45
4374,1981,DS,spectabilis,17,Control,M,94
4376,1981,DM,merriami,20,Short-term Krat Exclosure,F,42
4377,1981,DS,spectabilis,11,Control,M,129
4378,1981,DS,spectabilis,20,Short-term Krat Exclosure,F,145
4380,1981,DM,merriami,24,Rodent Exclosure,F,31
4381,1981,DM,merriami,12,Control,M,29
4382,1981,DM,merriami,20,Short-term Krat Exclosure,M,43
4384,1981,DM,merriami,22,Control,M,46
4385,1981,DS,spectabilis,20,Short-term Krat Exclosure,M,122
4386,1981,DS,spectabilis,12,Control,M,136
4387,1981,DS,spectabilis,22,Control,M,114
4388,1981,DM,merriami,24,Rodent Exclosure,M,41
4389,1981,DM,merriami,12,Control,F,56
4390,1981,DM,merriami,18,Short-term Krat Exclosure,F,42
4391,1981,DS,spectabilis,13,Short-term Krat Exclosure,F,151
4392,1981,DS,spectabilis,22,Control,F,134
4393,1981,DS,spectabilis,22,Control,F,161
4397,1981,DS,spectabilis,17,Control,M,142
4398,1981,DM,merriami,11,Control,M,31
4399,1981,DS,spectabilis,17,Control,F,120
4401,1981,DM,merriami,12,Control,F,46
4402,1981,DO,ordii,17,Control,F,47
4404,1981,DM,merriami,11,Control,F,44
4405,1981,DS,spectabilis,22,Control,M,95
4408,1981,DM,merriami,13,Short-term Krat Exclosure,F,45
4410,1981,DM,merriami,24,Rodent Exclosure,M,43
4414,1981,DM,merriami,13,Short-term Krat Exclosure,M,46
4415,1981,DS,spectabilis,13,Short-term Krat Exclosure,M,135
4416,1981,DO,ordii,8,Control,F,58
4417,1981,DM,merriami,13,Short-term Krat Exclosure,M,50
4418,1981,DM,merriami,8,Control,M,46
4419,1981,DM,merriami,13,Short-term Krat Exclosure,M,45
4420,1981,DM,merriami,14,Control,M,46
4421,1981,DM,merriami,15,Long-term Krat Exclosure,F,38
4422,1981,DM,merriami,13,Short-term Krat Exclosure,F,41
4424,1981,DO,ordii,14,Control,M,48
4425,1981,DM,merriami,15,Long-term Krat Exclosure,F,47
4426,1981,DM,merriami,13,Short-term Krat Exclosure,M,48
4427,1981,DM,merriami,15,Long-term Krat Exclosure,M,45
4428,1981,DO,ordii,13,Short-term Krat Exclosure,F,60
4429,1981,DS,spectabilis,8,Control,F,120
4430,1981,DM,merriami,13,Short-term Krat Exclosure,F,42
4431,1981,DO,ordii,8,Control,F,56
4432,1981,DS,spectabilis,13,Short-term Krat Exclosure,M,119
4433,1981,DS,spectabilis,15,Long-term Krat Exclosure,F,108
4434,1981,DM,merriami,9,Spectab exclosure,F,44
4435,1981,DM,merriami,14,Control,M,41
4436,1981,DM,merriami,15,Long-term Krat Exclosure,M,46
4437,1981,DS,spectabilis,8,Control,M,101
4438,1981,DM,merriami,13,Short-term Krat Exclosure,M,48
4439,1981,DS,spectabilis,15,Long-term Krat Exclosure,F,96
4441,1981,DM,merriami,13,Short-term Krat Exclosure,F,39
4442,1981,DS,spectabilis,14,Control,M,133
4443,1981,DM,merriami,15,Long-term Krat Exclosure,M,47
4444,1981,DS,spectabilis,9,Spectab exclosure,M,144
4445,1981,DM,merriami,14,Control,F,41
4446,1981,DS,spectabilis,6,Short-term Krat Exclosure,M,146
4447,1981,DS,spectabilis,2,Control,M,74
4449,1981,DS,spectabilis,2,Control,F,136
4450,1981,DM,merriami,5,Rodent Exclosure,M,17
4451,1981,DM,merriami,5,Rodent Exclosure,F,17
4452,1981,DM,merriami,2,Control,M,48
4453,1981,DM,merriami,5,Rodent Exclosure,F,41
4454,1981,DO,ordii,1,Spectab exclosure,M,52
4456,1981,DM,merriami,14,Control,F,47
4457,1981,DO,ordii,14,Control,F,52
4458,1981,DS,spectabilis,4,Control,F,133
4459,1981,DS,spectabilis,8,Control,M,135
4461,1981,DO,ordii,9,Spectab exclosure,M,48
4462,1981,DS,spectabilis,14,Control,M,96
4463,1981,DS,spectabilis,5,Rodent Exclosure,F,82
4464,1981,DO,ordii,8,Control,F,21
4465,1981,DS,spectabilis,6,Short-term Krat Exclosure,F,123
4467,1981,DS,spectabilis,1,Spectab exclosure,M,148
4468,1981,DM,merriami,4,Control,F,35
4469,1981,DO,ordii,8,Control,F,63
4470,1981,DO,ordii,1,Spectab exclosure,F,55
4471,1981,DS,spectabilis,9,Spectab exclosure,F,119
4472,1981,DS,spectabilis,8,Control,M,132
4473,1981,DM,merriami,4,Control,F,41
4475,1981,DS,spectabilis,9,Spectab exclosure,M,137
4476,1981,DM,merriami,14,Control,M,46
4478,1981,DS,spectabilis,1,Spectab exclosure,M,152
4479,1981,DS,spectabilis,4,Control,F,95
4480,1981,DS,spectabilis,9,Spectab exclosure,F,71
4481,1981,DS,spectabilis,9,Spectab exclosure,F,130
4482,1981,DM,merriami,2,Control,M,44
4483,1981,DM,merriami,5,Rodent Exclosure,M,45
4485,1981,DM,merriami,4,Control,M,48
4486,1981,DM,merriami,5,Rodent Exclosure,F,50
4487,1981,DM,merriami,9,Spectab exclosure,M,46
4488,1981,DS,spectabilis,5,Rodent Exclosure,M,103
4490,1981,DM,merriami,5,Rodent Exclosure,M,48
4491,1981,DM,merriami,4,Control,F,41
4492,1981,DM,merriami,4,Control,M,53
4494,1981,DM,merriami,5,Rodent Exclosure,NA,28
4495,1981,DS,spectabilis,8,Control,M,133
4496,1981,DM,merriami,4,Control,F,46
4497,1981,DM,merriami,5,Rodent Exclosure,F,38
4498,1981,DO,ordii,14,Control,F,52
4501,1981,DO,ordii,1,Spectab exclosure,F,51
4502,1981,DS,spectabilis,4,Control,F,123
4503,1981,DS,spectabilis,5,Rodent Exclosure,M,103
4504,1981,DS,spectabilis,4,Control,F,128
4505,1981,DS,spectabilis,4,Control,F,62
4506,1981,DS,spectabilis,6,Short-term Krat Exclosure,F,64
4507,1981,DO,ordii,9,Spectab exclosure,M,47
4508,1981,DM,merriami,14,Control,F,49
4511,1981,DS,spectabilis,6,Short-term Krat Exclosure,M,143
4514,1981,DS,spectabilis,2,Control,F,140
4515,1981,DO,ordii,8,Control,F,33
4516,1981,DS,spectabilis,1,Spectab exclosure,M,148
4517,1981,DS,spectabilis,2,Control,M,78
4518,1981,DM,merriami,6,Short-term Krat Exclosure,M,24
4519,1981,DO,ordii,1,Spectab exclosure,M,52
4520,1981,DM,merriami,2,Control,M,38
4521,1981,DO,ordii,1,Spectab exclosure,M,25
4522,1981,DS,spectabilis,6,Short-term Krat Exclosure,F,121
4523,1981,DS,spectabilis,8,Control,M,128
4524,1981,DS,spectabilis,9,Spectab exclosure,F,90
4529,1981,DS,spectabilis,1,Spectab exclosure,M,159
4534,1981,DS,spectabilis,4,Control,F,97
4535,1981,DS,spectabilis,9,Spectab exclosure,M,138
4537,1981,DM,merriami,14,Control,M,48
4538,1981,DS,spectabilis,4,Control,M,101
4539,1981,DM,merriami,14,Control,F,43
4541,1981,DS,spectabilis,4,Control,F,100
4542,1981,DM,merriami,5,Rodent Exclosure,M,46
4544,1981,DM,merriami,5,Rodent Exclosure,F,39
4545,1981,DS,spectabilis,9,Spectab exclosure,F,128
4546,1981,DM,merriami,4,Control,F,42
4547,1981,DM,merriami,6,Short-term Krat Exclosure,M,36
4548,1981,DM,merriami,2,Control,M,44
4549,1981,DM,merriami,5,Rodent Exclosure,F,44
4556,1981,DM,merriami,17,Control,F,26
4558,1981,DS,spectabilis,18,Short-term Krat Exclosure,M,119
4559,1981,DM,merriami,20,Short-term Krat Exclosure,F,42
4560,1981,DM,merriami,12,Control,M,36
4562,1981,DM,merriami,24,Rodent Exclosure,F,40
4563,1981,DM,merriami,11,Control,M,45
4564,1981,DM,merriami,13,Short-term Krat Exclosure,M,53
4565,1981,DS,spectabilis,11,Control,M,133
4570,1981,DM,merriami,24,Rodent Exclosure,F,33
4571,1981,DM,merriami,12,Control,F,22
4572,1981,DM,merriami,11,Control,F,45
4573,1981,DS,spectabilis,12,Control,M,138
4574,1981,DS,spectabilis,17,Control,F,67
4575,1981,DS,spectabilis,18,Short-term Krat Exclosure,F,141
4576,1981,DS,spectabilis,20,Short-term Krat Exclosure,F,157
4578,1981,DS,spectabilis,17,Control,M,144
4579,1981,DS,spectabilis,22,Control,F,133
4580,1981,DS,spectabilis,20,Short-term Krat Exclosure,M,74
4582,1981,DM,merriami,18,Short-term Krat Exclosure,F,46
4586,1981,DS,spectabilis,20,Short-term Krat Exclosure,M,136
4587,1981,DS,spectabilis,22,Control,M,123
4588,1981,DS,spectabilis,13,Short-term Krat Exclosure,F,132
4589,1981,DO,ordii,17,Control,F,38
4590,1981,DS,spectabilis,22,Control,M,114
4591,1981,DM,merriami,12,Control,M,22
4592,1981,DM,merriami,12,Control,M,61
4593,1981,DM,merriami,13,Short-term Krat Exclosure,F,47
4594,1981,DM,merriami,11,Control,M,37
4595,1981,DM,merriami,12,Control,F,43
4597,1981,DO,ordii,17,Control,F,50
4598,1981,DM,merriami,24,Rodent Exclosure,M,45
4601,1981,DM,merriami,1,Spectab exclosure,M,46
4603,1981,DM,merriami,17,Control,M,48
4605,1981,DM,merriami,12,Control,M,39
4607,1981,DM,merriami,13,Short-term Krat Exclosure,M,52
4608,1981,DM,merriami,11,Control,F,50
4609,1981,DM,merriami,20,Short-term Krat Exclosure,M,44
4610,1981,DO,ordii,24,Rodent Exclosure,F,41
4611,1981,DM,merriami,24,Rodent Exclosure,M,44
4612,1981,DM,merriami,12,Control,F,48
4613,1981,DM,merriami,17,Control,F,47
4614,1981,DS,spectabilis,22,Control,M,120
4615,1981,DM,merriami,24,Rodent Exclosure,F,44
4616,1981,DM,merriami,17,Control,F,31
4617,1981,DM,merriami,12,Control,F,47
4619,1981,DS,spectabilis,1,Spectab exclosure,M,144
4620,1981,DM,merriami,11,Control,M,46
4622,1981,DS,spectabilis,17,Control,M,141
4623,1981,DS,spectabilis,1,Spectab exclosure,M,146
4626,1981,DS,spectabilis,12,Control,M,141
4627,1981,DS,spectabilis,17,Control,F,89
4628,1981,DS,spectabilis,20,Short-term Krat Exclosure,M,96
4629,1981,DO,ordii,1,Spectab exclosure,F,53
4630,1981,DM,merriami,12,Control,M,34
4631,1981,DM,merriami,20,Short-term Krat Exclosure,F,46
4632,1981,DO,ordii,1,Spectab exclosure,M,35
4634,1981,DM,merriami,12,Control,F,26
4635,1981,DS,spectabilis,13,Short-term Krat Exclosure,M,109
4636,1981,DM,merriami,12,Control,M,58
4637,1981,DO,ordii,17,Control,F,49
4638,1981,DM,merriami,11,Control,M,38
4639,1981,DM,merriami,13,Short-term Krat Exclosure,F,40
4642,1981,DM,merriami,12,Control,M,48
4643,1981,DS,spectabilis,20,Short-term Krat Exclosure,M,85
4644,1981,DM,merriami,24,Rodent Exclosure,M,45
4648,1981,DS,spectabilis,2,Control,F,144
4650,1981,DO,ordii,14,Control,F,33
4652,1981,DM,merriami,5,Rodent Exclosure,M,31
4653,1981,DM,merriami,5,Rodent Exclosure,M,50
4654,1981,DM,merriami,14,Control,M,49
4655,1981,DS,spectabilis,8,Control,M,135
4656,1981,DS,spectabilis,9,Spectab exclosure,M,65
4659,1981,DS,spectabilis,18,Short-term Krat Exclosure,M,84
4663,1981,DM,merriami,18,Short-term Krat Exclosure,F,27
4664,1981,DS,spectabilis,4,Control,F,130
4665,1981,DS,spectabilis,6,Short-term Krat Exclosure,F,123
4666,1981,DO,ordii,8,Control,M,48
4668,1981,DS,spectabilis,6,Short-term Krat Exclosure,M,95
4669,1981,DS,spectabilis,9,Spectab exclosure,F,131
4670,1981,DS,spectabilis,6,Short-term Krat Exclosure,F,90
4671,1981,DS,spectabilis,8,Control,M,133
4672,1981,DM,merriami,18,Short-term Krat Exclosure,F,47
4673,1981,DS,spectabilis,4,Control,F,86
4674,1981,DM,merriami,6,Short-term Krat Exclosure,M,44
4675,1981,DS,spectabilis,9,Spectab exclosure,F,122
4677,1981,DM,merriami,14,Control,F,43
4678,1981,DO,ordii,8,Control,F,51
4679,1981,DM,merriami,5,Rodent Exclosure,F,28
4680,1981,DS,spectabilis,9,Spectab exclosure,M,85
4681,1981,DM,merriami,14,Control,F,48
4682,1981,DM,merriami,5,Rodent Exclosure,M,45
4683,1981,DS,spectabilis,9,Spectab exclosure,F,93
4684,1981,DM,merriami,9,Spectab exclosure,M,47
4685,1981,DM,merriami,2,Control,M,45
4687,1981,DM,merriami,5,Rodent Exclosure,F,54
4688,1981,DS,spectabilis,4,Control,M,99
4691,1981,DM,merriami,5,Rodent Exclosure,F,41
4693,1981,DM,merriami,2,Control,M,45
4694,1981,DS,spectabilis,14,Control,M,114
4698,1981,DS,spectabilis,9,Spectab exclosure,M,73
4699,1981,DS,spectabilis,4,Control,F,135
4700,1981,DS,spectabilis,18,Short-term Krat Exclosure,M,92
4701,1981,DM,merriami,14,Control,M,47
4702,1981,DS,spectabilis,6,Short-term Krat Exclosure,F,128
4703,1981,DS,spectabilis,6,Short-term Krat Exclosure,M,101
4704,1981,DM,merriami,4,Control,F,37
4705,1981,DM,merriami,5,Rodent Exclosure,M,46
4708,1981,DS,spectabilis,4,Control,M,100
4710,1981,DO,ordii,8,Control,F,57
4711,1981,DS,spectabilis,9,Spectab exclosure,F,100
4712,1981,DM,merriami,14,Control,F,42
4714,1981,DM,merriami,2,Control,M,45
4721,1981,DM,merriami,13,Short-term Krat Exclosure,M,53
4722,1981,DM,merriami,12,Control,M,39
4723,1981,DM,merriami,24,Rodent Exclosure,F,46
4725,1981,DM,merriami,17,Control,F,32
4726,1981,DM,merriami,20,Short-term Krat Exclosure,M,41
4727,1981,DS,spectabilis,22,Control,M,125
4728,1981,DS,spectabilis,12,Control,M,144
4730,1981,DO,ordii,1,Spectab exclosure,F,61
4731,1981,DM,merriami,11,Control,M,44
4732,1981,DM,merriami,22,Control,M,45
4733,1981,DM,merriami,12,Control,M,56
4734,1981,DM,merriami,12,Control,F,43
4735,1981,DM,merriami,11,Control,F,44
4736,1981,DM,merriami,20,Short-term Krat Exclosure,F,42
4737,1981,DS,spectabilis,22,Control,M,129
4740,1981,DM,merriami,24,Rodent Exclosure,M,44
4741,1981,DM,merriami,13,Short-term Krat Exclosure,F,54
4742,1981,DS,spectabilis,17,Control,M,148
4745,1981,DM,merriami,12,Control,M,36
4746,1981,DM,merriami,12,Control,F,46
4747,1981,DO,ordii,17,Control,M,29
4750,1981,DO,ordii,24,Rodent Exclosure,F,51
4751,1981,DM,merriami,11,Control,M,41
4757,1981,DM,merriami,12,Control,M,58
4758,1981,DM,merriami,18,Short-term Krat Exclosure,F,44
4760,1981,DM,merriami,11,Control,F,45
4761,1981,DM,merriami,12,Control,M,44
4762,1981,DS,spectabilis,17,Control,F,117
4763,1981,DO,ordii,1,Spectab exclosure,F,59
4764,1981,DS,spectabilis,18,Short-term Krat Exclosure,F,112
4765,1981,DM,merriami,17,Control,F,47
4766,1981,DM,merriami,20,Short-term Krat Exclosure,M,46
4767,1981,DS,spectabilis,22,Control,M,131
4768,1981,DS,spectabilis,22,Control,F,137
4769,1981,DM,merriami,24,Rodent Exclosure,M,19
4770,1981,DS,spectabilis,20,Short-term Krat Exclosure,F,158
4771,1981,DM,merriami,12,Control,M,27
4772,1981,DM,merriami,12,Control,M,35
4773,1981,DS,spectabilis,12,Control,M,145
4774,1981,DO,ordii,24,Rodent Exclosure,F,54
4776,1981,DM,merriami,11,Control,F,33
4777,1981,DM,merriami,13,Short-term Krat Exclosure,M,21
4778,1981,DO,ordii,17,Control,F,53
4779,1981,DM,merriami,24,Rodent Exclosure,M,47
4781,1981,DS,spectabilis,13,Short-term Krat Exclosure,M,141
4783,1981,DO,ordii,17,Control,M,53
4784,1981,DM,merriami,11,Control,M,42
4786,1981,DM,merriami,18,Short-term Krat Exclosure,F,46
4790,1981,DM,merriami,5,Rodent Exclosure,F,46
4791,1981,DO,ordii,8,Control,M,51
4792,1981,DM,merriami,14,Control,F,42
4793,1981,DM,merriami,4,Control,M,37
4794,1981,DS,spectabilis,14,Control,M,126
4795,1981,DM,merriami,4,Control,F,47
4796,1981,DS,spectabilis,6,Short-term Krat Exclosure,M,119
4797,1981,DM,merriami,4,Control,M,53
4800,1981,DM,merriami,14,Control,M,49
4801,1981,DM,merriami,5,Rodent Exclosure,M,49
4802,1981,DS,spectabilis,6,Short-term Krat Exclosure,M,123
4810,1981,DO,ordii,24,Rodent Exclosure,M,56
4811,1981,DM,merriami,12,Control,M,42
4812,1981,DM,merriami,24,Rodent Exclosure,F,44
4813,1981,DS,spectabilis,12,Control,M,146
4814,1981,DM,merriami,24,Rodent Exclosure,M,47
4815,1981,DO,ordii,24,Rodent Exclosure,F,57
4817,1981,DM,merriami,12,Control,F,50
4818,1981,DM,merriami,12,Control,M,45
4819,1981,DM,merriami,12,Control,M,43
4820,1981,DM,merriami,24,Rodent Exclosure,M,46
4822,1981,DS,spectabilis,20,Short-term Krat Exclosure,F,156
4824,1981,DS,spectabilis,22,Control,F,145
4825,1981,DM,merriami,20,Short-term Krat Exclosure,M,47
4826,1981,DM,merriami,18,Short-term Krat Exclosure,F,57
4827,1981,DM,merriami,18,Short-term Krat Exclosure,M,32
4828,1981,DM,merriami,18,Short-term Krat Exclosure,M,27
4834,1981,DM,merriami,5,Rodent Exclosure,M,51
4835,1981,DM,merriami,6,Short-term Krat Exclosure,F,48
4839,1981,DS,spectabilis,6,Short-term Krat Exclosure,F,145
4840,1981,DM,merriami,11,Control,F,42
4841,1981,DM,merriami,13,Short-term Krat Exclosure,M,58
4842,1981,DM,merriami,11,Control,M,47
4843,1981,DS,spectabilis,13,Short-term Krat Exclosure,M,140
4844,1981,DM,merriami,11,Control,F,44
4845,1981,DM,merriami,5,Rodent Exclosure,M,52
4850,1981,DM,merriami,14,Control,M,48
4851,1981,DS,spectabilis,14,Control,M,144
4852,1981,DM,merriami,14,Control,F,42
4853,1981,DM,merriami,13,Short-term Krat Exclosure,M,38
4857,1981,DS,spectabilis,4,Control,F,146
4858,1981,DS,spectabilis,2,Control,F,151
4861,1981,DS,spectabilis,9,Spectab exclosure,F,125
4862,1981,DO,ordii,1,Spectab exclosure,F,62
4863,1981,DS,spectabilis,4,Control,M,153
4864,1981,DS,spectabilis,8,Control,M,152
4865,1981,DS,spectabilis,9,Spectab exclosure,F,137
4869,1981,DS,spectabilis,12,Control,M,155
4871,1981,DM,merriami,18,Short-term Krat Exclosure,M,49
4873,1981,DM,merriami,20,Short-term Krat Exclosure,M,46
4877,1981,DM,merriami,24,Rodent Exclosure,F,47
4879,1981,DM,merriami,22,Control,M,48
4880,1981,DM,merriami,24,Rodent Exclosure,F,41
4882,1981,DM,merriami,18,Short-term Krat Exclosure,M,39
4883,1981,DM,merriami,20,Short-term Krat Exclosure,F,43
4884,1981,DM,merriami,12,Control,M,43
4885,1981,DM,merriami,18,Short-term Krat Exclosure,F,42
4886,1981,DM,merriami,18,Short-term Krat Exclosure,M,27
4887,1981,DM,merriami,20,Short-term Krat Exclosure,F,25
4888,1981,DS,spectabilis,22,Control,F,137
4890,1981,DM,merriami,20,Short-term Krat Exclosure,F,26
4892,1981,DM,merriami,12,Control,M,44
4895,1981,DM,merriami,12,Control,F,44
4901,1981,DM,merriami,12,Control,F,43
4904,1981,DM,merriami,18,Short-term Krat Exclosure,F,22
4906,1981,DM,merriami,12,Control,M,51
4911,1981,DS,spectabilis,11,Control,F,112
4912,1981,DM,merriami,14,Control,M,46
4918,1981,DM,merriami,11,Control,F,49
4919,1981,DM,merriami,14,Control,F,45
4921,1981,DS,spectabilis,14,Control,M,135
4922,1981,DM,merriami,13,Short-term Krat Exclosure,F,54
4926,1981,DM,merriami,11,Control,F,40
4927,1981,DM,merriami,13,Short-term Krat Exclosure,M,39
4928,1981,DS,spectabilis,16,Rodent Exclosure,F,158
4930,1981,DM,merriami,5,Rodent Exclosure,F,42
4931,1981,DM,merriami,11,Control,M,40
4932,1981,DM,merriami,5,Rodent Exclosure,M,45
4933,1981,DM,merriami,5,Rodent Exclosure,M,49
4934,1981,DS,spectabilis,13,Short-term Krat Exclosure,M,138
4936,1981,DM,merriami,14,Control,F,43
4938,1981,DO,ordii,17,Control,F,54
4941,1981,DM,merriami,4,Control,M,42
4943,1981,DO,ordii,1,Spectab exclosure,F,59
4944,1981,DS,spectabilis,4,Control,M,78
4946,1981,DS,spectabilis,9,Spectab exclosure,F,125
4947,1981,DO,ordii,9,Spectab exclosure,F,43
4948,1981,DS,spectabilis,2,Control,F,172
4950,1981,DS,spectabilis,4,Control,M,145
4951,1981,DM,merriami,9,Spectab exclosure,M,47
4952,1981,DM,merriami,2,Control,F,38
4953,1981,DM,merriami,4,Control,M,51
4954,1981,DM,merriami,9,Spectab exclosure,M,49
4955,1981,DS,spectabilis,1,Spectab exclosure,M,165
4957,1981,DS,spectabilis,9,Spectab exclosure,F,136
4961,1981,DM,merriami,22,Control,F,38
4963,1981,DM,merriami,24,Rodent Exclosure,F,23
4964,1981,DM,merriami,18,Short-term Krat Exclosure,F,50
4965,1981,DS,spectabilis,22,Control,M,139
4970,1981,DM,merriami,20,Short-term Krat Exclosure,M,45
4973,1981,DM,merriami,24,Rodent Exclosure,F,46
4975,1981,DS,spectabilis,12,Control,M,161
4976,1981,DM,merriami,11,Control,F,44
4977,1981,DM,merriami,11,Control,F,50
4978,1981,DM,merriami,18,Short-term Krat Exclosure,M,44
4980,1981,DS,spectabilis,22,Control,F,146
4981,1981,DM,merriami,12,Control,M,49
4982,1981,DS,spectabilis,18,Short-term Krat Exclosure,F,154
4989,1981,DM,merriami,12,Control,M,56
4991,1981,DM,merriami,11,Control,M,54
4994,1981,DM,merriami,20,Short-term Krat Exclosure,F,35
4996,1981,DS,spectabilis,22,Control,F,151
4997,1981,DM,merriami,12,Control,F,54
4998,1981,DS,spectabilis,17,Control,M,170
5000,1981,DM,merriami,12,Control,M,49
5001,1981,DS,spectabilis,20,Short-term Krat Exclosure,F,166
5003,1981,DM,merriami,11,Control,M,48
5004,1981,DM,merriami,24,Rodent Exclosure,M,48
5007,1981,DM,merriami,20,Short-term Krat Exclosure,M,44
5013,1981,DS,spectabilis,2,Control,M,144
5014,1981,DM,merriami,4,Control,M,51
5016,1981,DM,merriami,13,Short-term Krat Exclosure,M,55
5017,1981,DM,merriami,6,Short-term Krat Exclosure,M,51
5019,1981,DM,merriami,5,Rodent Exclosure,M,52
5022,1981,DM,merriami,4,Control,M,43
5023,1981,DM,merriami,14,Control,M,44
5027,1981,DS,spectabilis,2,Control,F,142
5028,1981,DS,spectabilis,4,Control,M,104
5029,1981,DS,spectabilis,6,Short-term Krat Exclosure,F,141
5030,1981,DM,merriami,14,Control,M,34
5032,1981,DM,merriami,5,Rodent Exclosure,M,32
5033,1981,DO,ordii,6,Short-term Krat Exclosure,F,49
5034,1981,DO,ordii,8,Control,M,52
5035,1981,DM,merriami,14,Control,M,47
5037,1981,DM,merriami,6,Short-term Krat Exclosure,M,54
5038,1981,DM,merriami,5,Rodent Exclosure,F,22
5039,1981,DM,merriami,5,Rodent Exclosure,F,21
5040,1981,DO,ordii,6,Short-term Krat Exclosure,F,59
5042,1981,DS,spectabilis,9,Spectab exclosure,F,139
5043,1981,DO,ordii,6,Short-term Krat Exclosure,M,58
5044,1981,DM,merriami,2,Control,F,36
5045,1981,DM,merriami,9,Spectab exclosure,F,47
5046,1981,DS,spectabilis,1,Spectab exclosure,M,161
5047,1981,DM,merriami,6,Short-term Krat Exclosure,F,47
5050,1981,DM,merriami,6,Short-term Krat Exclosure,F,36
5051,1981,DM,merriami,5,Rodent Exclosure,M,49
5052,1981,DS,spectabilis,8,Control,M,142
5055,1981,DM,merriami,5,Rodent Exclosure,F,38
5056,1981,DS,spectabilis,6,Short-term Krat Exclosure,M,129
5057,1981,DM,merriami,4,Control,F,39
5060,1981,DO,ordii,1,Spectab exclosure,F,70
5063,1981,DM,merriami,2,Control,M,44
5064,1981,DS,spectabilis,4,Control,M,144
5065,1981,DM,merriami,4,Control,F,45
5067,1981,DM,merriami,13,Short-term Krat Exclosure,M,51
5068,1981,DM,merriami,14,Control,M,43
5070,1981,DM,merriami,14,Control,M,44
5072,1981,DM,merriami,13,Short-term Krat Exclosure,M,42
5073,1981,DM,merriami,14,Control,F,50
5075,1981,DS,spectabilis,13,Short-term Krat Exclosure,M,139
5077,1981,DM,merriami,5,Rodent Exclosure,M,43
5078,1981,DS,spectabilis,8,Control,M,137
5079,1981,DS,spectabilis,17,Control,M,147
5084,1981,DS,spectabilis,18,Short-term Krat Exclosure,F,124
5086,1981,DM,merriami,18,Short-term Krat Exclosure,M,44
5091,1981,DM,merriami,18,Short-term Krat Exclosure,F,40
5093,1981,DS,spectabilis,22,Control,M,137
5097,1981,DS,spectabilis,20,Short-term Krat Exclosure,F,162
5098,1981,DM,merriami,18,Short-term Krat Exclosure,F,24
5100,1981,DS,spectabilis,22,Control,M,150
5102,1981,DM,merriami,20,Short-term Krat Exclosure,F,37
5107,1981,DM,merriami,22,Control,M,39
5108,1981,DS,spectabilis,22,Control,F,117
5109,1981,DM,merriami,18,Short-term Krat Exclosure,F,22
5118,1981,DM,merriami,14,Control,M,37
5119,1981,DM,merriami,11,Control,F,39
5120,1981,DS,spectabilis,14,Control,NA,112
5121,1981,DS,spectabilis,11,Control,F,110
5122,1981,DM,merriami,24,Rodent Exclosure,F,40
5124,1981,DM,merriami,13,Short-term Krat Exclosure,M,54
5125,1981,DM,merriami,14,Control,M,34
5126,1981,DS,spectabilis,14,Control,M,110
5128,1981,DM,merriami,12,Control,M,26
5129,1981,DO,ordii,24,Rodent Exclosure,M,38
5131,1981,DM,merriami,12,Control,M,49
5135,1981,DM,merriami,24,Rodent Exclosure,M,45
5138,1981,DM,merriami,24,Rodent Exclosure,M,25
5140,1981,DS,spectabilis,8,Control,M,135
5141,1981,DM,merriami,9,Spectab exclosure,F,34
5143,1981,DS,spectabilis,9,Spectab exclosure,F,140
5144,1981,DS,spectabilis,8,Control,M,140
5145,1981,DM,merriami,12,Control,M,46
5146,1981,DM,merriami,12,Control,F,43
5149,1981,DM,merriami,11,Control,M,45
5150,1981,DM,merriami,12,Control,M,50
5151,1981,DO,ordii,8,Control,M,49
5153,1981,DO,ordii,12,Control,F,38
5154,1981,DS,spectabilis,13,Short-term Krat Exclosure,F,153
5155,1981,DM,merriami,14,Control,F,44
5156,1981,DM,merriami,11,Control,F,47
5157,1981,DM,merriami,13,Short-term Krat Exclosure,M,45
5158,1982,DO,ordii,1,Spectab exclosure,F,49
5159,1982,DM,merriami,5,Rodent Exclosure,F,42
5164,1982,DS,spectabilis,2,Control,F,78
5166,1982,DM,merriami,4,Control,M,49
5167,1982,DM,merriami,2,Control,M,45
5168,1982,DS,spectabilis,4,Control,M,117
5169,1982,DM,merriami,5,Rodent Exclosure,F,49
5170,1982,DS,spectabilis,6,Short-term Krat Exclosure,F,124
5171,1982,DS,spectabilis,1,Spectab exclosure,M,168
5172,1982,DS,spectabilis,1,Spectab exclosure,M,160
5173,1982,DS,spectabilis,2,Control,M,83
5175,1982,DM,merriami,5,Rodent Exclosure,M,40
5177,1982,DO,ordii,2,Control,F,61
5179,1982,DO,ordii,1,Spectab exclosure,F,38
5181,1982,DM,merriami,1,Spectab exclosure,M,51
5183,1982,DM,merriami,4,Control,F,51
5185,1982,DM,merriami,5,Rodent Exclosure,M,56
5186,1982,DM,merriami,1,Spectab exclosure,M,42
5189,1982,DO,ordii,1,Spectab exclosure,F,55
5191,1982,DM,merriami,4,Control,M,34
5193,1982,DM,merriami,4,Control,F,38
5194,1982,DM,merriami,5,Rodent Exclosure,M,53
5197,1982,DS,spectabilis,4,Control,M,155
5198,1982,DM,merriami,5,Rodent Exclosure,M,47
5199,1982,DM,merriami,11,Control,M,48
5205,1982,DM,merriami,24,Rodent Exclosure,M,33
5206,1982,DO,ordii,20,Short-term Krat Exclosure,M,38
5207,1982,DO,ordii,24,Rodent Exclosure,M,42
5208,1982,DO,ordii,1,Spectab exclosure,F,48
5209,1982,DM,merriami,11,Control,F,44
5210,1982,DM,merriami,12,Control,M,48
5214,1982,DS,spectabilis,11,Control,F,149
5216,1982,DS,spectabilis,18,Short-term Krat Exclosure,F,120
5219,1982,DM,merriami,12,Control,M,48
5221,1982,DM,merriami,12,Control,F,44
5223,1982,DM,merriami,11,Control,F,46
5226,1982,DM,merriami,11,Control,M,51
5227,1982,DM,merriami,24,Rodent Exclosure,F,30
5231,1982,DS,spectabilis,22,Control,M,133
5232,1982,DO,ordii,9,Spectab exclosure,F,44
5233,1982,DS,spectabilis,9,Spectab exclosure,F,151
5235,1982,DM,merriami,11,Control,M,44
5237,1982,DM,merriami,12,Control,M,48
5238,1982,DM,merriami,1,Spectab exclosure,M,39
5239,1982,DO,ordii,1,Spectab exclosure,M,45
5243,1982,DS,spectabilis,20,Short-term Krat Exclosure,F,190
5247,1982,DM,merriami,18,Short-term Krat Exclosure,F,27
5249,1982,DM,merriami,12,Control,M,33
5250,1982,DM,merriami,9,Spectab exclosure,F,39
5252,1982,DM,merriami,20,Short-term Krat Exclosure,F,38
5253,1982,DO,ordii,24,Rodent Exclosure,F,58
5255,1982,DM,merriami,24,Rodent Exclosure,M,46
5258,1982,DO,ordii,24,Rodent Exclosure,M,42
5259,1982,DM,merriami,22,Control,M,41
5260,1982,DM,merriami,11,Control,F,56
5263,1982,DM,merriami,18,Short-term Krat Exclosure,F,38
5265,1982,DM,merriami,11,Control,M,45
5268,1982,DM,merriami,12,Control,M,50
5270,1982,DS,spectabilis,2,Control,F,89
5274,1982,DM,merriami,4,Control,F,35
5277,1982,DM,merriami,13,Short-term Krat Exclosure,M,56
5278,1982,DM,merriami,14,Control,M,44
5282,1982,DS,spectabilis,2,Control,M,82
5283,1982,DM,merriami,5,Rodent Exclosure,F,54
5284,1982,DM,merriami,14,Control,M,38
5285,1982,DM,merriami,5,Rodent Exclosure,M,40
5286,1982,DM,merriami,14,Control,F,38
5287,1982,DM,merriami,5,Rodent Exclosure,F,42
5288,1982,DM,merriami,2,Control,M,44
5289,1982,DM,merriami,4,Control,M,41
5293,1982,DM,merriami,13,Short-term Krat Exclosure,M,49
5296,1982,DS,spectabilis,6,Short-term Krat Exclosure,F,126
5303,1982,DM,merriami,5,Rodent Exclosure,M,56
5304,1982,DS,spectabilis,17,Control,M,134
5308,1982,DM,merriami,5,Rodent Exclosure,F,41
5311,1982,DM,merriami,5,Rodent Exclosure,F,46
5316,1982,DM,merriami,4,Control,M,36
5317,1982,DM,merriami,14,Control,F,52
5318,1982,DM,merriami,4,Control,F,37
5319,1982,DM,merriami,5,Rodent Exclosure,M,51
5320,1982,DM,merriami,13,Short-term Krat Exclosure,M,54
5324,1982,DM,merriami,5,Rodent Exclosure,M,46
5327,1982,DS,spectabilis,17,Control,M,150
5332,1982,DM,merriami,17,Control,F,43
5333,1982,DM,merriami,24,Rodent Exclosure,M,38
5335,1982,DO,ordii,20,Short-term Krat Exclosure,M,46
5336,1982,DM,merriami,18,Short-term Krat Exclosure,F,38
5337,1982,DS,spectabilis,12,Control,F,122
5340,1982,DM,merriami,24,Rodent Exclosure,F,32
5341,1982,DS,spectabilis,22,Control,M,130
5347,1982,DS,spectabilis,18,Short-term Krat Exclosure,M,135
5348,1982,DM,merriami,12,Control,F,48
5354,1982,DS,spectabilis,20,Short-term Krat Exclosure,F,158
5355,1982,DM,merriami,20,Short-term Krat Exclosure,M,46
5361,1982,DM,merriami,22,Control,M,38
5363,1982,DM,merriami,17,Control,M,49
5364,1982,DO,ordii,24,Rodent Exclosure,M,48
5365,1982,DS,spectabilis,22,Control,M,154
5366,1982,DO,ordii,24,Rodent Exclosure,M,45
5367,1982,DM,merriami,12,Control,M,47
5368,1982,DM,merriami,12,Control,M,51
5369,1982,DS,spectabilis,22,Control,M,80
5370,1982,DM,merriami,12,Control,M,39
5372,1982,DM,merriami,20,Short-term Krat Exclosure,F,43
5381,1982,DM,merriami,22,Control,M,41
5383,1982,DM,merriami,12,Control,F,46
5385,1982,DM,merriami,5,Rodent Exclosure,F,42
5388,1982,DM,merriami,11,Control,M,46
5391,1982,DM,merriami,4,Control,M,41
5392,1982,DM,merriami,14,Control,M,42
5393,1982,DM,merriami,4,Control,F,41
5394,1982,DS,spectabilis,11,Control,F,108
5396,1982,DM,merriami,14,Control,F,43
5405,1982,DM,merriami,4,Control,M,47
5407,1982,DM,merriami,14,Control,M,46
5411,1982,DO,ordii,13,Short-term Krat Exclosure,M,35
5412,1982,DM,merriami,5,Rodent Exclosure,F,36
5413,1982,DS,spectabilis,6,Short-term Krat Exclosure,F,133
5414,1982,DM,merriami,14,Control,M,49
5415,1982,DO,ordii,6,Short-term Krat Exclosure,M,56
5416,1982,DM,merriami,11,Control,M,43
5418,1982,DM,merriami,4,Control,M,49
5419,1982,DM,merriami,13,Short-term Krat Exclosure,M,48
5420,1982,DM,merriami,14,Control,M,56
5422,1982,DM,merriami,4,Control,M,44
5425,1982,DM,merriami,5,Rodent Exclosure,F,39
5426,1982,DS,spectabilis,4,Control,M,128
5427,1982,DM,merriami,14,Control,F,46
5428,1982,DS,spectabilis,6,Short-term Krat Exclosure,M,107
5432,1982,DS,spectabilis,6,Short-term Krat Exclosure,M,76
5438,1982,DM,merriami,5,Rodent Exclosure,F,41
5442,1982,DS,spectabilis,13,Short-term Krat Exclosure,M,138
5443,1982,DM,merriami,14,Control,M,54
5444,1982,DM,merriami,5,Rodent Exclosure,M,51
5445,1982,DM,merriami,4,Control,M,44
5446,1982,DM,merriami,11,Control,F,44
5449,1982,DM,merriami,11,Control,M,51
5450,1982,DM,merriami,5,Rodent Exclosure,M,54
5451,1982,DM,merriami,4,Control,M,41
5452,1982,DS,spectabilis,14,Control,M,76
5453,1982,DM,merriami,5,Rodent Exclosure,F,49
5457,1982,DM,merriami,4,Control,F,41
5459,1982,DM,merriami,4,Control,M,52
5460,1982,DM,merriami,11,Control,M,45
5461,1982,DM,merriami,11,Control,M,45
5462,1982,DM,merriami,5,Rodent Exclosure,M,46
5467,1982,DS,spectabilis,2,Control,F,93
5470,1982,DS,spectabilis,8,Control,M,133
5471,1982,DS,spectabilis,2,Control,M,102
5472,1982,DS,spectabilis,2,Control,F,160
5474,1982,DS,spectabilis,2,Control,M,54
5475,1982,DO,ordii,2,Control,F,59
5476,1982,DS,spectabilis,1,Spectab exclosure,M,160
5479,1982,DS,spectabilis,9,Spectab exclosure,F,132
5481,1982,DM,merriami,9,Spectab exclosure,M,44
5482,1982,DO,ordii,8,Control,M,51
5483,1982,DM,merriami,2,Control,M,44
5486,1982,DS,spectabilis,8,Control,M,137
5491,1982,DS,spectabilis,9,Spectab exclosure,F,59
5492,1982,DO,ordii,8,Control,F,52
5494,1982,DS,spectabilis,1,Spectab exclosure,M,155
5497,1982,DM,merriami,1,Spectab exclosure,M,47
5499,1982,DM,merriami,1,Spectab exclosure,M,49
5500,1982,DS,spectabilis,9,Spectab exclosure,F,130
5504,1982,DM,merriami,1,Spectab exclosure,M,41
5511,1982,DO,ordii,24,Rodent Exclosure,F,37
5512,1982,DS,spectabilis,11,Control,F,106
5514,1982,DS,spectabilis,2,Control,F,142
5515,1982,DM,merriami,24,Rodent Exclosure,M,39
5516,1982,DM,merriami,18,Short-term Krat Exclosure,M,40
5518,1982,DS,spectabilis,12,Control,F,116
5521,1982,DM,merriami,20,Short-term Krat Exclosure,M,46
5523,1982,DS,spectabilis,2,Control,M,94
5531,1982,DM,merriami,12,Control,F,44
5532,1982,DS,spectabilis,2,Control,M,151
5533,1982,DM,merriami,12,Control,M,48
5539,1982,DS,spectabilis,18,Short-term Krat Exclosure,F,143
5548,1982,DO,ordii,24,Rodent Exclosure,M,49
5549,1982,DM,merriami,11,Control,M,46
5554,1982,DM,merriami,12,Control,M,45
5555,1982,DM,merriami,24,Rodent Exclosure,M,47
5557,1982,DM,merriami,12,Control,M,49
5559,1982,DS,spectabilis,8,Control,M,136
5563,1982,DM,merriami,11,Control,F,45
5570,1982,DM,merriami,12,Control,F,46
5571,1982,DO,ordii,8,Control,M,52
5572,1982,DM,merriami,22,Control,M,48
5574,1982,DO,ordii,8,Control,F,53
5575,1982,DM,merriami,20,Short-term Krat Exclosure,F,42
5584,1982,DM,merriami,11,Control,M,21
5585,1982,DO,ordii,2,Control,F,63
5587,1982,DS,spectabilis,20,Short-term Krat Exclosure,M,73
5589,1982,DM,merriami,18,Short-term Krat Exclosure,F,46
5590,1982,DM,merriami,11,Control,M,43
5592,1982,DM,merriami,12,Control,F,38
5594,1982,DS,spectabilis,20,Short-term Krat Exclosure,F,154
5598,1982,DM,merriami,5,Rodent Exclosure,F,44
5599,1982,DM,merriami,6,Short-term Krat Exclosure,F,40
5602,1982,DM,merriami,5,Rodent Exclosure,M,53
5604,1982,DM,merriami,5,Rodent Exclosure,F,40
5605,1982,DS,spectabilis,6,Short-term Krat Exclosure,F,160
5606,1982,DM,merriami,4,Control,M,42
5608,1982,DO,ordii,13,Short-term Krat Exclosure,M,37
5609,1982,DO,ordii,6,Short-term Krat Exclosure,F,48
5610,1982,DM,merriami,17,Control,F,54
5611,1982,DO,ordii,1,Spectab exclosure,F,54
5613,1982,DM,merriami,1,Spectab exclosure,M,44
5615,1982,DM,merriami,4,Control,M,46
5616,1982,DM,merriami,5,Rodent Exclosure,M,26
5617,1982,DM,merriami,6,Short-term Krat Exclosure,M,45
5619,1982,DM,merriami,14,Control,M,41
5620,1982,DM,merriami,6,Short-term Krat Exclosure,M,57
5621,1982,DS,spectabilis,9,Spectab exclosure,M,88
5622,1982,DM,merriami,5,Rodent Exclosure,F,38
5623,1982,DS,spectabilis,9,Spectab exclosure,F,123
5624,1982,DS,spectabilis,1,Spectab exclosure,F,90
5625,1982,DM,merriami,4,Control,M,50
5628,1982,DM,merriami,14,Control,F,48
5629,1982,DS,spectabilis,6,Short-term Krat Exclosure,M,129
5631,1982,DM,merriami,6,Short-term Krat Exclosure,F,48
5633,1982,DM,merriami,4,Control,M,44
5634,1982,DS,spectabilis,5,Rodent Exclosure,F,76
5635,1982,DS,spectabilis,6,Short-term Krat Exclosure,M,101
5639,1982,DS,spectabilis,14,Control,M,106
5640,1982,DS,spectabilis,1,Spectab exclosure,M,159
5642,1982,DM,merriami,13,Short-term Krat Exclosure,M,48
5647,1982,DO,ordii,1,Spectab exclosure,M,55
5648,1982,DM,merriami,5,Rodent Exclosure,M,26
5649,1982,DS,spectabilis,9,Spectab exclosure,M,91
5652,1982,DM,merriami,14,Control,M,54
5658,1982,DM,merriami,4,Control,F,42
5659,1982,DS,spectabilis,17,Control,M,140
5661,1982,DS,spectabilis,9,Spectab exclosure,M,85
5662,1982,DM,merriami,5,Rodent Exclosure,M,45
5663,1982,DS,spectabilis,13,Short-term Krat Exclosure,M,138
5664,1982,DM,merriami,5,Rodent Exclosure,M,48
5667,1982,DM,merriami,5,Rodent Exclosure,F,53
5668,1982,DM,merriami,6,Short-term Krat Exclosure,M,51
5669,1982,DM,merriami,1,Spectab exclosure,M,46
5670,1982,DM,merriami,5,Rodent Exclosure,F,26
5671,1982,DS,spectabilis,9,Spectab exclosure,M,76
5673,1982,DM,merriami,5,Rodent Exclosure,M,44
5674,1982,DM,merriami,14,Control,M,51
5675,1982,DS,spectabilis,9,Spectab exclosure,F,140
5677,1982,DS,spectabilis,4,Control,F,90
5678,1982,DM,merriami,6,Short-term Krat Exclosure,F,52
5680,1982,DO,ordii,17,Control,F,59
5681,1982,DM,merriami,14,Control,F,45
5686,1982,DS,spectabilis,11,Control,M,56
5690,1982,DM,merriami,20,Short-term Krat Exclosure,F,51
5694,1982,DS,spectabilis,18,Short-term Krat Exclosure,M,128
5698,1982,DM,merriami,22,Control,M,41
5699,1982,DM,merriami,20,Short-term Krat Exclosure,M,44
5700,1982,DO,ordii,13,Short-term Krat Exclosure,F,41
5701,1982,DS,spectabilis,12,Control,M,114
5703,1982,DO,ordii,24,Rodent Exclosure,M,51
5704,1982,DS,spectabilis,18,Short-term Krat Exclosure,M,94
5705,1982,DS,spectabilis,11,Control,F,102
5708,1982,DS,spectabilis,22,Control,M,130
5710,1982,DM,merriami,20,Short-term Krat Exclosure,F,41
5711,1982,DM,merriami,12,Control,F,41
5714,1982,DM,merriami,24,Rodent Exclosure,M,41
5716,1982,DM,merriami,11,Control,M,45
5719,1982,DM,merriami,12,Control,M,46
5720,1982,DS,spectabilis,22,Control,F,116
5722,1982,DO,ordii,17,Control,F,59
5725,1982,DS,spectabilis,22,Control,M,87
5726,1982,DM,merriami,18,Short-term Krat Exclosure,F,46
5727,1982,DM,merriami,18,Short-term Krat Exclosure,M,42
5728,1982,DO,ordii,17,Control,F,36
5729,1982,DM,merriami,11,Control,F,42
5733,1982,DM,merriami,12,Control,M,47
5737,1982,DM,merriami,17,Control,M,50
5738,1982,DS,spectabilis,13,Short-term Krat Exclosure,M,110
5743,1982,DS,spectabilis,20,Short-term Krat Exclosure,M,54
5745,1982,DM,merriami,12,Control,M,48
5746,1982,DM,merriami,12,Control,F,44
5748,1982,DO,ordii,24,Rodent Exclosure,F,44
5749,1982,DM,merriami,13,Short-term Krat Exclosure,F,43
5751,1982,DO,ordii,20,Short-term Krat Exclosure,M,49
5752,1982,DM,merriami,12,Control,M,51
5753,1982,DM,merriami,20,Short-term Krat Exclosure,M,46
5756,1982,DM,merriami,11,Control,M,44
5757,1982,DM,merriami,12,Control,F,42
5760,1982,DS,spectabilis,22,Control,F,129
5762,1982,DM,merriami,13,Short-term Krat Exclosure,M,47
5765,1982,DS,spectabilis,4,Control,F,102
5766,1982,DM,merriami,14,Control,F,49
5767,1982,DS,spectabilis,2,Control,F,149
5769,1982,DS,spectabilis,8,Control,M,134
5772,1982,DS,spectabilis,9,Spectab exclosure,M,146
5773,1982,DM,merriami,14,Control,M,53
5775,1982,DS,spectabilis,2,Control,M,74
5776,1982,DS,spectabilis,6,Short-term Krat Exclosure,M,90
5777,1982,DS,spectabilis,2,Control,F,78
5778,1982,DM,merriami,5,Rodent Exclosure,M,32
5785,1982,DM,merriami,4,Control,M,44
5786,1982,DS,spectabilis,9,Spectab exclosure,F,72
5788,1982,DS,spectabilis,6,Short-term Krat Exclosure,M,90
5789,1982,DS,spectabilis,9,Spectab exclosure,F,120
5790,1982,DO,ordii,1,Spectab exclosure,F,58
5791,1982,DS,spectabilis,1,Spectab exclosure,M,153
5794,1982,DO,ordii,8,Control,F,43
5795,1982,DO,ordii,1,Spectab exclosure,M,54
5798,1982,DS,spectabilis,4,Control,M,125
5799,1982,DS,spectabilis,5,Rodent Exclosure,F,72
5800,1982,DS,spectabilis,6,Short-term Krat Exclosure,M,82
5803,1982,DS,spectabilis,9,Spectab exclosure,M,94
5804,1982,DS,spectabilis,8,Control,F,84
5805,1982,DM,merriami,5,Rodent Exclosure,F,43
5806,1982,DM,merriami,5,Rodent Exclosure,M,33
5809,1982,DS,spectabilis,6,Short-term Krat Exclosure,F,125
5810,1982,DS,spectabilis,9,Spectab exclosure,M,87
5811,1982,DM,merriami,1,Spectab exclosure,F,39
5812,1982,DM,merriami,4,Control,F,43
5814,1982,DO,ordii,2,Control,M,40
5815,1982,DM,merriami,14,Control,F,44
5816,1982,DM,merriami,5,Rodent Exclosure,M,44
5817,1982,DS,spectabilis,1,Spectab exclosure,M,153
5818,1982,DS,spectabilis,9,Spectab exclosure,M,130
5820,1982,DS,spectabilis,4,Control,F,98
5822,1982,DM,merriami,4,Control,M,46
5824,1982,DM,merriami,5,Rodent Exclosure,F,35
5825,1982,DS,spectabilis,9,Spectab exclosure,F,131
5826,1982,DS,spectabilis,9,Spectab exclosure,M,51
5827,1982,DM,merriami,1,Spectab exclosure,M,42
5832,1982,DS,spectabilis,12,Control,M,113
5834,1982,DS,spectabilis,11,Control,F,103
5839,1982,DM,merriami,17,Control,F,44
5840,1982,DM,merriami,20,Short-term Krat Exclosure,M,32
5842,1982,DM,merriami,13,Short-term Krat Exclosure,M,37
5844,1982,DM,merriami,24,Rodent Exclosure,M,42
5845,1982,DS,spectabilis,22,Control,F,110
5848,1982,DS,spectabilis,18,Short-term Krat Exclosure,F,115
5851,1982,DM,merriami,12,Control,F,42
5852,1982,DS,spectabilis,18,Short-term Krat Exclosure,M,123
5853,1982,DO,ordii,20,Short-term Krat Exclosure,F,45
5854,1982,DS,spectabilis,22,Control,M,128
5855,1982,DM,merriami,11,Control,F,21
5856,1982,DS,spectabilis,18,Short-term Krat Exclosure,M,62
5857,1982,DS,spectabilis,22,Control,M,98
5858,1982,DS,spectabilis,13,Short-term Krat Exclosure,M,133
5859,1982,DS,spectabilis,18,Short-term Krat Exclosure,M,59
5860,1982,DS,spectabilis,22,Control,F,121
5864,1982,DM,merriami,23,Rodent Exclosure,F,43
5865,1982,DO,ordii,17,Control,F,40
5866,1982,DS,spectabilis,18,Short-term Krat Exclosure,F,63
5868,1982,DM,merriami,18,Short-term Krat Exclosure,F,41
5869,1982,DM,merriami,20,Short-term Krat Exclosure,F,41
5870,1982,DM,merriami,11,Control,M,25
5872,1982,DM,merriami,12,Control,M,46
5875,1982,DS,spectabilis,22,Control,M,67
5877,1982,DM,merriami,18,Short-term Krat Exclosure,M,42
5878,1982,DS,spectabilis,22,Control,M,72
5879,1982,DM,merriami,23,Rodent Exclosure,M,39
5880,1982,DM,merriami,11,Control,M,44
5882,1982,DM,merriami,13,Short-term Krat Exclosure,F,40
5883,1982,DS,spectabilis,22,Control,F,135
5887,1982,DM,merriami,12,Control,F,49
5889,1982,DS,spectabilis,20,Short-term Krat Exclosure,M,84
5891,1982,DS,spectabilis,22,Control,M,65
5892,1982,DM,merriami,24,Rodent Exclosure,F,42
5894,1982,DM,merriami,20,Short-term Krat Exclosure,M,34
5896,1982,DM,merriami,12,Control,F,24
5898,1982,DM,merriami,13,Short-term Krat Exclosure,M,44
5901,1982,DS,spectabilis,20,Short-term Krat Exclosure,M,110
5903,1982,DM,merriami,12,Control,F,45
5907,1982,DM,merriami,11,Control,M,43
5913,1982,DM,merriami,5,Rodent Exclosure,F,40
5914,1982,DS,spectabilis,9,Spectab exclosure,M,141
5917,1982,DM,merriami,1,Spectab exclosure,M,45
5919,1982,DM,merriami,9,Spectab exclosure,F,30
5921,1982,DS,spectabilis,2,Control,M,98
5926,1982,DO,ordii,8,Control,M,51
5928,1982,DS,spectabilis,14,Control,M,103
5931,1982,DS,spectabilis,6,Short-term Krat Exclosure,F,127
5932,1982,DM,merriami,5,Rodent Exclosure,M,36
5933,1982,DS,spectabilis,9,Spectab exclosure,F,127
5934,1982,DS,spectabilis,2,Control,F,138
5935,1982,DM,merriami,5,Rodent Exclosure,F,25
5936,1982,DS,spectabilis,9,Spectab exclosure,F,67
5937,1982,DS,spectabilis,8,Control,M,132
5941,1982,DO,ordii,1,Spectab exclosure,F,53
5942,1982,DM,merriami,5,Rodent Exclosure,F,29
5945,1982,DO,ordii,8,Control,F,46
5947,1982,DM,merriami,5,Rodent Exclosure,M,32
5948,1982,DS,spectabilis,6,Short-term Krat Exclosure,F,75
5949,1982,DM,merriami,4,Control,M,43
5950,1982,DS,spectabilis,6,Short-term Krat Exclosure,M,84
5951,1982,DS,spectabilis,9,Spectab exclosure,M,98
5952,1982,DS,spectabilis,8,Control,F,87
5953,1982,DM,merriami,14,Control,M,52
5954,1982,DO,ordii,2,Control,M,41
5955,1982,DM,merriami,14,Control,M,45
5957,1982,DS,spectabilis,1,Spectab exclosure,M,145
5958,1982,DM,merriami,5,Rodent Exclosure,M,36
5959,1982,DS,spectabilis,1,Spectab exclosure,M,150
5960,1982,DM,merriami,1,Spectab exclosure,M,44
5961,1982,DS,spectabilis,9,Spectab exclosure,M,56
5968,1982,DS,spectabilis,9,Spectab exclosure,F,132
5970,1982,DM,merriami,6,Short-term Krat Exclosure,F,42
5971,1982,DM,merriami,14,Control,F,40
5972,1982,DM,merriami,9,Spectab exclosure,F,40
5974,1982,DM,merriami,5,Rodent Exclosure,M,43
5975,1982,DS,spectabilis,9,Spectab exclosure,M,135
5976,1982,DM,merriami,14,Control,M,52
5977,1982,DS,spectabilis,4,Control,F,99
5978,1982,DM,merriami,5,Rodent Exclosure,F,35
5979,1982,DM,merriami,14,Control,F,49
5983,1982,DM,merriami,14,Control,M,42
5986,1982,DM,merriami,5,Rodent Exclosure,M,36
5991,1982,DM,merriami,9,Spectab exclosure,F,33
5996,1982,DS,spectabilis,9,Spectab exclosure,M,125
5997,1982,DO,ordii,8,Control,F,47
6000,1982,DS,spectabilis,6,Short-term Krat Exclosure,F,125
6001,1982,DS,spectabilis,8,Control,M,127
6003,1982,DS,spectabilis,14,Control,M,102
6004,1982,DS,spectabilis,9,Spectab exclosure,M,120
6005,1982,DS,spectabilis,9,Spectab exclosure,F,97
6006,1982,DM,merriami,2,Control,F,32
6007,1982,DM,merriami,14,Control,M,53
6008,1982,DS,spectabilis,8,Control,M,85
6011,1982,DM,merriami,1,Spectab exclosure,F,29
6015,1982,DM,merriami,4,Control,M,50
6017,1982,DS,spectabilis,1,Spectab exclosure,M,143
6021,1982,DM,merriami,5,Rodent Exclosure,M,37
6024,1982,DS,spectabilis,5,Rodent Exclosure,F,114
6026,1982,DM,merriami,14,Control,F,49
6027,1982,DS,spectabilis,6,Short-term Krat Exclosure,M,95
6029,1982,DM,merriami,1,Spectab exclosure,M,42
6032,1982,DM,merriami,6,Short-term Krat Exclosure,M,49
6033,1982,DS,spectabilis,4,Control,M,118
6034,1982,DM,merriami,4,Control,M,46
6037,1982,DS,spectabilis,9,Spectab exclosure,M,110
6039,1982,DS,spectabilis,9,Spectab exclosure,M,80
6040,1982,DS,spectabilis,1,Spectab exclosure,M,149
6041,1982,DM,merriami,14,Control,M,26
6043,1982,DS,spectabilis,4,Control,F,104
6045,1982,DM,merriami,1,Spectab exclosure,M,44
6047,1982,DO,ordii,2,Control,M,42
6048,1982,DM,merriami,5,Rodent Exclosure,F,34
6049,1982,DS,spectabilis,9,Spectab exclosure,F,130
6050,1982,DM,merriami,5,Rodent Exclosure,M,45
6053,1982,DS,spectabilis,9,Spectab exclosure,M,126
6054,1982,DM,merriami,5,Rodent Exclosure,M,38
6055,1982,DM,merriami,1,Spectab exclosure,M,46
6058,1982,DM,merriami,20,Short-term Krat Exclosure,F,36
6060,1982,DS,spectabilis,11,Control,F,91
6061,1982,DM,merriami,12,Control,M,49
6062,1982,DO,ordii,24,Rodent Exclosure,M,52
6068,1982,DS,spectabilis,11,Control,F,105
6070,1982,DM,merriami,22,Control,M,41
6072,1982,DO,ordii,20,Short-term Krat Exclosure,F,43
6074,1982,DM,merriami,13,Short-term Krat Exclosure,M,39
6076,1982,DS,spectabilis,12,Control,M,115
6077,1982,DS,spectabilis,18,Short-term Krat Exclosure,F,120
6082,1982,DS,spectabilis,22,Control,M,136
6083,1982,DM,merriami,11,Control,F,29
6084,1982,DS,spectabilis,11,Control,M,92
6085,1982,DS,spectabilis,18,Short-term Krat Exclosure,M,86
6086,1982,DM,merriami,12,Control,F,55
6088,1982,DM,merriami,12,Control,F,39
6092,1982,DM,merriami,11,Control,M,46
6093,1982,DS,spectabilis,22,Control,M,91
6094,1982,DM,merriami,11,Control,M,32
6096,1982,DM,merriami,11,Control,F,39
6097,1982,DM,merriami,18,Short-term Krat Exclosure,F,42
6098,1982,DS,spectabilis,22,Control,M,90
6100,1982,DO,ordii,13,Short-term Krat Exclosure,F,38
6103,1982,DO,ordii,24,Rodent Exclosure,F,40
6104,1982,DS,spectabilis,22,Control,M,91
6106,1982,DS,spectabilis,22,Control,F,94
6107,1982,DM,merriami,12,Control,M,48
6108,1982,DM,merriami,20,Short-term Krat Exclosure,F,51
6111,1982,DS,spectabilis,22,Control,F,135
6112,1982,DM,merriami,13,Short-term Krat Exclosure,M,46
6114,1982,DS,spectabilis,22,Control,M,85
6115,1982,DS,spectabilis,13,Short-term Krat Exclosure,F,116
6116,1982,DM,merriami,13,Short-term Krat Exclosure,F,39
6117,1982,DM,merriami,12,Control,F,33
6121,1982,DS,spectabilis,22,Control,M,106
6123,1982,DM,merriami,12,Control,F,42
6124,1982,DM,merriami,20,Short-term Krat Exclosure,M,33
6125,1982,DS,spectabilis,12,Control,M,111
6126,1982,DM,merriami,18,Short-term Krat Exclosure,F,31
6129,1982,DM,merriami,23,Rodent Exclosure,M,41
6130,1982,DM,merriami,17,Control,M,47
6131,1982,DS,spectabilis,11,Control,M,96
6132,1982,DM,merriami,12,Control,F,44
6136,1982,DS,spectabilis,11,Control,M,90
6137,1982,DS,spectabilis,18,Short-term Krat Exclosure,M,121
6138,1982,DS,spectabilis,20,Short-term Krat Exclosure,M,113
6139,1982,DM,merriami,18,Short-term Krat Exclosure,M,44
6140,1982,DM,merriami,18,Short-term Krat Exclosure,M,30
6141,1982,DO,ordii,17,Control,F,52
6143,1982,DM,merriami,11,Control,M,42
6145,1982,DM,merriami,6,Short-term Krat Exclosure,F,41
6147,1982,DO,ordii,3,Long-term Krat Exclosure,F,45
6149,1982,DS,spectabilis,6,Short-term Krat Exclosure,F,83
6150,1982,DS,spectabilis,3,Long-term Krat Exclosure,M,164
6153,1982,DM,merriami,6,Short-term Krat Exclosure,F,43
6154,1982,DS,spectabilis,9,Spectab exclosure,M,123
6159,1982,DO,ordii,8,Control,F,49
6161,1982,DM,merriami,1,Spectab exclosure,F,34
6163,1982,DS,spectabilis,8,Control,M,133
6165,1982,DM,merriami,4,Control,M,44
6166,1982,DS,spectabilis,9,Spectab exclosure,F,94
6170,1982,DM,merriami,5,Rodent Exclosure,M,38
6174,1982,DS,spectabilis,1,Spectab exclosure,M,147
6175,1982,DM,merriami,4,Control,M,51
6176,1982,DS,spectabilis,2,Control,M,84
6180,1982,DS,spectabilis,4,Control,F,109
6181,1982,DM,merriami,8,Control,F,32
6182,1982,DO,ordii,1,Spectab exclosure,M,57
6184,1982,DM,merriami,2,Control,M,38
6188,1982,DM,merriami,4,Control,F,46
6189,1982,DS,spectabilis,6,Short-term Krat Exclosure,F,103
6191,1982,DM,merriami,1,Spectab exclosure,M,43
6192,1982,DS,spectabilis,9,Spectab exclosure,F,132
6193,1982,DM,merriami,5,Rodent Exclosure,F,36
6194,1982,DS,spectabilis,8,Control,M,98
6196,1982,DM,merriami,4,Control,M,49
6197,1982,DM,merriami,5,Rodent Exclosure,F,39
6200,1982,DS,spectabilis,4,Control,M,123
6201,1982,DO,ordii,2,Control,M,46
6203,1982,DS,spectabilis,9,Spectab exclosure,M,119
6209,1982,DO,ordii,8,Control,M,50
6210,1982,DM,merriami,5,Rodent Exclosure,M,39
6211,1982,DS,spectabilis,9,Spectab exclosure,F,129
6212,1982,DM,merriami,4,Control,F,41
6216,1982,DM,merriami,5,Rodent Exclosure,M,45
6217,1982,DS,spectabilis,5,Rodent Exclosure,F,86
6219,1982,DM,merriami,14,Control,F,44
6222,1982,DS,spectabilis,11,Control,NA,104
6223,1982,DM,merriami,13,Short-term Krat Exclosure,M,39
6224,1982,DO,ordii,24,Rodent Exclosure,M,50
6226,1982,DM,merriami,12,Control,M,49
6228,1982,DM,merriami,18,Short-term Krat Exclosure,M,43
6231,1982,DM,merriami,24,Rodent Exclosure,M,43
6232,1982,DS,spectabilis,14,Control,M,90
6233,1982,DS,spectabilis,12,Control,M,116
6234,1982,DS,spectabilis,18,Short-term Krat Exclosure,M,92
6235,1982,DM,merriami,14,Control,M,55
6238,1982,DM,merriami,17,Control,F,28
6239,1982,DM,merriami,11,Control,F,34
6242,1982,DS,spectabilis,18,Short-term Krat Exclosure,F,117
6243,1982,DS,spectabilis,14,Control,M,106
6246,1982,DM,merriami,12,Control,F,40
6248,1982,DO,ordii,13,Short-term Krat Exclosure,F,41
6249,1982,DM,merriami,18,Short-term Krat Exclosure,F,41
6251,1982,DM,merriami,11,Control,M,34
6255,1982,DM,merriami,11,Control,M,46
6256,1982,DM,merriami,12,Control,F,21
6258,1982,DM,merriami,17,Control,M,49
6260,1982,DM,merriami,13,Short-term Krat Exclosure,F,40
6261,1982,DM,merriami,12,Control,M,48
6262,1982,DM,merriami,24,Rodent Exclosure,F,40
6263,1982,DM,merriami,11,Control,F,22
6265,1982,DM,merriami,14,Control,M,21
6269,1982,DM,merriami,12,Control,F,42
6271,1982,DM,merriami,12,Control,M,33
6272,1982,DM,merriami,14,Control,M,21
6273,1982,DS,spectabilis,12,Control,M,115
6274,1982,DO,ordii,17,Control,F,24
6275,1982,DM,merriami,14,Control,F,40
6276,1982,DM,merriami,12,Control,F,42
6277,1982,DS,spectabilis,12,Control,NA,78
6279,1982,DS,spectabilis,11,Control,M,105
6285,1982,DS,spectabilis,11,Control,M,98
6287,1982,DM,merriami,11,Control,M,45
6288,1982,DM,merriami,18,Short-term Krat Exclosure,F,34
6289,1982,DM,merriami,13,Short-term Krat Exclosure,M,46
6290,1982,DM,merriami,20,Short-term Krat Exclosure,F,38
6295,1982,DO,ordii,20,Short-term Krat Exclosure,F,45
6298,1982,DS,spectabilis,22,Control,M,97
6300,1982,DS,spectabilis,22,Control,F,136
6301,1982,DS,spectabilis,22,Control,M,134
6302,1982,DS,spectabilis,22,Control,F,122
6305,1982,DS,spectabilis,22,Control,M,99
6309,1982,DS,spectabilis,22,Control,F,98
6310,1982,DM,merriami,20,Short-term Krat Exclosure,F,41
6320,1982,DS,spectabilis,22,Control,M,112
6321,1982,DM,merriami,23,Rodent Exclosure,M,43
6325,1982,DS,spectabilis,20,Short-term Krat Exclosure,M,122
6327,1982,DS,spectabilis,12,Control,M,121
6328,1982,DM,merriami,11,Control,F,33
6332,1982,DS,spectabilis,11,Control,F,105
6334,1982,DM,merriami,18,Short-term Krat Exclosure,F,40
6335,1982,DM,merriami,22,Control,M,43
6336,1982,DO,ordii,20,Short-term Krat Exclosure,F,47
6337,1982,DS,spectabilis,18,Short-term Krat Exclosure,M,126
6338,1982,DM,merriami,24,Rodent Exclosure,M,45
6341,1982,DS,spectabilis,18,Short-term Krat Exclosure,M,95
6343,1982,DO,ordii,24,Rodent Exclosure,M,51
6345,1982,DM,merriami,12,Control,M,51
6350,1982,DM,merriami,12,Control,F,34
6351,1982,DS,spectabilis,11,Control,M,98
6352,1982,DS,spectabilis,18,Short-term Krat Exclosure,F,120
6356,1982,DM,merriami,17,Control,F,49
6358,1982,DM,merriami,24,Rodent Exclosure,F,36
6361,1982,DM,merriami,12,Control,F,41
6362,1982,DM,merriami,17,Control,F,35
6364,1982,DM,merriami,11,Control,F,28
6365,1982,DS,spectabilis,22,Control,M,105
6367,1982,DM,merriami,20,Short-term Krat Exclosure,F,43
6369,1982,DM,merriami,12,Control,M,29
6373,1982,DM,merriami,11,Control,M,38
6374,1982,DM,merriami,18,Short-term Krat Exclosure,M,44
6375,1982,DS,spectabilis,6,Short-term Krat Exclosure,F,112
6376,1982,DM,merriami,12,Control,M,47
6381,1982,DM,merriami,17,Control,M,51
6384,1982,DS,spectabilis,22,Control,M,105
6385,1982,DS,spectabilis,6,Short-term Krat Exclosure,F,125
6388,1982,DM,merriami,11,Control,M,46
6389,1982,DO,ordii,17,Control,F,30
6393,1982,DM,merriami,20,Short-term Krat Exclosure,M,37
6395,1982,DS,spectabilis,6,Short-term Krat Exclosure,M,110
6396,1982,DM,merriami,12,Control,F,27
6400,1982,DS,spectabilis,22,Control,M,112
6401,1982,DM,merriami,6,Short-term Krat Exclosure,M,51
6403,1982,DM,merriami,12,Control,F,42
6405,1982,DM,merriami,6,Short-term Krat Exclosure,F,40
6406,1982,DM,merriami,11,Control,M,47
6408,1982,DS,spectabilis,22,Control,F,139
6410,1982,DM,merriami,11,Control,M,48
6412,1982,DS,spectabilis,11,Control,M,94
6413,1982,DO,ordii,17,Control,F,48
6416,1982,DS,spectabilis,20,Short-term Krat Exclosure,M,125
6417,1982,DM,merriami,24,Rodent Exclosure,F,41
6418,1982,DS,spectabilis,12,Control,M,112
6421,1982,DM,merriami,12,Control,M,37
6425,1982,DM,merriami,14,Control,F,44
6427,1982,DM,merriami,1,Spectab exclosure,F,39
6430,1982,DO,ordii,8,Control,F,49
6433,1982,DM,merriami,5,Rodent Exclosure,M,40
6435,1982,DS,spectabilis,2,Control,M,94
6438,1982,DS,spectabilis,8,Control,M,129
6439,1982,DM,merriami,4,Control,M,46
6441,1982,DM,merriami,13,Short-term Krat Exclosure,M,41
6442,1982,DS,spectabilis,13,Short-term Krat Exclosure,F,124
6444,1982,DM,merriami,4,Control,M,50
6445,1982,DS,spectabilis,9,Spectab exclosure,M,127
6447,1982,DM,merriami,4,Control,F,29
6448,1982,DM,merriami,14,Control,M,55
6449,1982,DS,spectabilis,9,Spectab exclosure,F,119
6450,1982,DM,merriami,14,Control,M,40
6453,1982,DM,merriami,5,Rodent Exclosure,F,45
6456,1982,DS,spectabilis,14,Control,M,101
6459,1982,DM,merriami,1,Spectab exclosure,F,36
6460,1982,DM,merriami,5,Rodent Exclosure,M,40
6464,1982,DO,ordii,13,Short-term Krat Exclosure,F,42
6465,1982,DO,ordii,1,Spectab exclosure,M,56
6467,1982,DM,merriami,5,Rodent Exclosure,F,35
6469,1982,DM,merriami,1,Spectab exclosure,M,47
6470,1982,DM,merriami,2,Control,M,39
6471,1982,DM,merriami,8,Control,F,32
6472,1982,DM,merriami,14,Control,M,28
6473,1982,DS,spectabilis,1,Spectab exclosure,M,145
6474,1982,DM,merriami,2,Control,M,40
6475,1982,DM,merriami,14,Control,F,34
6477,1982,DS,spectabilis,9,Spectab exclosure,F,127
6478,1982,DO,ordii,8,Control,M,50
6481,1982,DM,merriami,4,Control,M,47
6482,1982,DM,merriami,14,Control,M,31
6484,1982,DM,merriami,1,Spectab exclosure,F,34
6486,1982,DS,spectabilis,4,Control,M,121
6487,1982,DS,spectabilis,1,Spectab exclosure,M,152
6493,1982,DS,spectabilis,8,Control,M,103
6494,1982,DM,merriami,13,Short-term Krat Exclosure,F,43
6495,1982,DM,merriami,5,Rodent Exclosure,M,41
6497,1982,DS,spectabilis,4,Control,F,111
6498,1982,DM,merriami,4,Control,F,44
6499,1982,DM,merriami,13,Short-term Krat Exclosure,M,49
6501,1982,DM,merriami,4,Control,F,41
6503,1982,DS,spectabilis,9,Spectab exclosure,F,130
6504,1982,DS,spectabilis,9,Spectab exclosure,M,118
6512,1982,DM,merriami,1,Spectab exclosure,M,47
6516,1982,DM,merriami,5,Rodent Exclosure,M,39
6517,1982,DM,merriami,9,Spectab exclosure,F,34
6520,1982,DM,merriami,2,Control,M,40
6521,1982,DM,merriami,11,Control,F,34
6523,1982,DM,merriami,2,Control,F,38
6525,1982,DM,merriami,14,Control,M,37
6526,1982,DS,spectabilis,11,Control,F,106
6528,1982,DM,merriami,2,Control,M,45
6529,1982,DS,spectabilis,6,Short-term Krat Exclosure,F,131
6530,1982,DM,merriami,12,Control,F,42
6532,1982,DS,spectabilis,2,Control,M,110
6533,1982,DM,merriami,4,Control,F,34
6534,1982,DM,merriami,14,Control,M,43
6535,1982,DS,spectabilis,13,Short-term Krat Exclosure,M,102
6538,1982,DS,spectabilis,11,Control,M,105
6539,1982,DM,merriami,5,Rodent Exclosure,F,42
6541,1982,DS,spectabilis,14,Control,M,112
6542,1982,DM,merriami,4,Control,M,47
6547,1982,DM,merriami,11,Control,M,36
6548,1982,DM,merriami,8,Control,F,33
6549,1982,DM,merriami,2,Control,F,33
6550,1982,DS,spectabilis,12,Control,M,127
6551,1982,DO,ordii,8,Control,F,54
6552,1982,DM,merriami,11,Control,M,44
6553,1982,DM,merriami,2,Control,M,40
6554,1982,DM,merriami,5,Rodent Exclosure,M,39
6557,1982,DM,merriami,4,Control,M,48
6558,1982,DS,spectabilis,11,Control,F,109
6559,1982,DM,merriami,4,Control,F,45
6560,1982,DS,spectabilis,1,Spectab exclosure,F,125
6561,1982,DS,spectabilis,6,Short-term Krat Exclosure,M,117
6566,1982,DM,merriami,1,Spectab exclosure,F,34
6568,1982,DM,merriami,1,Spectab exclosure,M,52
6569,1982,DM,merriami,6,Short-term Krat Exclosure,M,49
6570,1982,DS,spectabilis,9,Spectab exclosure,F,123
6572,1982,DS,spectabilis,8,Control,M,116
6573,1982,DS,spectabilis,4,Control,F,123
6574,1982,DS,spectabilis,9,Spectab exclosure,M,125
6575,1982,DS,spectabilis,4,Control,F,114
6578,1982,DM,merriami,12,Control,M,48
6581,1982,DM,merriami,12,Control,F,43
6583,1982,DO,ordii,8,Control,M,51
6586,1982,DM,merriami,14,Control,F,44
6587,1982,DS,spectabilis,13,Short-term Krat Exclosure,F,126
6588,1982,DM,merriami,12,Control,M,36
6589,1982,DM,merriami,13,Short-term Krat Exclosure,M,42
6590,1982,DM,merriami,5,Rodent Exclosure,F,35
6591,1982,DS,spectabilis,9,Spectab exclosure,F,139
6592,1982,DO,ordii,2,Control,M,47
6593,1982,DM,merriami,13,Short-term Krat Exclosure,F,42
6595,1982,DM,merriami,14,Control,F,47
6598,1982,DM,merriami,5,Rodent Exclosure,M,40
6599,1982,DM,merriami,12,Control,M,40
6600,1982,DM,merriami,13,Short-term Krat Exclosure,M,48
6604,1982,DO,ordii,24,Rodent Exclosure,M,54
6606,1982,DM,merriami,17,Control,F,28
6608,1982,DM,merriami,18,Short-term Krat Exclosure,M,45
6610,1982,DM,merriami,22,Control,M,47
6611,1982,DM,merriami,17,Control,F,39
6615,1982,DM,merriami,22,Control,M,34
6619,1982,DS,spectabilis,22,Control,F,149
6621,1982,DO,ordii,20,Short-term Krat Exclosure,F,46
6622,1982,DM,merriami,18,Short-term Krat Exclosure,M,43
6623,1982,DO,ordii,22,Control,F,52
6624,1982,DM,merriami,18,Short-term Krat Exclosure,M,49
6626,1982,DM,merriami,20,Short-term Krat Exclosure,F,41
6629,1982,DM,merriami,20,Short-term Krat Exclosure,M,37
6630,1982,DM,merriami,17,Control,M,49
6635,1982,DM,merriami,18,Short-term Krat Exclosure,F,38
6637,1982,DM,merriami,18,Short-term Krat Exclosure,M,43
6638,1982,DO,ordii,17,Control,F,48
6642,1982,DS,spectabilis,20,Short-term Krat Exclosure,M,137
6643,1982,DM,merriami,24,Rodent Exclosure,F,42
6644,1982,DS,spectabilis,22,Control,M,120
6647,1982,DM,merriami,24,Rodent Exclosure,M,41
6650,1982,DS,spectabilis,1,Spectab exclosure,F,118
6654,1982,DM,merriami,5,Rodent Exclosure,M,53
6657,1982,DM,merriami,17,Control,M,47
6660,1982,DM,merriami,5,Rodent Exclosure,M,40
6661,1982,DM,merriami,13,Short-term Krat Exclosure,M,42
6662,1982,DM,merriami,17,Control,M,38
6665,1982,DM,merriami,13,Short-term Krat Exclosure,M,47
6666,1982,DS,spectabilis,1,Spectab exclosure,M,142
6667,1982,DM,merriami,3,Long-term Krat Exclosure,M,43
6668,1982,DM,merriami,5,Rodent Exclosure,M,44
6669,1982,DM,merriami,10,Rodent Exclosure,M,41
6670,1982,DM,merriami,19,Long-term Krat Exclosure,M,43
6672,1982,DM,merriami,13,Short-term Krat Exclosure,F,45
6673,1982,DS,spectabilis,23,Rodent Exclosure,F,116
6674,1982,DM,merriami,21,Long-term Krat Exclosure,M,47
6676,1982,DM,merriami,17,Control,M,46
6681,1982,DM,merriami,17,Control,M,51
6682,1982,DS,spectabilis,17,Control,F,148
6683,1982,DO,ordii,1,Spectab exclosure,F,59
6688,1982,DO,ordii,1,Spectab exclosure,F,49
6690,1982,DM,merriami,13,Short-term Krat Exclosure,M,42
6691,1982,DM,merriami,5,Rodent Exclosure,F,42
6692,1982,DS,spectabilis,13,Short-term Krat Exclosure,F,126
6693,1982,DO,ordii,12,Control,M,50
6695,1982,DM,merriami,12,Control,F,39
6697,1982,DM,merriami,5,Rodent Exclosure,M,40
6698,1982,DM,merriami,12,Control,F,43
6701,1982,DM,merriami,17,Control,F,41
6705,1982,DM,merriami,13,Short-term Krat Exclosure,F,42
6706,1982,DM,merriami,17,Control,F,48
6707,1982,DM,merriami,12,Control,M,45
6708,1982,DM,merriami,12,Control,M,36
6709,1982,DS,spectabilis,17,Control,M,108
6711,1982,DM,merriami,13,Short-term Krat Exclosure,M,46
6713,1982,DM,merriami,17,Control,M,46
6714,1982,DM,merriami,12,Control,M,45
6715,1982,DM,merriami,8,Control,M,47
6716,1982,DO,ordii,1,Spectab exclosure,F,49
6718,1982,DM,merriami,5,Rodent Exclosure,M,46
6719,1982,DM,merriami,12,Control,F,39
6720,1982,DM,merriami,19,Long-term Krat Exclosure,F,38
6721,1982,DM,merriami,13,Short-term Krat Exclosure,M,44
6722,1982,DM,merriami,15,Long-term Krat Exclosure,M,43
6723,1982,DM,merriami,23,Rodent Exclosure,M,47
6725,1982,DM,merriami,17,Control,F,36
6726,1982,DS,spectabilis,1,Spectab exclosure,M,118
6727,1982,DS,spectabilis,13,Short-term Krat Exclosure,F,127
6730,1982,DM,merriami,8,Control,F,36
6731,1982,DO,ordii,1,Spectab exclosure,M,55
6734,1982,DM,merriami,1,Spectab exclosure,M,49
6737,1982,DO,ordii,1,Spectab exclosure,F,53
6739,1982,DS,spectabilis,8,Control,F,108
6742,1982,DM,merriami,5,Rodent Exclosure,F,42
6743,1982,DM,merriami,8,Control,M,38
6744,1982,DM,merriami,5,Rodent Exclosure,M,49
6745,1982,DM,merriami,1,Spectab exclosure,F,36
6747,1982,DM,merriami,17,Control,F,33
6748,1982,DM,merriami,12,Control,F,47
6749,1982,DS,spectabilis,13,Short-term Krat Exclosure,M,123
6752,1982,DS,spectabilis,8,Control,F,113
6753,1982,DM,merriami,1,Spectab exclosure,F,34
6755,1982,DS,spectabilis,8,Control,M,121
6759,1982,DM,merriami,5,Rodent Exclosure,F,46
6761,1982,DO,ordii,8,Control,F,44
6763,1982,DS,spectabilis,8,Control,M,123
6764,1982,DS,spectabilis,13,Short-term Krat Exclosure,F,113
6765,1982,DO,ordii,17,Control,F,52
6766,1982,DS,spectabilis,12,Control,M,120
6767,1982,DS,spectabilis,8,Control,F,130
6775,1982,DM,merriami,5,Rodent Exclosure,M,41
6776,1982,DM,merriami,1,Spectab exclosure,F,36
6777,1982,DM,merriami,12,Control,M,39
6778,1982,DS,spectabilis,13,Short-term Krat Exclosure,F,119
6779,1982,DM,merriami,3,Long-term Krat Exclosure,F,40
6780,1982,DM,merriami,12,Control,F,37
6781,1982,DO,ordii,8,Control,M,49
6783,1982,DS,spectabilis,15,Long-term Krat Exclosure,F,127
6784,1982,DM,merriami,13,Short-term Krat Exclosure,F,43
6785,1982,DM,merriami,5,Rodent Exclosure,F,45
6786,1982,DM,merriami,23,Rodent Exclosure,F,37
6787,1982,DM,merriami,21,Long-term Krat Exclosure,F,38
6788,1982,DS,spectabilis,2,Control,F,150
6789,1982,DM,merriami,6,Short-term Krat Exclosure,F,41
6791,1982,DM,merriami,14,Control,F,43
6796,1982,DS,spectabilis,6,Short-term Krat Exclosure,F,111
6799,1982,DO,ordii,9,Spectab exclosure,M,52
6800,1982,DM,merriami,22,Control,M,40
6803,1982,DM,merriami,4,Control,M,41
6805,1982,DO,ordii,20,Short-term Krat Exclosure,M,49
6808,1982,DO,ordii,9,Spectab exclosure,M,45
6810,1982,DM,merriami,22,Control,M,41
6811,1982,DM,merriami,9,Spectab exclosure,F,32
6812,1982,DS,spectabilis,14,Control,M,125
6813,1982,DS,spectabilis,7,Rodent Exclosure,M,120
6814,1982,DO,ordii,6,Short-term Krat Exclosure,F,47
6815,1982,DM,merriami,14,Control,M,47
6817,1982,DS,spectabilis,9,Spectab exclosure,M,139
6818,1982,DM,merriami,22,Control,M,36
6819,1982,DM,merriami,20,Short-term Krat Exclosure,F,41
6820,1982,DO,ordii,24,Rodent Exclosure,M,53
6821,1982,DM,merriami,11,Control,F,34
6822,1982,DM,merriami,4,Control,M,52
6823,1982,DS,spectabilis,11,Control,F,126
6824,1982,DM,merriami,2,Control,M,43
6825,1982,DM,merriami,6,Short-term Krat Exclosure,M,44
6826,1982,DM,merriami,18,Short-term Krat Exclosure,F,44
6827,1982,DS,spectabilis,2,Control,NA,129
6828,1982,DM,merriami,22,Control,F,42
6829,1982,DM,merriami,4,Control,F,38
6830,1982,DM,merriami,6,Short-term Krat Exclosure,F,48
6832,1982,DM,merriami,2,Control,M,40
6834,1982,DM,merriami,14,Control,M,42
6835,1982,DM,merriami,18,Short-term Krat Exclosure,M,43
6836,1982,DS,spectabilis,2,Control,M,133
6837,1982,DM,merriami,2,Control,F,36
6838,1982,DS,spectabilis,4,Control,M,122
6842,1982,DM,merriami,2,Control,M,42
6844,1982,DS,spectabilis,22,Control,F,116
6845,1982,DS,spectabilis,14,Control,M,110
6846,1982,DM,merriami,18,Short-term Krat Exclosure,F,42
6847,1982,DS,spectabilis,22,Control,M,122
6848,1982,DS,spectabilis,9,Spectab exclosure,F,118
6849,1982,DS,spectabilis,14,Control,M,112
6851,1982,DO,ordii,11,Control,F,43
6852,1982,DM,merriami,9,Spectab exclosure,M,51
6853,1982,DM,merriami,18,Short-term Krat Exclosure,M,40
6854,1982,DS,spectabilis,22,Control,F,135
6855,1982,DS,spectabilis,20,Short-term Krat Exclosure,M,130
6856,1982,DM,merriami,24,Rodent Exclosure,M,41
6857,1982,DM,merriami,24,Rodent Exclosure,M,46
6859,1982,DM,merriami,20,Short-term Krat Exclosure,F,41
6860,1982,DS,spectabilis,22,Control,F,117
6861,1982,DS,spectabilis,18,Short-term Krat Exclosure,F,124
6862,1982,DM,merriami,11,Control,M,40
6865,1982,DS,spectabilis,2,Control,F,127
6868,1982,DS,spectabilis,2,Control,M,130
6869,1982,DM,merriami,11,Control,M,42
6870,1982,DM,merriami,4,Control,F,38
6871,1982,DM,merriami,16,Rodent Exclosure,F,35
6872,1982,DS,spectabilis,9,Spectab exclosure,M,123
6874,1982,DS,spectabilis,22,Control,F,132
6875,1982,DM,merriami,20,Short-term Krat Exclosure,M,40
6876,1982,DS,spectabilis,4,Control,M,158
6878,1982,DM,merriami,14,Control,M,38
6879,1982,DM,merriami,11,Control,M,43
6880,1982,DS,spectabilis,22,Control,M,151
6883,1982,DS,spectabilis,20,Short-term Krat Exclosure,M,122
6884,1982,DM,merriami,9,Spectab exclosure,F,35
6885,1982,DM,merriami,24,Rodent Exclosure,F,39
6886,1982,DS,spectabilis,6,Short-term Krat Exclosure,M,129
6888,1982,DM,merriami,9,Spectab exclosure,F,36
6889,1982,DM,merriami,2,Control,F,37
6891,1982,DS,spectabilis,2,Control,M,146
6894,1982,DM,merriami,6,Short-term Krat Exclosure,M,49
6895,1982,DM,merriami,9,Spectab exclosure,M,43
6898,1982,DM,merriami,22,Control,F,42
6899,1982,DS,spectabilis,20,Short-term Krat Exclosure,F,135
6901,1982,DS,spectabilis,9,Spectab exclosure,M,126
6902,1982,DM,merriami,22,Control,F,37
6905,1982,DO,ordii,2,Control,F,46
6906,1982,DS,spectabilis,9,Spectab exclosure,F,107
6907,1982,DM,merriami,14,Control,F,44
6910,1982,DM,merriami,22,Control,M,52
6912,1982,DO,ordii,2,Control,F,44
6913,1982,DS,spectabilis,4,Control,M,128
6914,1982,DM,merriami,20,Short-term Krat Exclosure,M,38
6915,1982,DM,merriami,24,Rodent Exclosure,F,40
6916,1982,DS,spectabilis,2,Control,F,115
6917,1982,DS,spectabilis,4,Control,F,111
6918,1982,DM,merriami,6,Short-term Krat Exclosure,F,40
6919,1982,DM,merriami,14,Control,F,40
6920,1982,DM,merriami,18,Short-term Krat Exclosure,M,45
6921,1982,DS,spectabilis,9,Spectab exclosure,F,128
6923,1982,DM,merriami,4,Control,F,41
6924,1982,DM,merriami,6,Short-term Krat Exclosure,M,40
6925,1982,DM,merriami,9,Spectab exclosure,F,42
6926,1982,DM,merriami,14,Control,M,52
6927,1982,DM,merriami,11,Control,M,47
6932,1982,DM,merriami,9,Spectab exclosure,F,48
6933,1982,DS,spectabilis,20,Short-term Krat Exclosure,M,142
6934,1982,DM,merriami,24,Rodent Exclosure,F,41
6935,1982,DS,spectabilis,4,Control,F,109
6937,1982,DM,merriami,22,Control,M,44
6938,1982,DM,merriami,11,Control,M,46
6939,1982,DM,merriami,2,Control,M,44
6942,1982,DM,merriami,9,Spectab exclosure,M,43
6943,1982,DM,merriami,14,Control,F,44
6944,1982,DM,merriami,2,Control,M,43
6945,1982,DM,merriami,2,Control,F,39
6946,1982,DO,ordii,11,Control,M,48
6947,1982,DM,merriami,4,Control,F,43
6948,1982,DS,spectabilis,16,Rodent Exclosure,F,112
6949,1982,DO,ordii,18,Short-term Krat Exclosure,F,50
6950,1982,DS,spectabilis,7,Rodent Exclosure,M,131
6951,1982,DM,merriami,9,Spectab exclosure,M,41
6953,1982,DS,spectabilis,22,Control,M,126
6954,1982,DO,ordii,13,Short-term Krat Exclosure,F,45
6957,1982,DM,merriami,18,Short-term Krat Exclosure,F,41
6959,1982,DS,spectabilis,13,Short-term Krat Exclosure,M,125
6961,1982,DM,merriami,22,Control,M,44
6963,1982,DM,merriami,20,Short-term Krat Exclosure,F,41
6964,1982,DM,merriami,14,Control,M,44
6967,1982,DM,merriami,24,Rodent Exclosure,M,41
6970,1982,DO,ordii,20,Short-term Krat Exclosure,F,47
6971,1982,DS,spectabilis,24,Rodent Exclosure,M,94
6972,1982,DM,merriami,13,Short-term Krat Exclosure,M,48
6973,1982,DM,merriami,14,Control,M,39
6976,1982,DO,ordii,20,Short-term Krat Exclosure,M,51
6977,1982,DM,merriami,14,Control,M,41
6979,1982,DM,merriami,18,Short-term Krat Exclosure,M,43
6980,1982,DS,spectabilis,17,Control,M,116
6981,1982,DS,spectabilis,18,Short-term Krat Exclosure,F,126
6984,1982,DM,merriami,24,Rodent Exclosure,M,47
6985,1982,DM,merriami,22,Control,M,36
6986,1982,DS,spectabilis,14,Control,M,109
6989,1982,DM,merriami,17,Control,F,41
6991,1982,DM,merriami,22,Control,F,38
6993,1982,DM,merriami,13,Short-term Krat Exclosure,F,42
6994,1982,DM,merriami,14,Control,M,43
6995,1982,DM,merriami,14,Control,F,45
6996,1982,DM,merriami,14,Control,F,44
7002,1982,DM,merriami,24,Rodent Exclosure,F,39
7004,1982,DM,merriami,13,Short-term Krat Exclosure,M,47
7006,1982,DM,merriami,13,Short-term Krat Exclosure,M,47
7007,1982,DS,spectabilis,22,Control,F,140
7008,1982,DM,merriami,14,Control,F,40
7009,1982,DM,merriami,22,Control,F,36
7011,1982,DM,merriami,17,Control,F,32
7013,1982,DS,spectabilis,13,Short-term Krat Exclosure,F,112
7014,1982,DS,spectabilis,22,Control,M,124
7015,1982,DM,merriami,13,Short-term Krat Exclosure,F,43
7017,1982,DM,merriami,20,Short-term Krat Exclosure,M,38
7022,1982,DM,merriami,20,Short-term Krat Exclosure,F,40
7023,1982,DM,merriami,24,Rodent Exclosure,F,38
7025,1982,DO,ordii,17,Control,F,54
7026,1982,DS,spectabilis,20,Short-term Krat Exclosure,M,138
7036,1982,DM,merriami,4,Control,M,50
7037,1982,DM,merriami,5,Rodent Exclosure,F,41
7038,1982,DM,merriami,6,Short-term Krat Exclosure,M,44
7043,1982,DO,ordii,9,Spectab exclosure,F,46
7044,1982,DS,spectabilis,11,Control,F,106
7045,1982,DS,spectabilis,1,Spectab exclosure,M,155
7046,1982,DS,spectabilis,2,Control,M,136
7047,1982,DM,merriami,4,Control,F,36
7048,1982,DO,ordii,11,Control,F,38
7050,1982,DS,spectabilis,1,Spectab exclosure,F,126
7051,1982,DO,ordii,9,Spectab exclosure,M,47
7053,1982,DS,spectabilis,9,Spectab exclosure,F,118
7054,1982,DS,spectabilis,12,Control,M,134
7056,1982,DM,merriami,11,Control,F,33
7060,1982,DM,merriami,12,Control,F,40
7061,1982,DM,merriami,2,Control,M,39
7062,1982,DM,merriami,5,Rodent Exclosure,M,42
7064,1982,DO,ordii,1,Spectab exclosure,M,56
7065,1982,DS,spectabilis,4,Control,M,133
7066,1982,DM,merriami,8,Control,F,34
7067,1982,DO,ordii,1,Spectab exclosure,F,48
7068,1982,DO,ordii,9,Spectab exclosure,M,51
7069,1982,DM,merriami,12,Control,F,38
7070,1982,DS,spectabilis,1,Spectab exclosure,F,123
7072,1982,DO,ordii,6,Short-term Krat Exclosure,F,46
7073,1982,DM,merriami,9,Spectab exclosure,F,37
7075,1982,DO,ordii,12,Control,M,48
7076,1982,DM,merriami,11,Control,M,38
7079,1982,DM,merriami,11,Control,M,43
7080,1982,DM,merriami,2,Control,F,37
7082,1982,DM,merriami,9,Spectab exclosure,F,34
7088,1982,DM,merriami,4,Control,M,44
7089,1982,DM,merriami,6,Short-term Krat Exclosure,F,44
7094,1982,DM,merriami,6,Short-term Krat Exclosure,M,41
7095,1982,DS,spectabilis,8,Control,F,111
7096,1982,DM,merriami,1,Spectab exclosure,F,41
7097,1982,DM,merriami,6,Short-term Krat Exclosure,M,44
7098,1982,DM,merriami,12,Control,F,42
7099,1982,DO,ordii,1,Spectab exclosure,F,50
7100,1982,DM,merriami,5,Rodent Exclosure,M,41
7101,1982,DM,merriami,12,Control,M,44
7104,1982,DM,merriami,6,Short-term Krat Exclosure,F,39
7105,1982,DM,merriami,12,Control,M,38
7106,1982,DS,spectabilis,9,Spectab exclosure,F,132
7107,1982,DO,ordii,1,Spectab exclosure,M,50
7109,1982,DS,spectabilis,9,Spectab exclosure,M,130
7112,1982,DO,ordii,1,Spectab exclosure,F,49
7113,1982,DS,spectabilis,4,Control,F,119
7114,1982,DS,spectabilis,11,Control,F,111
7116,1982,DO,ordii,2,Control,F,45
7117,1982,DM,merriami,4,Control,F,45
7119,1982,DO,ordii,2,Control,F,43
7120,1982,DM,merriami,5,Rodent Exclosure,M,46
7121,1982,DS,spectabilis,8,Control,F,106
7123,1982,DM,merriami,1,Spectab exclosure,F,35
7125,1982,DS,spectabilis,4,Control,F,122
7126,1982,DM,merriami,5,Rodent Exclosure,M,41
7128,1982,DM,merriami,9,Spectab exclosure,F,36
7129,1982,DS,spectabilis,12,Control,F,102
7130,1982,DM,merriami,1,Spectab exclosure,M,48
7132,1982,DM,merriami,11,Control,M,45
7133,1982,DM,merriami,1,Spectab exclosure,F,35
7135,1982,DM,merriami,12,Control,M,41
7136,1983,DO,ordii,12,Control,M,48
7139,1983,DM,merriami,18,Short-term Krat Exclosure,M,39
7141,1983,DM,merriami,22,Control,F,36
7144,1983,DM,merriami,13,Short-term Krat Exclosure,M,42
7147,1983,DM,merriami,24,Rodent Exclosure,M,42
7148,1983,DM,merriami,12,Control,F,38
7152,1983,DM,merriami,11,Control,F,31
7153,1983,DM,merriami,20,Short-term Krat Exclosure,F,39
7155,1983,DS,spectabilis,11,Control,F,121
7158,1983,DS,spectabilis,12,Control,M,132
7159,1983,DO,ordii,20,Short-term Krat Exclosure,M,51
7161,1983,DO,ordii,11,Control,F,39
7164,1983,DS,spectabilis,22,Control,M,137
7168,1983,DS,spectabilis,14,Control,M,117
7169,1983,DM,merriami,17,Control,F,31
7172,1983,DM,merriami,14,Control,F,41
7173,1983,DM,merriami,18,Short-term Krat Exclosure,F,37
7174,1983,DM,merriami,12,Control,F,36
7177,1983,DM,merriami,17,Control,F,39
7179,1983,DM,merriami,11,Control,M,38
7184,1983,DM,merriami,24,Rodent Exclosure,M,42
7185,1983,DM,merriami,18,Short-term Krat Exclosure,F,37
7186,1983,DM,merriami,11,Control,M,43
7190,1983,DS,spectabilis,17,Control,M,130
7192,1983,DM,merriami,12,Control,M,44
7194,1983,DS,spectabilis,13,Short-term Krat Exclosure,M,125
7195,1983,DM,merriami,14,Control,M,40
7198,1983,DM,merriami,12,Control,M,39
7202,1983,DO,ordii,17,Control,F,48
7205,1983,DM,merriami,20,Short-term Krat Exclosure,F,38
7206,1983,DM,merriami,14,Control,F,41
7209,1983,DM,merriami,24,Rodent Exclosure,F,36
7211,1983,DM,merriami,24,Rodent Exclosure,F,38
7216,1983,DM,merriami,12,Control,F,38
7217,1983,DS,spectabilis,22,Control,M,132
7218,1983,DS,spectabilis,12,Control,F,110
7219,1983,DM,merriami,13,Short-term Krat Exclosure,F,39
7220,1983,DM,merriami,14,Control,F,38
7223,1983,DM,merriami,11,Control,M,46
7224,1983,DM,merriami,22,Control,F,36
7225,1983,DM,merriami,12,Control,M,42
7226,1983,DM,merriami,13,Short-term Krat Exclosure,M,47
7228,1983,DS,spectabilis,11,Control,F,118
7233,1983,DM,merriami,20,Short-term Krat Exclosure,M,39
7238,1983,DM,merriami,5,Rodent Exclosure,M,48
7240,1983,DM,merriami,1,Spectab exclosure,M,46
7241,1983,DM,merriami,4,Control,M,40
7243,1983,DO,ordii,1,Spectab exclosure,F,46
7244,1983,DM,merriami,4,Control,F,37
7245,1983,DO,ordii,1,Spectab exclosure,F,48
7246,1983,DM,merriami,2,Control,M,40
7248,1983,DM,merriami,6,Short-term Krat Exclosure,F,41
7249,1983,DO,ordii,9,Spectab exclosure,M,44
7251,1983,DO,ordii,9,Spectab exclosure,M,51
7252,1983,DO,ordii,8,Control,F,49
7253,1983,DO,ordii,1,Spectab exclosure,F,54
7255,1983,DM,merriami,5,Rodent Exclosure,F,39
7256,1983,DM,merriami,1,Spectab exclosure,M,46
7257,1983,DM,merriami,4,Control,F,34
7258,1983,DO,ordii,1,Spectab exclosure,M,52
7259,1983,DM,merriami,5,Rodent Exclosure,M,39
7260,1983,DS,spectabilis,2,Control,M,148
7261,1983,DO,ordii,6,Short-term Krat Exclosure,M,48
7262,1983,DO,ordii,1,Spectab exclosure,M,58
7263,1983,DO,ordii,2,Control,F,44
7264,1983,DM,merriami,5,Rodent Exclosure,M,43
7265,1983,DM,merriami,6,Short-term Krat Exclosure,M,41
7267,1983,DM,merriami,3,Long-term Krat Exclosure,M,39
7268,1983,DS,spectabilis,4,Control,F,113
7269,1983,DM,merriami,4,Control,F,42
7271,1983,DM,merriami,9,Spectab exclosure,F,37
7272,1983,DM,merriami,4,Control,F,37
7274,1983,DM,merriami,5,Rodent Exclosure,M,40
7277,1983,DO,ordii,1,Spectab exclosure,F,55
7278,1983,DM,merriami,3,Long-term Krat Exclosure,F,42
7279,1983,DM,merriami,6,Short-term Krat Exclosure,M,42
7281,1983,DO,ordii,2,Control,F,36
7282,1983,DO,ordii,6,Short-term Krat Exclosure,F,47
7283,1983,DM,merriami,9,Spectab exclosure,F,33
7284,1983,DS,spectabilis,8,Control,F,107
7285,1983,DM,merriami,6,Short-term Krat Exclosure,F,38
7286,1983,DM,merriami,1,Spectab exclosure,M,49
7287,1983,DO,ordii,6,Short-term Krat Exclosure,F,56
7288,1983,DS,spectabilis,1,Spectab exclosure,F,131
7289,1983,DM,merriami,3,Long-term Krat Exclosure,M,43
7291,1983,DM,merriami,4,Control,F,38
7292,1983,DM,merriami,6,Short-term Krat Exclosure,F,39
7293,1983,DM,merriami,1,Spectab exclosure,M,43
7294,1983,DM,merriami,2,Control,F,36
7295,1983,DM,merriami,1,Spectab exclosure,M,44
7296,1983,DM,merriami,5,Rodent Exclosure,M,42
7297,1983,DM,merriami,6,Short-term Krat Exclosure,M,45
7298,1983,DM,merriami,1,Spectab exclosure,F,34
7299,1983,DM,merriami,3,Long-term Krat Exclosure,M,47
7300,1983,DS,spectabilis,4,Control,M,131
7302,1983,DS,spectabilis,4,Control,M,120
7304,1983,DO,ordii,6,Short-term Krat Exclosure,M,48
7306,1983,DM,merriami,1,Spectab exclosure,F,35
7307,1983,DM,merriami,5,Rodent Exclosure,M,46
7308,1983,DM,merriami,1,Spectab exclosure,F,40
7309,1983,DM,merriami,6,Short-term Krat Exclosure,M,41
7310,1983,DM,merriami,1,Spectab exclosure,M,41
7314,1983,DS,spectabilis,8,Control,F,108
7315,1983,DM,merriami,3,Long-term Krat Exclosure,M,43
7316,1983,DM,merriami,9,Spectab exclosure,F,33
7317,1983,DO,ordii,12,Control,F,51
7320,1983,DM,merriami,24,Rodent Exclosure,M,43
7321,1983,DO,ordii,12,Control,M,48
7323,1983,DM,merriami,18,Short-term Krat Exclosure,F,39
7326,1983,DM,merriami,11,Control,F,36
7327,1983,DM,merriami,12,Control,F,38
7329,1983,DO,ordii,11,Control,F,38
7330,1983,DO,ordii,11,Control,M,53
7331,1983,DM,merriami,12,Control,M,43
7332,1983,DS,spectabilis,12,Control,M,128
7337,1983,DM,merriami,11,Control,M,39
7339,1983,DM,merriami,12,Control,F,40
7340,1983,DO,ordii,18,Short-term Krat Exclosure,M,53
7343,1983,DM,merriami,12,Control,M,42
7345,1983,DM,merriami,11,Control,M,43
7348,1983,DO,ordii,18,Short-term Krat Exclosure,F,47
7349,1983,DM,merriami,17,Control,F,41
7351,1983,DM,merriami,18,Short-term Krat Exclosure,F,37
7353,1983,DS,spectabilis,17,Control,M,122
7355,1983,DM,merriami,12,Control,F,39
7357,1983,DM,merriami,18,Short-term Krat Exclosure,M,44
7358,1983,DO,ordii,17,Control,F,53
7361,1983,DM,merriami,24,Rodent Exclosure,F,38
7362,1983,DM,merriami,24,Rodent Exclosure,F,41
7363,1983,DM,merriami,11,Control,M,49
7365,1983,DM,merriami,11,Control,M,43
7366,1983,DM,merriami,12,Control,M,42
7370,1983,DS,spectabilis,14,Control,M,117
7371,1983,DO,ordii,1,Spectab exclosure,M,54
7373,1983,DO,ordii,8,Control,F,54
7374,1983,DM,merriami,4,Control,M,42
7376,1983,DO,ordii,6,Short-term Krat Exclosure,F,49
7378,1983,DS,spectabilis,2,Control,M,141
7380,1983,DM,merriami,22,Control,F,38
7381,1983,DO,ordii,20,Short-term Krat Exclosure,M,53
7382,1983,DM,merriami,13,Short-term Krat Exclosure,M,48
7383,1983,DO,ordii,1,Spectab exclosure,F,56
7385,1983,DM,merriami,14,Control,F,43
7386,1983,DM,merriami,20,Short-term Krat Exclosure,F,40
7388,1983,DM,merriami,5,Rodent Exclosure,M,43
7391,1983,DM,merriami,5,Rodent Exclosure,F,47
7393,1983,DM,merriami,4,Control,F,38
7394,1983,DS,spectabilis,1,Spectab exclosure,F,143
7395,1983,DM,merriami,5,Rodent Exclosure,M,46
7396,1983,DM,merriami,5,Rodent Exclosure,F,48
7399,1983,DO,ordii,1,Spectab exclosure,M,52
7400,1983,DM,merriami,14,Control,M,42
7401,1983,DO,ordii,13,Short-term Krat Exclosure,M,46
7402,1983,DM,merriami,2,Control,M,44
7403,1983,DS,spectabilis,22,Control,M,122
7406,1983,DO,ordii,1,Spectab exclosure,F,57
7407,1983,DO,ordii,2,Control,F,47
7408,1983,DM,merriami,4,Control,M,46
7409,1983,DM,merriami,5,Rodent Exclosure,M,42
7411,1983,DM,merriami,5,Rodent Exclosure,M,50
7412,1983,DM,merriami,6,Short-term Krat Exclosure,M,45
7414,1983,DO,ordii,2,Control,M,38
7416,1983,DS,spectabilis,8,Control,F,121
7418,1983,DM,merriami,5,Rodent Exclosure,M,48
7419,1983,DM,merriami,6,Short-term Krat Exclosure,F,40
7420,1983,DM,merriami,2,Control,F,42
7424,1983,DM,merriami,4,Control,F,49
7425,1983,DM,merriami,6,Short-term Krat Exclosure,M,44
7426,1983,DS,spectabilis,22,Control,M,128
7427,1983,DM,merriami,20,Short-term Krat Exclosure,M,41
7429,1983,DM,merriami,13,Short-term Krat Exclosure,M,47
7430,1983,DM,merriami,1,Spectab exclosure,F,36
7432,1983,DM,merriami,14,Control,F,48
7434,1983,DM,merriami,5,Rodent Exclosure,M,43
7435,1983,DS,spectabilis,8,Control,F,117
7438,1983,DM,merriami,20,Short-term Krat Exclosure,F,40
7442,1983,DM,merriami,6,Short-term Krat Exclosure,M,46
7443,1983,DM,merriami,14,Control,F,39
7444,1983,DM,merriami,13,Short-term Krat Exclosure,F,42
7445,1983,DM,merriami,22,Control,F,38
7446,1983,DO,ordii,8,Control,M,54
7447,1983,DM,merriami,9,Spectab exclosure,F,35
7449,1983,DS,spectabilis,13,Short-term Krat Exclosure,M,130
7450,1983,DM,merriami,1,Spectab exclosure,M,48
7453,1983,DM,merriami,1,Spectab exclosure,F,37
7454,1983,DM,merriami,6,Short-term Krat Exclosure,M,48
7458,1983,DM,merriami,22,Control,M,47
7460,1983,DS,spectabilis,12,Control,M,127
7463,1983,DS,spectabilis,11,Control,F,104
7466,1983,DM,merriami,22,Control,F,38
7467,1983,DM,merriami,24,Rodent Exclosure,F,41
7469,1983,DM,merriami,18,Short-term Krat Exclosure,F,44
7474,1983,DS,spectabilis,18,Short-term Krat Exclosure,F,141
7475,1983,DM,merriami,17,Control,F,36
7476,1983,DS,spectabilis,17,Control,M,124
7479,1983,DO,ordii,12,Control,M,49
7485,1983,DM,merriami,12,Control,M,51
7486,1983,DO,ordii,24,Rodent Exclosure,M,50
7489,1983,DM,merriami,22,Control,M,42
7490,1983,DM,merriami,20,Short-term Krat Exclosure,F,41
7492,1983,DM,merriami,11,Control,M,42
7493,1983,DM,merriami,11,Control,M,46
7494,1983,DO,ordii,20,Short-term Krat Exclosure,M,52
7495,1983,DM,merriami,12,Control,F,40
7497,1983,DS,spectabilis,22,Control,F,160
7498,1983,DM,merriami,11,Control,M,45
7500,1983,DM,merriami,11,Control,F,37
7501,1983,DM,merriami,24,Rodent Exclosure,M,44
7502,1983,DM,merriami,13,Short-term Krat Exclosure,F,45
7505,1983,DM,merriami,17,Control,F,42
7508,1983,DM,merriami,18,Short-term Krat Exclosure,M,41
7513,1983,DM,merriami,12,Control,F,42
7515,1983,DM,merriami,20,Short-term Krat Exclosure,M,42
7517,1983,DM,merriami,12,Control,M,44
7518,1983,DS,spectabilis,12,Control,F,118
7521,1983,DM,merriami,24,Rodent Exclosure,F,47
7522,1983,DM,merriami,18,Short-term Krat Exclosure,M,44
7523,1983,DM,merriami,11,Control,F,49
7524,1983,DO,ordii,12,Control,M,48
7525,1983,DM,merriami,11,Control,M,52
7528,1983,DM,merriami,12,Control,M,46
7529,1983,DS,spectabilis,13,Short-term Krat Exclosure,F,122
7531,1983,DM,merriami,22,Control,F,45
7532,1983,DS,spectabilis,11,Control,F,118
7533,1983,DM,merriami,22,Control,M,48
7535,1983,DO,ordii,17,Control,F,53
7536,1983,DS,spectabilis,13,Short-term Krat Exclosure,M,128
7537,1983,DM,merriami,11,Control,M,46
7539,1983,DM,merriami,22,Control,M,45
7540,1983,DM,merriami,13,Short-term Krat Exclosure,M,48
7545,1983,DM,merriami,4,Control,F,46
7546,1983,DO,ordii,9,Spectab exclosure,M,53
7553,1983,DM,merriami,2,Control,M,43
7554,1983,DM,merriami,4,Control,M,42
7555,1983,DO,ordii,9,Spectab exclosure,F,47
7558,1983,DM,merriami,2,Control,F,36
7559,1983,DO,ordii,8,Control,M,53
7560,1983,DO,ordii,1,Spectab exclosure,M,54
7561,1983,DM,merriami,5,Rodent Exclosure,F,44
7562,1983,DO,ordii,6,Short-term Krat Exclosure,M,53
7563,1983,DO,ordii,1,Spectab exclosure,F,52
7564,1983,DS,spectabilis,2,Control,M,91
7565,1983,DO,ordii,6,Short-term Krat Exclosure,M,47
7566,1983,DO,ordii,2,Control,F,49
7573,1983,DS,spectabilis,8,Control,F,107
7574,1983,DS,spectabilis,14,Control,M,115
7575,1983,DM,merriami,5,Rodent Exclosure,M,43
7576,1983,DM,merriami,5,Rodent Exclosure,F,38
7579,1983,DO,ordii,9,Spectab exclosure,M,57
7580,1983,DS,spectabilis,8,Control,F,129
7582,1983,DM,merriami,14,Control,M,45
7584,1983,DO,ordii,8,Control,F,52
7586,1983,DM,merriami,6,Short-term Krat Exclosure,M,50
7587,1983,DS,spectabilis,1,Spectab exclosure,F,138
7589,1983,DO,ordii,6,Short-term Krat Exclosure,F,45
7592,1983,DM,merriami,5,Rodent Exclosure,M,42
7596,1983,DM,merriami,5,Rodent Exclosure,F,39
7600,1983,DS,spectabilis,2,Control,M,144
7601,1983,DM,merriami,14,Control,F,44
7602,1983,DM,merriami,4,Control,F,43
7604,1983,DO,ordii,6,Short-term Krat Exclosure,F,58
7605,1983,DS,spectabilis,1,Spectab exclosure,F,153
7608,1983,DM,merriami,1,Spectab exclosure,F,42
7609,1983,DO,ordii,6,Short-term Krat Exclosure,M,52
7612,1983,DM,merriami,4,Control,M,47
7613,1983,DM,merriami,5,Rodent Exclosure,M,44
7615,1983,DM,merriami,5,Rodent Exclosure,M,43
7618,1983,DS,spectabilis,1,Spectab exclosure,M,146
7619,1983,DM,merriami,6,Short-term Krat Exclosure,M,46
7621,1983,DM,merriami,14,Control,M,43
7622,1983,DM,merriami,1,Spectab exclosure,M,46
7623,1983,DM,merriami,1,Spectab exclosure,F,38
7624,1983,DM,merriami,3,Long-term Krat Exclosure,F,48
7625,1983,DM,merriami,5,Rodent Exclosure,M,49
7626,1983,DS,spectabilis,8,Control,F,113
7627,1983,DM,merriami,5,Rodent Exclosure,F,34
7629,1983,DM,merriami,14,Control,F,41
7631,1983,DM,merriami,1,Spectab exclosure,M,45
7633,1983,DM,merriami,1,Spectab exclosure,M,52
7634,1983,DM,merriami,6,Short-term Krat Exclosure,M,48
7637,1983,DO,ordii,17,Control,M,56
7638,1983,DS,spectabilis,18,Short-term Krat Exclosure,F,117
7641,1983,DM,merriami,18,Short-term Krat Exclosure,M,52
7643,1983,DO,ordii,20,Short-term Krat Exclosure,M,57
7646,1983,DS,spectabilis,12,Control,M,130
7651,1983,DM,merriami,20,Short-term Krat Exclosure,F,44
7652,1983,DO,ordii,13,Short-term Krat Exclosure,M,49
7654,1983,DO,ordii,12,Control,M,52
7655,1983,DS,spectabilis,20,Short-term Krat Exclosure,M,143
7656,1983,DS,spectabilis,13,Short-term Krat Exclosure,F,116
7658,1983,DS,spectabilis,22,Control,M,123
7661,1983,DO,ordii,24,Rodent Exclosure,M,52
7663,1983,DM,merriami,12,Control,M,43
7664,1983,DS,spectabilis,22,Control,M,122
7665,1983,DM,merriami,14,Control,M,48
7666,1983,DS,spectabilis,17,Control,M,130
7667,1983,DS,spectabilis,18,Short-term Krat Exclosure,F,74
7668,1983,DS,spectabilis,14,Control,M,120
7669,1983,DM,merriami,12,Control,F,47
7672,1983,DM,merriami,18,Short-term Krat Exclosure,F,42
7673,1983,DM,merriami,18,Short-term Krat Exclosure,M,53
7674,1983,DM,merriami,18,Short-term Krat Exclosure,F,44
7675,1983,DS,spectabilis,22,Control,F,116
7677,1983,DM,merriami,22,Control,M,39
7678,1983,DM,merriami,13,Short-term Krat Exclosure,F,43
7679,1983,DM,merriami,14,Control,F,52
7680,1983,DM,merriami,17,Control,F,43
7682,1983,DS,spectabilis,22,Control,M,96
7683,1983,DM,merriami,14,Control,M,44
7684,1983,DS,spectabilis,22,Control,M,128
7685,1983,DM,merriami,17,Control,F,37
7692,1983,DM,merriami,20,Short-term Krat Exclosure,M,42
7694,1983,DM,merriami,12,Control,M,46
7695,1983,DM,merriami,14,Control,F,41
7696,1983,DS,spectabilis,18,Short-term Krat Exclosure,M,73
7698,1983,DM,merriami,14,Control,M,45
7699,1983,DM,merriami,18,Short-term Krat Exclosure,M,45
7702,1983,DM,merriami,13,Short-term Krat Exclosure,M,45
7703,1983,DM,merriami,22,Control,M,46
7708,1983,DM,merriami,22,Control,F,45
7709,1983,DS,spectabilis,18,Short-term Krat Exclosure,M,125
7710,1983,DS,spectabilis,12,Control,F,103
7713,1983,DM,merriami,12,Control,M,42
7714,1983,DO,ordii,1,Spectab exclosure,M,56
7715,1983,DM,merriami,2,Control,M,45
7717,1983,DO,ordii,8,Control,M,35
7719,1983,DS,spectabilis,11,Control,F,102
7720,1983,DS,spectabilis,1,Spectab exclosure,M,101
7721,1983,DS,spectabilis,5,Rodent Exclosure,F,77
7723,1983,DM,merriami,2,Control,F,39
7727,1983,DM,merriami,5,Rodent Exclosure,M,51
7728,1983,DS,spectabilis,11,Control,F,86
7730,1983,DS,spectabilis,2,Control,M,91
7731,1983,DM,merriami,5,Rodent Exclosure,F,42
7732,1983,DO,ordii,9,Spectab exclosure,M,55
7733,1983,DS,spectabilis,8,Control,F,76
7734,1983,DO,ordii,6,Short-term Krat Exclosure,M,54
7735,1983,DM,merriami,2,Control,M,41
7737,1983,DM,merriami,4,Control,M,50
7738,1983,DS,spectabilis,8,Control,F,128
7740,1983,DS,spectabilis,1,Spectab exclosure,M,78
7741,1983,DS,spectabilis,9,Spectab exclosure,F,108
7743,1983,DM,merriami,6,Short-term Krat Exclosure,M,49
7745,1983,DM,merriami,5,Rodent Exclosure,F,40
7747,1983,DM,merriami,11,Control,M,46
7750,1983,DS,spectabilis,1,Spectab exclosure,F,133
7752,1983,DO,ordii,6,Short-term Krat Exclosure,F,61
7754,1983,DS,spectabilis,1,Spectab exclosure,F,123
7755,1983,DS,spectabilis,4,Control,M,125
7756,1983,DM,merriami,5,Rodent Exclosure,F,55
7760,1983,DO,ordii,8,Control,M,34
7763,1983,DS,spectabilis,8,Control,F,109
7765,1983,DM,merriami,5,Rodent Exclosure,M,43
7766,1983,DM,merriami,1,Spectab exclosure,M,50
7768,1983,DS,spectabilis,9,Spectab exclosure,F,67
7770,1983,DS,spectabilis,9,Spectab exclosure,M,71
7771,1983,DM,merriami,6,Short-term Krat Exclosure,M,55
7773,1983,DS,spectabilis,4,Control,F,140
7774,1983,DS,spectabilis,5,Rodent Exclosure,M,94
7776,1983,DM,merriami,5,Rodent Exclosure,M,41
7779,1983,DS,spectabilis,1,Spectab exclosure,M,150
7781,1983,DO,ordii,6,Short-term Krat Exclosure,M,51
7782,1983,DS,spectabilis,9,Spectab exclosure,F,139
7783,1983,DM,merriami,1,Spectab exclosure,F,37
7785,1983,DS,spectabilis,11,Control,F,143
7787,1983,DM,merriami,1,Spectab exclosure,M,49
7790,1983,DS,spectabilis,4,Control,F,127
7792,1983,DM,merriami,11,Control,M,47
7793,1983,DS,spectabilis,8,Control,F,101
7794,1983,DM,merriami,1,Spectab exclosure,F,42
7795,1983,DO,ordii,13,Short-term Krat Exclosure,F,66
7796,1983,DM,merriami,14,Control,F,46
7797,1983,DM,merriami,18,Short-term Krat Exclosure,F,47
7799,1983,DS,spectabilis,14,Control,M,119
7805,1983,DM,merriami,12,Control,M,40
7807,1983,DS,spectabilis,13,Short-term Krat Exclosure,F,140
7809,1983,DS,spectabilis,22,Control,F,126
7812,1983,DS,spectabilis,13,Short-term Krat Exclosure,M,123
7813,1983,DM,merriami,14,Control,M,46
7814,1983,DM,merriami,20,Short-term Krat Exclosure,F,45
7816,1983,DS,spectabilis,22,Control,M,128
7817,1983,DS,spectabilis,13,Short-term Krat Exclosure,M,91
7820,1983,DO,ordii,12,Control,M,56
7821,1983,DM,merriami,14,Control,M,49
7822,1983,DS,spectabilis,17,Control,M,125
7823,1983,DM,merriami,12,Control,F,46
7827,1983,DO,ordii,13,Short-term Krat Exclosure,F,73
7830,1983,DM,merriami,17,Control,M,49
7831,1983,DS,spectabilis,22,Control,M,127
7833,1983,DS,spectabilis,22,Control,F,113
7834,1983,DS,spectabilis,13,Short-term Krat Exclosure,F,118
7836,1983,DM,merriami,17,Control,F,26
7837,1983,DM,merriami,22,Control,M,41
7841,1983,DM,merriami,13,Short-term Krat Exclosure,M,49
7843,1983,DM,merriami,24,Rodent Exclosure,F,46
7845,1983,DS,spectabilis,22,Control,F,137
7846,1983,DM,merriami,18,Short-term Krat Exclosure,F,35
7848,1983,DS,spectabilis,18,Short-term Krat Exclosure,M,86
7850,1983,DM,merriami,13,Short-term Krat Exclosure,F,46
7853,1983,DM,merriami,18,Short-term Krat Exclosure,M,45
7856,1983,DO,ordii,17,Control,M,36
7859,1983,DS,spectabilis,12,Control,M,124
7860,1983,DS,spectabilis,13,Short-term Krat Exclosure,M,133
7861,1983,DM,merriami,14,Control,F,47
7863,1983,DM,merriami,24,Rodent Exclosure,F,37
7866,1983,DM,merriami,13,Short-term Krat Exclosure,F,22
7870,1983,DM,merriami,14,Control,F,54
7872,1983,DS,spectabilis,22,Control,M,126
7873,1983,DS,spectabilis,20,Short-term Krat Exclosure,M,133
7874,1983,DM,merriami,22,Control,F,46
7875,1983,DO,ordii,18,Short-term Krat Exclosure,F,52
7877,1983,DM,merriami,22,Control,M,49
7880,1983,DM,merriami,5,Rodent Exclosure,M,49
7883,1983,DS,spectabilis,1,Spectab exclosure,M,96
7884,1983,DM,merriami,2,Control,F,40
7886,1983,DS,spectabilis,9,Spectab exclosure,M,135
7887,1983,DS,spectabilis,1,Spectab exclosure,M,95
7888,1983,DM,merriami,5,Rodent Exclosure,F,48
7890,1983,DS,spectabilis,8,Control,F,125
7891,1983,DS,spectabilis,2,Control,M,139
7892,1983,DM,merriami,3,Long-term Krat Exclosure,F,46
7895,1983,DM,merriami,2,Control,M,48
7897,1983,DM,merriami,11,Control,M,45
7899,1983,DS,spectabilis,1,Spectab exclosure,F,130
7903,1983,DS,spectabilis,9,Spectab exclosure,F,120
7904,1983,DS,spectabilis,1,Spectab exclosure,F,125
7905,1983,DS,spectabilis,1,Spectab exclosure,M,114
7912,1983,DO,ordii,8,Control,M,45
7914,1983,DS,spectabilis,5,Rodent Exclosure,M,104
7915,1983,DS,spectabilis,8,Control,F,118
7916,1983,DM,merriami,2,Control,M,46
7917,1983,DM,merriami,1,Spectab exclosure,F,47
7918,1983,DM,merriami,5,Rodent Exclosure,M,44
7919,1983,DM,merriami,9,Spectab exclosure,M,49
7921,1983,DS,spectabilis,1,Spectab exclosure,M,152
7922,1983,DM,merriami,1,Spectab exclosure,M,51
7923,1983,DM,merriami,4,Control,M,46
7925,1983,DM,merriami,5,Rodent Exclosure,F,36
7929,1983,DS,spectabilis,4,Control,F,118
7930,1983,DM,merriami,1,Spectab exclosure,M,26
7932,1983,DM,merriami,1,Spectab exclosure,M,52
7933,1983,DM,merriami,11,Control,M,46
7934,1983,DM,merriami,17,Control,F,38
7935,1983,DO,ordii,24,Rodent Exclosure,M,53
7936,1983,DO,ordii,12,Control,F,42
7939,1983,DS,spectabilis,20,Short-term Krat Exclosure,F,111
7940,1983,DS,spectabilis,12,Control,M,131
7941,1983,DS,spectabilis,14,Control,M,117
7943,1983,DO,ordii,24,Rodent Exclosure,F,42
7945,1983,DS,spectabilis,22,Control,M,122
7946,1983,DM,merriami,14,Control,M,43
7947,1983,DO,ordii,20,Short-term Krat Exclosure,F,41
7948,1983,DO,ordii,24,Rodent Exclosure,F,31
7950,1983,DM,merriami,18,Short-term Krat Exclosure,M,20
7951,1983,DS,spectabilis,22,Control,M,118
7952,1983,DO,ordii,20,Short-term Krat Exclosure,M,43
7953,1983,DO,ordii,14,Control,F,19
7956,1983,DS,spectabilis,17,Control,M,126
7957,1983,DM,merriami,12,Control,F,44
7961,1983,DM,merriami,18,Short-term Krat Exclosure,M,47
7962,1983,DO,ordii,12,Control,F,39
7963,1983,DS,spectabilis,22,Control,M,135
7965,1983,DM,merriami,20,Short-term Krat Exclosure,M,43
7969,1983,DM,merriami,24,Rodent Exclosure,F,48
7972,1983,DO,ordii,14,Control,F,15
7973,1983,DM,merriami,12,Control,M,47
7975,1983,DM,merriami,14,Control,M,45
7976,1983,DO,ordii,14,Control,F,46
7977,1983,DS,spectabilis,18,Short-term Krat Exclosure,F,64
7979,1983,DM,merriami,24,Rodent Exclosure,F,40
7980,1983,DM,merriami,12,Control,F,16
7981,1983,DM,merriami,13,Short-term Krat Exclosure,F,49
7982,1983,DS,spectabilis,22,Control,M,134
7987,1983,DM,merriami,22,Control,M,47
7988,1983,DS,spectabilis,20,Short-term Krat Exclosure,M,132
7989,1983,DM,merriami,13,Short-term Krat Exclosure,F,46
7997,1983,DM,merriami,6,Short-term Krat Exclosure,M,44
8000,1983,DS,spectabilis,11,Control,M,127
8001,1983,DS,spectabilis,2,Control,M,136
8003,1983,DM,merriami,4,Control,F,29
8004,1983,DS,spectabilis,1,Spectab exclosure,F,128
8005,1983,DS,spectabilis,8,Control,F,133
8006,1983,DM,merriami,4,Control,M,43
8008,1983,DM,merriami,4,Control,M,51
8009,1983,DM,merriami,11,Control,M,48
8010,1983,DO,ordii,11,Control,F,46
8011,1983,DO,ordii,1,Spectab exclosure,M,33
8015,1983,DO,ordii,1,Spectab exclosure,F,47
8017,1983,DS,spectabilis,1,Spectab exclosure,F,98
8021,1983,DS,spectabilis,1,Spectab exclosure,M,122
8023,1983,DM,merriami,5,Rodent Exclosure,M,49
8027,1983,DO,ordii,8,Control,M,49
8028,1983,DS,spectabilis,9,Spectab exclosure,F,114
8029,1983,DM,merriami,1,Spectab exclosure,F,44
8030,1983,DS,spectabilis,4,Control,F,121
8035,1983,DS,spectabilis,8,Control,F,119
8036,1983,DS,spectabilis,4,Control,F,125
8038,1983,DS,spectabilis,1,Spectab exclosure,M,150
8039,1983,DM,merriami,11,Control,M,46
8040,1983,DM,merriami,4,Control,F,54
8041,1983,DS,spectabilis,4,Control,F,91
8043,1983,DS,spectabilis,9,Spectab exclosure,F,140
8045,1983,DO,ordii,9,Spectab exclosure,M,48
8046,1983,DS,spectabilis,11,Control,F,128
8047,1983,DM,merriami,11,Control,M,45
8048,1983,DO,ordii,8,Control,M,46
8049,1983,DM,merriami,9,Spectab exclosure,F,35
8051,1983,DS,spectabilis,8,Control,M,94
8053,1983,DM,merriami,5,Rodent Exclosure,M,48
8054,1983,DM,merriami,14,Control,M,50
8055,1983,DM,merriami,13,Short-term Krat Exclosure,F,28
8058,1983,DM,merriami,18,Short-term Krat Exclosure,M,47
8061,1983,DM,merriami,22,Control,F,32
8064,1983,DS,spectabilis,12,Control,M,130
8065,1983,DM,merriami,18,Short-term Krat Exclosure,F,30
8066,1983,DO,ordii,24,Rodent Exclosure,F,42
8068,1983,DM,merriami,13,Short-term Krat Exclosure,F,37
8069,1983,DO,ordii,20,Short-term Krat Exclosure,M,47
8070,1983,DS,spectabilis,22,Control,M,135
8071,1983,DM,merriami,17,Control,M,40
8072,1983,DS,spectabilis,13,Short-term Krat Exclosure,M,114
8073,1983,DM,merriami,14,Control,M,47
8076,1983,DM,merriami,20,Short-term Krat Exclosure,F,52
8077,1983,DM,merriami,22,Control,M,42
8078,1983,DM,merriami,17,Control,F,41
8082,1983,DO,ordii,20,Short-term Krat Exclosure,F,47
8084,1983,DM,merriami,12,Control,F,27
8086,1983,DM,merriami,12,Control,F,46
8088,1983,DS,spectabilis,17,Control,M,123
8090,1983,DO,ordii,14,Control,F,50
8093,1983,DO,ordii,14,Control,F,32
8094,1983,DO,ordii,12,Control,F,45
8095,1983,DS,spectabilis,13,Short-term Krat Exclosure,M,131
8096,1983,DM,merriami,14,Control,F,41
8097,1983,DM,merriami,18,Short-term Krat Exclosure,M,36
8098,1983,DM,merriami,13,Short-term Krat Exclosure,F,51
8100,1983,DS,spectabilis,18,Short-term Krat Exclosure,F,76
8103,1983,DS,spectabilis,24,Rodent Exclosure,F,108
8105,1983,DS,spectabilis,20,Short-term Krat Exclosure,M,137
8106,1983,DM,merriami,24,Rodent Exclosure,F,25
8107,1983,DM,merriami,22,Control,M,49
8112,1983,DM,merriami,12,Control,F,31
8114,1983,DM,merriami,6,Short-term Krat Exclosure,M,44
8116,1983,DM,merriami,6,Short-term Krat Exclosure,M,46
8118,1983,DO,ordii,1,Spectab exclosure,M,38
8119,1983,DM,merriami,6,Short-term Krat Exclosure,F,52
8120,1983,DM,merriami,6,Short-term Krat Exclosure,F,42
8122,1983,DO,ordii,8,Control,M,46
8123,1983,DS,spectabilis,1,Spectab exclosure,M,122
8124,1983,DM,merriami,9,Spectab exclosure,F,34
8125,1983,DM,merriami,2,Control,M,38
8126,1983,DM,merriami,6,Short-term Krat Exclosure,F,43
8131,1983,DS,spectabilis,1,Spectab exclosure,F,117
8133,1983,DM,merriami,11,Control,M,47
8136,1983,DM,merriami,5,Rodent Exclosure,F,47
8137,1983,DO,ordii,9,Spectab exclosure,M,53
8142,1983,DM,merriami,1,Spectab exclosure,F,37
8143,1983,DS,spectabilis,9,Spectab exclosure,F,122
8146,1983,DO,ordii,8,Control,M,48
8147,1983,DM,merriami,4,Control,F,53
8149,1983,DM,merriami,5,Rodent Exclosure,M,48
8151,1983,DM,merriami,4,Control,M,48
8152,1983,DS,spectabilis,4,Control,F,122
8153,1983,DS,spectabilis,8,Control,M,99
8154,1983,DM,merriami,11,Control,M,46
8156,1983,DM,merriami,20,Short-term Krat Exclosure,F,34
8157,1983,DS,spectabilis,18,Short-term Krat Exclosure,M,132
8158,1983,DS,spectabilis,20,Short-term Krat Exclosure,F,125
8163,1983,DM,merriami,18,Short-term Krat Exclosure,F,33
8164,1983,DO,ordii,12,Control,M,50
8166,1983,DS,spectabilis,12,Control,M,133
8167,1983,DM,merriami,22,Control,F,37
8168,1983,DS,spectabilis,14,Control,M,123
8169,1983,DM,merriami,14,Control,M,44
8171,1983,DS,spectabilis,13,Short-term Krat Exclosure,M,121
8172,1983,DM,merriami,17,Control,F,37
8175,1983,DS,spectabilis,17,Control,M,125
8177,1983,DM,merriami,14,Control,F,44
8178,1983,DM,merriami,12,Control,F,48
8179,1983,DM,merriami,17,Control,M,38
8180,1983,DM,merriami,18,Short-term Krat Exclosure,M,37
8181,1983,DO,ordii,24,Rodent Exclosure,F,41
8182,1983,DM,merriami,13,Short-term Krat Exclosure,F,40
8183,1983,DO,ordii,20,Short-term Krat Exclosure,M,46
8184,1983,DM,merriami,12,Control,F,33
8185,1983,DO,ordii,12,Control,F,50
8188,1983,DM,merriami,13,Short-term Krat Exclosure,F,34
8189,1983,DM,merriami,20,Short-term Krat Exclosure,M,47
8190,1983,DM,merriami,13,Short-term Krat Exclosure,F,49
8191,1983,DO,ordii,14,Control,F,38
8194,1983,DM,merriami,13,Short-term Krat Exclosure,M,32
8195,1983,DM,merriami,24,Rodent Exclosure,F,34
8197,1983,DM,merriami,12,Control,F,30
8199,1983,DM,merriami,24,Rodent Exclosure,F,40
8200,1983,DM,merriami,20,Short-term Krat Exclosure,F,30
8201,1983,DM,merriami,18,Short-term Krat Exclosure,M,45
8204,1983,DM,merriami,22,Control,M,49
8209,1983,DM,merriami,12,Control,F,37
8210,1983,DO,ordii,14,Control,F,48
8211,1983,DS,spectabilis,20,Short-term Krat Exclosure,M,146
8213,1983,DS,spectabilis,13,Short-term Krat Exclosure,M,133
8218,1983,DO,ordii,1,Spectab exclosure,M,42
8219,1983,DM,merriami,4,Control,F,38
8221,1983,DO,ordii,8,Control,M,48
8224,1983,DS,spectabilis,2,Control,M,152
8228,1983,DM,merriami,1,Spectab exclosure,F,34
8229,1983,DS,spectabilis,5,Rodent Exclosure,M,120
8232,1983,DS,spectabilis,4,Control,M,131
8234,1983,DM,merriami,11,Control,M,38
8235,1983,DM,merriami,2,Control,M,38
8237,1983,DM,merriami,5,Rodent Exclosure,M,44
8238,1983,DM,merriami,11,Control,M,40
8239,1983,DM,merriami,1,Spectab exclosure,F,38
8241,1983,DS,spectabilis,2,Control,M,130
8242,1983,DM,merriami,1,Spectab exclosure,F,34
8243,1983,DS,spectabilis,1,Spectab exclosure,M,129
8245,1983,DM,merriami,4,Control,M,31
8247,1983,DM,merriami,1,Spectab exclosure,M,26
8249,1983,DM,merriami,9,Spectab exclosure,F,35
8250,1983,DS,spectabilis,4,Control,F,124
8251,1983,DS,spectabilis,8,Control,F,127
8253,1983,DM,merriami,5,Rodent Exclosure,M,46
8258,1983,DS,spectabilis,1,Spectab exclosure,M,150
8260,1983,DM,merriami,6,Short-term Krat Exclosure,F,28
8261,1983,DM,merriami,5,Rodent Exclosure,F,21
8264,1983,DM,merriami,11,Control,F,29
8266,1983,DM,merriami,1,Spectab exclosure,M,30
8267,1983,DS,spectabilis,11,Control,F,127
8268,1983,DM,merriami,9,Spectab exclosure,F,36
8269,1983,DM,merriami,11,Control,M,45
8271,1983,DS,spectabilis,12,Control,M,129
8273,1983,DS,spectabilis,14,Control,F,128
8274,1983,DM,merriami,17,Control,F,25
8275,1983,DM,merriami,17,Control,M,41
8278,1983,DO,ordii,20,Short-term Krat Exclosure,M,49
8280,1983,DS,spectabilis,20,Short-term Krat Exclosure,F,122
8282,1983,DO,ordii,24,Rodent Exclosure,F,45
8284,1983,DM,merriami,22,Control,F,43
8286,1983,DM,merriami,18,Short-term Krat Exclosure,M,42
8290,1983,DM,merriami,24,Rodent Exclosure,F,37
8291,1983,DS,spectabilis,22,Control,M,138
8293,1983,DO,ordii,12,Control,F,50
8294,1983,DS,spectabilis,17,Control,M,128
8297,1983,DM,merriami,17,Control,F,37
8299,1983,DO,ordii,12,Control,F,51
8301,1983,DM,merriami,12,Control,F,45
8302,1983,DM,merriami,14,Control,M,48
8304,1983,DO,ordii,14,Control,F,43
8305,1983,DS,spectabilis,18,Short-term Krat Exclosure,M,126
8306,1983,DS,spectabilis,22,Control,F,102
8308,1983,DM,merriami,22,Control,F,36
8309,1983,DM,merriami,20,Short-term Krat Exclosure,F,48
8311,1983,DS,spectabilis,22,Control,M,130
8315,1983,DM,merriami,20,Short-term Krat Exclosure,M,36
8316,1983,DM,merriami,12,Control,F,36
8318,1983,DM,merriami,17,Control,F,38
8320,1983,DM,merriami,13,Short-term Krat Exclosure,F,43
8321,1983,DM,merriami,24,Rodent Exclosure,F,33
8322,1983,DM,merriami,14,Control,F,44
8325,1983,DO,ordii,12,Control,F,37
8328,1983,DM,merriami,24,Rodent Exclosure,F,40
8329,1983,DM,merriami,22,Control,M,51
8331,1983,DS,spectabilis,20,Short-term Krat Exclosure,M,146
8332,1983,DO,ordii,14,Control,F,48
8333,1983,DM,merriami,18,Short-term Krat Exclosure,F,42
8334,1983,DM,merriami,12,Control,F,40
8339,1983,DM,merriami,2,Control,M,38
8341,1983,DO,ordii,8,Control,M,50
8343,1983,DS,spectabilis,11,Control,M,132
8344,1983,DS,spectabilis,8,Control,M,130
8346,1983,DS,spectabilis,5,Rodent Exclosure,M,118
8347,1983,DS,spectabilis,2,Control,M,145
8349,1983,DM,merriami,1,Spectab exclosure,F,40
8352,1983,DO,ordii,11,Control,M,43
8354,1983,DO,ordii,1,Spectab exclosure,M,42
8355,1983,DS,spectabilis,2,Control,F,149
8356,1983,DM,merriami,5,Rodent Exclosure,M,51
8358,1983,DS,spectabilis,8,Control,F,132
8359,1983,DM,merriami,2,Control,F,42
8361,1983,DS,spectabilis,4,Control,M,126
8362,1983,DM,merriami,6,Short-term Krat Exclosure,F,37
8363,1983,DO,ordii,11,Control,F,49
8365,1983,DM,merriami,5,Rodent Exclosure,M,48
8366,1983,DM,merriami,11,Control,M,43
8367,1983,DM,merriami,11,Control,F,38
8369,1983,DS,spectabilis,6,Short-term Krat Exclosure,F,79
8370,1983,DM,merriami,11,Control,M,44
8371,1983,DS,spectabilis,1,Spectab exclosure,F,137
8373,1983,DS,spectabilis,2,Control,M,128
8374,1983,DO,ordii,11,Control,F,43
8375,1983,DM,merriami,1,Spectab exclosure,F,38
8379,1983,DM,merriami,1,Spectab exclosure,F,32
8381,1983,DS,spectabilis,8,Control,F,124
8385,1983,DS,spectabilis,6,Short-term Krat Exclosure,M,144
8388,1983,DS,spectabilis,11,Control,F,94
8389,1983,DS,spectabilis,9,Spectab exclosure,F,122
8391,1983,DM,merriami,5,Rodent Exclosure,F,37
8392,1983,DO,ordii,8,Control,M,50
8395,1983,DM,merriami,11,Control,F,36
8396,1983,DM,merriami,5,Rodent Exclosure,F,30
8399,1983,DM,merriami,1,Spectab exclosure,M,37
8401,1983,DO,ordii,11,Control,F,39
8402,1983,DM,merriami,1,Spectab exclosure,F,39
8406,1983,DO,ordii,6,Short-term Krat Exclosure,F,55
8408,1983,DM,merriami,5,Rodent Exclosure,M,48
8411,1983,DS,spectabilis,4,Control,F,122
8412,1983,DS,spectabilis,1,Spectab exclosure,M,146
8413,1983,DM,merriami,2,Control,M,43
8414,1983,DS,spectabilis,8,Control,M,112
8415,1983,DM,merriami,4,Control,F,41
8416,1983,DS,spectabilis,11,Control,F,125
8418,1983,DM,merriami,9,Spectab exclosure,F,39
8419,1983,DS,spectabilis,18,Short-term Krat Exclosure,M,130
8421,1983,DS,spectabilis,20,Short-term Krat Exclosure,F,122
8426,1983,DS,spectabilis,20,Short-term Krat Exclosure,M,136
8429,1983,DS,spectabilis,22,Control,M,135
8430,1983,DM,merriami,22,Control,F,41
8431,1983,DO,ordii,18,Short-term Krat Exclosure,F,33
8432,1983,DM,merriami,17,Control,M,40
8434,1983,DM,merriami,18,Short-term Krat Exclosure,M,42
8435,1983,DS,spectabilis,13,Short-term Krat Exclosure,M,119
8436,1983,DS,spectabilis,22,Control,F,126
8437,1983,DM,merriami,17,Control,F,39
8438,1983,DO,ordii,18,Short-term Krat Exclosure,M,44
8439,1983,DS,spectabilis,22,Control,F,105
8441,1983,DM,merriami,17,Control,F,43
8445,1983,DO,ordii,20,Short-term Krat Exclosure,M,51
8446,1983,DM,merriami,17,Control,F,36
8447,1983,DS,spectabilis,17,Control,M,125
8451,1983,DS,spectabilis,18,Short-term Krat Exclosure,NA,127
8453,1983,DM,merriami,22,Control,M,38
8454,1983,DM,merriami,18,Short-term Krat Exclosure,F,38
8455,1983,DM,merriami,22,Control,F,39
8457,1983,DM,merriami,22,Control,F,38
8458,1983,DM,merriami,14,Control,F,40
8460,1983,DM,merriami,20,Short-term Krat Exclosure,F,42
8461,1983,DM,merriami,18,Short-term Krat Exclosure,F,43
8463,1983,DO,ordii,14,Control,F,46
8464,1983,DO,ordii,17,Control,M,53
8467,1983,DS,spectabilis,20,Short-term Krat Exclosure,M,150
8468,1983,DS,spectabilis,13,Short-term Krat Exclosure,NA,132
8469,1983,DM,merriami,22,Control,M,46
8471,1983,DM,merriami,13,Short-term Krat Exclosure,F,45
8472,1983,DM,merriami,14,Control,M,43
8479,1983,DS,spectabilis,2,Control,F,144
8481,1983,DO,ordii,11,Control,M,34
8482,1983,DM,merriami,11,Control,F,37
8483,1983,DM,merriami,4,Control,M,37
8485,1983,DS,spectabilis,11,Control,F,91
8486,1983,DS,spectabilis,9,Spectab exclosure,F,105
8488,1983,DM,merriami,24,Rodent Exclosure,F,35
8491,1983,DS,spectabilis,12,Control,M,136
8492,1983,DO,ordii,9,Spectab exclosure,F,54
8493,1983,DO,ordii,9,Spectab exclosure,M,46
8494,1983,DM,merriami,2,Control,M,37
8495,1983,DS,spectabilis,4,Control,M,127
8496,1983,DM,merriami,1,Spectab exclosure,M,38
8498,1983,DS,spectabilis,9,Spectab exclosure,M,112
8499,1983,DS,spectabilis,2,Control,M,151
8501,1983,DM,merriami,1,Spectab exclosure,F,36
8503,1983,DO,ordii,24,Rodent Exclosure,F,40
8504,1983,DM,merriami,11,Control,F,37
8505,1983,DO,ordii,12,Control,M,47
8507,1983,DM,merriami,5,Rodent Exclosure,M,47
8508,1983,DM,merriami,12,Control,F,37
8509,1983,DM,merriami,9,Spectab exclosure,F,38
8510,1983,DS,spectabilis,1,Spectab exclosure,F,134
8511,1983,DS,spectabilis,2,Control,M,126
8512,1983,DM,merriami,1,Spectab exclosure,F,38
8513,1983,DS,spectabilis,1,Spectab exclosure,F,131
8515,1983,DS,spectabilis,2,Control,F,137
8518,1983,DM,merriami,5,Rodent Exclosure,F,37
8519,1983,DM,merriami,12,Control,F,42
8521,1983,DM,merriami,11,Control,M,40
8522,1983,DO,ordii,2,Control,M,53
8523,1983,DM,merriami,5,Rodent Exclosure,M,43
8524,1983,DM,merriami,12,Control,F,40
8525,1983,DS,spectabilis,11,Control,F,125
8526,1983,DM,merriami,6,Short-term Krat Exclosure,F,34
8529,1983,DS,spectabilis,9,Spectab exclosure,F,118
8530,1983,DO,ordii,4,Control,F,34
8531,1983,DO,ordii,9,Spectab exclosure,M,38
8532,1983,DM,merriami,3,Long-term Krat Exclosure,F,42
8533,1983,DM,merriami,5,Rodent Exclosure,M,35
8534,1983,DS,spectabilis,9,Spectab exclosure,F,119
8535,1983,DO,ordii,11,Control,M,44
8536,1983,DM,merriami,9,Spectab exclosure,F,36
8537,1983,DM,merriami,1,Spectab exclosure,M,36
8538,1983,DM,merriami,4,Control,F,36
8539,1983,DS,spectabilis,9,Spectab exclosure,M,134
8540,1983,DS,spectabilis,4,Control,F,91
8541,1983,DS,spectabilis,6,Short-term Krat Exclosure,M,142
8542,1983,DS,spectabilis,9,Spectab exclosure,M,129
8546,1983,DM,merriami,5,Rodent Exclosure,M,44
8547,1983,DM,merriami,24,Rodent Exclosure,F,39
8548,1983,DM,merriami,11,Control,F,31
8549,1983,DS,spectabilis,1,Spectab exclosure,M,151
8550,1983,DO,ordii,9,Spectab exclosure,M,50
8551,1983,DS,spectabilis,5,Rodent Exclosure,M,122
8552,1983,DM,merriami,24,Rodent Exclosure,F,44
8553,1983,DM,merriami,12,Control,F,37
8555,1983,DM,merriami,11,Control,F,33
8556,1983,DM,merriami,22,Control,M,40
8560,1983,DS,spectabilis,20,Short-term Krat Exclosure,F,123
8562,1983,DS,spectabilis,13,Short-term Krat Exclosure,M,118
8563,1983,DM,merriami,12,Control,F,38
8565,1983,DM,merriami,17,Control,F,37
8567,1983,DS,spectabilis,12,Control,M,132
8568,1983,DS,spectabilis,13,Short-term Krat Exclosure,F,126
8569,1983,DM,merriami,22,Control,F,38
8571,1983,DS,spectabilis,14,Control,M,105
8572,1983,DM,merriami,18,Short-term Krat Exclosure,F,33
8573,1983,DM,merriami,13,Short-term Krat Exclosure,F,37
8577,1983,DO,ordii,12,Control,F,47
8579,1983,DO,ordii,24,Rodent Exclosure,F,42
8582,1983,DO,ordii,20,Short-term Krat Exclosure,M,49
8584,1983,DS,spectabilis,22,Control,F,103
8587,1983,DO,ordii,18,Short-term Krat Exclosure,M,42
8588,1983,DO,ordii,12,Control,M,50
8589,1983,DM,merriami,20,Short-term Krat Exclosure,F,42
8591,1983,DS,spectabilis,18,Short-term Krat Exclosure,F,116
8592,1983,DO,ordii,12,Control,F,47
8594,1983,DM,merriami,22,Control,F,36
8595,1983,DM,merriami,17,Control,M,38
8597,1983,DM,merriami,14,Control,M,40
8598,1983,DM,merriami,18,Short-term Krat Exclosure,M,40
8599,1983,DO,ordii,12,Control,M,48
8600,1983,DS,spectabilis,22,Control,M,129
8601,1983,DM,merriami,17,Control,F,34
8603,1983,DO,ordii,12,Control,M,46
8604,1983,DM,merriami,24,Rodent Exclosure,F,38
8605,1983,DM,merriami,18,Short-term Krat Exclosure,F,37
8607,1983,DS,spectabilis,22,Control,M,128
8608,1983,DO,ordii,12,Control,F,38
8609,1983,DM,merriami,22,Control,F,38
8611,1983,DM,merriami,12,Control,F,37
8613,1983,DO,ordii,14,Control,F,44
8614,1983,DS,spectabilis,17,Control,M,123
8615,1983,DM,merriami,12,Control,M,43
8617,1983,DM,merriami,12,Control,F,31
8618,1983,DM,merriami,22,Control,M,43
8619,1983,DM,merriami,12,Control,M,39
8620,1983,DM,merriami,13,Short-term Krat Exclosure,F,42
8622,1983,DS,spectabilis,12,Control,F,123
8623,1983,DS,spectabilis,12,Control,M,125
8626,1983,DS,spectabilis,20,Short-term Krat Exclosure,NA,152
8627,1983,DS,spectabilis,2,Control,F,132
8629,1983,DM,merriami,5,Rodent Exclosure,M,52
8630,1983,DS,spectabilis,6,Short-term Krat Exclosure,M,138
8631,1983,DM,merriami,2,Control,M,37
8632,1983,DS,spectabilis,11,Control,F,98
8634,1983,DO,ordii,1,Spectab exclosure,F,37
8635,1983,DM,merriami,4,Control,M,37
8638,1983,DS,spectabilis,11,Control,F,100
8639,1983,DM,merriami,11,Control,M,38
8640,1983,DM,merriami,1,Spectab exclosure,M,39
8642,1983,DS,spectabilis,8,Control,F,121
8646,1983,DO,ordii,9,Spectab exclosure,M,49
8647,1983,DS,spectabilis,9,Spectab exclosure,F,115
8649,1983,DO,ordii,1,Spectab exclosure,F,46
8651,1983,DM,merriami,6,Short-term Krat Exclosure,F,33
8653,1983,DM,merriami,1,Spectab exclosure,F,34
8654,1983,DS,spectabilis,2,Control,M,124
8656,1983,DM,merriami,2,Control,F,37
8658,1983,DM,merriami,5,Rodent Exclosure,M,42
8659,1983,DS,spectabilis,4,Control,M,126
8660,1983,DM,merriami,9,Spectab exclosure,F,37
8661,1983,DM,merriami,5,Rodent Exclosure,F,34
8662,1983,DO,ordii,8,Control,M,47
8663,1983,DS,spectabilis,11,Control,F,120
8666,1983,DM,merriami,1,Spectab exclosure,F,38
8667,1983,DM,merriami,1,Spectab exclosure,F,33
8669,1983,DM,merriami,5,Rodent Exclosure,M,37
8671,1983,DM,merriami,9,Spectab exclosure,F,34
8672,1983,DM,merriami,1,Spectab exclosure,M,36
8674,1983,DS,spectabilis,9,Spectab exclosure,M,115
8676,1983,DO,ordii,9,Spectab exclosure,M,36
8678,1983,DM,merriami,5,Rodent Exclosure,M,43
8680,1983,DM,merriami,11,Control,F,30
8681,1983,DS,spectabilis,4,Control,F,117
8682,1983,DS,spectabilis,11,Control,M,129
8683,1983,DO,ordii,8,Control,M,48
8684,1983,DM,merriami,11,Control,F,30
8685,1983,DM,merriami,4,Control,F,37
8687,1983,DS,spectabilis,9,Spectab exclosure,M,130
8690,1983,DS,spectabilis,12,Control,F,127
8692,1983,DO,ordii,24,Rodent Exclosure,M,51
8696,1983,DM,merriami,22,Control,F,37
8701,1983,DO,ordii,24,Rodent Exclosure,F,39
8704,1983,DS,spectabilis,20,Short-term Krat Exclosure,F,119
8706,1983,DM,merriami,14,Control,M,44
8707,1983,DS,spectabilis,22,Control,M,130
8708,1983,DM,merriami,13,Short-term Krat Exclosure,F,37
8709,1983,DM,merriami,18,Short-term Krat Exclosure,F,33
8713,1983,DM,merriami,17,Control,F,37
8714,1983,DO,ordii,12,Control,M,47
8716,1983,DM,merriami,22,Control,F,38
8717,1983,DS,spectabilis,14,Control,M,124
8718,1983,DM,merriami,22,Control,M,38
8719,1983,DO,ordii,18,Short-term Krat Exclosure,M,53
8721,1983,DM,merriami,12,Control,F,36
8722,1983,DS,spectabilis,22,Control,F,108
8723,1983,DS,spectabilis,18,Short-term Krat Exclosure,F,121
8724,1983,DM,merriami,18,Short-term Krat Exclosure,F,32
8725,1983,DM,merriami,18,Short-term Krat Exclosure,M,38
8726,1983,DS,spectabilis,17,Control,M,130
8727,1983,DM,merriami,20,Short-term Krat Exclosure,F,44
8728,1983,DM,merriami,18,Short-term Krat Exclosure,F,36
8729,1983,DO,ordii,12,Control,M,48
8730,1983,DS,spectabilis,13,Short-term Krat Exclosure,F,129
8731,1983,DM,merriami,24,Rodent Exclosure,F,34
8735,1983,DM,merriami,18,Short-term Krat Exclosure,M,45
8737,1983,DM,merriami,12,Control,F,38
8740,1983,DM,merriami,22,Control,M,36
8743,1983,DM,merriami,24,Rodent Exclosure,F,40
8744,1983,DS,spectabilis,12,Control,M,133
8745,1983,DM,merriami,13,Short-term Krat Exclosure,F,45
8747,1983,DS,spectabilis,20,Short-term Krat Exclosure,M,145
8748,1983,DO,ordii,14,Control,F,48
8749,1983,DM,merriami,4,Control,F,34
8751,1983,DS,spectabilis,11,Control,M,129
8752,1983,DS,spectabilis,11,Control,F,96
8753,1983,DM,merriami,4,Control,M,37
8757,1983,DM,merriami,1,Spectab exclosure,M,40
8758,1983,DS,spectabilis,9,Spectab exclosure,F,110
8759,1983,DS,spectabilis,8,Control,F,114
8760,1983,DO,ordii,1,Spectab exclosure,F,39
8761,1983,DS,spectabilis,11,Control,F,94
8762,1983,DS,spectabilis,5,Rodent Exclosure,M,121
8763,1983,DM,merriami,11,Control,M,41
8765,1983,DM,merriami,4,Control,F,37
8766,1983,DO,ordii,1,Spectab exclosure,F,47
8767,1983,DO,ordii,1,Spectab exclosure,F,49
8769,1983,DS,spectabilis,4,Control,M,123
8770,1983,DM,merriami,6,Short-term Krat Exclosure,M,37
8771,1983,DO,ordii,9,Spectab exclosure,M,53
8772,1983,DM,merriami,6,Short-term Krat Exclosure,F,46
8773,1983,DM,merriami,1,Spectab exclosure,F,33
8774,1983,DM,merriami,9,Spectab exclosure,F,36
8776,1983,DO,ordii,8,Control,M,50
8777,1983,DM,merriami,6,Short-term Krat Exclosure,F,40
8782,1983,DM,merriami,6,Short-term Krat Exclosure,F,33
8784,1983,DM,merriami,5,Rodent Exclosure,F,34
8786,1983,DM,merriami,1,Spectab exclosure,M,40
8787,1983,DS,spectabilis,1,Spectab exclosure,F,101
8789,1983,DS,spectabilis,11,Control,F,119
8791,1983,DM,merriami,11,Control,F,31
8792,1983,DS,spectabilis,9,Spectab exclosure,M,115
8793,1983,DS,spectabilis,9,Spectab exclosure,M,132
8794,1983,DO,ordii,11,Control,M,43
8795,1983,DS,spectabilis,4,Control,F,112
8797,1983,DM,merriami,9,Spectab exclosure,F,37
8798,1983,DM,merriami,4,Control,F,37
8799,1983,DS,spectabilis,6,Short-term Krat Exclosure,M,135
8800,1983,DM,merriami,2,Control,F,37
8801,1983,DO,ordii,9,Spectab exclosure,M,43
8802,1983,DM,merriami,8,Control,M,36
8804,1983,DM,merriami,5,Rodent Exclosure,M,45
8806,1983,DM,merriami,5,Rodent Exclosure,M,45
8807,1983,DM,merriami,1,Spectab exclosure,M,39
8808,1983,DM,merriami,11,Control,F,32
8810,1984,DS,spectabilis,12,Control,F,122
8812,1984,DO,ordii,24,Rodent Exclosure,F,44
8814,1984,DM,merriami,12,Control,F,37
8815,1984,DM,merriami,22,Control,F,36
8817,1984,DM,merriami,17,Control,F,38
8818,1984,DM,merriami,13,Short-term Krat Exclosure,F,37
8823,1984,DM,merriami,14,Control,M,46
8825,1984,DM,merriami,20,Short-term Krat Exclosure,F,41
8826,1984,DM,merriami,14,Control,F,42
8827,1984,DS,spectabilis,18,Short-term Krat Exclosure,F,113
8830,1984,DS,spectabilis,22,Control,F,107
8832,1984,DM,merriami,18,Short-term Krat Exclosure,F,41
8833,1984,DS,spectabilis,20,Short-term Krat Exclosure,F,116
8834,1984,DS,spectabilis,13,Short-term Krat Exclosure,M,144
8835,1984,DM,merriami,18,Short-term Krat Exclosure,M,42
8836,1984,DS,spectabilis,22,Control,M,124
8837,1984,DS,spectabilis,13,Short-term Krat Exclosure,M,141
8838,1984,DM,merriami,24,Rodent Exclosure,F,37
8839,1984,DM,merriami,18,Short-term Krat Exclosure,F,39
8840,1984,DS,spectabilis,20,Short-term Krat Exclosure,M,140
8841,1984,DM,merriami,12,Control,F,37
8842,1984,DS,spectabilis,20,Short-term Krat Exclosure,F,119
8844,1984,DO,ordii,12,Control,M,49
8847,1984,DM,merriami,14,Control,F,40
8850,1984,DO,ordii,14,Control,F,48
8851,1984,DM,merriami,22,Control,M,49
8852,1984,DS,spectabilis,12,Control,M,132
8854,1984,DM,merriami,6,Short-term Krat Exclosure,M,40
8855,1984,DO,ordii,9,Spectab exclosure,F,49
8856,1984,DM,merriami,1,Spectab exclosure,M,43
8858,1984,DM,merriami,5,Rodent Exclosure,M,53
8859,1984,DS,spectabilis,11,Control,M,122
8861,1984,DM,merriami,4,Control,F,34
8862,1984,DS,spectabilis,5,Rodent Exclosure,M,124
8866,1984,DM,merriami,4,Control,M,45
8867,1984,DS,spectabilis,8,Control,F,116
8868,1984,DM,merriami,4,Control,M,43
8871,1984,DM,merriami,6,Short-term Krat Exclosure,M,48
8872,1984,DO,ordii,1,Spectab exclosure,F,40
8873,1984,DM,merriami,6,Short-term Krat Exclosure,F,46
8874,1984,DS,spectabilis,11,Control,F,96
8875,1984,DO,ordii,9,Spectab exclosure,M,53
8877,1984,DM,merriami,6,Short-term Krat Exclosure,F,40
8880,1984,DM,merriami,11,Control,M,41
8881,1984,DM,merriami,9,Spectab exclosure,F,39
8883,1984,DS,spectabilis,2,Control,F,120
8884,1984,DM,merriami,6,Short-term Krat Exclosure,F,33
8885,1984,DO,ordii,11,Control,M,46
8886,1984,DM,merriami,9,Spectab exclosure,F,37
8887,1984,DO,ordii,2,Control,F,46
8888,1984,DO,ordii,9,Spectab exclosure,M,44
8889,1984,DM,merriami,5,Rodent Exclosure,F,41
8890,1984,DM,merriami,11,Control,F,33
8891,1984,DM,merriami,5,Rodent Exclosure,M,47
8892,1984,DO,ordii,8,Control,M,51
8893,1984,DM,merriami,6,Short-term Krat Exclosure,F,45
8894,1984,DM,merriami,3,Long-term Krat Exclosure,F,37
8895,1984,DS,spectabilis,1,Spectab exclosure,F,100
8896,1984,DM,merriami,4,Control,F,38
8897,1984,DO,ordii,6,Short-term Krat Exclosure,M,52
8899,1984,DM,merriami,5,Rodent Exclosure,F,36
8900,1984,DS,spectabilis,6,Short-term Krat Exclosure,M,135
8902,1984,DM,merriami,8,Control,M,38
8903,1984,DM,merriami,2,Control,F,36
8905,1984,DM,merriami,1,Spectab exclosure,M,37
8906,1984,DS,spectabilis,4,Control,F,122
8907,1984,DM,merriami,11,Control,F,33
8908,1984,DM,merriami,9,Spectab exclosure,F,37
8911,1984,DS,spectabilis,20,Short-term Krat Exclosure,F,118
8912,1984,DM,merriami,22,Control,F,38
8916,1984,DM,merriami,22,Control,F,44
8917,1984,DM,merriami,18,Short-term Krat Exclosure,F,40
8919,1984,DM,merriami,12,Control,F,40
8920,1984,DO,ordii,14,Control,M,54
8921,1984,DS,spectabilis,12,Control,F,136
8923,1984,DS,spectabilis,22,Control,F,122
8924,1984,DM,merriami,14,Control,M,52
8926,1984,DS,spectabilis,22,Control,M,133
8927,1984,DM,merriami,14,Control,F,46
8928,1984,DM,merriami,14,Control,M,47
8929,1984,DS,spectabilis,18,Short-term Krat Exclosure,M,131
8930,1984,DO,ordii,14,Control,F,51
8931,1984,DS,spectabilis,18,Short-term Krat Exclosure,F,128
8932,1984,DO,ordii,14,Control,M,54
8933,1984,DS,spectabilis,17,Control,M,126
8935,1984,DM,merriami,18,Short-term Krat Exclosure,F,41
8936,1984,DM,merriami,17,Control,F,41
8937,1984,DM,merriami,12,Control,M,44
8938,1984,DM,merriami,18,Short-term Krat Exclosure,M,44
8939,1984,DM,merriami,24,Rodent Exclosure,F,47
8940,1984,DO,ordii,12,Control,M,48
8941,1984,DM,merriami,18,Short-term Krat Exclosure,F,36
8942,1984,DS,spectabilis,12,Control,M,141
8943,1984,DM,merriami,22,Control,M,51
8944,1984,DS,spectabilis,13,Short-term Krat Exclosure,M,138
8945,1984,DM,merriami,20,Short-term Krat Exclosure,M,39
8952,1984,DM,merriami,6,Short-term Krat Exclosure,M,50
8953,1984,DM,merriami,1,Spectab exclosure,M,46
8954,1984,DM,merriami,2,Control,M,43
8956,1984,DS,spectabilis,9,Spectab exclosure,F,125
8957,1984,DS,spectabilis,8,Control,F,115
8958,1984,DM,merriami,4,Control,F,38
8959,1984,DM,merriami,9,Spectab exclosure,F,43
8960,1984,DO,ordii,8,Control,F,52
8961,1984,DM,merriami,2,Control,F,38
8962,1984,DM,merriami,5,Rodent Exclosure,M,52
8964,1984,DS,spectabilis,4,Control,M,138
8965,1984,DS,spectabilis,11,Control,M,128
8966,1984,DO,ordii,8,Control,F,52
8969,1984,DM,merriami,11,Control,M,42
8970,1984,DO,ordii,9,Spectab exclosure,M,56
8971,1984,DM,merriami,5,Rodent Exclosure,F,46
8972,1984,DM,merriami,6,Short-term Krat Exclosure,M,40
8974,1984,DM,merriami,1,Spectab exclosure,M,44
8975,1984,DO,ordii,9,Spectab exclosure,F,48
8976,1984,DM,merriami,4,Control,F,40
8977,1984,DS,spectabilis,9,Spectab exclosure,M,136
8978,1984,DS,spectabilis,1,Spectab exclosure,F,101
8980,1984,DS,spectabilis,4,Control,F,136
8983,1984,DM,merriami,17,Control,M,47
8985,1984,DS,spectabilis,22,Control,M,128
8988,1984,DM,merriami,18,Short-term Krat Exclosure,F,51
8991,1984,DS,spectabilis,22,Control,M,130
8993,1984,DM,merriami,22,Control,F,58
8994,1984,DS,spectabilis,17,Control,F,121
8998,1984,DO,ordii,24,Rodent Exclosure,F,46
9000,1984,DO,ordii,12,Control,M,48
9001,1984,DM,merriami,14,Control,M,44
9002,1984,DS,spectabilis,18,Short-term Krat Exclosure,F,130
9003,1984,DM,merriami,18,Short-term Krat Exclosure,F,49
9004,1984,DM,merriami,18,Short-term Krat Exclosure,M,45
9006,1984,DS,spectabilis,22,Control,F,114
9007,1984,DS,spectabilis,13,Short-term Krat Exclosure,M,134
9009,1984,DS,spectabilis,20,Short-term Krat Exclosure,M,138
9012,1984,DS,spectabilis,22,Control,F,115
9013,1984,DM,merriami,24,Rodent Exclosure,F,44
9014,1984,DM,merriami,12,Control,F,42
9017,1984,DS,spectabilis,12,Control,M,135
9018,1984,DM,merriami,20,Short-term Krat Exclosure,M,40
9023,1984,DM,merriami,1,Spectab exclosure,F,42
9025,1984,DS,spectabilis,11,Control,M,127
9026,1984,DO,ordii,9,Spectab exclosure,M,56
9028,1984,DM,merriami,1,Spectab exclosure,M,47
9029,1984,DM,merriami,4,Control,F,42
9032,1984,DS,spectabilis,4,Control,M,127
9034,1984,DM,merriami,2,Control,M,41
9035,1984,DM,merriami,11,Control,M,42
9036,1984,DM,merriami,5,Rodent Exclosure,M,51
9037,1984,DS,spectabilis,9,Spectab exclosure,F,109
9038,1984,DO,ordii,8,Control,F,63
9040,1984,DM,merriami,1,Spectab exclosure,M,43
9041,1984,DO,ordii,9,Spectab exclosure,F,52
9047,1984,DS,spectabilis,9,Spectab exclosure,M,128
9049,1984,DS,spectabilis,4,Control,F,125
9050,1984,DM,merriami,5,Rodent Exclosure,F,41
9051,1984,DM,merriami,6,Short-term Krat Exclosure,M,43
9053,1984,DM,merriami,9,Spectab exclosure,F,49
9055,1984,DO,ordii,24,Rodent Exclosure,M,53
9056,1984,DM,merriami,14,Control,M,51
9058,1984,DM,merriami,23,Rodent Exclosure,F,48
9059,1984,DM,merriami,18,Short-term Krat Exclosure,F,47
9060,1984,DM,merriami,20,Short-term Krat Exclosure,F,47
9061,1984,DS,spectabilis,18,Short-term Krat Exclosure,M,132
9062,1984,DM,merriami,20,Short-term Krat Exclosure,F,43
9063,1984,DM,merriami,17,Control,M,48
9064,1984,DM,merriami,18,Short-term Krat Exclosure,M,46
9065,1984,DS,spectabilis,20,Short-term Krat Exclosure,M,130
9068,1984,DO,ordii,12,Control,M,51
9069,1984,DM,merriami,22,Control,F,52
9071,1984,DS,spectabilis,18,Short-term Krat Exclosure,F,119
9072,1984,DO,ordii,20,Short-term Krat Exclosure,F,59
9073,1984,DM,merriami,13,Short-term Krat Exclosure,F,46
9074,1984,DO,ordii,24,Rodent Exclosure,M,38
9075,1984,DM,merriami,17,Control,F,50
9076,1984,DM,merriami,20,Short-term Krat Exclosure,F,41
9077,1984,DO,ordii,24,Rodent Exclosure,F,45
9078,1984,DM,merriami,14,Control,F,42
9079,1984,DM,merriami,12,Control,M,40
9080,1984,DM,merriami,14,Control,M,39
9081,1984,DM,merriami,20,Short-term Krat Exclosure,M,41
9082,1984,DM,merriami,13,Short-term Krat Exclosure,F,54
9084,1984,DM,merriami,18,Short-term Krat Exclosure,M,44
9087,1984,DM,merriami,17,Control,F,36
9088,1984,DM,merriami,17,Control,M,38
9089,1984,DM,merriami,24,Rodent Exclosure,F,40
9090,1984,DM,merriami,12,Control,M,47
9091,1984,DM,merriami,13,Short-term Krat Exclosure,M,44
9092,1984,DS,spectabilis,20,Short-term Krat Exclosure,NA,117
9095,1984,DS,spectabilis,22,Control,F,110
9097,1984,DM,merriami,12,Control,F,38
9098,1984,DO,ordii,14,Control,F,40
9099,1984,DM,merriami,24,Rodent Exclosure,F,47
9100,1984,DM,merriami,14,Control,F,45
9101,1984,DM,merriami,20,Short-term Krat Exclosure,F,41
9102,1984,DM,merriami,24,Rodent Exclosure,M,33
9103,1984,DO,ordii,14,Control,M,54
9105,1984,DO,ordii,14,Control,M,59
9106,1984,DO,ordii,18,Short-term Krat Exclosure,M,51
9107,1984,DM,merriami,24,Rodent Exclosure,F,26
9108,1984,DM,merriami,17,Control,M,49
9111,1984,DM,merriami,24,Rodent Exclosure,M,41
9112,1984,DS,spectabilis,20,Short-term Krat Exclosure,F,126
9113,1984,DM,merriami,20,Short-term Krat Exclosure,M,49
9115,1984,DO,ordii,23,Rodent Exclosure,M,28
9116,1984,DM,merriami,20,Short-term Krat Exclosure,M,51
9117,1984,DO,ordii,16,Rodent Exclosure,M,56
9118,1984,DM,merriami,17,Control,M,41
9119,1984,DM,merriami,24,Rodent Exclosure,M,48
9121,1984,DM,merriami,1,Spectab exclosure,F,47
9123,1984,DM,merriami,4,Control,M,49
9124,1984,DM,merriami,6,Short-term Krat Exclosure,F,49
9126,1984,DM,merriami,1,Spectab exclosure,M,44
9128,1984,DM,merriami,1,Spectab exclosure,F,46
9129,1984,DM,merriami,1,Spectab exclosure,F,38
9130,1984,DO,ordii,9,Spectab exclosure,F,67
9131,1984,DM,merriami,1,Spectab exclosure,F,43
9133,1984,DM,merriami,2,Control,F,44
9134,1984,DM,merriami,6,Short-term Krat Exclosure,M,47
9135,1984,DM,merriami,3,Long-term Krat Exclosure,M,27
9136,1984,DS,spectabilis,8,Control,F,122
9138,1984,DM,merriami,5,Rodent Exclosure,F,63
9140,1984,DM,merriami,6,Short-term Krat Exclosure,F,47
9141,1984,DO,ordii,11,Control,F,25
9142,1984,DO,ordii,11,Control,F,60
9144,1984,DS,spectabilis,8,Control,F,123
9146,1984,DM,merriami,1,Spectab exclosure,M,44
9148,1984,DS,spectabilis,11,Control,M,133
9149,1984,DO,ordii,1,Spectab exclosure,F,51
9150,1984,DM,merriami,4,Control,M,46
9151,1984,DM,merriami,9,Spectab exclosure,M,25
9152,1984,DO,ordii,2,Control,F,50
9156,1984,DM,merriami,2,Control,M,45
9158,1984,DO,ordii,1,Spectab exclosure,F,54
9160,1984,DM,merriami,11,Control,M,47
9161,1984,DM,merriami,3,Long-term Krat Exclosure,F,45
9162,1984,DM,merriami,1,Spectab exclosure,F,39
9163,1984,DO,ordii,6,Short-term Krat Exclosure,M,51
9164,1984,DO,ordii,2,Control,M,56
9165,1984,DS,spectabilis,4,Control,M,133
9166,1984,DM,merriami,5,Rodent Exclosure,F,40
9167,1984,DM,merriami,9,Spectab exclosure,M,47
9168,1984,DS,spectabilis,9,Spectab exclosure,M,126
9169,1984,DM,merriami,5,Rodent Exclosure,M,52
9170,1984,DM,merriami,9,Spectab exclosure,F,48
9172,1984,DM,merriami,9,Spectab exclosure,F,51
9173,1984,DO,ordii,9,Spectab exclosure,F,56
9174,1984,DS,spectabilis,4,Control,F,120
9175,1984,DM,merriami,9,Spectab exclosure,F,46
9176,1984,DO,ordii,1,Spectab exclosure,F,56
9177,1984,DM,merriami,9,Spectab exclosure,M,45
9179,1984,DM,merriami,9,Spectab exclosure,F,23
9180,1984,DM,merriami,2,Control,M,46
9182,1984,DM,merriami,2,Control,F,45
9183,1984,DM,merriami,5,Rodent Exclosure,M,48
9184,1984,DO,ordii,9,Spectab exclosure,M,55
9185,1984,DM,merriami,8,Control,F,43
9186,1984,DM,merriami,5,Rodent Exclosure,F,18
9187,1984,DO,ordii,11,Control,M,46
9188,1984,DM,merriami,9,Spectab exclosure,M,49
9190,1984,DM,merriami,9,Spectab exclosure,F,47
9191,1984,DM,merriami,11,Control,F,43
9192,1984,DO,ordii,8,Control,F,53
9193,1984,DM,merriami,4,Control,F,44
9194,1984,DO,ordii,5,Rodent Exclosure,F,36
9195,1984,DM,merriami,6,Short-term Krat Exclosure,M,42
9197,1984,DM,merriami,15,Long-term Krat Exclosure,F,43
9203,1984,DO,ordii,24,Rodent Exclosure,M,43
9205,1984,DM,merriami,20,Short-term Krat Exclosure,M,44
9207,1984,DO,ordii,20,Short-term Krat Exclosure,F,24
9208,1984,DS,spectabilis,22,Control,F,119
9210,1984,DM,merriami,16,Rodent Exclosure,F,24
9212,1984,DM,merriami,24,Rodent Exclosure,F,50
9213,1984,DM,merriami,18,Short-term Krat Exclosure,M,50
9216,1984,DO,ordii,14,Control,F,43
9219,1984,DM,merriami,12,Control,F,24
9222,1984,DM,merriami,24,Rodent Exclosure,M,23
9223,1984,DM,merriami,20,Short-term Krat Exclosure,M,20
9224,1984,DS,spectabilis,22,Control,F,117
9225,1984,DM,merriami,17,Control,F,43
9226,1984,DO,ordii,18,Short-term Krat Exclosure,M,49
9227,1984,DM,merriami,16,Rodent Exclosure,F,21
9230,1984,DM,merriami,12,Control,F,24
9232,1984,DM,merriami,24,Rodent Exclosure,M,24
9233,1984,DM,merriami,16,Rodent Exclosure,F,45
9237,1984,DM,merriami,12,Control,F,44
9239,1984,DM,merriami,17,Control,M,42
9240,1984,DM,merriami,24,Rodent Exclosure,F,25
9244,1984,DS,spectabilis,4,Control,M,121
9250,1984,DM,merriami,4,Control,M,33
9251,1984,DM,merriami,6,Short-term Krat Exclosure,F,26
9252,1984,DO,ordii,9,Spectab exclosure,M,55
9256,1984,DO,ordii,8,Control,F,56
9258,1984,DM,merriami,9,Spectab exclosure,F,43
9261,1984,DM,merriami,4,Control,M,45
9262,1984,DM,merriami,11,Control,M,29
9263,1984,DO,ordii,11,Control,F,28
9267,1984,DM,merriami,1,Spectab exclosure,M,43
9269,1984,DM,merriami,2,Control,M,44
9271,1984,DM,merriami,5,Rodent Exclosure,F,48
9273,1984,DO,ordii,8,Control,F,49
9274,1984,DM,merriami,11,Control,M,49
9275,1984,DM,merriami,4,Control,F,29
9279,1984,DM,merriami,4,Control,F,44
9280,1984,DM,merriami,5,Rodent Exclosure,F,25
9281,1984,DM,merriami,11,Control,F,32
9283,1984,DM,merriami,9,Spectab exclosure,F,29
9290,1984,DM,merriami,17,Control,M,47
9293,1984,DM,merriami,20,Short-term Krat Exclosure,M,33
9295,1984,DM,merriami,12,Control,F,33
9296,1984,DS,spectabilis,22,Control,F,115
9297,1984,DM,merriami,20,Short-term Krat Exclosure,M,45
9299,1984,DO,ordii,24,Rodent Exclosure,M,45
9300,1984,DM,merriami,17,Control,F,43
9309,1984,DM,merriami,12,Control,F,40
9311,1984,DM,merriami,20,Short-term Krat Exclosure,M,33
9314,1984,DM,merriami,24,Rodent Exclosure,M,34
9315,1984,DM,merriami,24,Rodent Exclosure,F,46
9316,1984,DM,merriami,17,Control,M,31
9318,1984,DM,merriami,14,Control,M,38
9320,1984,DM,merriami,13,Short-term Krat Exclosure,M,46
9321,1984,DM,merriami,17,Control,F,36
9322,1984,DO,ordii,14,Control,F,45
9326,1984,DO,ordii,11,Control,M,51
9329,1984,DM,merriami,8,Control,M,42
9331,1984,DM,merriami,4,Control,M,37
9332,1984,DM,merriami,1,Spectab exclosure,F,41
9333,1984,DM,merriami,4,Control,F,38
9334,1984,DO,ordii,8,Control,M,57
9337,1984,DM,merriami,4,Control,M,45
9338,1984,DO,ordii,11,Control,F,57
9340,1984,DO,ordii,8,Control,F,59
9347,1984,DM,merriami,5,Rodent Exclosure,M,50
9352,1984,DM,merriami,4,Control,F,46
9353,1984,DM,merriami,4,Control,M,19
9355,1984,DM,merriami,5,Rodent Exclosure,F,50
9356,1984,DM,merriami,9,Spectab exclosure,M,38
9358,1984,DM,merriami,1,Spectab exclosure,M,44
9362,1984,DM,merriami,4,Control,F,27
9365,1984,DO,ordii,8,Control,F,20
9366,1984,DM,merriami,11,Control,M,50
9367,1984,DM,merriami,11,Control,F,38
9368,1984,DM,merriami,11,Control,M,35
9373,1984,DM,merriami,12,Control,M,49
9378,1984,DM,merriami,17,Control,F,42
9382,1984,DM,merriami,20,Short-term Krat Exclosure,M,35
9387,1984,DM,merriami,12,Control,F,43
9388,1984,DM,merriami,20,Short-term Krat Exclosure,M,46
9391,1984,DM,merriami,24,Rodent Exclosure,M,37
9392,1984,DM,merriami,24,Rodent Exclosure,F,40
9394,1984,DM,merriami,18,Short-term Krat Exclosure,M,47
9395,1984,DM,merriami,12,Control,F,32
9397,1984,DO,ordii,14,Control,F,48
9399,1984,DM,merriami,12,Control,F,46
9400,1984,DM,merriami,14,Control,M,41
9405,1984,DM,merriami,17,Control,F,39
9409,1984,DS,spectabilis,12,Control,M,123
9417,1984,DO,ordii,8,Control,M,52
9422,1984,DM,merriami,4,Control,F,39
9426,1984,DO,ordii,11,Control,M,54
9427,1984,DS,spectabilis,4,Control,M,132
9430,1984,DM,merriami,4,Control,M,46
9431,1984,DM,merriami,11,Control,M,39
9432,1984,DM,merriami,5,Rodent Exclosure,F,40
9440,1984,DM,merriami,4,Control,F,32
9447,1984,DM,merriami,1,Spectab exclosure,M,42
9450,1984,DS,spectabilis,4,Control,F,121
9451,1984,DM,merriami,11,Control,F,39
9452,1984,DM,merriami,2,Control,F,39
9453,1984,DM,merriami,9,Spectab exclosure,F,43
9454,1984,DM,merriami,8,Control,M,43
9455,1984,DM,merriami,20,Short-term Krat Exclosure,M,38
9468,1984,DM,merriami,17,Control,F,42
9470,1984,DM,merriami,12,Control,F,41
9472,1984,DM,merriami,20,Short-term Krat Exclosure,M,38
9474,1984,DM,merriami,12,Control,F,44
9478,1984,DM,merriami,24,Rodent Exclosure,M,39
9481,1984,DM,merriami,17,Control,F,43
9485,1984,DM,merriami,12,Control,F,37
9486,1984,DM,merriami,24,Rodent Exclosure,F,43
9487,1984,DM,merriami,18,Short-term Krat Exclosure,M,48
9492,1984,DO,ordii,8,Control,M,55
9493,1984,DM,merriami,9,Spectab exclosure,M,45
9496,1984,DM,merriami,1,Spectab exclosure,F,43
9498,1984,DM,merriami,5,Rodent Exclosure,M,51
9499,1984,DM,merriami,4,Control,M,45
9500,1984,DM,merriami,1,Spectab exclosure,M,37
9503,1984,DM,merriami,11,Control,M,40
9507,1984,DO,ordii,8,Control,F,54
9508,1984,DM,merriami,4,Control,F,33
9509,1984,DO,ordii,8,Control,F,52
9510,1984,DM,merriami,11,Control,F,43
9513,1984,DM,merriami,13,Short-term Krat Exclosure,M,45
9514,1984,DO,ordii,2,Control,F,36
9515,1984,DM,merriami,5,Rodent Exclosure,F,49
9516,1984,DM,merriami,8,Control,M,45
9518,1984,DM,merriami,12,Control,M,40
9520,1984,DM,merriami,6,Short-term Krat Exclosure,M,37
9523,1984,DM,merriami,14,Control,F,42
9524,1984,DM,merriami,17,Control,M,29
9525,1984,DM,merriami,17,Control,F,44
9527,1984,DO,ordii,18,Short-term Krat Exclosure,M,54
9529,1984,DM,merriami,6,Short-term Krat Exclosure,F,35
9530,1984,DM,merriami,12,Control,F,40
9532,1984,DM,merriami,24,Rodent Exclosure,M,45
9533,1984,DM,merriami,17,Control,M,25
9534,1984,DM,merriami,6,Short-term Krat Exclosure,F,36
9535,1984,DM,merriami,20,Short-term Krat Exclosure,M,41
9537,1984,DO,ordii,20,Short-term Krat Exclosure,M,47
9539,1984,DS,spectabilis,22,Control,F,115
9542,1984,DM,merriami,12,Control,F,34
9543,1984,DM,merriami,20,Short-term Krat Exclosure,M,39
9545,1984,DM,merriami,12,Control,F,45
9546,1984,DM,merriami,12,Control,F,41
9547,1984,DM,merriami,17,Control,F,41
9549,1984,DM,merriami,18,Short-term Krat Exclosure,M,49
9552,1984,DM,merriami,14,Control,M,40
9553,1984,DM,merriami,24,Rodent Exclosure,M,37
9556,1984,DM,merriami,14,Control,M,44
9557,1984,DM,merriami,24,Rodent Exclosure,F,42
9562,1984,DO,ordii,11,Control,M,40
9563,1984,DS,spectabilis,11,Control,F,90
9564,1984,DO,ordii,1,Spectab exclosure,M,52
9566,1984,DM,merriami,1,Spectab exclosure,M,40
9568,1984,DM,merriami,11,Control,F,39
9570,1984,DM,merriami,9,Spectab exclosure,M,41
9572,1984,DM,merriami,2,Control,F,34
9574,1984,DO,ordii,8,Control,M,40
9575,1984,DO,ordii,13,Short-term Krat Exclosure,M,46
9577,1984,DM,merriami,3,Long-term Krat Exclosure,F,34
9578,1984,DO,ordii,8,Control,F,65
9579,1984,DM,merriami,4,Control,F,40
9580,1984,DM,merriami,8,Control,M,44
9582,1984,DM,merriami,5,Rodent Exclosure,M,55
9584,1984,DM,merriami,5,Rodent Exclosure,F,28
9585,1984,DM,merriami,9,Spectab exclosure,M,38
9586,1984,DM,merriami,1,Spectab exclosure,F,28
9588,1984,DO,ordii,1,Spectab exclosure,M,47
9589,1984,DM,merriami,4,Control,F,38
9590,1984,DO,ordii,2,Control,M,49
9591,1984,DM,merriami,4,Control,M,49
9592,1984,DM,merriami,5,Rodent Exclosure,F,45
9593,1984,DM,merriami,8,Control,M,33
9594,1984,DM,merriami,8,Control,F,35
9595,1984,DM,merriami,9,Spectab exclosure,M,46
9597,1984,DM,merriami,5,Rodent Exclosure,M,25
9600,1984,DM,merriami,13,Short-term Krat Exclosure,F,39
9601,1984,DM,merriami,3,Long-term Krat Exclosure,M,35
9603,1984,DM,merriami,9,Spectab exclosure,F,38
9604,1984,DM,merriami,1,Spectab exclosure,F,40
9606,1984,DM,merriami,5,Rodent Exclosure,F,22
9607,1984,DM,merriami,5,Rodent Exclosure,M,44
9608,1984,DM,merriami,1,Spectab exclosure,M,47
9609,1984,DM,merriami,11,Control,F,39
9610,1984,DM,merriami,11,Control,M,40
9611,1984,DM,merriami,8,Control,M,43
9613,1984,DS,spectabilis,8,Control,M,130
9615,1984,DM,merriami,22,Control,F,37
9617,1984,DM,merriami,12,Control,M,39
9618,1984,DM,merriami,22,Control,F,47
9619,1984,DM,merriami,22,Control,M,48
9620,1984,DM,merriami,17,Control,M,35
9621,1984,DO,ordii,12,Control,F,36
9622,1984,DM,merriami,22,Control,M,47
9626,1984,DM,merriami,17,Control,F,42
9628,1984,DM,merriami,14,Control,F,41
9629,1984,DM,merriami,6,Short-term Krat Exclosure,F,38
9630,1984,DM,merriami,12,Control,F,39
9632,1984,DM,merriami,17,Control,F,42
9634,1984,DM,merriami,20,Short-term Krat Exclosure,M,39
9635,1984,DM,merriami,17,Control,M,35
9636,1984,DM,merriami,12,Control,F,41
9637,1984,DM,merriami,24,Rodent Exclosure,M,42
9638,1984,DM,merriami,22,Control,F,36
9639,1984,DO,ordii,20,Short-term Krat Exclosure,M,44
9640,1984,DM,merriami,24,Rodent Exclosure,F,40
9642,1984,DM,merriami,12,Control,F,42
9647,1984,DO,ordii,6,Short-term Krat Exclosure,M,46
9654,1984,DO,ordii,17,Control,F,52
9657,1984,DM,merriami,14,Control,M,44
9658,1984,DM,merriami,18,Short-term Krat Exclosure,M,47
9659,1984,DM,merriami,20,Short-term Krat Exclosure,M,38
9660,1984,DM,merriami,24,Rodent Exclosure,M,36
9661,1984,DM,merriami,14,Control,M,39
9663,1984,DM,merriami,12,Control,F,40
9665,1984,DM,merriami,4,Control,F,38
9666,1984,DS,spectabilis,11,Control,F,98
9667,1984,DO,ordii,9,Spectab exclosure,F,48
9668,1984,DM,merriami,13,Short-term Krat Exclosure,M,42
9669,1984,DO,ordii,9,Spectab exclosure,F,46
9671,1984,DM,merriami,1,Spectab exclosure,M,39
9672,1984,DM,merriami,2,Control,F,40
9673,1984,DM,merriami,5,Rodent Exclosure,F,34
9674,1984,DO,ordii,8,Control,F,26
9675,1984,DM,merriami,1,Spectab exclosure,F,38
9676,1984,DS,spectabilis,8,Control,M,138
9677,1984,DM,merriami,4,Control,F,40
9678,1984,DM,merriami,11,Control,F,33
9679,1984,DM,merriami,9,Spectab exclosure,M,40
9681,1984,DO,ordii,8,Control,F,46
9682,1984,DO,ordii,2,Control,F,43
9683,1984,DO,ordii,11,Control,M,46
9684,1984,DM,merriami,11,Control,F,36
9685,1984,DO,ordii,8,Control,M,46
9686,1984,DM,merriami,9,Spectab exclosure,M,22
9687,1984,DM,merriami,8,Control,M,40
9689,1984,DM,merriami,9,Spectab exclosure,M,40
9691,1984,DM,merriami,11,Control,M,42
9692,1984,DM,merriami,1,Spectab exclosure,M,33
9693,1984,DM,merriami,8,Control,F,39
9694,1984,DO,ordii,2,Control,M,49
9696,1984,DM,merriami,8,Control,F,35
9698,1984,DM,merriami,1,Spectab exclosure,M,42
9700,1984,DM,merriami,5,Rodent Exclosure,F,30
9701,1984,DM,merriami,4,Control,M,44
9702,1984,DM,merriami,1,Spectab exclosure,F,38
9705,1984,DM,merriami,13,Short-term Krat Exclosure,F,37
9707,1984,DM,merriami,11,Control,F,39
9708,1984,DM,merriami,9,Spectab exclosure,M,42
9711,1984,DM,merriami,13,Short-term Krat Exclosure,M,40
9715,1984,DM,merriami,20,Short-term Krat Exclosure,M,48
9717,1984,DO,ordii,6,Short-term Krat Exclosure,M,61
9718,1984,DM,merriami,12,Control,F,45
9719,1984,DM,merriami,12,Control,M,46
9720,1984,DO,ordii,12,Control,M,54
9721,1984,DM,merriami,6,Short-term Krat Exclosure,F,46
9722,1984,DM,merriami,17,Control,M,41
9723,1984,DM,merriami,12,Control,F,45
9724,1984,DM,merriami,12,Control,F,44
9726,1984,DO,ordii,20,Short-term Krat Exclosure,M,50
9727,1984,DM,merriami,24,Rodent Exclosure,M,49
9728,1984,DM,merriami,14,Control,M,51
9730,1984,DM,merriami,18,Short-term Krat Exclosure,M,51
9732,1984,DM,merriami,12,Control,F,46
9733,1984,DM,merriami,24,Rodent Exclosure,M,40
9735,1984,DM,merriami,16,Rodent Exclosure,M,47
9736,1984,DM,merriami,12,Control,M,54
9737,1984,DO,ordii,17,Control,M,64
9738,1984,DO,ordii,6,Short-term Krat Exclosure,F,60
9739,1984,DM,merriami,16,Rodent Exclosure,F,46
9740,1984,DM,merriami,17,Control,M,52
9741,1984,DO,ordii,6,Short-term Krat Exclosure,F,51
9752,1984,DM,merriami,5,Rodent Exclosure,F,30
9753,1984,DM,merriami,4,Control,F,33
9754,1984,DO,ordii,2,Control,F,51
9755,1984,DM,merriami,5,Rodent Exclosure,F,27
9756,1984,DO,ordii,4,Control,M,38
9757,1984,DO,ordii,9,Spectab exclosure,M,42
9758,1984,DO,ordii,1,Spectab exclosure,M,56
9759,1984,DM,merriami,4,Control,M,35
9760,1984,DS,spectabilis,8,Control,M,142
9761,1984,DM,merriami,5,Rodent Exclosure,F,32
9762,1984,DM,merriami,2,Control,F,36
9763,1984,DM,merriami,9,Spectab exclosure,M,38
9764,1984,DM,merriami,13,Short-term Krat Exclosure,M,33
9766,1984,DM,merriami,5,Rodent Exclosure,M,46
9767,1984,DM,merriami,2,Control,F,34
9769,1984,DM,merriami,4,Control,F,33
9770,1984,DM,merriami,5,Rodent Exclosure,M,32
9771,1984,DO,ordii,8,Control,F,40
9772,1984,DM,merriami,13,Short-term Krat Exclosure,F,30
9775,1984,DO,ordii,9,Spectab exclosure,F,35
9776,1984,DM,merriami,8,Control,M,35
9778,1984,DO,ordii,5,Rodent Exclosure,F,33
9779,1984,DM,merriami,13,Short-term Krat Exclosure,M,33
9781,1984,DM,merriami,4,Control,M,44
9783,1984,DM,merriami,11,Control,F,34
9784,1984,DM,merriami,1,Spectab exclosure,F,45
9785,1984,DO,ordii,2,Control,M,45
9786,1984,DM,merriami,5,Rodent Exclosure,F,33
9787,1984,DM,merriami,1,Spectab exclosure,M,51
9788,1984,DM,merriami,11,Control,M,35
9792,1985,DO,ordii,6,Short-term Krat Exclosure,M,48
9793,1985,DO,ordii,12,Control,F,40
9795,1985,DO,ordii,12,Control,M,48
9796,1985,DM,merriami,6,Short-term Krat Exclosure,F,35
9797,1985,DM,merriami,14,Control,M,45
9798,1985,DM,merriami,6,Short-term Krat Exclosure,F,38
9800,1985,DM,merriami,6,Short-term Krat Exclosure,M,45
9803,1985,DM,merriami,6,Short-term Krat Exclosure,F,32
9804,1985,DM,merriami,12,Control,F,30
9805,1985,DO,ordii,12,Control,M,41
9806,1985,DM,merriami,20,Short-term Krat Exclosure,M,37
9807,1985,DM,merriami,12,Control,F,33
9813,1985,DO,ordii,20,Short-term Krat Exclosure,M,30
9814,1985,DM,merriami,6,Short-term Krat Exclosure,M,37
9815,1985,DO,ordii,12,Control,F,48
9816,1985,DM,merriami,18,Short-term Krat Exclosure,M,39
9817,1985,DO,ordii,6,Short-term Krat Exclosure,F,44
9818,1985,DM,merriami,12,Control,M,30
9820,1985,DM,merriami,18,Short-term Krat Exclosure,M,43
9821,1985,DM,merriami,24,Rodent Exclosure,M,39
9822,1985,DO,ordii,17,Control,F,51
9824,1985,DO,ordii,6,Short-term Krat Exclosure,M,44
9825,1985,DM,merriami,12,Control,M,35
9826,1985,DO,ordii,20,Short-term Krat Exclosure,M,41
9827,1985,DM,merriami,18,Short-term Krat Exclosure,F,37
9829,1985,DM,merriami,16,Rodent Exclosure,M,41
9830,1985,DM,merriami,16,Rodent Exclosure,F,35
9831,1985,DM,merriami,24,Rodent Exclosure,M,37
9832,1985,DM,merriami,12,Control,F,36
9835,1985,DM,merriami,16,Rodent Exclosure,F,34
9836,1985,DM,merriami,18,Short-term Krat Exclosure,M,38
9838,1985,DO,ordii,6,Short-term Krat Exclosure,M,43
9840,1985,DO,ordii,18,Short-term Krat Exclosure,M,55
9841,1985,DM,merriami,16,Rodent Exclosure,M,39
9842,1985,DM,merriami,6,Short-term Krat Exclosure,F,27
9843,1985,DM,merriami,14,Control,M,39
9846,1985,DO,ordii,6,Short-term Krat Exclosure,F,34
9847,1985,DM,merriami,17,Control,M,40
9849,1985,DO,ordii,6,Short-term Krat Exclosure,F,39
9850,1985,DM,merriami,16,Rodent Exclosure,M,36
9851,1985,DM,merriami,24,Rodent Exclosure,M,35
9852,1985,DO,ordii,6,Short-term Krat Exclosure,F,39
9854,1985,DM,merriami,24,Rodent Exclosure,F,34
9855,1985,DM,merriami,6,Short-term Krat Exclosure,M,37
9858,1985,DM,merriami,12,Control,F,36
9863,1985,DM,merriami,1,Spectab exclosure,F,40
9865,1985,DM,merriami,4,Control,F,33
9866,1985,DO,ordii,1,Spectab exclosure,M,48
9867,1985,DM,merriami,4,Control,M,36
9868,1985,DM,merriami,5,Rodent Exclosure,F,33
9869,1985,DM,merriami,1,Spectab exclosure,M,37
9870,1985,DM,merriami,5,Rodent Exclosure,F,34
9872,1985,DM,merriami,1,Spectab exclosure,M,38
9873,1985,DM,merriami,2,Control,F,30
9874,1985,DO,ordii,4,Control,M,37
9875,1985,DM,merriami,5,Rodent Exclosure,F,25
9876,1985,DM,merriami,13,Short-term Krat Exclosure,M,32
9877,1985,DM,merriami,4,Control,F,33
9878,1985,DM,merriami,5,Rodent Exclosure,M,47
9880,1985,DM,merriami,2,Control,M,44
9881,1985,DO,ordii,8,Control,F,41
9884,1985,DM,merriami,5,Rodent Exclosure,M,30
9885,1985,DO,ordii,8,Control,M,43
9886,1985,DM,merriami,9,Spectab exclosure,M,38
9887,1985,DM,merriami,11,Control,M,39
9888,1985,DO,ordii,9,Spectab exclosure,F,55
9889,1985,DO,ordii,1,Spectab exclosure,F,39
9890,1985,DO,ordii,9,Spectab exclosure,M,48
9892,1985,DS,spectabilis,2,Control,F,106
9893,1985,DM,merriami,1,Spectab exclosure,F,30
9894,1985,DM,merriami,2,Control,F,33
9897,1985,DM,merriami,1,Spectab exclosure,F,36
9898,1985,DM,merriami,13,Short-term Krat Exclosure,F,30
9899,1985,DO,ordii,9,Spectab exclosure,M,50
9900,1985,DM,merriami,1,Spectab exclosure,M,39
9901,1985,DM,merriami,2,Control,M,35
9902,1985,DM,merriami,5,Rodent Exclosure,M,41
9904,1985,DM,merriami,3,Long-term Krat Exclosure,M,42
9905,1985,DO,ordii,1,Spectab exclosure,M,48
9906,1985,DM,merriami,4,Control,M,44
9907,1985,DO,ordii,2,Control,F,48
9908,1985,DM,merriami,1,Spectab exclosure,F,38
9910,1985,DO,ordii,9,Spectab exclosure,M,52
9911,1985,DM,merriami,13,Short-term Krat Exclosure,M,30
9912,1985,DS,spectabilis,1,Spectab exclosure,M,147
9913,1985,DO,ordii,2,Control,M,44
9914,1985,DO,ordii,9,Spectab exclosure,F,32
9916,1985,DM,merriami,1,Spectab exclosure,F,40
9917,1985,DM,merriami,1,Spectab exclosure,M,37
9918,1985,DM,merriami,11,Control,F,43
9919,1985,DM,merriami,8,Control,M,36
9920,1985,DM,merriami,2,Control,F,36
9921,1985,DM,merriami,5,Rodent Exclosure,F,31
9922,1985,DO,ordii,5,Rodent Exclosure,F,33
9923,1985,DM,merriami,9,Spectab exclosure,F,33
9925,1985,DM,merriami,6,Short-term Krat Exclosure,F,33
9927,1985,DM,merriami,17,Control,M,36
9929,1985,DM,merriami,16,Rodent Exclosure,M,37
9930,1985,DM,merriami,6,Short-term Krat Exclosure,M,38
9931,1985,DM,merriami,6,Short-term Krat Exclosure,F,33
9935,1985,DM,merriami,16,Rodent Exclosure,F,40
9936,1985,DO,ordii,12,Control,F,40
9938,1985,DM,merriami,6,Short-term Krat Exclosure,F,39
9940,1985,DM,merriami,12,Control,M,38
9942,1985,DO,ordii,12,Control,M,41
9943,1985,DO,ordii,6,Short-term Krat Exclosure,M,52
9944,1985,DM,merriami,22,Control,M,43
9945,1985,DO,ordii,20,Short-term Krat Exclosure,M,43
9946,1985,DM,merriami,6,Short-term Krat Exclosure,F,30
9948,1985,DM,merriami,6,Short-term Krat Exclosure,M,49
9951,1985,DM,merriami,24,Rodent Exclosure,M,41
9952,1985,DM,merriami,14,Control,M,42
9954,1985,DM,merriami,12,Control,F,41
9955,1985,DM,merriami,12,Control,F,38
9956,1985,DM,merriami,22,Control,F,33
9957,1985,DO,ordii,12,Control,F,47
9958,1985,DM,merriami,18,Short-term Krat Exclosure,M,40
9959,1985,DM,merriami,24,Rodent Exclosure,M,38
9960,1985,DO,ordii,6,Short-term Krat Exclosure,F,53
9963,1985,DO,ordii,6,Short-term Krat Exclosure,F,40
9965,1985,DM,merriami,17,Control,M,42
9968,1985,DO,ordii,6,Short-term Krat Exclosure,F,42
9969,1985,DO,ordii,6,Short-term Krat Exclosure,M,47
9970,1985,DM,merriami,12,Control,M,45
9971,1985,DM,merriami,16,Rodent Exclosure,M,42
9972,1985,DO,ordii,6,Short-term Krat Exclosure,M,43
9973,1985,DM,merriami,16,Rodent Exclosure,M,41
9974,1985,DM,merriami,6,Short-term Krat Exclosure,M,39
9977,1985,DO,ordii,4,Control,M,43
9978,1985,DM,merriami,5,Rodent Exclosure,F,27
9979,1985,DM,merriami,1,Spectab exclosure,NA,42
9980,1985,DM,merriami,2,Control,F,37
9981,1985,DS,spectabilis,9,Spectab exclosure,F,120
9982,1985,DM,merriami,4,Control,M,36
9983,1985,DS,spectabilis,9,Spectab exclosure,M,81
9984,1985,DM,merriami,2,Control,M,39
9985,1985,DM,merriami,9,Spectab exclosure,M,40
9986,1985,DM,merriami,13,Short-term Krat Exclosure,M,33
9987,1985,DM,merriami,3,Long-term Krat Exclosure,M,44
9988,1985,DM,merriami,5,Rodent Exclosure,F,36
9989,1985,DM,merriami,13,Short-term Krat Exclosure,F,39
9992,1985,DM,merriami,1,Spectab exclosure,F,36
9993,1985,DO,ordii,8,Control,M,45
9994,1985,DM,merriami,4,Control,F,33
9996,1985,DS,spectabilis,8,Control,M,150
9997,1985,DM,merriami,4,Control,F,35
9998,1985,DM,merriami,5,Rodent Exclosure,M,44
10001,1985,DM,merriami,2,Control,F,39
10002,1985,DO,ordii,9,Spectab exclosure,M,51
10003,1985,DM,merriami,5,Rodent Exclosure,F,33
10004,1985,DM,merriami,2,Control,F,37
10005,1985,DM,merriami,11,Control,M,41
10006,1985,DM,merriami,2,Control,F,42
10008,1985,DM,merriami,4,Control,F,36
10010,1985,DO,ordii,1,Spectab exclosure,M,51
10011,1985,DM,merriami,13,Short-term Krat Exclosure,F,33
10012,1985,DO,ordii,9,Spectab exclosure,F,36
10013,1985,DO,ordii,1,Spectab exclosure,M,46
10015,1985,DO,ordii,5,Rodent Exclosure,F,35
10016,1985,DM,merriami,15,Long-term Krat Exclosure,F,32
10017,1985,DM,merriami,13,Short-term Krat Exclosure,M,33
10020,1985,DM,merriami,1,Spectab exclosure,F,34
10021,1985,DM,merriami,2,Control,M,44
10024,1985,DO,ordii,1,Spectab exclosure,F,59
10026,1985,DM,merriami,5,Rodent Exclosure,M,49
10027,1985,DM,merriami,8,Control,M,41
10028,1985,DM,merriami,13,Short-term Krat Exclosure,M,38
10031,1985,DM,merriami,2,Control,F,37
10032,1985,DM,merriami,11,Control,F,32
10033,1985,DO,ordii,12,Control,M,50
10034,1985,DM,merriami,21,Long-term Krat Exclosure,F,40
10035,1985,DM,merriami,6,Short-term Krat Exclosure,M,43
10036,1985,DM,merriami,6,Short-term Krat Exclosure,M,37
10037,1985,DM,merriami,21,Long-term Krat Exclosure,F,43
10038,1985,DM,merriami,6,Short-term Krat Exclosure,F,41
10039,1985,DM,merriami,6,Short-term Krat Exclosure,F,33
10041,1985,DM,merriami,6,Short-term Krat Exclosure,M,46
10042,1985,DM,merriami,14,Control,F,42
10046,1985,DM,merriami,6,Short-term Krat Exclosure,M,50
10047,1985,DM,merriami,16,Rodent Exclosure,F,35
10050,1985,DM,merriami,12,Control,M,47
10052,1985,DM,merriami,16,Rodent Exclosure,M,44
10055,1985,DO,ordii,20,Short-term Krat Exclosure,M,43
10056,1985,DM,merriami,18,Short-term Krat Exclosure,F,34
10057,1985,DO,ordii,12,Control,F,54
10059,1985,DM,merriami,24,Rodent Exclosure,F,39
10060,1985,DM,merriami,12,Control,M,43
10061,1985,DM,merriami,18,Short-term Krat Exclosure,M,43
10062,1985,DM,merriami,12,Control,F,38
10063,1985,DM,merriami,24,Rodent Exclosure,M,40
10064,1985,DO,ordii,6,Short-term Krat Exclosure,F,42
10065,1985,DM,merriami,12,Control,F,40
10069,1985,DM,merriami,21,Long-term Krat Exclosure,M,43
10070,1985,DO,ordii,6,Short-term Krat Exclosure,M,47
10072,1985,DO,ordii,6,Short-term Krat Exclosure,F,45
10073,1985,DM,merriami,14,Control,M,47
10076,1985,DO,ordii,17,Control,M,20
10077,1985,DO,ordii,6,Short-term Krat Exclosure,M,46
10080,1985,DM,merriami,6,Short-term Krat Exclosure,M,45
10081,1985,DM,merriami,6,Short-term Krat Exclosure,F,33
10083,1985,DM,merriami,17,Control,F,42
10086,1985,DO,ordii,4,Control,M,40
10088,1985,DS,spectabilis,9,Spectab exclosure,F,125
10089,1985,DO,ordii,8,Control,M,48
10092,1985,DM,merriami,2,Control,F,38
10093,1985,DM,merriami,5,Rodent Exclosure,M,49
10094,1985,DO,ordii,2,Control,F,12
10095,1985,DM,merriami,3,Long-term Krat Exclosure,M,48
10096,1985,DM,merriami,5,Rodent Exclosure,M,42
10099,1985,DS,spectabilis,8,Control,M,154
10100,1985,DM,merriami,4,Control,F,33
10102,1985,DO,ordii,2,Control,F,41
10103,1985,DO,ordii,4,Control,F,45
10104,1985,DO,ordii,8,Control,F,37
10105,1985,DS,spectabilis,9,Spectab exclosure,M,96
10106,1985,DS,spectabilis,1,Spectab exclosure,F,104
10107,1985,DM,merriami,13,Short-term Krat Exclosure,M,39
10109,1985,DM,merriami,2,Control,F,43
10110,1985,DM,merriami,5,Rodent Exclosure,F,41
10111,1985,DM,merriami,15,Long-term Krat Exclosure,F,43
10112,1985,DM,merriami,13,Short-term Krat Exclosure,F,40
10114,1985,DM,merriami,2,Control,F,39
10115,1985,DM,merriami,4,Control,F,40
10116,1985,DM,merriami,9,Spectab exclosure,F,43
10117,1985,DM,merriami,9,Spectab exclosure,F,42
10120,1985,DO,ordii,1,Spectab exclosure,F,49
10121,1985,DM,merriami,9,Spectab exclosure,M,40
10122,1985,DM,merriami,8,Control,F,50
10123,1985,DO,ordii,2,Control,M,46
10124,1985,DM,merriami,1,Spectab exclosure,F,37
10125,1985,DM,merriami,4,Control,F,39
10127,1985,DO,ordii,1,Spectab exclosure,M,37
10128,1985,DM,merriami,8,Control,M,43
10129,1985,DO,ordii,1,Spectab exclosure,M,37
10130,1985,DM,merriami,11,Control,M,43
10131,1985,DM,merriami,1,Spectab exclosure,M,41
10134,1985,DM,merriami,1,Spectab exclosure,M,40
10136,1985,DM,merriami,14,Control,M,52
10137,1985,DM,merriami,17,Control,M,47
10138,1985,DM,merriami,18,Short-term Krat Exclosure,M,51
10139,1985,DO,ordii,6,Short-term Krat Exclosure,F,50
10140,1985,DO,ordii,12,Control,M,53
10141,1985,DS,spectabilis,20,Short-term Krat Exclosure,M,145
10142,1985,DM,merriami,14,Control,M,48
10143,1985,DO,ordii,16,Rodent Exclosure,M,46
10144,1985,DM,merriami,6,Short-term Krat Exclosure,F,47
10146,1985,DM,merriami,14,Control,M,48
10147,1985,DM,merriami,6,Short-term Krat Exclosure,M,46
10148,1985,DO,ordii,12,Control,F,63
10149,1985,DM,merriami,14,Control,F,47
10150,1985,DM,merriami,18,Short-term Krat Exclosure,F,36
10151,1985,DM,merriami,6,Short-term Krat Exclosure,F,25
10152,1985,DM,merriami,18,Short-term Krat Exclosure,F,51
10154,1985,DM,merriami,21,Long-term Krat Exclosure,F,35
10155,1985,DO,ordii,20,Short-term Krat Exclosure,M,46
10157,1985,DM,merriami,22,Control,F,50
10158,1985,DS,spectabilis,20,Short-term Krat Exclosure,F,127
10159,1985,DM,merriami,14,Control,M,52
10160,1985,DO,ordii,12,Control,M,55
10161,1985,DM,merriami,18,Short-term Krat Exclosure,F,45
10162,1985,DM,merriami,6,Short-term Krat Exclosure,F,41
10164,1985,DM,merriami,20,Short-term Krat Exclosure,M,38
10165,1985,DM,merriami,12,Control,F,48
10166,1985,DM,merriami,18,Short-term Krat Exclosure,M,49
10167,1985,DS,spectabilis,6,Short-term Krat Exclosure,M,128
10168,1985,DO,ordii,22,Control,M,45
10169,1985,DM,merriami,22,Control,F,37
10170,1985,DM,merriami,6,Short-term Krat Exclosure,M,43
10171,1985,DM,merriami,20,Short-term Krat Exclosure,M,39
10172,1985,DO,ordii,12,Control,M,44
10174,1985,DM,merriami,12,Control,F,43
10177,1985,DM,merriami,22,Control,F,51
10178,1985,DM,merriami,14,Control,M,47
10179,1985,DM,merriami,24,Rodent Exclosure,M,43
10180,1985,DM,merriami,6,Short-term Krat Exclosure,M,49
10183,1985,DM,merriami,20,Short-term Krat Exclosure,F,48
10184,1985,DM,merriami,24,Rodent Exclosure,F,33
10185,1985,DO,ordii,6,Short-term Krat Exclosure,F,31
10188,1985,DM,merriami,19,Long-term Krat Exclosure,M,50
10190,1985,DM,merriami,12,Control,M,46
10192,1985,DM,merriami,24,Rodent Exclosure,M,46
10193,1985,DO,ordii,12,Control,M,49
10195,1985,DM,merriami,18,Short-term Krat Exclosure,F,46
10196,1985,DM,merriami,22,Control,F,50
10197,1985,DM,merriami,17,Control,M,42
10198,1985,DS,spectabilis,6,Short-term Krat Exclosure,M,134
10200,1985,DM,merriami,18,Short-term Krat Exclosure,F,43
10201,1985,DM,merriami,22,Control,M,48
10202,1985,DM,merriami,18,Short-term Krat Exclosure,M,47
10203,1985,DM,merriami,24,Rodent Exclosure,M,45
10204,1985,DM,merriami,22,Control,M,47
10205,1985,DO,ordii,18,Short-term Krat Exclosure,M,60
10206,1985,DM,merriami,19,Long-term Krat Exclosure,M,47
10208,1985,DM,merriami,24,Rodent Exclosure,F,51
10209,1985,DO,ordii,6,Short-term Krat Exclosure,M,55
10210,1985,DM,merriami,14,Control,F,49
10211,1985,DM,merriami,18,Short-term Krat Exclosure,F,31
10212,1985,DO,ordii,12,Control,F,59
10213,1985,DM,merriami,20,Short-term Krat Exclosure,M,46
10214,1985,DO,ordii,6,Short-term Krat Exclosure,M,53
10215,1985,DM,merriami,12,Control,M,41
10217,1985,DM,merriami,20,Short-term Krat Exclosure,F,52
10218,1985,DO,ordii,14,Control,F,54
10221,1985,DM,merriami,24,Rodent Exclosure,F,44
10222,1985,DM,merriami,22,Control,M,42
10223,1985,DM,merriami,20,Short-term Krat Exclosure,F,48
10224,1985,DM,merriami,14,Control,F,47
10225,1985,DO,ordii,17,Control,F,38
10226,1985,DM,merriami,18,Short-term Krat Exclosure,M,45
10227,1985,DO,ordii,6,Short-term Krat Exclosure,M,60
10228,1985,DM,merriami,20,Short-term Krat Exclosure,M,39
10230,1985,DM,merriami,24,Rodent Exclosure,M,43
10233,1985,DM,merriami,22,Control,M,39
10234,1985,DM,merriami,20,Short-term Krat Exclosure,M,50
10237,1985,DM,merriami,6,Short-term Krat Exclosure,M,46
10238,1985,DM,merriami,12,Control,M,50
10239,1985,DO,ordii,17,Control,M,46
10240,1985,DM,merriami,12,Control,M,49
10243,1985,DM,merriami,24,Rodent Exclosure,M,45
10244,1985,DM,merriami,12,Control,F,53
10245,1985,DS,spectabilis,20,Short-term Krat Exclosure,F,56
10246,1985,DM,merriami,19,Long-term Krat Exclosure,F,46
10247,1985,DM,merriami,6,Short-term Krat Exclosure,F,44
10248,1985,DM,merriami,14,Control,M,51
10249,1985,DO,ordii,18,Short-term Krat Exclosure,F,63
10251,1985,DM,merriami,12,Control,F,44
10252,1985,DS,spectabilis,20,Short-term Krat Exclosure,M,142
10254,1985,DM,merriami,2,Control,M,27
10256,1985,DM,merriami,13,Short-term Krat Exclosure,M,40
10258,1985,DM,merriami,1,Spectab exclosure,F,49
10260,1985,DO,ordii,4,Control,M,51
10261,1985,DO,ordii,11,Control,M,54
10262,1985,DO,ordii,13,Short-term Krat Exclosure,F,53
10263,1985,DO,ordii,9,Spectab exclosure,F,50
10264,1985,DO,ordii,1,Spectab exclosure,F,67
10265,1985,DM,merriami,4,Control,F,47
10266,1985,DO,ordii,13,Short-term Krat Exclosure,M,54
10268,1985,DS,spectabilis,8,Control,M,147
10269,1985,DO,ordii,8,Control,M,52
10270,1985,DM,merriami,13,Short-term Krat Exclosure,F,54
10271,1985,DS,spectabilis,8,Control,F,133
10274,1985,DM,merriami,1,Spectab exclosure,M,47
10275,1985,DM,merriami,4,Control,M,21
10276,1985,DM,merriami,1,Spectab exclosure,F,44
10277,1985,DM,merriami,2,Control,F,44
10278,1985,DO,ordii,13,Short-term Krat Exclosure,M,46
10279,1985,DO,ordii,8,Control,F,53
10280,1985,DO,ordii,11,Control,F,62
10281,1985,DM,merriami,13,Short-term Krat Exclosure,M,41
10284,1985,DM,merriami,13,Short-term Krat Exclosure,M,40
10285,1985,DM,merriami,1,Spectab exclosure,M,39
10287,1985,DO,ordii,8,Control,F,44
10288,1985,DM,merriami,1,Spectab exclosure,M,40
10289,1985,DM,merriami,1,Spectab exclosure,F,41
10290,1985,DM,merriami,2,Control,F,44
10291,1985,DM,merriami,9,Spectab exclosure,M,29
10292,1985,DM,merriami,1,Spectab exclosure,M,29
10293,1985,DM,merriami,1,Spectab exclosure,F,48
10294,1985,DS,spectabilis,2,Control,M,139
10298,1985,DS,spectabilis,9,Spectab exclosure,M,106
10299,1985,DS,spectabilis,8,Control,F,135
10300,1985,DM,merriami,1,Spectab exclosure,F,48
10301,1985,DO,ordii,1,Spectab exclosure,F,67
10302,1985,DM,merriami,9,Spectab exclosure,M,43
10303,1985,DM,merriami,1,Spectab exclosure,M,42
10304,1985,DM,merriami,13,Short-term Krat Exclosure,F,48
10305,1985,DO,ordii,1,Spectab exclosure,M,57
10308,1985,DO,ordii,2,Control,M,41
10309,1985,DO,ordii,11,Control,F,39
10310,1985,DM,merriami,13,Short-term Krat Exclosure,F,55
10311,1985,DM,merriami,1,Spectab exclosure,M,44
10312,1985,DM,merriami,5,Rodent Exclosure,M,46
10313,1985,DM,merriami,13,Short-term Krat Exclosure,F,37
10314,1985,DS,spectabilis,1,Spectab exclosure,M,100
10316,1985,DS,spectabilis,1,Spectab exclosure,M,157
10317,1985,DM,merriami,1,Spectab exclosure,F,36
10318,1985,DM,merriami,2,Control,F,43
10319,1985,DO,ordii,1,Spectab exclosure,F,43
10320,1985,DM,merriami,5,Rodent Exclosure,F,40
10321,1985,DS,spectabilis,1,Spectab exclosure,F,102
10322,1985,DM,merriami,8,Control,F,22
10323,1985,DM,merriami,1,Spectab exclosure,M,46
10324,1985,DO,ordii,11,Control,M,52
10325,1985,DM,merriami,1,Spectab exclosure,F,46
10326,1985,DM,merriami,11,Control,M,43
10327,1985,DM,merriami,13,Short-term Krat Exclosure,M,43
10328,1985,DO,ordii,5,Rodent Exclosure,F,73
10330,1985,DM,merriami,11,Control,M,38
10332,1985,DM,merriami,8,Control,M,39
10333,1985,DO,ordii,1,Spectab exclosure,F,52
10335,1985,DM,merriami,8,Control,F,52
10336,1985,DO,ordii,1,Spectab exclosure,F,68
10337,1985,DM,merriami,5,Rodent Exclosure,M,51
10338,1985,DM,merriami,8,Control,F,50
10339,1985,DM,merriami,1,Spectab exclosure,M,47
10340,1985,DM,merriami,4,Control,F,46
10341,1985,DO,ordii,5,Rodent Exclosure,F,50
10342,1985,DM,merriami,13,Short-term Krat Exclosure,M,46
10343,1985,DM,merriami,9,Spectab exclosure,M,46
10344,1985,DM,merriami,8,Control,M,46
10345,1985,DM,merriami,4,Control,M,47
10347,1985,DM,merriami,13,Short-term Krat Exclosure,F,53
10348,1985,DM,merriami,1,Spectab exclosure,F,44
10349,1985,DM,merriami,11,Control,F,53
10350,1985,DM,merriami,1,Spectab exclosure,M,43
10351,1985,DM,merriami,3,Long-term Krat Exclosure,F,43
10353,1985,DO,ordii,1,Spectab exclosure,M,59
10354,1985,DM,merriami,2,Control,F,39
10355,1985,DM,merriami,9,Spectab exclosure,F,47
10356,1985,DM,merriami,3,Long-term Krat Exclosure,M,44
10357,1985,DO,ordii,2,Control,M,52
10358,1985,DS,spectabilis,1,Spectab exclosure,F,120
10359,1985,DM,merriami,11,Control,M,40
10360,1985,DM,merriami,8,Control,M,45
10361,1985,DM,merriami,9,Spectab exclosure,F,40
10362,1985,DM,merriami,1,Spectab exclosure,M,45
10363,1985,DM,merriami,2,Control,F,43
10365,1985,DM,merriami,9,Spectab exclosure,M,39
10366,1985,DM,merriami,2,Control,M,46
10367,1985,DM,merriami,4,Control,M,17
10368,1985,DM,merriami,8,Control,M,52
10369,1985,DM,merriami,9,Spectab exclosure,F,51
10370,1985,DM,merriami,17,Control,M,40
10371,1985,DO,ordii,6,Short-term Krat Exclosure,F,60
10373,1985,DM,merriami,17,Control,M,42
10375,1985,DM,merriami,21,Long-term Krat Exclosure,M,44
10376,1985,DM,merriami,18,Short-term Krat Exclosure,F,44
10381,1985,DO,ordii,12,Control,F,58
10384,1985,DM,merriami,12,Control,F,40
10386,1985,DO,ordii,16,Rodent Exclosure,M,44
10388,1985,DM,merriami,24,Rodent Exclosure,M,43
10389,1985,DM,merriami,14,Control,M,49
10390,1985,DM,merriami,21,Long-term Krat Exclosure,F,43
10391,1985,DM,merriami,18,Short-term Krat Exclosure,M,46
10392,1985,DO,ordii,6,Short-term Krat Exclosure,M,51
10394,1985,DM,merriami,24,Rodent Exclosure,M,45
10395,1985,DM,merriami,22,Control,F,35
10396,1985,DO,ordii,17,Control,M,45
10397,1985,DO,ordii,6,Short-term Krat Exclosure,F,29
10400,1985,DM,merriami,12,Control,M,46
10401,1985,DO,ordii,17,Control,M,50
10403,1985,DM,merriami,12,Control,F,34
10404,1985,DM,merriami,22,Control,M,44
10405,1985,DM,merriami,24,Rodent Exclosure,M,36
10406,1985,DM,merriami,12,Control,F,33
10407,1985,DM,merriami,14,Control,M,34
10411,1985,DM,merriami,2,Control,M,33
10413,1985,DO,ordii,4,Control,M,47
10415,1985,DM,merriami,2,Control,F,40
10417,1985,DO,ordii,8,Control,M,46
10420,1985,DM,merriami,13,Short-term Krat Exclosure,M,46
10421,1985,DM,merriami,2,Control,F,39
10423,1985,DS,spectabilis,9,Spectab exclosure,M,118
10424,1985,DM,merriami,4,Control,M,27
10425,1985,DM,merriami,9,Spectab exclosure,M,33
10426,1985,DS,spectabilis,8,Control,F,131
10428,1985,DS,spectabilis,8,Control,M,86
10429,1985,DO,ordii,8,Control,F,44
10430,1985,DM,merriami,2,Control,F,17
10431,1985,DM,merriami,5,Rodent Exclosure,F,39
10432,1985,DS,spectabilis,1,Spectab exclosure,F,107
10434,1985,DM,merriami,5,Rodent Exclosure,M,48
10436,1985,DM,merriami,11,Control,M,41
10437,1985,DM,merriami,3,Long-term Krat Exclosure,F,42
10440,1985,DS,spectabilis,1,Spectab exclosure,M,157
10441,1985,DS,spectabilis,2,Control,F,111
10443,1985,DM,merriami,4,Control,F,40
10444,1985,DS,spectabilis,13,Short-term Krat Exclosure,F,139
10445,1985,DO,ordii,2,Control,M,47
10446,1985,DM,merriami,11,Control,F,43
10447,1985,DM,merriami,2,Control,F,38
10449,1985,DM,merriami,13,Short-term Krat Exclosure,F,37
10451,1985,DM,merriami,18,Short-term Krat Exclosure,F,40
10456,1985,DO,ordii,6,Short-term Krat Exclosure,F,50
10457,1985,DM,merriami,17,Control,M,41
10458,1985,DO,ordii,12,Control,M,41
10459,1985,DM,merriami,21,Long-term Krat Exclosure,F,29
10460,1985,DM,merriami,12,Control,M,46
10462,1985,DM,merriami,20,Short-term Krat Exclosure,M,45
10463,1985,DM,merriami,12,Control,F,53
10464,1985,DM,merriami,14,Control,M,51
10467,1985,DM,merriami,24,Rodent Exclosure,F,36
10469,1985,DM,merriami,12,Control,M,42
10470,1985,DM,merriami,18,Short-term Krat Exclosure,M,47
10471,1985,DM,merriami,12,Control,F,32
10472,1985,DM,merriami,22,Control,F,34
10473,1985,DO,ordii,6,Short-term Krat Exclosure,F,40
10475,1985,DM,merriami,14,Control,M,42
10476,1985,DO,ordii,17,Control,M,51
10477,1985,DO,ordii,6,Short-term Krat Exclosure,M,51
10478,1985,DM,merriami,6,Short-term Krat Exclosure,F,46
10479,1985,DM,merriami,12,Control,F,27
10480,1985,DM,merriami,24,Rodent Exclosure,M,41
10482,1985,DM,merriami,12,Control,F,36
10483,1985,DM,merriami,22,Control,M,48
10484,1985,DS,spectabilis,20,Short-term Krat Exclosure,F,85
10488,1985,DM,merriami,5,Rodent Exclosure,M,49
10489,1985,DO,ordii,1,Spectab exclosure,M,44
10490,1985,DM,merriami,4,Control,F,43
10492,1985,DS,spectabilis,8,Control,M,95
10493,1985,DM,merriami,13,Short-term Krat Exclosure,M,44
10496,1985,DM,merriami,9,Spectab exclosure,M,39
10497,1985,DO,ordii,8,Control,M,30
10500,1985,DM,merriami,2,Control,F,42
10502,1985,DM,merriami,4,Control,M,37
10503,1985,DS,spectabilis,2,Control,F,84
10504,1985,DM,merriami,11,Control,M,47
10506,1985,DM,merriami,11,Control,F,40
10507,1985,DS,spectabilis,9,Spectab exclosure,M,115
10513,1985,DM,merriami,5,Rodent Exclosure,F,27
10514,1985,DS,spectabilis,8,Control,F,128
10515,1985,DO,ordii,2,Control,F,54
10516,1985,DS,spectabilis,1,Spectab exclosure,M,76
10517,1985,DM,merriami,2,Control,F,15
10518,1985,DM,merriami,2,Control,F,40
10519,1985,DO,ordii,8,Control,F,53
10520,1985,DS,spectabilis,1,Spectab exclosure,F,120
10521,1985,DM,merriami,5,Rodent Exclosure,F,43
10522,1985,DS,spectabilis,1,Spectab exclosure,F,123
10523,1985,DM,merriami,3,Long-term Krat Exclosure,F,47
10524,1985,DM,merriami,4,Control,F,40
10526,1985,DS,spectabilis,4,Control,F,69
10527,1985,DM,merriami,11,Control,M,47
10528,1985,DO,ordii,2,Control,M,52
10529,1985,DS,spectabilis,1,Spectab exclosure,M,157
10530,1985,DS,spectabilis,13,Short-term Krat Exclosure,F,126
10531,1985,DO,ordii,1,Spectab exclosure,F,50
10532,1985,DM,merriami,2,Control,F,30
10533,1985,DO,ordii,5,Rodent Exclosure,F,52
10534,1985,DM,merriami,11,Control,F,40
10535,1985,DM,merriami,9,Spectab exclosure,M,44
10539,1985,DO,ordii,12,Control,M,45
10541,1985,DM,merriami,14,Control,M,49
10542,1985,DM,merriami,20,Short-term Krat Exclosure,F,40
10544,1985,DM,merriami,21,Long-term Krat Exclosure,F,40
10545,1985,DM,merriami,17,Control,M,44
10548,1985,DM,merriami,20,Short-term Krat Exclosure,M,37
10549,1985,DO,ordii,6,Short-term Krat Exclosure,F,54
10550,1985,DM,merriami,17,Control,F,31
10551,1985,DM,merriami,12,Control,M,50
10553,1985,DM,merriami,24,Rodent Exclosure,F,38
10554,1985,DM,merriami,14,Control,M,50
10556,1985,DO,ordii,17,Control,M,51
10558,1985,DM,merriami,12,Control,F,47
10560,1985,DM,merriami,18,Short-term Krat Exclosure,M,50
10561,1985,DO,ordii,6,Short-term Krat Exclosure,F,44
10562,1985,DM,merriami,12,Control,F,44
10564,1985,DM,merriami,18,Short-term Krat Exclosure,NA,45
10565,1985,DM,merriami,14,Control,M,43
10566,1985,DM,merriami,24,Rodent Exclosure,M,43
10567,1985,DM,merriami,12,Control,M,26
10568,1985,DM,merriami,18,Short-term Krat Exclosure,F,34
10569,1985,DO,ordii,17,Control,M,50
10571,1985,DM,merriami,12,Control,F,40
10578,1985,DM,merriami,3,Long-term Krat Exclosure,M,24
10579,1985,DM,merriami,1,Spectab exclosure,M,39
10581,1985,DS,spectabilis,9,Spectab exclosure,M,137
10582,1985,DO,ordii,1,Spectab exclosure,M,45
10583,1985,DO,ordii,8,Control,M,34
10584,1985,DM,merriami,3,Long-term Krat Exclosure,F,38
10585,1985,DS,spectabilis,4,Control,M,119
10586,1985,DM,merriami,5,Rodent Exclosure,F,44
10592,1985,DM,merriami,4,Control,M,43
10593,1985,DS,spectabilis,8,Control,F,132
10594,1985,DM,merriami,4,Control,M,45
10595,1985,DM,merriami,2,Control,F,41
10597,1985,DM,merriami,13,Short-term Krat Exclosure,M,46
10598,1985,DM,merriami,1,Spectab exclosure,F,40
10599,1985,DO,ordii,2,Control,F,47
10600,1985,DM,merriami,2,Control,F,17
10601,1985,DM,merriami,5,Rodent Exclosure,M,54
10602,1985,DS,spectabilis,1,Spectab exclosure,F,113
10603,1985,DM,merriami,2,Control,F,37
10604,1985,DS,spectabilis,2,Control,F,106
10605,1985,DS,spectabilis,1,Spectab exclosure,F,138
10607,1985,DM,merriami,8,Control,F,44
10608,1985,DM,merriami,11,Control,F,40
10610,1985,DM,merriami,2,Control,F,32
10612,1985,DM,merriami,9,Spectab exclosure,M,42
10613,1985,DM,merriami,8,Control,M,44
10614,1985,DO,ordii,13,Short-term Krat Exclosure,M,46
10615,1985,DO,ordii,2,Control,M,56
10618,1985,DM,merriami,4,Control,F,46
10619,1985,DS,spectabilis,13,Short-term Krat Exclosure,F,140
10620,1985,DS,spectabilis,1,Spectab exclosure,M,166
10621,1985,DM,merriami,2,Control,F,36
10622,1985,DM,merriami,1,Spectab exclosure,M,40
10623,1985,DM,merriami,2,Control,F,33
10624,1985,DM,merriami,3,Long-term Krat Exclosure,F,21
10625,1985,DO,ordii,5,Rodent Exclosure,M,31
10626,1985,DS,spectabilis,4,Control,F,94
10628,1985,DM,merriami,5,Rodent Exclosure,F,30
10630,1985,DM,merriami,8,Control,F,42
10632,1985,DM,merriami,11,Control,M,42
10633,1985,DM,merriami,14,Control,M,50
10634,1985,DM,merriami,18,Short-term Krat Exclosure,F,44
10635,1985,DM,merriami,20,Short-term Krat Exclosure,M,40
10637,1985,DM,merriami,14,Control,M,52
10638,1985,DM,merriami,17,Control,F,38
10639,1985,DM,merriami,18,Short-term Krat Exclosure,F,50
10640,1985,DM,merriami,14,Control,M,49
10643,1985,DM,merriami,12,Control,M,50
10644,1985,DM,merriami,18,Short-term Krat Exclosure,M,46
10645,1985,DM,merriami,24,Rodent Exclosure,F,48
10649,1985,DM,merriami,17,Control,F,34
10650,1985,DM,merriami,18,Short-term Krat Exclosure,F,25
10652,1985,DO,ordii,6,Short-term Krat Exclosure,M,56
10653,1985,DO,ordii,12,Control,M,46
10654,1985,DO,ordii,20,Short-term Krat Exclosure,M,55
10657,1985,DM,merriami,22,Control,F,43
10658,1985,DO,ordii,17,Control,M,50
10659,1985,DM,merriami,22,Control,M,48
10661,1985,DM,merriami,12,Control,F,34
10662,1985,DM,merriami,18,Short-term Krat Exclosure,F,46
10663,1985,DO,ordii,20,Short-term Krat Exclosure,F,52
10664,1985,DM,merriami,12,Control,F,46
10666,1985,DM,merriami,12,Control,F,42
10667,1985,DM,merriami,14,Control,M,46
10672,1985,DO,ordii,17,Control,M,51
10674,1985,DO,ordii,18,Short-term Krat Exclosure,F,62
10676,1985,DM,merriami,24,Rodent Exclosure,F,33
10682,1985,DO,ordii,4,Control,M,51
10683,1985,DM,merriami,11,Control,F,44
10684,1985,DO,ordii,1,Spectab exclosure,M,48
10685,1985,DM,merriami,13,Short-term Krat Exclosure,M,44
10686,1985,DM,merriami,2,Control,F,48
10687,1985,DM,merriami,5,Rodent Exclosure,M,53
10688,1985,DO,ordii,13,Short-term Krat Exclosure,M,47
10692,1985,DM,merriami,5,Rodent Exclosure,F,44
10693,1985,DM,merriami,2,Control,F,24
10695,1985,DO,ordii,2,Control,F,33
10696,1985,DM,merriami,5,Rodent Exclosure,F,45
10697,1985,DO,ordii,8,Control,M,42
10698,1985,DS,spectabilis,1,Spectab exclosure,F,129
10699,1985,DS,spectabilis,13,Short-term Krat Exclosure,F,130
10700,1985,DS,spectabilis,1,Spectab exclosure,F,150
10701,1985,DS,spectabilis,1,Spectab exclosure,F,140
10702,1985,DM,merriami,11,Control,M,49
10703,1985,DM,merriami,9,Spectab exclosure,M,43
10704,1985,DM,merriami,4,Control,M,49
10705,1985,DO,ordii,5,Rodent Exclosure,F,54
10706,1985,DO,ordii,2,Control,F,50
10707,1985,DM,merriami,4,Control,M,18
10708,1985,DO,ordii,1,Spectab exclosure,F,54
10709,1985,DM,merriami,3,Long-term Krat Exclosure,F,49
10710,1985,DM,merriami,5,Rodent Exclosure,F,42
10711,1985,DM,merriami,4,Control,F,45
10713,1985,DO,ordii,1,Spectab exclosure,M,44
10715,1985,DS,spectabilis,4,Control,F,121
10716,1985,DM,merriami,2,Control,F,38
10717,1985,DS,spectabilis,4,Control,F,98
10719,1985,DM,merriami,13,Short-term Krat Exclosure,F,39
10721,1985,DM,merriami,11,Control,F,46
10722,1985,DM,merriami,9,Spectab exclosure,M,47
10723,1985,DM,merriami,8,Control,F,46
10725,1985,DM,merriami,8,Control,M,49
10727,1985,DM,merriami,9,Spectab exclosure,F,41
10728,1985,DM,merriami,13,Short-term Krat Exclosure,M,46
10730,1985,DM,merriami,18,Short-term Krat Exclosure,F,39
10732,1985,DM,merriami,17,Control,M,50
10733,1985,DM,merriami,21,Long-term Krat Exclosure,F,44
10735,1985,DM,merriami,14,Control,M,56
10738,1985,DO,ordii,6,Short-term Krat Exclosure,M,57
10739,1985,DM,merriami,18,Short-term Krat Exclosure,M,54
10741,1985,DM,merriami,20,Short-term Krat Exclosure,M,46
10742,1985,DM,merriami,18,Short-term Krat Exclosure,F,40
10743,1985,DM,merriami,14,Control,M,50
10744,1985,DM,merriami,17,Control,F,41
10746,1985,DO,ordii,12,Control,M,51
10747,1985,DM,merriami,24,Rodent Exclosure,F,36
10748,1985,DM,merriami,24,Rodent Exclosure,F,20
10750,1985,DM,merriami,17,Control,F,38
10751,1985,DM,merriami,12,Control,F,43
10752,1985,DM,merriami,12,Control,M,48
10754,1985,DM,merriami,12,Control,F,40
10755,1985,DM,merriami,24,Rodent Exclosure,M,22
10756,1985,DM,merriami,12,Control,M,53
10758,1985,DM,merriami,22,Control,F,44
10762,1985,DO,ordii,17,Control,M,59
10763,1985,DM,merriami,12,Control,M,38
10766,1985,DM,merriami,19,Long-term Krat Exclosure,M,34
10767,1985,DO,ordii,17,Control,M,54
10768,1985,DM,merriami,24,Rodent Exclosure,M,46
10771,1985,DM,merriami,14,Control,M,48
10773,1985,DS,spectabilis,22,Control,F,126
10779,1985,DM,merriami,3,Long-term Krat Exclosure,F,46
10781,1985,DM,merriami,5,Rodent Exclosure,M,53
10782,1985,DO,ordii,13,Short-term Krat Exclosure,F,44
10783,1985,DO,ordii,8,Control,M,49
10784,1985,DM,merriami,2,Control,F,46
10785,1985,DM,merriami,11,Control,F,36
10788,1985,DS,spectabilis,9,Spectab exclosure,M,136
10793,1985,DO,ordii,8,Control,F,37
10794,1985,DS,spectabilis,8,Control,F,130
10795,1985,DM,merriami,1,Spectab exclosure,M,40
10797,1985,DM,merriami,8,Control,M,39
10798,1985,DO,ordii,11,Control,F,50
10799,1985,DM,merriami,9,Spectab exclosure,M,43
10801,1985,DM,merriami,5,Rodent Exclosure,F,42
10802,1985,DM,merriami,2,Control,F,59
10803,1985,DS,spectabilis,1,Spectab exclosure,F,135
10804,1985,DM,merriami,2,Control,F,41
10805,1985,DM,merriami,5,Rodent Exclosure,F,48
10806,1985,DM,merriami,11,Control,M,53
10807,1985,DM,merriami,8,Control,M,48
10808,1985,DM,merriami,13,Short-term Krat Exclosure,M,46
10810,1985,DO,ordii,5,Rodent Exclosure,F,54
10812,1985,DM,merriami,4,Control,M,42
10813,1985,DM,merriami,11,Control,F,43
10814,1985,DM,merriami,8,Control,M,52
10815,1985,DO,ordii,5,Rodent Exclosure,M,47
10816,1985,DM,merriami,8,Control,M,52
10817,1985,DM,merriami,4,Control,M,52
10818,1985,DS,spectabilis,4,Control,F,117
10820,1985,DM,merriami,9,Spectab exclosure,F,43
10821,1985,DM,merriami,13,Short-term Krat Exclosure,M,49
10825,1985,DO,ordii,11,Control,M,40
10826,1985,DM,merriami,1,Spectab exclosure,M,50
10829,1985,DS,spectabilis,8,Control,F,125
10830,1985,DM,merriami,8,Control,F,44
10831,1985,DS,spectabilis,1,Spectab exclosure,M,152
10832,1985,DM,merriami,9,Spectab exclosure,M,46
10833,1985,DM,merriami,11,Control,F,40
10834,1985,DM,merriami,8,Control,F,50
10838,1985,DM,merriami,21,Long-term Krat Exclosure,M,49
10839,1985,DO,ordii,24,Rodent Exclosure,F,49
10842,1985,DM,merriami,14,Control,M,51
10843,1985,DM,merriami,12,Control,M,46
10845,1985,DO,ordii,12,Control,M,50
10847,1985,DM,merriami,18,Short-term Krat Exclosure,M,42
10848,1985,DM,merriami,17,Control,F,44
10850,1985,DM,merriami,24,Rodent Exclosure,F,40
10852,1985,DM,merriami,17,Control,F,36
10855,1985,DO,ordii,6,Short-term Krat Exclosure,M,39
10858,1985,DM,merriami,22,Control,F,40
10860,1985,DM,merriami,17,Control,F,40
10862,1985,DM,merriami,21,Long-term Krat Exclosure,F,40
10864,1985,DO,ordii,17,Control,M,55
10865,1985,DM,merriami,12,Control,F,23
10866,1985,DM,merriami,18,Short-term Krat Exclosure,M,48
10867,1985,DM,merriami,20,Short-term Krat Exclosure,M,42
10868,1985,DM,merriami,18,Short-term Krat Exclosure,M,46
10870,1985,DM,merriami,12,Control,F,42
10872,1985,DM,merriami,12,Control,F,37
10873,1985,DO,ordii,17,Control,M,50
10876,1985,DM,merriami,14,Control,M,47
10878,1985,DM,merriami,12,Control,F,41
10879,1985,DM,merriami,24,Rodent Exclosure,M,39
10881,1985,DM,merriami,12,Control,M,49
10882,1985,DS,spectabilis,22,Control,F,122
10887,1985,DS,spectabilis,11,Control,F,102
10888,1985,DO,ordii,8,Control,F,45
10889,1985,DM,merriami,1,Spectab exclosure,M,39
10892,1985,DM,merriami,5,Rodent Exclosure,M,57
10893,1985,DM,merriami,9,Spectab exclosure,M,36
10894,1985,DO,ordii,8,Control,M,48
10895,1985,DM,merriami,3,Long-term Krat Exclosure,F,47
10897,1985,DO,ordii,11,Control,F,58
10898,1985,DO,ordii,11,Control,M,59
10899,1985,DM,merriami,2,Control,M,42
10900,1985,DM,merriami,9,Spectab exclosure,M,44
10901,1985,DS,spectabilis,4,Control,F,123
10903,1985,DO,ordii,11,Control,F,49
10904,1985,DM,merriami,8,Control,M,38
10905,1985,DM,merriami,3,Long-term Krat Exclosure,NA,32
10906,1985,DO,ordii,9,Spectab exclosure,F,46
10909,1985,DM,merriami,2,Control,F,48
10910,1985,DM,merriami,4,Control,M,45
10913,1985,DS,spectabilis,8,Control,F,136
10915,1985,DO,ordii,13,Short-term Krat Exclosure,F,42
10916,1985,DM,merriami,5,Rodent Exclosure,F,41
10917,1985,DS,spectabilis,9,Spectab exclosure,M,119
10919,1985,DS,spectabilis,1,Spectab exclosure,F,145
10920,1985,DM,merriami,2,Control,F,40
10921,1985,DM,merriami,8,Control,M,48
10922,1985,DS,spectabilis,1,Spectab exclosure,F,138
10924,1985,DO,ordii,5,Rodent Exclosure,M,51
10925,1985,DM,merriami,11,Control,M,50
10928,1985,DS,spectabilis,8,Control,F,125
10929,1985,DM,merriami,8,Control,F,44
10930,1985,DM,merriami,11,Control,F,42
10932,1985,DS,spectabilis,1,Spectab exclosure,M,152
10934,1985,DM,merriami,13,Short-term Krat Exclosure,M,45
10937,1985,DM,merriami,13,Short-term Krat Exclosure,F,44
10938,1985,DM,merriami,9,Spectab exclosure,F,40
10939,1985,DS,spectabilis,13,Short-term Krat Exclosure,M,128
10942,1985,DM,merriami,13,Short-term Krat Exclosure,M,45
10943,1985,DM,merriami,1,Spectab exclosure,M,47
10944,1985,DM,merriami,8,Control,F,41
10947,1985,DS,spectabilis,4,Control,F,123
10948,1985,DM,merriami,8,Control,M,51
10950,1985,DM,merriami,8,Control,F,42
10951,1985,DO,ordii,2,Control,F,52
10952,1985,DM,merriami,3,Long-term Krat Exclosure,M,32
10954,1985,DM,merriami,4,Control,M,41
10957,1985,DM,merriami,11,Control,F,42
10960,1985,DS,spectabilis,12,Control,M,122
10961,1985,DM,merriami,14,Control,M,52
10966,1985,DM,merriami,17,Control,M,48
10968,1985,DO,ordii,12,Control,M,46
10969,1985,DM,merriami,21,Long-term Krat Exclosure,M,41
10971,1985,DM,merriami,17,Control,F,38
10972,1985,DM,merriami,12,Control,F,43
10974,1985,DM,merriami,12,Control,F,36
10977,1985,DM,merriami,20,Short-term Krat Exclosure,M,43
10978,1985,DM,merriami,17,Control,F,39
10983,1985,DM,merriami,12,Control,M,46
10984,1985,DM,merriami,18,Short-term Krat Exclosure,M,46
10985,1985,DM,merriami,22,Control,F,39
10986,1985,DM,merriami,24,Rodent Exclosure,F,39
10989,1985,DM,merriami,24,Rodent Exclosure,M,48
10991,1985,DM,merriami,14,Control,F,37
10992,1985,DO,ordii,17,Control,M,50
10994,1985,DM,merriami,18,Short-term Krat Exclosure,F,39
10995,1985,DM,merriami,21,Long-term Krat Exclosure,F,42
10996,1985,DO,ordii,6,Short-term Krat Exclosure,M,51
10997,1985,DM,merriami,12,Control,F,38
10998,1985,DM,merriami,14,Control,M,52
10999,1985,DS,spectabilis,22,Control,F,118
11000,1985,DM,merriami,12,Control,F,40
11001,1985,DO,ordii,6,Short-term Krat Exclosure,M,50
11002,1985,DM,merriami,22,Control,F,38
11003,1985,DM,merriami,24,Rodent Exclosure,M,41
11004,1985,DM,merriami,14,Control,M,40
11008,1985,DO,ordii,6,Short-term Krat Exclosure,F,50
11012,1985,DM,merriami,1,Spectab exclosure,F,43
11013,1985,DM,merriami,2,Control,M,43
11015,1985,DM,merriami,2,Control,M,46
11017,1985,DM,merriami,9,Spectab exclosure,M,37
11018,1985,DM,merriami,5,Rodent Exclosure,F,43
11019,1985,DM,merriami,4,Control,M,41
11021,1985,DM,merriami,8,Control,M,37
11023,1985,DM,merriami,5,Rodent Exclosure,M,44
11026,1985,DM,merriami,5,Rodent Exclosure,M,53
11027,1985,DO,ordii,8,Control,M,46
11029,1985,DO,ordii,4,Control,M,48
11030,1985,DM,merriami,1,Spectab exclosure,M,41
11031,1985,DO,ordii,11,Control,M,53
11032,1985,DS,spectabilis,8,Control,M,142
11033,1985,DM,merriami,13,Short-term Krat Exclosure,M,42
11035,1985,DM,merriami,9,Spectab exclosure,M,47
11036,1985,DO,ordii,11,Control,F,51
11037,1985,DS,spectabilis,11,Control,F,108
11038,1985,DS,spectabilis,9,Spectab exclosure,F,132
11039,1985,DO,ordii,5,Rodent Exclosure,M,54
11041,1985,DM,merriami,9,Spectab exclosure,M,43
11043,1985,DM,merriami,9,Spectab exclosure,M,42
11044,1985,DS,spectabilis,13,Short-term Krat Exclosure,M,132
11045,1985,DM,merriami,11,Control,M,41
11046,1985,DM,merriami,11,Control,M,43
11047,1985,DM,merriami,9,Spectab exclosure,M,42
11048,1985,DS,spectabilis,4,Control,F,120
11050,1985,DM,merriami,13,Short-term Krat Exclosure,M,43
11051,1985,DM,merriami,1,Spectab exclosure,M,40
11052,1985,DM,merriami,11,Control,M,46
11053,1985,DM,merriami,5,Rodent Exclosure,F,39
11054,1985,DS,spectabilis,8,Control,F,126
11055,1985,DM,merriami,5,Rodent Exclosure,F,43
11057,1985,DO,ordii,5,Rodent Exclosure,M,59
11058,1985,DM,merriami,8,Control,M,43
11061,1985,DM,merriami,1,Spectab exclosure,F,44
11062,1985,DM,merriami,8,Control,F,41
11063,1985,DM,merriami,2,Control,F,46
11064,1985,DO,ordii,11,Control,M,45
11067,1985,DM,merriami,9,Spectab exclosure,F,41
11068,1985,DO,ordii,5,Rodent Exclosure,M,50
11070,1985,DS,spectabilis,4,Control,M,130
11071,1985,DM,merriami,11,Control,F,40
11073,1985,DS,spectabilis,1,Spectab exclosure,M,125
11074,1985,DM,merriami,2,Control,M,46
11076,1985,DM,merriami,1,Spectab exclosure,M,47
11080,1985,DS,spectabilis,4,Control,F,120
11082,1985,DM,merriami,8,Control,F,40
11085,1985,DM,merriami,11,Control,F,38
11086,1985,DM,merriami,4,Control,M,38
11088,1985,DO,ordii,5,Rodent Exclosure,F,55
11089,1985,DM,merriami,13,Short-term Krat Exclosure,M,44
11092,1985,DM,merriami,2,Control,F,39
11093,1985,DS,spectabilis,12,Control,M,126
11094,1985,DM,merriami,24,Rodent Exclosure,M,48
11097,1985,DM,merriami,18,Short-term Krat Exclosure,F,36
11098,1985,DM,merriami,17,Control,M,37
11099,1985,DM,merriami,14,Control,M,47
11100,1985,DM,merriami,21,Long-term Krat Exclosure,F,42
11103,1985,DM,merriami,21,Long-term Krat Exclosure,F,40
11104,1985,DM,merriami,21,Long-term Krat Exclosure,M,46
11108,1985,DM,merriami,24,Rodent Exclosure,F,39
11109,1985,DM,merriami,20,Short-term Krat Exclosure,M,45
11110,1985,DM,merriami,17,Control,M,46
11111,1985,DM,merriami,14,Control,F,38
11117,1985,DM,merriami,18,Short-term Krat Exclosure,M,48
11119,1985,DM,merriami,12,Control,M,46
11121,1985,DM,merriami,14,Control,F,39
11122,1985,DO,ordii,17,Control,M,51
11124,1985,DM,merriami,22,Control,M,45
11126,1985,DM,merriami,24,Rodent Exclosure,M,42
11128,1985,DM,merriami,12,Control,F,38
11129,1985,DM,merriami,14,Control,M,52
11131,1985,DO,ordii,17,Control,M,51
11132,1985,DM,merriami,22,Control,F,38
11134,1985,DO,ordii,6,Short-term Krat Exclosure,M,53
11140,1985,DM,merriami,22,Control,M,51
11143,1985,DM,merriami,12,Control,F,40
11144,1985,DM,merriami,22,Control,F,43
11147,1985,DM,merriami,1,Spectab exclosure,M,43
11148,1985,DM,merriami,2,Control,M,44
11150,1985,DM,merriami,2,Control,M,47
11152,1985,DM,merriami,5,Rodent Exclosure,M,51
11153,1985,DM,merriami,5,Rodent Exclosure,F,44
11154,1985,DS,spectabilis,4,Control,F,126
11155,1985,DM,merriami,9,Spectab exclosure,M,37
11156,1985,DM,merriami,1,Spectab exclosure,F,44
11158,1985,DM,merriami,8,Control,M,37
11161,1985,DM,merriami,2,Control,F,39
11162,1985,DM,merriami,9,Spectab exclosure,M,42
11163,1985,DO,ordii,8,Control,M,47
11165,1985,DO,ordii,4,Control,M,54
11166,1985,DM,merriami,9,Spectab exclosure,M,41
11168,1985,DM,merriami,5,Rodent Exclosure,F,42
11169,1985,DS,spectabilis,8,Control,M,148
11170,1985,DM,merriami,4,Control,M,45
11171,1985,DO,ordii,11,Control,F,47
11173,1985,DM,merriami,9,Spectab exclosure,M,40
11175,1985,DM,merriami,11,Control,M,43
11177,1985,DS,spectabilis,9,Spectab exclosure,F,130
11178,1985,DS,spectabilis,1,Spectab exclosure,M,155
11181,1985,DS,spectabilis,13,Short-term Krat Exclosure,M,153
11182,1985,DO,ordii,5,Rodent Exclosure,M,55
11183,1985,DM,merriami,11,Control,M,42
11184,1985,DM,merriami,13,Short-term Krat Exclosure,M,43
11185,1985,DM,merriami,5,Rodent Exclosure,F,40
11186,1985,DM,merriami,2,Control,M,42
11187,1985,DM,merriami,2,Control,M,48
11189,1985,DM,merriami,8,Control,M,45
11190,1985,DO,ordii,5,Rodent Exclosure,M,50
11191,1985,DM,merriami,9,Spectab exclosure,M,50
11192,1985,DO,ordii,5,Rodent Exclosure,F,48
11194,1985,DM,merriami,11,Control,F,38
11195,1985,DM,merriami,1,Spectab exclosure,M,39
11197,1985,DM,merriami,2,Control,F,44
11198,1985,DS,spectabilis,4,Control,M,129
11199,1985,DM,merriami,8,Control,F,42
11202,1985,DM,merriami,9,Spectab exclosure,F,39
11205,1985,DO,ordii,5,Rodent Exclosure,M,56
11206,1985,DM,merriami,11,Control,F,38
11208,1985,DS,spectabilis,8,Control,F,120
11209,1985,DO,ordii,2,Control,F,52
11210,1985,DM,merriami,2,Control,F,40
11211,1985,DM,merriami,13,Short-term Krat Exclosure,M,45
11212,1985,DS,spectabilis,4,Control,NA,121
11214,1985,DM,merriami,1,Spectab exclosure,F,44
11218,1985,DM,merriami,9,Spectab exclosure,F,39
11219,1985,DM,merriami,8,Control,F,41
11220,1985,DO,ordii,5,Rodent Exclosure,F,56
11223,1985,DM,merriami,4,Control,M,40
11224,1985,DM,merriami,11,Control,M,49
11226,1985,DM,merriami,1,Spectab exclosure,M,47
11228,1986,DS,spectabilis,12,Control,M,119
11229,1986,DO,ordii,23,Rodent Exclosure,F,56
11233,1986,DM,merriami,6,Short-term Krat Exclosure,F,52
11234,1986,DM,merriami,24,Rodent Exclosure,M,48
11236,1986,DM,merriami,6,Short-term Krat Exclosure,M,46
11238,1986,DM,merriami,17,Control,F,38
11240,1986,DS,spectabilis,6,Short-term Krat Exclosure,M,130
11241,1986,DO,ordii,24,Rodent Exclosure,F,52
11242,1986,DM,merriami,20,Short-term Krat Exclosure,F,48
11247,1986,DM,merriami,14,Control,F,39
11248,1986,DM,merriami,20,Short-term Krat Exclosure,M,47
11251,1986,DM,merriami,12,Control,M,46
11252,1986,DM,merriami,24,Rodent Exclosure,F,41
11253,1986,DM,merriami,22,Control,F,43
11254,1986,DO,ordii,17,Control,M,53
11255,1986,DO,ordii,12,Control,M,49
11256,1986,DM,merriami,22,Control,M,45
11258,1986,DM,merriami,22,Control,M,49
11259,1986,DM,merriami,18,Short-term Krat Exclosure,F,39
11261,1986,DO,ordii,12,Control,F,51
11263,1986,DO,ordii,6,Short-term Krat Exclosure,M,54
11264,1986,DM,merriami,12,Control,M,51
11269,1986,DM,merriami,12,Control,M,52
11270,1986,DM,merriami,12,Control,F,37
11271,1986,DM,merriami,24,Rodent Exclosure,M,45
11273,1986,DM,merriami,22,Control,M,53
11274,1986,DM,merriami,12,Control,F,48
11275,1986,DM,merriami,14,Control,F,37
11276,1986,DO,ordii,23,Rodent Exclosure,M,59
11277,1986,DM,merriami,14,Control,M,49
11278,1986,DO,ordii,6,Short-term Krat Exclosure,M,55
11282,1986,DS,spectabilis,22,Control,M,12
11284,1986,DM,merriami,2,Control,M,44
11286,1986,DO,ordii,11,Control,NA,44
11287,1986,DS,spectabilis,11,Control,M,126
11288,1986,DM,merriami,9,Spectab exclosure,M,42
11289,1986,DO,ordii,4,Control,M,52
11291,1986,DM,merriami,2,Control,F,40
11292,1986,DM,merriami,9,Spectab exclosure,M,45
11294,1986,DS,spectabilis,9,Spectab exclosure,F,131
11295,1986,DO,ordii,8,Control,M,54
11296,1986,DM,merriami,9,Spectab exclosure,M,48
11297,1986,DM,merriami,13,Short-term Krat Exclosure,M,47
11298,1986,DM,merriami,4,Control,M,46
11300,1986,DS,spectabilis,4,Control,F,116
11303,1986,DS,spectabilis,1,Spectab exclosure,M,156
11304,1986,DM,merriami,2,Control,M,48
11305,1986,DM,merriami,2,Control,F,49
11306,1986,DM,merriami,5,Rodent Exclosure,F,44
11307,1986,DM,merriami,11,Control,M,48
11308,1986,DO,ordii,2,Control,F,68
11313,1986,DS,spectabilis,4,Control,M,130
11316,1986,DM,merriami,2,Control,F,38
11317,1986,DO,ordii,5,Rodent Exclosure,F,56
11319,1986,DM,merriami,13,Short-term Krat Exclosure,M,46
11320,1986,DS,spectabilis,4,Control,F,124
11321,1986,DM,merriami,5,Rodent Exclosure,F,41
11322,1986,DS,spectabilis,8,Control,F,131
11323,1986,DM,merriami,11,Control,F,42
11324,1986,DS,spectabilis,8,Control,M,147
11326,1986,DM,merriami,9,Spectab exclosure,F,43
11327,1986,DM,merriami,2,Control,M,50
11328,1986,DM,merriami,1,Spectab exclosure,M,51
11330,1986,DM,merriami,1,Spectab exclosure,M,45
11332,1986,DS,spectabilis,1,Spectab exclosure,F,134
11334,1986,DM,merriami,4,Control,M,43
11335,1986,DM,merriami,9,Spectab exclosure,M,47
11338,1986,DM,merriami,11,Control,F,40
11341,1986,DO,ordii,12,Control,M,49
11343,1986,DM,merriami,14,Control,M,52
11344,1986,DM,merriami,17,Control,F,43
11345,1986,DO,ordii,12,Control,F,55
11347,1986,DM,merriami,14,Control,F,39
11348,1986,DS,spectabilis,12,Control,M,120
11349,1986,DM,merriami,22,Control,M,45
11350,1986,DM,merriami,14,Control,F,48
11353,1986,DM,merriami,24,Rodent Exclosure,F,40
11354,1986,DO,ordii,17,Control,F,57
11355,1986,DM,merriami,12,Control,M,52
11357,1986,DM,merriami,14,Control,M,52
11360,1986,DM,merriami,22,Control,M,30
11361,1986,DM,merriami,20,Short-term Krat Exclosure,M,42
11363,1986,DM,merriami,22,Control,M,47
11364,1986,DM,merriami,12,Control,M,48
11365,1986,DO,ordii,6,Short-term Krat Exclosure,M,53
11368,1986,DM,merriami,12,Control,F,43
11370,1986,DM,merriami,18,Short-term Krat Exclosure,M,54
11371,1986,DM,merriami,12,Control,F,46
11372,1986,DM,merriami,12,Control,M,42
11374,1986,DS,spectabilis,22,Control,M,125
11378,1986,DM,merriami,5,Rodent Exclosure,M,53
11379,1986,DM,merriami,9,Spectab exclosure,M,47
11380,1986,DS,spectabilis,11,Control,M,120
11381,1986,DS,spectabilis,9,Spectab exclosure,F,130
11382,1986,DO,ordii,8,Control,F,57
11383,1986,DM,merriami,5,Rodent Exclosure,M,41
11384,1986,DS,spectabilis,8,Control,M,150
11386,1986,DO,ordii,5,Rodent Exclosure,M,58
11387,1986,DM,merriami,2,Control,M,42
11388,1986,DM,merriami,2,Control,F,42
11391,1986,DM,merriami,2,Control,M,26
11392,1986,DM,merriami,5,Rodent Exclosure,F,42
11394,1986,DS,spectabilis,4,Control,F,74
11397,1986,DO,ordii,4,Control,M,50
11399,1986,DS,spectabilis,1,Spectab exclosure,M,157
11400,1986,DS,spectabilis,4,Control,F,125
11401,1986,DM,merriami,5,Rodent Exclosure,M,52
11402,1986,DM,merriami,11,Control,M,46
11403,1986,DM,merriami,13,Short-term Krat Exclosure,M,48
11404,1986,DM,merriami,1,Spectab exclosure,F,22
11405,1986,DM,merriami,1,Spectab exclosure,M,42
11407,1986,DO,ordii,5,Rodent Exclosure,F,54
11408,1986,DM,merriami,2,Control,F,49
11409,1986,DM,merriami,4,Control,M,49
11410,1986,DS,spectabilis,1,Spectab exclosure,F,135
11411,1986,DM,merriami,11,Control,M,49
11414,1986,DS,spectabilis,1,Spectab exclosure,F,125
11415,1986,DM,merriami,5,Rodent Exclosure,F,43
11416,1986,DM,merriami,9,Spectab exclosure,M,45
11417,1986,DS,spectabilis,1,Spectab exclosure,M,129
11418,1986,DO,ordii,5,Rodent Exclosure,M,24
11419,1986,DS,spectabilis,8,Control,F,124
11420,1986,DM,merriami,13,Short-term Krat Exclosure,F,52
11421,1986,DM,merriami,2,Control,M,44
11422,1986,DM,merriami,1,Spectab exclosure,M,52
11425,1986,DO,ordii,1,Spectab exclosure,M,51
11426,1986,DS,spectabilis,4,Control,F,125
11427,1986,DO,ordii,5,Rodent Exclosure,F,26
11428,1986,DM,merriami,9,Spectab exclosure,M,45
11429,1986,DM,merriami,9,Spectab exclosure,F,49
11430,1986,DM,merriami,4,Control,M,42
11431,1986,DM,merriami,11,Control,F,40
11432,1986,DM,merriami,9,Spectab exclosure,F,26
11434,1986,DM,merriami,11,Control,F,45
11435,1986,DM,merriami,13,Short-term Krat Exclosure,M,46
11437,1986,DM,merriami,24,Rodent Exclosure,M,45
11438,1986,DM,merriami,24,Rodent Exclosure,M,44
11439,1986,DM,merriami,24,Rodent Exclosure,F,39
11443,1986,DM,merriami,20,Short-term Krat Exclosure,F,44
11444,1986,DM,merriami,14,Control,F,39
11445,1986,DS,spectabilis,12,Control,M,118
11450,1986,DO,ordii,12,Control,M,48
11451,1986,DM,merriami,14,Control,F,39
11454,1986,DM,merriami,18,Short-term Krat Exclosure,F,26
11455,1986,DM,merriami,18,Short-term Krat Exclosure,M,52
11456,1986,DM,merriami,17,Control,M,50
11457,1986,DM,merriami,17,Control,M,37
11458,1986,DM,merriami,18,Short-term Krat Exclosure,F,50
11460,1986,DO,ordii,6,Short-term Krat Exclosure,M,46
11464,1986,DM,merriami,12,Control,M,50
11467,1986,DM,merriami,14,Control,F,37
11469,1986,DO,ordii,17,Control,M,52
11470,1986,DO,ordii,6,Short-term Krat Exclosure,M,52
11471,1986,DM,merriami,14,Control,M,50
11474,1986,DO,ordii,6,Short-term Krat Exclosure,M,53
11477,1986,DM,merriami,12,Control,F,42
11478,1986,DM,merriami,22,Control,F,45
11479,1986,DM,merriami,20,Short-term Krat Exclosure,M,46
11480,1986,DM,merriami,24,Rodent Exclosure,M,42
11484,1986,DM,merriami,12,Control,F,43
11488,1986,DS,spectabilis,22,Control,F,114
11489,1986,DM,merriami,2,Control,M,44
11491,1986,DM,merriami,11,Control,F,50
11492,1986,DS,spectabilis,11,Control,M,115
11493,1986,DS,spectabilis,8,Control,M,144
11497,1986,DO,ordii,5,Rodent Exclosure,M,59
11499,1986,DS,spectabilis,9,Spectab exclosure,F,134
11501,1986,DM,merriami,1,Spectab exclosure,F,43
11503,1986,DM,merriami,5,Rodent Exclosure,F,45
11504,1986,DM,merriami,9,Spectab exclosure,M,46
11505,1986,DS,spectabilis,8,Control,F,128
11506,1986,DO,ordii,4,Control,M,50
11508,1986,DS,spectabilis,4,Control,F,121
11509,1986,DM,merriami,13,Short-term Krat Exclosure,M,46
11510,1986,DM,merriami,1,Spectab exclosure,M,52
11511,1986,DM,merriami,1,Spectab exclosure,M,43
11514,1986,DM,merriami,2,Control,M,37
11515,1986,DM,merriami,2,Control,F,43
11516,1986,DS,spectabilis,1,Spectab exclosure,F,84
11517,1986,DS,spectabilis,1,Spectab exclosure,M,129
11519,1986,DS,spectabilis,8,Control,F,103
11520,1986,DM,merriami,5,Rodent Exclosure,F,43
11522,1986,DS,spectabilis,1,Spectab exclosure,M,152
11523,1986,DO,ordii,5,Rodent Exclosure,M,38
11525,1986,DM,merriami,4,Control,M,44
11527,1986,DS,spectabilis,4,Control,F,123
11528,1986,DO,ordii,5,Rodent Exclosure,F,39
11530,1986,DM,merriami,9,Spectab exclosure,M,45
11532,1986,DM,merriami,9,Spectab exclosure,F,47
11534,1986,DM,merriami,11,Control,F,24
11535,1986,DM,merriami,2,Control,M,46
11539,1986,DM,merriami,13,Short-term Krat Exclosure,M,47
11544,1986,DM,merriami,14,Control,M,49
11545,1986,DM,merriami,18,Short-term Krat Exclosure,F,32
11546,1986,DM,merriami,24,Rodent Exclosure,M,50
11548,1986,DM,merriami,24,Rodent Exclosure,F,38
11550,1986,DS,spectabilis,12,Control,M,119
11551,1986,DM,merriami,14,Control,F,41
11552,1986,DM,merriami,18,Short-term Krat Exclosure,F,42
11554,1986,DM,merriami,17,Control,M,35
11556,1986,DO,ordii,12,Control,F,52
11557,1986,DO,ordii,17,Control,F,61
11558,1986,DM,merriami,14,Control,F,40
11562,1986,DM,merriami,24,Rodent Exclosure,F,24
11563,1986,DM,merriami,14,Control,M,50
11564,1986,DO,ordii,6,Short-term Krat Exclosure,M,55
11565,1986,DM,merriami,12,Control,F,44
11570,1986,DM,merriami,14,Control,F,36
11572,1986,DM,merriami,12,Control,M,26
11573,1986,DM,merriami,18,Short-term Krat Exclosure,M,52
11574,1986,DM,merriami,12,Control,M,43
11577,1986,DM,merriami,24,Rodent Exclosure,M,43
11578,1986,DO,ordii,23,Rodent Exclosure,F,45
11579,1986,DM,merriami,12,Control,F,41
11580,1986,DM,merriami,20,Short-term Krat Exclosure,M,46
11582,1986,DM,merriami,22,Control,F,40
11584,1986,DM,merriami,2,Control,M,47
11585,1986,DM,merriami,11,Control,F,44
11588,1986,DO,ordii,4,Control,M,52
11589,1986,DO,ordii,8,Control,F,58
11591,1986,DM,merriami,1,Spectab exclosure,M,42
11593,1986,DO,ordii,9,Spectab exclosure,F,49
11594,1986,DS,spectabilis,9,Spectab exclosure,F,121
11595,1986,DM,merriami,2,Control,M,47
11596,1986,DM,merriami,4,Control,M,47
11597,1986,DO,ordii,5,Rodent Exclosure,M,59
11598,1986,DM,merriami,5,Rodent Exclosure,M,50
11600,1986,DM,merriami,2,Control,M,36
11602,1986,DM,merriami,9,Spectab exclosure,F,41
11603,1986,DO,ordii,11,Control,F,22
11604,1986,DM,merriami,5,Rodent Exclosure,F,45
11607,1986,DS,spectabilis,1,Spectab exclosure,M,152
11608,1986,DM,merriami,2,Control,F,53
11609,1986,DM,merriami,11,Control,F,39
11610,1986,DS,spectabilis,1,Spectab exclosure,M,129
11612,1986,DS,spectabilis,4,Control,F,116
11613,1986,DM,merriami,13,Short-term Krat Exclosure,M,48
11614,1986,DM,merriami,5,Rodent Exclosure,F,42
11617,1986,DM,merriami,1,Spectab exclosure,F,32
11618,1986,DM,merriami,13,Short-term Krat Exclosure,M,46
11620,1986,DM,merriami,9,Spectab exclosure,M,46
11622,1986,DO,ordii,2,Control,F,57
11624,1986,DM,merriami,13,Short-term Krat Exclosure,F,45
11627,1986,DO,ordii,5,Rodent Exclosure,M,44
11629,1986,DM,merriami,8,Control,M,45
11630,1986,DM,merriami,4,Control,M,43
11631,1986,DM,merriami,9,Spectab exclosure,M,48
11634,1986,DM,merriami,22,Control,M,46
11635,1986,DM,merriami,14,Control,M,50
11636,1986,DO,ordii,6,Short-term Krat Exclosure,M,45
11637,1986,DM,merriami,17,Control,M,37
11638,1986,DM,merriami,24,Rodent Exclosure,F,39
11641,1986,DO,ordii,12,Control,M,45
11643,1986,DS,spectabilis,12,Control,M,123
11645,1986,DO,ordii,12,Control,M,42
11647,1986,DM,merriami,17,Control,F,36
11648,1986,DM,merriami,20,Short-term Krat Exclosure,F,42
11652,1986,DM,merriami,14,Control,F,44
11653,1986,DM,merriami,24,Rodent Exclosure,M,48
11654,1986,DM,merriami,14,Control,M,55
11656,1986,DM,merriami,24,Rodent Exclosure,F,34
11657,1986,DM,merriami,12,Control,M,50
11658,1986,DM,merriami,22,Control,M,30
11659,1986,DO,ordii,17,Control,F,54
11661,1986,DO,ordii,6,Short-term Krat Exclosure,M,53
11663,1986,DM,merriami,14,Control,F,41
11665,1986,DM,merriami,12,Control,M,35
11670,1986,DM,merriami,20,Short-term Krat Exclosure,M,45
11671,1986,DM,merriami,14,Control,F,39
11674,1986,DO,ordii,17,Control,M,54
11675,1986,DM,merriami,24,Rodent Exclosure,M,43
11676,1986,DM,merriami,12,Control,F,42
11678,1986,DS,spectabilis,22,Control,M,64
11680,1986,DM,merriami,12,Control,F,50
11681,1986,DM,merriami,24,Rodent Exclosure,F,24
11682,1986,DM,merriami,22,Control,F,48
11684,1986,DM,merriami,2,Control,M,47
11686,1986,DO,ordii,9,Spectab exclosure,F,46
11687,1986,DM,merriami,5,Rodent Exclosure,M,52
11688,1986,DM,merriami,11,Control,F,29
11689,1986,DO,ordii,8,Control,F,53
11690,1986,DO,ordii,11,Control,F,29
11692,1986,DM,merriami,1,Spectab exclosure,M,40
11693,1986,DO,ordii,4,Control,M,51
11694,1986,DS,spectabilis,8,Control,M,157
11695,1986,DM,merriami,2,Control,F,43
11696,1986,DM,merriami,4,Control,M,46
11697,1986,DM,merriami,11,Control,M,24
11699,1986,DM,merriami,5,Rodent Exclosure,F,44
11702,1986,DM,merriami,9,Spectab exclosure,M,45
11703,1986,DO,ordii,5,Rodent Exclosure,M,58
11706,1986,DM,merriami,1,Spectab exclosure,F,45
11707,1986,DM,merriami,13,Short-term Krat Exclosure,M,45
11708,1986,DS,spectabilis,1,Spectab exclosure,M,125
11710,1986,DM,merriami,11,Control,F,24
11711,1986,DS,spectabilis,8,Control,F,134
11714,1986,DM,merriami,9,Spectab exclosure,F,40
11715,1986,DM,merriami,13,Short-term Krat Exclosure,M,49
11716,1986,DS,spectabilis,4,Control,F,129
11717,1986,DM,merriami,1,Spectab exclosure,F,44
11720,1986,DM,merriami,4,Control,M,43
11721,1986,DM,merriami,11,Control,F,30
11722,1986,DM,merriami,2,Control,M,36
11725,1986,DM,merriami,5,Rodent Exclosure,F,41
11726,1986,DM,merriami,11,Control,F,35
11729,1986,DM,merriami,9,Spectab exclosure,M,47
11730,1986,DO,ordii,5,Rodent Exclosure,M,44
11732,1986,DM,merriami,15,Long-term Krat Exclosure,F,29
11733,1986,DM,merriami,8,Control,M,44
11734,1986,DS,spectabilis,1,Spectab exclosure,M,156
11736,1986,DM,merriami,17,Control,M,41
11737,1986,DO,ordii,12,Control,M,48
11738,1986,DM,merriami,14,Control,M,50
11739,1986,DM,merriami,12,Control,F,47
11740,1986,DM,merriami,14,Control,F,41
11742,1986,DS,spectabilis,12,Control,M,126
11746,1986,DO,ordii,6,Short-term Krat Exclosure,F,44
11748,1986,DM,merriami,14,Control,M,49
11749,1986,DM,merriami,18,Short-term Krat Exclosure,M,48
11750,1986,DM,merriami,24,Rodent Exclosure,F,55
11751,1986,DM,merriami,12,Control,F,43
11752,1986,DM,merriami,20,Short-term Krat Exclosure,M,46
11753,1986,DM,merriami,18,Short-term Krat Exclosure,M,32
11755,1986,DM,merriami,14,Control,F,47
11756,1986,DS,spectabilis,22,Control,M,80
11757,1986,DM,merriami,18,Short-term Krat Exclosure,F,44
11758,1986,DM,merriami,24,Rodent Exclosure,M,41
11760,1986,DO,ordii,17,Control,F,60
11761,1986,DM,merriami,14,Control,F,51
11763,1986,DO,ordii,6,Short-term Krat Exclosure,M,56
11764,1986,DM,merriami,24,Rodent Exclosure,F,42
11772,1986,DM,merriami,2,Control,M,46
11774,1986,DO,ordii,9,Spectab exclosure,F,63
11775,1986,DM,merriami,5,Rodent Exclosure,M,50
11776,1986,DM,merriami,11,Control,F,34
11777,1986,DS,spectabilis,8,Control,M,150
11778,1986,DM,merriami,13,Short-term Krat Exclosure,M,46
11779,1986,DS,spectabilis,4,Control,M,94
11783,1986,DM,merriami,8,Control,F,66
11784,1986,DM,merriami,2,Control,M,31
11786,1986,DS,spectabilis,8,Control,F,130
11787,1986,DS,spectabilis,1,Spectab exclosure,F,98
11788,1986,DM,merriami,2,Control,M,40
11790,1986,DM,merriami,5,Rodent Exclosure,F,27
11791,1986,DM,merriami,2,Control,M,45
11792,1986,DM,merriami,5,Rodent Exclosure,F,42
11794,1986,DM,merriami,9,Spectab exclosure,F,49
11795,1986,DM,merriami,1,Spectab exclosure,F,48
11796,1986,DM,merriami,5,Rodent Exclosure,F,45
11797,1986,DM,merriami,11,Control,F,40
11798,1986,DM,merriami,9,Spectab exclosure,M,47
11799,1986,DM,merriami,13,Short-term Krat Exclosure,M,45
11800,1986,DM,merriami,11,Control,F,49
11802,1986,DM,merriami,1,Spectab exclosure,M,51
11803,1986,DO,ordii,5,Rodent Exclosure,M,50
11804,1986,DM,merriami,11,Control,F,46
11805,1986,DM,merriami,13,Short-term Krat Exclosure,F,55
11806,1986,DM,merriami,4,Control,M,44
11808,1986,DM,merriami,14,Control,M,49
11809,1986,DM,merriami,17,Control,M,44
11812,1986,DM,merriami,24,Rodent Exclosure,M,25
11813,1986,DM,merriami,22,Control,M,42
11814,1986,DM,merriami,18,Short-term Krat Exclosure,F,42
11816,1986,DM,merriami,24,Rodent Exclosure,F,44
11817,1986,DO,ordii,20,Short-term Krat Exclosure,F,50
11818,1986,DM,merriami,14,Control,F,46
11819,1986,DM,merriami,14,Control,F,40
11821,1986,DM,merriami,14,Control,M,53
11822,1986,DM,merriami,12,Control,F,44
11823,1986,DO,ordii,17,Control,F,52
11825,1986,DO,ordii,6,Short-term Krat Exclosure,F,35
11826,1986,DM,merriami,18,Short-term Krat Exclosure,F,44
11829,1986,DM,merriami,20,Short-term Krat Exclosure,M,49
11831,1986,DM,merriami,24,Rodent Exclosure,M,23
11832,1986,DM,merriami,12,Control,F,44
11834,1986,DM,merriami,24,Rodent Exclosure,M,42
11835,1986,DM,merriami,14,Control,M,20
11837,1986,DM,merriami,22,Control,M,31
11841,1986,DM,merriami,2,Control,M,46
11842,1986,DM,merriami,5,Rodent Exclosure,M,52
11844,1986,DS,spectabilis,11,Control,M,137
11845,1986,DO,ordii,4,Control,M,50
11846,1986,DM,merriami,5,Rodent Exclosure,F,46
11852,1986,DM,merriami,11,Control,F,45
11853,1986,DS,spectabilis,8,Control,M,151
11855,1986,DM,merriami,13,Short-term Krat Exclosure,M,46
11856,1986,DM,merriami,5,Rodent Exclosure,M,48
11857,1986,DM,merriami,1,Spectab exclosure,F,45
11858,1986,DS,spectabilis,2,Control,M,128
11859,1986,DM,merriami,11,Control,F,39
11862,1986,DM,merriami,2,Control,M,45
11864,1986,DM,merriami,4,Control,M,49
11866,1986,DM,merriami,5,Rodent Exclosure,F,41
11867,1986,DS,spectabilis,1,Spectab exclosure,M,118
11868,1986,DS,spectabilis,4,Control,F,118
11869,1986,DM,merriami,9,Spectab exclosure,F,45
11870,1986,DO,ordii,8,Control,F,55
11872,1986,DS,spectabilis,1,Spectab exclosure,M,150
11873,1986,DM,merriami,9,Spectab exclosure,M,46
11874,1986,DM,merriami,11,Control,F,43
11875,1986,DS,spectabilis,8,Control,F,127
11876,1986,DM,merriami,1,Spectab exclosure,M,54
11878,1986,DO,ordii,5,Rodent Exclosure,M,51
11880,1986,DM,merriami,9,Spectab exclosure,M,47
11883,1986,DM,merriami,11,Control,F,20
11884,1986,DM,merriami,4,Control,M,47
11885,1986,DM,merriami,11,Control,F,42
11886,1986,DM,merriami,13,Short-term Krat Exclosure,M,46
11890,1986,DM,merriami,22,Control,M,49
11892,1986,DM,merriami,20,Short-term Krat Exclosure,F,34
11893,1986,DM,merriami,18,Short-term Krat Exclosure,F,43
11894,1986,DM,merriami,24,Rodent Exclosure,F,41
11897,1986,DM,merriami,14,Control,F,48
11898,1986,DM,merriami,14,Control,F,45
11902,1986,DO,ordii,6,Short-term Krat Exclosure,M,54
11903,1986,DM,merriami,17,Control,M,46
11904,1986,DO,ordii,17,Control,F,63
11906,1986,DM,merriami,18,Short-term Krat Exclosure,F,31
11907,1986,DM,merriami,14,Control,M,54
11909,1986,DM,merriami,22,Control,F,32
11910,1986,DM,merriami,12,Control,F,47
11911,1986,DM,merriami,20,Short-term Krat Exclosure,M,49
11912,1986,DM,merriami,12,Control,M,26
11913,1986,DM,merriami,22,Control,F,46
11915,1986,DM,merriami,24,Rodent Exclosure,M,45
11918,1986,DM,merriami,24,Rodent Exclosure,F,31
11920,1986,DM,merriami,2,Control,M,53
11922,1986,DS,spectabilis,11,Control,F,102
11923,1986,DS,spectabilis,2,Control,M,134
11924,1986,DO,ordii,5,Rodent Exclosure,M,62
11925,1986,DM,merriami,1,Spectab exclosure,F,53
11926,1986,DM,merriami,5,Rodent Exclosure,F,27
11927,1986,DO,ordii,11,Control,M,51
11929,1986,DM,merriami,9,Spectab exclosure,M,40
11930,1986,DS,spectabilis,1,Spectab exclosure,M,131
11932,1986,DS,spectabilis,8,Control,M,148
11933,1986,DM,merriami,5,Rodent Exclosure,F,43
11936,1986,DM,merriami,4,Control,M,49
11938,1986,DM,merriami,13,Short-term Krat Exclosure,M,46
11939,1986,DM,merriami,11,Control,F,41
11940,1986,DO,ordii,8,Control,F,49
11941,1986,DS,spectabilis,4,Control,F,124
11942,1986,DM,merriami,11,Control,F,42
11944,1986,DM,merriami,5,Rodent Exclosure,F,42
11945,1986,DM,merriami,9,Spectab exclosure,M,50
11946,1986,DM,merriami,1,Spectab exclosure,F,49
11947,1986,DM,merriami,9,Spectab exclosure,F,37
11951,1986,DM,merriami,1,Spectab exclosure,M,51
11952,1986,DM,merriami,13,Short-term Krat Exclosure,M,51
11954,1986,DS,spectabilis,8,Control,F,136
11955,1986,DM,merriami,9,Spectab exclosure,M,43
11956,1986,DM,merriami,8,Control,M,48
11957,1986,DM,merriami,4,Control,M,45
11959,1986,DM,merriami,11,Control,F,43
11963,1986,DM,merriami,20,Short-term Krat Exclosure,F,36
11965,1986,DM,merriami,14,Control,M,49
11966,1986,DM,merriami,17,Control,M,48
11967,1986,DM,merriami,18,Short-term Krat Exclosure,F,42
11969,1986,DM,merriami,18,Short-term Krat Exclosure,M,49
11970,1986,DO,ordii,20,Short-term Krat Exclosure,F,46
11971,1986,DM,merriami,24,Rodent Exclosure,F,41
11972,1986,DO,ordii,12,Control,F,38
11973,1986,DM,merriami,24,Rodent Exclosure,M,42
11978,1986,DO,ordii,6,Short-term Krat Exclosure,F,34
11979,1986,DM,merriami,24,Rodent Exclosure,M,37
11981,1986,DM,merriami,6,Short-term Krat Exclosure,M,48
11982,1986,DM,merriami,20,Short-term Krat Exclosure,F,35
11983,1986,DM,merriami,14,Control,M,51
11984,1986,DM,merriami,17,Control,F,49
11985,1986,DM,merriami,12,Control,F,45
11986,1986,DM,merriami,22,Control,M,51
11988,1986,DM,merriami,20,Short-term Krat Exclosure,M,49
11989,1986,DM,merriami,14,Control,M,52
11991,1986,DM,merriami,6,Short-term Krat Exclosure,F,29
11992,1986,DM,merriami,18,Short-term Krat Exclosure,F,44
11993,1986,DO,ordii,6,Short-term Krat Exclosure,F,38
11994,1986,DO,ordii,17,Control,M,18
11995,1986,DM,merriami,14,Control,F,43
11996,1986,DM,merriami,12,Control,M,33
11998,1986,DM,merriami,24,Rodent Exclosure,F,40
12001,1986,DM,merriami,14,Control,F,44
12002,1986,DO,ordii,17,Control,F,69
12004,1986,DO,ordii,6,Short-term Krat Exclosure,M,54
12005,1986,DM,merriami,22,Control,F,46
12007,1986,DM,merriami,22,Control,F,37
12008,1986,DM,merriami,12,Control,M,49
12011,1986,DM,merriami,2,Control,F,46
12013,1986,DO,ordii,9,Spectab exclosure,F,62
12014,1986,DM,merriami,2,Control,M,49
12016,1986,DO,ordii,13,Short-term Krat Exclosure,F,49
12018,1986,DO,ordii,13,Short-term Krat Exclosure,M,48
12019,1986,DO,ordii,8,Control,M,48
12020,1986,DS,spectabilis,2,Control,M,133
12021,1986,DS,spectabilis,11,Control,F,117
12022,1986,DS,spectabilis,4,Control,F,141
12023,1986,DS,spectabilis,8,Control,M,170
12024,1986,DM,merriami,4,Control,M,48
12025,1986,DM,merriami,9,Spectab exclosure,M,52
12029,1986,DM,merriami,1,Spectab exclosure,M,33
12030,1986,DM,merriami,1,Spectab exclosure,M,31
12031,1986,DM,merriami,5,Rodent Exclosure,F,47
12032,1986,DM,merriami,1,Spectab exclosure,F,47
12033,1986,DM,merriami,5,Rodent Exclosure,M,56
12034,1986,DM,merriami,13,Short-term Krat Exclosure,M,42
12036,1986,DS,spectabilis,9,Spectab exclosure,M,144
12037,1986,DM,merriami,1,Spectab exclosure,M,37
12038,1986,DM,merriami,11,Control,F,47
12041,1986,DS,spectabilis,1,Spectab exclosure,M,135
12042,1986,DM,merriami,11,Control,M,37
12043,1986,DM,merriami,1,Spectab exclosure,M,32
12045,1986,DO,ordii,5,Rodent Exclosure,F,56
12046,1986,DM,merriami,5,Rodent Exclosure,F,31
12047,1986,DO,ordii,8,Control,F,63
12048,1986,DM,merriami,9,Spectab exclosure,M,50
12051,1986,DO,ordii,2,Control,F,62
12052,1986,DS,spectabilis,8,Control,F,130
12053,1986,DS,spectabilis,1,Spectab exclosure,F,130
12055,1986,DM,merriami,1,Spectab exclosure,M,53
12056,1986,DM,merriami,2,Control,M,44
12057,1986,DM,merriami,13,Short-term Krat Exclosure,M,44
12059,1986,DO,ordii,5,Rodent Exclosure,M,56
12060,1986,DM,merriami,1,Spectab exclosure,F,45
12062,1986,DO,ordii,13,Short-term Krat Exclosure,M,50
12063,1986,DO,ordii,2,Control,M,40
12064,1986,DM,merriami,11,Control,F,40
12065,1986,DM,merriami,1,Spectab exclosure,F,32
12066,1986,DO,ordii,2,Control,M,44
12068,1986,DM,merriami,9,Spectab exclosure,F,42
12069,1986,DM,merriami,4,Control,M,47
12070,1986,DM,merriami,9,Spectab exclosure,M,36
12071,1986,DM,merriami,17,Control,M,48
12072,1986,DM,merriami,24,Rodent Exclosure,F,43
12073,1986,DO,ordii,20,Short-term Krat Exclosure,F,49
12074,1986,DM,merriami,14,Control,F,42
12076,1986,DM,merriami,6,Short-term Krat Exclosure,M,43
12078,1986,DO,ordii,6,Short-term Krat Exclosure,F,41
12083,1986,DM,merriami,20,Short-term Krat Exclosure,F,41
12084,1986,DM,merriami,14,Control,M,52
12085,1986,DO,ordii,20,Short-term Krat Exclosure,M,29
12086,1986,DO,ordii,20,Short-term Krat Exclosure,M,54
12087,1986,DO,ordii,17,Control,M,30
12088,1986,DM,merriami,24,Rodent Exclosure,M,43
12090,1986,DM,merriami,14,Control,F,43
12092,1986,DO,ordii,20,Short-term Krat Exclosure,M,55
12093,1986,DM,merriami,12,Control,F,44
12094,1986,DM,merriami,12,Control,M,38
12096,1986,DM,merriami,22,Control,F,42
12097,1986,DO,ordii,6,Short-term Krat Exclosure,F,43
12098,1986,DM,merriami,14,Control,M,51
12099,1986,DO,ordii,17,Control,F,51
12100,1986,DM,merriami,24,Rodent Exclosure,M,42
12104,1986,DM,merriami,6,Short-term Krat Exclosure,F,37
12108,1986,DM,merriami,20,Short-term Krat Exclosure,M,50
12109,1986,DM,merriami,18,Short-term Krat Exclosure,M,48
12112,1986,DO,ordii,6,Short-term Krat Exclosure,F,50
12113,1986,DM,merriami,22,Control,M,51
12114,1986,DO,ordii,17,Control,F,30
12116,1986,DM,merriami,22,Control,F,37
12117,1986,DM,merriami,2,Control,F,44
12119,1986,DM,merriami,11,Control,M,27
12123,1986,DS,spectabilis,2,Control,M,143
12124,1986,DO,ordii,5,Rodent Exclosure,F,39
12125,1986,DO,ordii,9,Spectab exclosure,F,58
12126,1986,DO,ordii,8,Control,M,51
12127,1986,DS,spectabilis,9,Spectab exclosure,M,165
12128,1986,DS,spectabilis,11,Control,F,135
12129,1986,DM,merriami,13,Short-term Krat Exclosure,M,44
12130,1986,DM,merriami,9,Spectab exclosure,M,54
12131,1986,DS,spectabilis,8,Control,M,164
12132,1986,DM,merriami,1,Spectab exclosure,M,40
12133,1986,DS,spectabilis,4,Control,F,138
12134,1986,DM,merriami,5,Rodent Exclosure,M,24
12135,1986,DM,merriami,4,Control,M,51
12136,1986,DS,spectabilis,9,Spectab exclosure,F,159
12137,1986,DM,merriami,2,Control,M,49
12138,1986,DM,merriami,2,Control,F,39
12139,1986,DM,merriami,1,Spectab exclosure,F,45
12140,1986,DM,merriami,5,Rodent Exclosure,M,52
12141,1986,DO,ordii,9,Spectab exclosure,M,39
12143,1986,DM,merriami,1,Spectab exclosure,M,37
12146,1986,DO,ordii,2,Control,M,48
12147,1986,DM,merriami,11,Control,M,40
12148,1986,DO,ordii,5,Rodent Exclosure,M,54
12149,1986,DS,spectabilis,1,Spectab exclosure,M,142
12151,1986,DO,ordii,5,Rodent Exclosure,M,56
12152,1986,DM,merriami,9,Spectab exclosure,F,46
12154,1986,DM,merriami,9,Spectab exclosure,M,38
12156,1986,DO,ordii,9,Spectab exclosure,F,32
12157,1986,DS,spectabilis,1,Spectab exclosure,F,145
12158,1986,DM,merriami,11,Control,F,28
12160,1986,DM,merriami,13,Short-term Krat Exclosure,M,47
12163,1986,DM,merriami,11,Control,F,44
12165,1986,DO,ordii,13,Short-term Krat Exclosure,M,52
12166,1986,DM,merriami,1,Spectab exclosure,M,58
12168,1986,DM,merriami,4,Control,M,47
12171,1987,DM,merriami,24,Rodent Exclosure,M,45
12174,1987,DM,merriami,14,Control,M,49
12177,1987,DM,merriami,14,Control,F,41
12180,1987,DM,merriami,24,Rodent Exclosure,F,38
12181,1987,DM,merriami,6,Short-term Krat Exclosure,M,43
12185,1987,DM,merriami,6,Short-term Krat Exclosure,F,39
12187,1987,DM,merriami,18,Short-term Krat Exclosure,M,48
12188,1987,DM,merriami,24,Rodent Exclosure,M,43
12196,1987,DM,merriami,24,Rodent Exclosure,M,26
12199,1987,DO,ordii,20,Short-term Krat Exclosure,F,47
12201,1987,DO,ordii,6,Short-term Krat Exclosure,F,36
12202,1987,DM,merriami,12,Control,F,44
12204,1987,DM,merriami,12,Control,M,39
12205,1987,DO,ordii,20,Short-term Krat Exclosure,M,52
12206,1987,DO,ordii,6,Short-term Krat Exclosure,F,45
12207,1987,DM,merriami,22,Control,F,35
12208,1987,DM,merriami,20,Short-term Krat Exclosure,M,39
12214,1987,DM,merriami,24,Rodent Exclosure,F,39
12217,1987,DM,merriami,14,Control,M,51
12219,1987,DO,ordii,16,Rodent Exclosure,F,43
12221,1987,DO,ordii,16,Rodent Exclosure,M,56
12222,1987,DM,merriami,20,Short-term Krat Exclosure,M,49
12223,1987,DM,merriami,12,Control,M,57
12224,1987,DO,ordii,17,Control,F,58
12229,1987,DM,merriami,24,Rodent Exclosure,M,43
12230,1987,DM,merriami,22,Control,F,40
12234,1987,DM,merriami,2,Control,M,45
12235,1987,DM,merriami,4,Control,M,51
12239,1987,DO,ordii,9,Spectab exclosure,F,59
12240,1987,DO,ordii,8,Control,M,54
12241,1987,DM,merriami,4,Control,M,50
12242,1987,DO,ordii,13,Short-term Krat Exclosure,M,52
12244,1987,DM,merriami,4,Control,F,43
12245,1987,DM,merriami,5,Rodent Exclosure,M,53
12249,1987,DM,merriami,2,Control,F,45
12250,1987,DM,merriami,9,Spectab exclosure,M,54
12251,1987,DS,spectabilis,2,Control,M,136
12252,1987,DM,merriami,5,Rodent Exclosure,F,47
12256,1987,DS,spectabilis,8,Control,M,148
12257,1987,DM,merriami,13,Short-term Krat Exclosure,M,46
12259,1987,DO,ordii,9,Spectab exclosure,M,43
12264,1987,DM,merriami,9,Spectab exclosure,M,50
12266,1987,DS,spectabilis,4,Control,M,87
12269,1987,DO,ordii,9,Spectab exclosure,M,41
12271,1987,DS,spectabilis,11,Control,F,117
12273,1987,DM,merriami,11,Control,F,46
12274,1987,DS,spectabilis,9,Spectab exclosure,F,148
12275,1987,DO,ordii,2,Control,M,51
12276,1987,DM,merriami,1,Spectab exclosure,M,37
12279,1987,DM,merriami,1,Spectab exclosure,M,44
12281,1987,DM,merriami,11,Control,M,46
12283,1987,DS,spectabilis,1,Spectab exclosure,M,126
12285,1987,DM,merriami,11,Control,M,47
12286,1987,DM,merriami,9,Spectab exclosure,F,37
12289,1987,DO,ordii,5,Rodent Exclosure,F,39
12290,1987,DM,merriami,11,Control,M,48
12291,1987,DO,ordii,9,Spectab exclosure,F,36
12294,1987,DM,merriami,11,Control,M,48
12295,1987,DM,merriami,13,Short-term Krat Exclosure,M,50
12296,1987,DO,ordii,5,Rodent Exclosure,M,59
12298,1987,DM,merriami,11,Control,F,45
12300,1987,DO,ordii,5,Rodent Exclosure,M,59
12301,1987,DO,ordii,9,Spectab exclosure,F,37
12302,1987,DM,merriami,9,Spectab exclosure,M,40
12303,1987,DS,spectabilis,1,Spectab exclosure,F,136
12305,1987,DO,ordii,4,Control,F,39
12307,1987,DM,merriami,1,Spectab exclosure,M,54
12309,1987,DM,merriami,8,Control,F,46
12314,1987,DM,merriami,8,Control,M,46
12316,1987,DM,merriami,6,Short-term Krat Exclosure,F,41
12317,1987,DM,merriami,20,Short-term Krat Exclosure,M,45
12318,1987,DM,merriami,6,Short-term Krat Exclosure,M,41
12319,1987,DO,ordii,16,Rodent Exclosure,M,50
12322,1987,DO,ordii,20,Short-term Krat Exclosure,M,52
12323,1987,DM,merriami,14,Control,M,46
12326,1987,DM,merriami,6,Short-term Krat Exclosure,M,49
12330,1987,DO,ordii,6,Short-term Krat Exclosure,F,42
12335,1987,DM,merriami,14,Control,F,46
12339,1987,DM,merriami,17,Control,M,31
12341,1987,DM,merriami,14,Control,F,46
12343,1987,DO,ordii,20,Short-term Krat Exclosure,F,50
12347,1987,DM,merriami,24,Rodent Exclosure,M,46
12349,1987,DO,ordii,12,Control,F,54
12350,1987,DO,ordii,20,Short-term Krat Exclosure,M,55
12351,1987,DM,merriami,17,Control,M,47
12352,1987,DO,ordii,12,Control,M,57
12353,1987,DO,ordii,6,Short-term Krat Exclosure,M,58
12356,1987,DM,merriami,14,Control,M,46
12357,1987,DM,merriami,22,Control,F,44
12358,1987,DM,merriami,12,Control,F,46
12359,1987,DM,merriami,12,Control,M,42
12360,1987,DO,ordii,20,Short-term Krat Exclosure,M,58
12363,1987,DM,merriami,24,Rodent Exclosure,M,32
12366,1987,DM,merriami,24,Rodent Exclosure,F,40
12367,1987,DO,ordii,6,Short-term Krat Exclosure,F,41
12370,1987,DM,merriami,24,Rodent Exclosure,M,48
12373,1987,DO,ordii,16,Rodent Exclosure,M,52
12375,1987,DO,ordii,16,Rodent Exclosure,F,46
12376,1987,DO,ordii,24,Rodent Exclosure,M,39
12378,1987,DM,merriami,12,Control,M,52
12379,1987,DO,ordii,17,Control,F,56
12380,1987,DO,ordii,6,Short-term Krat Exclosure,M,54
12383,1987,DM,merriami,20,Short-term Krat Exclosure,M,41
12384,1987,DO,ordii,6,Short-term Krat Exclosure,M,53
12385,1987,DM,merriami,24,Rodent Exclosure,M,45
12386,1987,DM,merriami,20,Short-term Krat Exclosure,M,51
12389,1987,DM,merriami,2,Control,M,47
12391,1987,DM,merriami,9,Spectab exclosure,M,52
12393,1987,DO,ordii,9,Spectab exclosure,M,46
12394,1987,DM,merriami,2,Control,F,38
12395,1987,DM,merriami,4,Control,M,48
12396,1987,DS,spectabilis,11,Control,F,115
12397,1987,DO,ordii,8,Control,M,57
12398,1987,DM,merriami,1,Spectab exclosure,M,42
12399,1987,DM,merriami,4,Control,M,49
12400,1987,DO,ordii,9,Spectab exclosure,F,57
12402,1987,DO,ordii,9,Spectab exclosure,M,55
12404,1987,DS,spectabilis,2,Control,M,131
12407,1987,DM,merriami,2,Control,F,42
12409,1987,DM,merriami,9,Spectab exclosure,F,45
12410,1987,DS,spectabilis,9,Spectab exclosure,M,129
12411,1987,DS,spectabilis,8,Control,M,167
12413,1987,DO,ordii,4,Control,F,62
12415,1987,DM,merriami,13,Short-term Krat Exclosure,M,50
12416,1987,DO,ordii,5,Rodent Exclosure,F,48
12419,1987,DM,merriami,2,Control,M,49
12421,1987,DS,spectabilis,4,Control,F,127
12424,1987,DM,merriami,11,Control,M,45
12425,1987,DM,merriami,9,Spectab exclosure,M,48
12426,1987,DO,ordii,5,Rodent Exclosure,F,48
12427,1987,DO,ordii,9,Spectab exclosure,F,39
12428,1987,DS,spectabilis,4,Control,M,144
12430,1987,DM,merriami,9,Spectab exclosure,F,40
12432,1987,DS,spectabilis,1,Spectab exclosure,F,178
12433,1987,DO,ordii,2,Control,M,57
12434,1987,DM,merriami,1,Spectab exclosure,M,40
12435,1987,DM,merriami,5,Rodent Exclosure,M,49
12438,1987,DS,spectabilis,1,Spectab exclosure,M,128
12439,1987,DM,merriami,2,Control,M,40
12442,1987,DM,merriami,4,Control,F,46
12443,1987,DM,merriami,5,Rodent Exclosure,F,42
12445,1987,DS,spectabilis,8,Control,F,128
12446,1987,DO,ordii,2,Control,M,52
12448,1987,DS,spectabilis,1,Spectab exclosure,F,129
12449,1987,DM,merriami,1,Spectab exclosure,M,55
12455,1987,DO,ordii,5,Rodent Exclosure,F,51
12456,1987,DM,merriami,13,Short-term Krat Exclosure,M,46
12457,1987,DM,merriami,9,Spectab exclosure,M,47
12460,1987,DO,ordii,5,Rodent Exclosure,M,57
12461,1987,DM,merriami,9,Spectab exclosure,M,43
12466,1987,DO,ordii,4,Control,F,43
12467,1987,DM,merriami,8,Control,M,46
12468,1987,DM,merriami,11,Control,F,49
12472,1987,DM,merriami,6,Short-term Krat Exclosure,M,52
12474,1987,DM,merriami,17,Control,M,49
12475,1987,DM,merriami,20,Short-term Krat Exclosure,F,46
12479,1987,DM,merriami,18,Short-term Krat Exclosure,F,52
12480,1987,DO,ordii,6,Short-term Krat Exclosure,M,58
12482,1987,DO,ordii,6,Short-term Krat Exclosure,M,56
12484,1987,DO,ordii,20,Short-term Krat Exclosure,F,66
12485,1987,DO,ordii,20,Short-term Krat Exclosure,M,57
12486,1987,DM,merriami,22,Control,F,41
12488,1987,DM,merriami,24,Rodent Exclosure,M,46
12490,1987,DM,merriami,14,Control,F,46
12491,1987,DO,ordii,16,Rodent Exclosure,F,47
12492,1987,DO,ordii,6,Short-term Krat Exclosure,F,52
12494,1987,DM,merriami,18,Short-term Krat Exclosure,M,47
12496,1987,DM,merriami,20,Short-term Krat Exclosure,M,47
12497,1987,DM,merriami,14,Control,M,50
12499,1987,DO,ordii,6,Short-term Krat Exclosure,M,57
12500,1987,DM,merriami,12,Control,F,51
12502,1987,DM,merriami,20,Short-term Krat Exclosure,M,46
12503,1987,DO,ordii,17,Control,M,38
12504,1987,DO,ordii,20,Short-term Krat Exclosure,F,26
12508,1987,DO,ordii,16,Rodent Exclosure,M,55
12512,1987,DO,ordii,6,Short-term Krat Exclosure,F,47
12513,1987,DM,merriami,12,Control,M,49
12515,1987,DM,merriami,20,Short-term Krat Exclosure,M,41
12516,1987,DO,ordii,16,Rodent Exclosure,M,55
12518,1987,DO,ordii,16,Rodent Exclosure,F,50
12519,1987,DM,merriami,18,Short-term Krat Exclosure,F,47
12521,1987,DO,ordii,16,Rodent Exclosure,M,54
12522,1987,DO,ordii,17,Control,M,37
12527,1987,DS,spectabilis,22,Control,M,124
12528,1987,DM,merriami,12,Control,F,43
12530,1987,DO,ordii,16,Rodent Exclosure,F,42
12531,1987,DM,merriami,20,Short-term Krat Exclosure,M,49
12532,1987,DO,ordii,17,Control,F,62
12533,1987,DM,merriami,2,Control,M,46
12534,1987,DM,merriami,1,Spectab exclosure,M,44
12535,1987,DM,merriami,2,Control,F,42
12536,1987,DM,merriami,4,Control,F,42
12539,1987,DS,spectabilis,13,Short-term Krat Exclosure,F,135
12541,1987,DO,ordii,9,Spectab exclosure,M,48
12543,1987,DO,ordii,2,Control,F,56
12544,1987,DS,spectabilis,13,Short-term Krat Exclosure,M,94
12545,1987,DM,merriami,2,Control,M,45
12547,1987,DM,merriami,4,Control,M,49
12549,1987,DO,ordii,9,Spectab exclosure,F,36
12551,1987,DM,merriami,9,Spectab exclosure,M,52
12553,1987,DO,ordii,9,Spectab exclosure,F,66
12555,1987,DS,spectabilis,9,Spectab exclosure,F,144
12556,1987,DM,merriami,4,Control,F,24
12557,1987,DS,spectabilis,2,Control,M,137
12558,1987,DM,merriami,9,Spectab exclosure,M,49
12560,1987,DS,spectabilis,4,Control,F,164
12561,1987,DS,spectabilis,8,Control,M,156
12562,1987,DO,ordii,5,Rodent Exclosure,F,46
12564,1987,DO,ordii,9,Spectab exclosure,M,39
12566,1987,DO,ordii,8,Control,M,57
12567,1987,DM,merriami,4,Control,M,50
12568,1987,DM,merriami,13,Short-term Krat Exclosure,M,46
12569,1987,DM,merriami,1,Spectab exclosure,M,42
12572,1987,DM,merriami,8,Control,M,48
12576,1987,DS,spectabilis,1,Spectab exclosure,M,131
12579,1987,DM,merriami,11,Control,M,41
12581,1987,DS,spectabilis,4,Control,M,142
12582,1987,DS,spectabilis,8,Control,M,73
12583,1987,DS,spectabilis,8,Control,F,125
12584,1987,DS,spectabilis,1,Spectab exclosure,F,126
12586,1987,DM,merriami,8,Control,F,21
12587,1987,DM,merriami,9,Spectab exclosure,M,48
12591,1987,DM,merriami,9,Spectab exclosure,M,42
12595,1987,DM,merriami,1,Spectab exclosure,M,53
12601,1987,DM,merriami,11,Control,M,50
12603,1987,DO,ordii,5,Rodent Exclosure,M,59
12606,1987,DO,ordii,2,Control,M,52
12608,1987,DM,merriami,8,Control,F,46
12613,1987,DM,merriami,20,Short-term Krat Exclosure,F,44
12617,1987,DM,merriami,24,Rodent Exclosure,F,42
12620,1987,DO,ordii,6,Short-term Krat Exclosure,F,50
12621,1987,DO,ordii,12,Control,F,55
12624,1987,DO,ordii,12,Control,M,59
12626,1987,DM,merriami,17,Control,M,49
12627,1987,DM,merriami,14,Control,F,46
12629,1987,DM,merriami,14,Control,M,49
12630,1987,DM,merriami,24,Rodent Exclosure,M,46
12634,1987,DO,ordii,16,Rodent Exclosure,M,57
12641,1987,DM,merriami,18,Short-term Krat Exclosure,F,45
12642,1987,DO,ordii,16,Rodent Exclosure,F,49
12643,1987,DO,ordii,6,Short-term Krat Exclosure,M,58
12644,1987,DM,merriami,14,Control,F,45
12646,1987,DM,merriami,12,Control,M,48
12647,1987,DM,merriami,18,Short-term Krat Exclosure,M,48
12648,1987,DM,merriami,12,Control,F,30
12650,1987,DO,ordii,22,Control,M,36
12651,1987,DO,ordii,16,Rodent Exclosure,M,53
12652,1987,DM,merriami,12,Control,F,46
12653,1987,DM,merriami,24,Rodent Exclosure,M,42
12654,1987,DO,ordii,17,Control,M,44
12656,1987,DO,ordii,6,Short-term Krat Exclosure,M,41
12658,1987,DM,merriami,20,Short-term Krat Exclosure,M,50
12659,1987,DO,ordii,16,Rodent Exclosure,F,50
12661,1987,DO,ordii,6,Short-term Krat Exclosure,F,50
12662,1987,DO,ordii,16,Rodent Exclosure,M,56
12663,1987,DM,merriami,14,Control,M,52
12664,1987,DS,spectabilis,22,Control,M,126
12665,1987,DO,ordii,6,Short-term Krat Exclosure,M,53
12666,1987,DM,merriami,12,Control,F,56
12670,1987,DO,ordii,6,Short-term Krat Exclosure,M,54
12671,1987,DM,merriami,1,Spectab exclosure,M,43
12676,1987,DM,merriami,2,Control,M,46
12679,1987,DM,merriami,4,Control,M,33
12683,1987,DS,spectabilis,9,Spectab exclosure,M,62
12684,1987,DO,ordii,5,Rodent Exclosure,M,56
12685,1987,DS,spectabilis,8,Control,M,157
12686,1987,DM,merriami,13,Short-term Krat Exclosure,M,49
12688,1987,DS,spectabilis,2,Control,M,134
12689,1987,DM,merriami,9,Spectab exclosure,M,54
12690,1987,DS,spectabilis,1,Spectab exclosure,F,79
12692,1987,DS,spectabilis,1,Spectab exclosure,M,69
12694,1987,DO,ordii,5,Rodent Exclosure,F,49
12695,1987,DM,merriami,4,Control,M,50
12697,1987,DM,merriami,8,Control,M,44
12698,1987,DM,merriami,1,Spectab exclosure,M,46
12699,1987,DS,spectabilis,4,Control,F,127
12701,1987,DS,spectabilis,9,Spectab exclosure,F,150
12702,1987,DO,ordii,2,Control,M,50
12704,1987,DS,spectabilis,8,Control,F,136
12705,1987,DO,ordii,9,Spectab exclosure,M,42
12706,1987,DO,ordii,8,Control,M,58
12707,1987,DO,ordii,2,Control,F,53
12710,1987,DS,spectabilis,1,Spectab exclosure,M,137
12712,1987,DM,merriami,9,Spectab exclosure,F,40
12713,1987,DS,spectabilis,1,Spectab exclosure,F,152
12715,1987,DS,spectabilis,11,Control,F,50
12718,1987,DM,merriami,9,Spectab exclosure,M,47
12719,1987,DS,spectabilis,8,Control,M,102
12725,1987,DM,merriami,4,Control,F,47
12726,1987,DM,merriami,9,Spectab exclosure,F,49
12727,1987,DS,spectabilis,4,Control,M,139
12728,1987,DM,merriami,11,Control,F,48
12730,1987,DM,merriami,11,Control,F,45
12732,1987,DM,merriami,11,Control,M,47
12733,1987,DM,merriami,1,Spectab exclosure,M,52
12734,1987,DM,merriami,9,Spectab exclosure,M,44
12736,1987,DM,merriami,18,Short-term Krat Exclosure,M,44
12740,1987,DM,merriami,14,Control,F,46
12744,1987,DO,ordii,12,Control,F,51
12746,1987,DO,ordii,18,Short-term Krat Exclosure,F,36
12749,1987,DO,ordii,9,Spectab exclosure,M,52
12750,1987,DM,merriami,1,Spectab exclosure,M,44
12754,1987,DM,merriami,17,Control,M,47
12755,1987,DO,ordii,6,Short-term Krat Exclosure,M,32
12759,1987,DO,ordii,9,Spectab exclosure,M,45
12764,1987,DM,merriami,2,Control,F,45
12767,1987,DM,merriami,1,Spectab exclosure,M,44
12769,1987,DM,merriami,11,Control,M,46
12771,1987,DM,merriami,18,Short-term Krat Exclosure,M,47
12775,1987,DS,spectabilis,9,Spectab exclosure,F,164
12777,1987,DS,spectabilis,8,Control,M,159
12780,1987,DM,merriami,2,Control,M,44
12781,1987,DM,merriami,14,Control,F,45
12783,1987,DM,merriami,22,Control,F,54
12788,1987,DM,merriami,20,Short-term Krat Exclosure,F,45
12789,1987,DO,ordii,2,Control,F,55
12790,1987,DS,spectabilis,2,Control,M,139
12791,1987,DO,ordii,5,Rodent Exclosure,M,48
12792,1987,DO,ordii,8,Control,M,59
12793,1987,DM,merriami,14,Control,M,53
12796,1987,DM,merriami,4,Control,M,51
12797,1987,DM,merriami,11,Control,M,47
12800,1987,DS,spectabilis,4,Control,F,124
12801,1987,DM,merriami,9,Spectab exclosure,M,47
12802,1987,DO,ordii,17,Control,M,42
12804,1987,DM,merriami,9,Spectab exclosure,M,50
12805,1987,DO,ordii,6,Short-term Krat Exclosure,F,45
12806,1987,DS,spectabilis,1,Spectab exclosure,M,80
12807,1987,DM,merriami,9,Spectab exclosure,M,44
12812,1987,DM,merriami,4,Control,M,30
12813,1987,DM,merriami,13,Short-term Krat Exclosure,M,46
12815,1987,DM,merriami,9,Spectab exclosure,M,47
12817,1987,DM,merriami,12,Control,F,45
12818,1987,DS,spectabilis,22,Control,F,142
12820,1987,DS,spectabilis,8,Control,F,134
12822,1987,DM,merriami,18,Short-term Krat Exclosure,F,41
12825,1987,DM,merriami,1,Spectab exclosure,F,45
12828,1987,DM,merriami,9,Spectab exclosure,F,37
12831,1987,DO,ordii,5,Rodent Exclosure,M,58
12836,1987,DM,merriami,18,Short-term Krat Exclosure,M,48
12837,1987,DM,merriami,12,Control,F,43
12841,1987,DM,merriami,9,Spectab exclosure,F,46
12844,1987,DM,merriami,8,Control,M,47
12845,1987,DM,merriami,13,Short-term Krat Exclosure,F,24
12847,1987,DM,merriami,24,Rodent Exclosure,F,45
12848,1987,DO,ordii,6,Short-term Krat Exclosure,M,55
12849,1987,DM,merriami,20,Short-term Krat Exclosure,M,47
12850,1987,DO,ordii,14,Control,M,44
12854,1987,DO,ordii,2,Control,M,50
12855,1987,DO,ordii,13,Short-term Krat Exclosure,M,53
12857,1987,DO,ordii,17,Control,M,40
12862,1987,DM,merriami,11,Control,F,45
12864,1987,DM,merriami,12,Control,M,48
12865,1987,DM,merriami,4,Control,F,46
12866,1987,DM,merriami,8,Control,F,47
12868,1987,DM,merriami,24,Rodent Exclosure,M,51
12870,1987,DS,spectabilis,22,Control,M,143
12872,1987,DS,spectabilis,4,Control,M,138
12879,1987,DS,spectabilis,1,Spectab exclosure,F,125
12882,1987,DM,merriami,20,Short-term Krat Exclosure,M,40
12883,1987,DM,merriami,1,Spectab exclosure,M,54
12886,1987,DO,ordii,6,Short-term Krat Exclosure,M,43
12887,1987,DM,merriami,22,Control,M,25
12891,1987,DM,merriami,18,Short-term Krat Exclosure,F,33
12892,1987,DM,merriami,14,Control,M,28
12896,1987,DM,merriami,6,Short-term Krat Exclosure,M,50
12897,1987,DM,merriami,17,Control,M,36
12898,1987,DO,ordii,12,Control,F,53
12901,1987,DO,ordii,6,Short-term Krat Exclosure,F,38
12903,1987,DM,merriami,18,Short-term Krat Exclosure,M,44
12904,1987,DM,merriami,18,Short-term Krat Exclosure,M,46
12906,1987,DM,merriami,20,Short-term Krat Exclosure,M,43
12907,1987,DM,merriami,18,Short-term Krat Exclosure,F,41
12908,1987,DM,merriami,14,Control,M,32
12912,1987,DM,merriami,14,Control,F,43
12915,1987,DM,merriami,24,Rodent Exclosure,F,51
12916,1987,DM,merriami,12,Control,M,48
12918,1987,DM,merriami,24,Rodent Exclosure,M,45
12919,1987,DO,ordii,6,Short-term Krat Exclosure,M,55
12921,1987,DM,merriami,18,Short-term Krat Exclosure,M,49
12922,1987,DS,spectabilis,22,Control,M,100
12931,1987,DM,merriami,24,Rodent Exclosure,F,44
12934,1987,DO,ordii,17,Control,M,51
12935,1987,DM,merriami,12,Control,M,45
12937,1987,DM,merriami,20,Short-term Krat Exclosure,M,47
12939,1987,DO,ordii,17,Control,F,58
12941,1987,DM,merriami,22,Control,M,39
12943,1987,DM,merriami,14,Control,M,53
12944,1987,DO,ordii,14,Control,F,46
12945,1987,DM,merriami,12,Control,M,21
12947,1987,DM,merriami,20,Short-term Krat Exclosure,M,42
12949,1987,DM,merriami,24,Rodent Exclosure,M,50
12953,1987,DO,ordii,17,Control,M,45
12955,1987,DM,merriami,12,Control,F,48
12957,1987,DS,spectabilis,22,Control,M,120
12958,1987,DM,merriami,14,Control,F,42
12962,1987,DO,ordii,9,Spectab exclosure,M,54
12964,1987,DM,merriami,4,Control,M,52
12966,1987,DM,merriami,2,Control,M,47
12971,1987,DS,spectabilis,9,Spectab exclosure,F,150
12972,1987,DM,merriami,2,Control,F,25
12973,1987,DS,spectabilis,8,Control,M,143
12976,1987,DM,merriami,1,Spectab exclosure,M,26
12979,1987,DM,merriami,4,Control,F,26
12980,1987,DO,ordii,8,Control,M,58
12981,1987,DS,spectabilis,2,Control,M,130
12982,1987,DM,merriami,8,Control,M,46
12983,1987,DM,merriami,9,Spectab exclosure,M,43
12985,1987,DS,spectabilis,4,Control,F,125
12988,1987,DS,spectabilis,4,Control,M,92
12992,1987,DS,spectabilis,1,Spectab exclosure,M,39
12993,1987,DO,ordii,5,Rodent Exclosure,F,44
12994,1987,DM,merriami,13,Short-term Krat Exclosure,M,54
12998,1987,DM,merriami,4,Control,F,45
13000,1987,DO,ordii,5,Rodent Exclosure,M,60
13004,1987,DS,spectabilis,1,Spectab exclosure,F,121
13005,1987,DM,merriami,8,Control,F,50
13006,1987,DM,merriami,11,Control,M,44
13007,1987,DO,ordii,2,Control,F,50
13008,1987,DM,merriami,9,Spectab exclosure,M,45
13009,1987,DM,merriami,1,Spectab exclosure,M,43
13011,1987,DM,merriami,4,Control,F,28
13012,1987,DS,spectabilis,4,Control,M,141
13013,1987,DM,merriami,11,Control,M,47
13014,1987,DM,merriami,9,Spectab exclosure,M,49
13015,1987,DM,merriami,13,Short-term Krat Exclosure,F,37
13017,1987,DS,spectabilis,1,Spectab exclosure,F,45
13018,1987,DO,ordii,2,Control,M,52
13019,1987,DM,merriami,11,Control,F,49
13020,1987,DM,merriami,4,Control,M,38
13023,1987,DM,merriami,1,Spectab exclosure,M,55
13024,1987,DO,ordii,5,Rodent Exclosure,M,53
13028,1987,DO,ordii,13,Short-term Krat Exclosure,M,52
13032,1987,DM,merriami,8,Control,M,29
13033,1987,DM,merriami,9,Spectab exclosure,F,47
13034,1987,DM,merriami,8,Control,M,48
13035,1987,DO,ordii,13,Short-term Krat Exclosure,F,57
13042,1987,DM,merriami,20,Short-term Krat Exclosure,F,27
13044,1987,DM,merriami,18,Short-term Krat Exclosure,F,35
13045,1987,DM,merriami,14,Control,M,35
13046,1987,DM,merriami,24,Rodent Exclosure,F,38
13049,1987,DM,merriami,14,Control,F,42
13050,1987,DM,merriami,20,Short-term Krat Exclosure,M,44
13053,1987,DO,ordii,6,Short-term Krat Exclosure,M,44
13059,1987,DM,merriami,24,Rodent Exclosure,M,13
13060,1987,DM,merriami,22,Control,M,35
13061,1987,DM,merriami,24,Rodent Exclosure,M,41
13064,1987,DM,merriami,20,Short-term Krat Exclosure,F,28
13066,1987,DO,ordii,12,Control,F,60
13067,1987,DM,merriami,14,Control,F,44
13068,1987,DO,ordii,12,Control,F,41
13069,1987,DM,merriami,14,Control,M,52
13070,1987,DO,ordii,17,Control,F,20
13071,1987,DM,merriami,20,Short-term Krat Exclosure,M,49
13072,1987,DM,merriami,22,Control,M,37
13073,1987,DM,merriami,18,Short-term Krat Exclosure,M,45
13074,1987,DM,merriami,14,Control,M,36
13075,1987,DM,merriami,18,Short-term Krat Exclosure,F,42
13076,1987,DO,ordii,6,Short-term Krat Exclosure,F,40
13077,1987,DS,spectabilis,22,Control,F,130
13078,1987,DO,ordii,6,Short-term Krat Exclosure,M,56
13079,1987,DM,merriami,22,Control,F,42
13080,1987,DM,merriami,12,Control,F,39
13082,1987,DO,ordii,17,Control,M,49
13083,1987,DM,merriami,20,Short-term Krat Exclosure,M,41
13085,1987,DM,merriami,12,Control,M,44
13088,1987,DM,merriami,14,Control,F,44
13089,1987,DM,merriami,12,Control,M,30
13091,1987,DO,ordii,17,Control,M,24
13095,1987,DM,merriami,24,Rodent Exclosure,F,37
13102,1987,DM,merriami,24,Rodent Exclosure,F,39
13106,1987,DM,merriami,1,Spectab exclosure,M,45
13109,1987,DO,ordii,9,Spectab exclosure,M,50
13121,1987,DM,merriami,13,Short-term Krat Exclosure,F,38
13123,1987,DS,spectabilis,2,Control,M,130
13126,1987,DM,merriami,4,Control,F,41
13128,1987,DM,merriami,11,Control,M,35
13130,1987,DS,spectabilis,1,Spectab exclosure,M,88
13131,1987,DM,merriami,5,Rodent Exclosure,F,15
13132,1987,DS,spectabilis,9,Spectab exclosure,F,151
13133,1987,DM,merriami,9,Spectab exclosure,F,39
13134,1987,DS,spectabilis,8,Control,M,153
13135,1987,DO,ordii,8,Control,M,55
13137,1987,DM,merriami,4,Control,M,51
13138,1987,DM,merriami,11,Control,M,45
13139,1987,DM,merriami,9,Spectab exclosure,M,49
13143,1987,DM,merriami,4,Control,F,32
13145,1987,DM,merriami,2,Control,F,40
13149,1987,DM,merriami,13,Short-term Krat Exclosure,M,50
13153,1987,DS,spectabilis,4,Control,F,133
13158,1987,DM,merriami,9,Spectab exclosure,F,20
13160,1987,DM,merriami,9,Spectab exclosure,M,46
13161,1987,DM,merriami,8,Control,F,48
13162,1987,DM,merriami,1,Spectab exclosure,M,35
13164,1987,DO,ordii,2,Control,F,50
13165,1987,DO,ordii,5,Rodent Exclosure,M,52
13166,1987,DM,merriami,1,Spectab exclosure,M,46
13167,1987,DM,merriami,2,Control,F,32
13171,1987,DO,ordii,2,Control,M,53
13172,1987,DM,merriami,8,Control,M,47
13174,1987,DM,merriami,4,Control,M,38
13175,1987,DS,spectabilis,1,Spectab exclosure,F,116
13178,1987,DM,merriami,1,Spectab exclosure,M,55
13181,1987,DS,spectabilis,4,Control,M,135
13184,1987,DO,ordii,5,Rodent Exclosure,M,57
13188,1987,DM,merriami,11,Control,F,43
13190,1987,DM,merriami,1,Spectab exclosure,M,46
13191,1987,DM,merriami,8,Control,M,48
13193,1987,DM,merriami,20,Short-term Krat Exclosure,F,34
13195,1987,DO,ordii,6,Short-term Krat Exclosure,M,48
13199,1987,DM,merriami,14,Control,F,49
13202,1987,DM,merriami,22,Control,M,38
13203,1987,DM,merriami,22,Control,M,46
13204,1987,DM,merriami,18,Short-term Krat Exclosure,M,47
13205,1987,DO,ordii,12,Control,F,51
13207,1987,DM,merriami,14,Control,M,38
13213,1987,DM,merriami,20,Short-term Krat Exclosure,F,25
13215,1987,DM,merriami,24,Rodent Exclosure,F,30
13216,1987,DM,merriami,24,Rodent Exclosure,M,42
13217,1987,DO,ordii,12,Control,F,24
13221,1987,DM,merriami,18,Short-term Krat Exclosure,M,34
13222,1987,DM,merriami,18,Short-term Krat Exclosure,F,48
13223,1987,DM,merriami,20,Short-term Krat Exclosure,F,44
13224,1987,DM,merriami,20,Short-term Krat Exclosure,M,40
13227,1987,DS,spectabilis,22,Control,F,136
13228,1987,DO,ordii,6,Short-term Krat Exclosure,M,54
13231,1987,DM,merriami,14,Control,M,44
13232,1987,DO,ordii,17,Control,M,54
13237,1987,DM,merriami,18,Short-term Krat Exclosure,M,44
13242,1987,DO,ordii,17,Control,M,54
13243,1987,DM,merriami,14,Control,M,40
13244,1987,DM,merriami,24,Rodent Exclosure,F,47
13246,1987,DO,ordii,6,Short-term Krat Exclosure,F,44
13248,1987,DM,merriami,20,Short-term Krat Exclosure,M,48
13249,1987,DM,merriami,12,Control,M,43
13251,1987,DO,ordii,17,Control,M,52
13252,1987,DM,merriami,20,Short-term Krat Exclosure,M,42
13253,1987,DM,merriami,12,Control,F,40
13257,1987,DM,merriami,5,Rodent Exclosure,F,45
13258,1987,DS,spectabilis,9,Spectab exclosure,F,156
13264,1987,DO,ordii,9,Spectab exclosure,M,50
13265,1987,DO,ordii,5,Rodent Exclosure,M,54
13267,1987,DM,merriami,2,Control,F,44
13269,1987,DO,ordii,13,Short-term Krat Exclosure,F,49
13274,1987,DO,ordii,5,Rodent Exclosure,F,45
13279,1987,DS,spectabilis,1,Spectab exclosure,M,100
13281,1987,DM,merriami,4,Control,M,51
13282,1987,DO,ordii,8,Control,M,54
13283,1987,DM,merriami,9,Spectab exclosure,M,45
13284,1987,DM,merriami,1,Spectab exclosure,M,45
13285,1987,DM,merriami,11,Control,M,38
13288,1987,DS,spectabilis,4,Control,F,120
13289,1987,DM,merriami,13,Short-term Krat Exclosure,F,41
13291,1987,DO,ordii,2,Control,M,53
13294,1987,DM,merriami,4,Control,M,29
13295,1987,DM,merriami,1,Spectab exclosure,M,46
13296,1987,DM,merriami,4,Control,F,35
13297,1987,DO,ordii,5,Rodent Exclosure,M,56
13298,1987,DS,spectabilis,8,Control,F,68
13301,1987,DM,merriami,1,Spectab exclosure,M,38
13303,1987,DM,merriami,11,Control,F,45
13305,1987,DM,merriami,1,Spectab exclosure,F,54
13308,1987,DM,merriami,13,Short-term Krat Exclosure,M,46
13312,1987,DM,merriami,9,Spectab exclosure,F,30
13314,1987,DM,merriami,8,Control,M,45
13318,1987,DM,merriami,11,Control,M,44
13319,1987,DM,merriami,4,Control,M,42
13322,1987,DM,merriami,5,Rodent Exclosure,F,44
13324,1987,DM,merriami,1,Spectab exclosure,M,52
13325,1987,DO,ordii,2,Control,F,39
13327,1987,DS,spectabilis,4,Control,M,144
13329,1987,DM,merriami,9,Spectab exclosure,M,44
13335,1987,DS,spectabilis,1,Spectab exclosure,F,115
13340,1987,DM,merriami,4,Control,F,27
13344,1987,DO,ordii,12,Control,F,53
13345,1987,DO,ordii,12,Control,M,57
13347,1987,DO,ordii,24,Rodent Exclosure,M,63
13348,1987,DM,merriami,14,Control,M,39
13353,1987,DO,ordii,6,Short-term Krat Exclosure,M,51
13356,1987,DM,merriami,18,Short-term Krat Exclosure,M,48
13359,1987,DM,merriami,18,Short-term Krat Exclosure,F,43
13361,1987,DM,merriami,20,Short-term Krat Exclosure,F,40
13364,1987,DO,ordii,17,Control,M,51
13365,1987,DM,merriami,22,Control,M,41
13366,1987,DM,merriami,24,Rodent Exclosure,F,40
13367,1987,DM,merriami,13,Short-term Krat Exclosure,F,38
13368,1987,DM,merriami,20,Short-term Krat Exclosure,F,45
13371,1987,DM,merriami,13,Short-term Krat Exclosure,M,49
13374,1987,DM,merriami,22,Control,F,47
13375,1987,DM,merriami,18,Short-term Krat Exclosure,F,43
13376,1987,DM,merriami,14,Control,F,42
13378,1987,DO,ordii,17,Control,M,54
13381,1987,DM,merriami,20,Short-term Krat Exclosure,M,42
13383,1987,DO,ordii,6,Short-term Krat Exclosure,M,49
13386,1987,DS,spectabilis,22,Control,F,130
13388,1987,DM,merriami,20,Short-term Krat Exclosure,M,52
13394,1987,DO,ordii,13,Short-term Krat Exclosure,M,56
13396,1987,DO,ordii,6,Short-term Krat Exclosure,M,54
13397,1987,DM,merriami,13,Short-term Krat Exclosure,F,40
13398,1987,DM,merriami,24,Rodent Exclosure,M,45
13399,1987,DM,merriami,12,Control,F,41
13400,1987,DM,merriami,14,Control,M,50
13402,1987,DM,merriami,12,Control,M,49
13405,1987,DM,merriami,24,Rodent Exclosure,F,40
13408,1987,DM,merriami,22,Control,M,47
13411,1987,DM,merriami,20,Short-term Krat Exclosure,M,48
13415,1987,DM,merriami,1,Spectab exclosure,F,38
13417,1987,DM,merriami,4,Control,F,40
13420,1987,DS,spectabilis,2,Control,M,132
13425,1987,DO,ordii,8,Control,M,58
13427,1987,DM,merriami,1,Spectab exclosure,M,47
13430,1987,DM,merriami,4,Control,M,50
13431,1987,DO,ordii,2,Control,F,48
13432,1987,DS,spectabilis,4,Control,F,116
13433,1987,DS,spectabilis,9,Spectab exclosure,F,149
13437,1987,DS,spectabilis,1,Spectab exclosure,M,132
13441,1987,DM,merriami,1,Spectab exclosure,M,46
13446,1987,DO,ordii,9,Spectab exclosure,M,54
13452,1987,DM,merriami,1,Spectab exclosure,M,41
13453,1987,DO,ordii,5,Rodent Exclosure,M,57
13454,1987,DS,spectabilis,1,Spectab exclosure,F,129
13455,1987,DO,ordii,2,Control,M,51
13456,1987,DM,merriami,11,Control,M,44
13457,1987,DM,merriami,9,Spectab exclosure,M,35
13459,1987,DO,ordii,5,Rodent Exclosure,M,55
13464,1987,DS,spectabilis,8,Control,M,161
13466,1987,DM,merriami,8,Control,M,52
13470,1987,DM,merriami,8,Control,M,29
13473,1987,DS,spectabilis,4,Control,M,133
13477,1987,DM,merriami,8,Control,F,46
13478,1987,DM,merriami,4,Control,M,42
13480,1987,DM,merriami,1,Spectab exclosure,M,53
13481,1987,DM,merriami,2,Control,M,48
13482,1987,DM,merriami,11,Control,F,44
13486,1987,DM,merriami,20,Short-term Krat Exclosure,F,36
13487,1987,DM,merriami,18,Short-term Krat Exclosure,M,45
13500,1987,DM,merriami,24,Rodent Exclosure,F,35
13503,1987,DM,merriami,22,Control,F,46
13505,1987,DO,ordii,6,Short-term Krat Exclosure,M,54
13510,1987,DM,merriami,14,Control,F,45
13511,1987,DM,merriami,20,Short-term Krat Exclosure,F,43
13512,1987,DO,ordii,12,Control,F,51
13513,1987,DM,merriami,18,Short-term Krat Exclosure,F,39
13514,1987,DM,merriami,22,Control,M,46
13520,1987,DO,ordii,6,Short-term Krat Exclosure,F,53
13522,1987,DM,merriami,22,Control,M,40
13526,1987,DM,merriami,18,Short-term Krat Exclosure,F,44
13528,1987,DM,merriami,18,Short-term Krat Exclosure,M,40
13529,1987,DM,merriami,14,Control,M,48
13532,1987,DO,ordii,6,Short-term Krat Exclosure,F,47
13535,1987,DM,merriami,12,Control,M,44
13536,1987,DO,ordii,6,Short-term Krat Exclosure,F,46
13537,1987,DS,spectabilis,22,Control,F,128
13542,1987,DM,merriami,24,Rodent Exclosure,M,40
13552,1987,DO,ordii,17,Control,M,55
13553,1987,DM,merriami,18,Short-term Krat Exclosure,M,41
13554,1987,DM,merriami,24,Rodent Exclosure,F,42
13556,1987,DO,ordii,22,Control,M,53
13559,1987,DO,ordii,17,Control,M,53
13563,1987,DM,merriami,4,Control,F,38
13570,1987,DM,merriami,1,Spectab exclosure,F,38
13574,1987,DM,merriami,9,Spectab exclosure,F,44
13578,1987,DM,merriami,1,Spectab exclosure,M,43
13579,1987,DO,ordii,9,Spectab exclosure,M,56
13584,1987,DO,ordii,9,Spectab exclosure,F,47
13587,1987,DS,spectabilis,2,Control,M,128
13589,1987,DM,merriami,2,Control,M,45
13590,1987,DO,ordii,9,Spectab exclosure,M,48
13591,1987,DS,spectabilis,9,Spectab exclosure,M,160
13595,1987,DM,merriami,11,Control,M,41
13596,1987,DM,merriami,1,Spectab exclosure,M,45
13597,1987,DS,spectabilis,4,Control,F,51
13598,1987,DM,merriami,9,Spectab exclosure,M,43
13599,1987,DM,merriami,8,Control,M,37
13600,1987,DS,spectabilis,9,Spectab exclosure,F,148
13601,1987,DS,spectabilis,4,Control,M,133
13604,1987,DS,spectabilis,1,Spectab exclosure,M,128
13608,1987,DO,ordii,5,Rodent Exclosure,M,51
13609,1987,DM,merriami,1,Spectab exclosure,M,44
13610,1987,DM,merriami,9,Spectab exclosure,M,42
13612,1987,DM,merriami,4,Control,F,44
13614,1987,DM,merriami,13,Short-term Krat Exclosure,M,45
13617,1987,DO,ordii,2,Control,M,50
13619,1987,DO,ordii,5,Rodent Exclosure,M,54
13622,1987,DM,merriami,8,Control,F,45
13623,1987,DO,ordii,2,Control,F,46
13627,1987,DM,merriami,13,Short-term Krat Exclosure,F,38
13631,1987,DM,merriami,11,Control,F,37
13633,1987,DM,merriami,13,Short-term Krat Exclosure,F,39
13634,1987,DM,merriami,8,Control,M,47
13638,1987,DM,merriami,4,Control,M,42
13640,1987,DM,merriami,1,Spectab exclosure,M,53
13645,1987,DM,merriami,8,Control,M,38
13646,1987,DO,ordii,6,Short-term Krat Exclosure,F,49
13649,1987,DO,ordii,12,Control,F,50
13650,1987,DO,ordii,6,Short-term Krat Exclosure,M,51
13652,1987,DM,merriami,20,Short-term Krat Exclosure,F,38
13657,1987,DO,ordii,20,Short-term Krat Exclosure,F,53
13664,1987,DM,merriami,18,Short-term Krat Exclosure,M,46
13665,1987,DM,merriami,22,Control,F,41
13668,1987,DM,merriami,18,Short-term Krat Exclosure,F,41
13670,1987,DM,merriami,24,Rodent Exclosure,F,35
13673,1987,DM,merriami,14,Control,F,43
13677,1987,DM,merriami,20,Short-term Krat Exclosure,F,41
13680,1987,DM,merriami,14,Control,M,38
13683,1987,DM,merriami,22,Control,M,40
13687,1987,DO,ordii,6,Short-term Krat Exclosure,M,52
13690,1987,DO,ordii,6,Short-term Krat Exclosure,F,45
13692,1987,DS,spectabilis,22,Control,F,114
13695,1987,DM,merriami,12,Control,M,43
13696,1987,DO,ordii,17,Control,M,52
13698,1987,DM,merriami,18,Short-term Krat Exclosure,F,42
13700,1987,DM,merriami,24,Rodent Exclosure,M,40
13702,1987,DO,ordii,6,Short-term Krat Exclosure,F,49
13708,1987,DM,merriami,14,Control,F,44
13721,1987,DM,merriami,24,Rodent Exclosure,F,42
13723,1987,DM,merriami,18,Short-term Krat Exclosure,F,40
13724,1987,DM,merriami,20,Short-term Krat Exclosure,M,42
13729,1987,DM,merriami,22,Control,M,45
13731,1987,DM,merriami,12,Control,F,32
13732,1987,DM,merriami,18,Short-term Krat Exclosure,M,38
13735,1987,DO,ordii,5,Rodent Exclosure,M,53
13736,1987,DO,ordii,11,Control,F,41
13741,1987,DM,merriami,8,Control,F,44
13742,1987,DM,merriami,4,Control,M,49
13746,1987,DO,ordii,5,Rodent Exclosure,F,43
13750,1987,DO,ordii,9,Spectab exclosure,F,59
13752,1987,DM,merriami,1,Spectab exclosure,M,43
13755,1987,DO,ordii,9,Spectab exclosure,M,48
13757,1987,DM,merriami,2,Control,M,44
13760,1987,DM,merriami,1,Spectab exclosure,F,43
13762,1987,DS,spectabilis,8,Control,M,159
13763,1987,DM,merriami,13,Short-term Krat Exclosure,M,42
13766,1987,DM,merriami,8,Control,F,39
13767,1987,DM,merriami,1,Spectab exclosure,M,43
13768,1987,DO,ordii,2,Control,M,50
13771,1987,DM,merriami,3,Long-term Krat Exclosure,F,41
13772,1987,DM,merriami,9,Spectab exclosure,M,44
13777,1987,DM,merriami,1,Spectab exclosure,M,45
13779,1987,DM,merriami,9,Spectab exclosure,M,47
13784,1987,DS,spectabilis,9,Spectab exclosure,F,145
13786,1987,DO,ordii,8,Control,M,57
13788,1987,DM,merriami,11,Control,F,36
13789,1987,DM,merriami,8,Control,M,47
13792,1987,DM,merriami,5,Rodent Exclosure,M,48
13794,1987,DM,merriami,4,Control,F,44
13800,1987,DM,merriami,11,Control,F,35
13802,1987,DO,ordii,5,Rodent Exclosure,M,53
13803,1987,DM,merriami,8,Control,F,45
13805,1987,DS,spectabilis,1,Spectab exclosure,M,128
13806,1987,DM,merriami,11,Control,M,42
13807,1987,DM,merriami,1,Spectab exclosure,M,43
13810,1987,DO,ordii,2,Control,F,46
13812,1987,DM,merriami,1,Spectab exclosure,F,41
13820,1987,DM,merriami,2,Control,M,45
13822,1987,DM,merriami,2,Control,M,38
13823,1987,DM,merriami,11,Control,M,27
13824,1987,DM,merriami,4,Control,M,35
13830,1987,DO,ordii,1,Spectab exclosure,M,40
13833,1987,DM,merriami,4,Control,M,43
13835,1987,DS,spectabilis,4,Control,M,134
13837,1987,DM,merriami,11,Control,F,40
13838,1987,DM,merriami,1,Spectab exclosure,M,52
13839,1987,DM,merriami,8,Control,M,35
13840,1987,DM,merriami,13,Short-term Krat Exclosure,F,38
13841,1988,DM,merriami,22,Control,M,45
13843,1988,DO,ordii,12,Control,M,57
13844,1988,DM,merriami,20,Short-term Krat Exclosure,F,39
13847,1988,DM,merriami,18,Short-term Krat Exclosure,F,38
13851,1988,DM,merriami,6,Short-term Krat Exclosure,M,45
13854,1988,DO,ordii,12,Control,F,54
13859,1988,DO,ordii,12,Control,F,46
13860,1988,DO,ordii,20,Short-term Krat Exclosure,F,48
13861,1988,DO,ordii,6,Short-term Krat Exclosure,M,48
13864,1988,DM,merriami,24,Rodent Exclosure,F,34
13865,1988,DM,merriami,18,Short-term Krat Exclosure,M,45
13869,1988,DM,merriami,14,Control,M,43
13872,1988,DM,merriami,22,Control,M,46
13873,1988,DO,ordii,6,Short-term Krat Exclosure,M,53
13874,1988,DM,merriami,18,Short-term Krat Exclosure,F,41
13876,1988,DM,merriami,24,Rodent Exclosure,M,42
13877,1988,DM,merriami,22,Control,M,46
13881,1988,DO,ordii,6,Short-term Krat Exclosure,M,49
13882,1988,DM,merriami,18,Short-term Krat Exclosure,M,40
13884,1988,DM,merriami,20,Short-term Krat Exclosure,F,43
13885,1988,DS,spectabilis,22,Control,F,144
13890,1988,DO,ordii,6,Short-term Krat Exclosure,F,50
13891,1988,DM,merriami,18,Short-term Krat Exclosure,M,38
13896,1988,DO,ordii,17,Control,M,49
13904,1988,DM,merriami,20,Short-term Krat Exclosure,M,43
13905,1988,DO,ordii,17,Control,M,58
13913,1988,DM,merriami,12,Control,F,35
13916,1988,DO,ordii,18,Short-term Krat Exclosure,M,50
13920,1988,DM,merriami,2,Control,M,38
13921,1988,DO,ordii,9,Spectab exclosure,F,47
13922,1988,DM,merriami,2,Control,F,41
13927,1988,DO,ordii,5,Rodent Exclosure,F,45
13931,1988,DO,ordii,5,Rodent Exclosure,M,55
13932,1988,DM,merriami,1,Spectab exclosure,M,43
13933,1988,DO,ordii,8,Control,M,53
13935,1988,DM,merriami,2,Control,M,47
13936,1988,DO,ordii,9,Spectab exclosure,M,50
13937,1988,DS,spectabilis,8,Control,M,155
13938,1988,DO,ordii,5,Rodent Exclosure,M,55
13943,1988,DM,merriami,4,Control,F,38
13945,1988,DM,merriami,4,Control,M,50
13948,1988,DM,merriami,1,Spectab exclosure,M,41
13949,1988,DM,merriami,11,Control,M,45
13951,1988,DM,merriami,1,Spectab exclosure,M,44
13952,1988,DM,merriami,11,Control,F,39
13953,1988,DO,ordii,5,Rodent Exclosure,M,56
13954,1988,DO,ordii,11,Control,F,43
13956,1988,DM,merriami,8,Control,M,47
13957,1988,DS,spectabilis,1,Spectab exclosure,M,148
13958,1988,DO,ordii,1,Spectab exclosure,M,44
13959,1988,DS,spectabilis,9,Spectab exclosure,F,155
13966,1988,DM,merriami,8,Control,M,50
13971,1988,DM,merriami,9,Spectab exclosure,M,43
13972,1988,DM,merriami,8,Control,M,38
13973,1988,DM,merriami,13,Short-term Krat Exclosure,M,45
13974,1988,DO,ordii,8,Control,F,56
13976,1988,DM,merriami,3,Long-term Krat Exclosure,F,40
13978,1988,DM,merriami,9,Spectab exclosure,M,44
13981,1988,DM,merriami,4,Control,M,44
13985,1988,DM,merriami,13,Short-term Krat Exclosure,F,40
13987,1988,DM,merriami,4,Control,M,43
13988,1988,DM,merriami,11,Control,F,35
13989,1988,DM,merriami,13,Short-term Krat Exclosure,F,39
13990,1988,DO,ordii,5,Rodent Exclosure,F,44
13991,1988,DS,spectabilis,4,Control,M,136
13996,1988,DM,merriami,4,Control,M,36
13997,1988,DO,ordii,2,Control,M,50
13998,1988,DM,merriami,11,Control,F,43
14000,1988,DO,ordii,2,Control,F,43
14001,1988,DM,merriami,11,Control,F,35
14007,1988,DM,merriami,22,Control,M,44
14011,1988,DO,ordii,17,Control,M,57
14014,1988,DO,ordii,12,Control,F,56
14025,1988,DM,merriami,12,Control,M,33
14026,1988,DO,ordii,12,Control,M,49
14028,1988,DO,ordii,12,Control,F,50
14031,1988,DM,merriami,6,Short-term Krat Exclosure,M,48
14037,1988,DO,ordii,20,Short-term Krat Exclosure,M,49
14043,1988,DO,ordii,12,Control,M,58
14044,1988,DS,spectabilis,1,Spectab exclosure,M,136
14046,1988,DM,merriami,18,Short-term Krat Exclosure,F,40
14047,1988,DO,ordii,20,Short-term Krat Exclosure,F,53
14048,1988,DM,merriami,20,Short-term Krat Exclosure,M,45
14049,1988,DM,merriami,22,Control,M,48
14050,1988,DM,merriami,1,Spectab exclosure,M,44
14057,1988,DM,merriami,12,Control,M,44
14058,1988,DO,ordii,1,Spectab exclosure,M,44
14059,1988,DS,spectabilis,22,Control,F,140
14061,1988,DO,ordii,6,Short-term Krat Exclosure,F,51
14063,1988,DO,ordii,6,Short-term Krat Exclosure,M,50
14065,1988,DM,merriami,1,Spectab exclosure,M,41
14080,1988,DO,ordii,6,Short-term Krat Exclosure,M,48
14081,1988,DM,merriami,12,Control,F,34
14086,1988,DM,merriami,24,Rodent Exclosure,F,39
14092,1988,DO,ordii,17,Control,M,55
14098,1988,DM,merriami,2,Control,F,40
14099,1988,DM,merriami,8,Control,F,42
14100,1988,DO,ordii,9,Spectab exclosure,F,50
14104,1988,DM,merriami,2,Control,M,45
14107,1988,DM,merriami,8,Control,M,40
14108,1988,DS,spectabilis,9,Spectab exclosure,F,138
14110,1988,DM,merriami,4,Control,M,40
14113,1988,DO,ordii,9,Spectab exclosure,M,48
14114,1988,DO,ordii,9,Spectab exclosure,M,54
14118,1988,DM,merriami,11,Control,M,44
14119,1988,DM,merriami,2,Control,M,38
14121,1988,DO,ordii,8,Control,F,53
14123,1988,DM,merriami,2,Control,F,42
14126,1988,DS,spectabilis,8,Control,M,160
14127,1988,DM,merriami,4,Control,M,50
14131,1988,DS,spectabilis,4,Control,M,136
14134,1988,DM,merriami,2,Control,M,48
14136,1988,DO,ordii,8,Control,F,44
14138,1988,DM,merriami,4,Control,F,42
14143,1988,DO,ordii,9,Spectab exclosure,F,60
14145,1988,DM,merriami,8,Control,M,55
14147,1988,DM,merriami,11,Control,F,35
14152,1988,DO,ordii,5,Rodent Exclosure,F,45
14153,1988,DM,merriami,11,Control,M,44
14154,1988,DM,merriami,4,Control,M,40
14155,1988,DO,ordii,2,Control,F,44
14160,1988,DO,ordii,2,Control,M,51
14161,1988,DM,merriami,9,Spectab exclosure,M,45
14164,1988,DM,merriami,9,Spectab exclosure,M,46
14167,1988,DM,merriami,8,Control,M,50
14169,1988,DO,ordii,5,Rodent Exclosure,M,57
14171,1988,DM,merriami,3,Long-term Krat Exclosure,F,39
14172,1988,DM,merriami,14,Control,M,44
14173,1988,DM,merriami,11,Control,M,42
14174,1988,DM,merriami,4,Control,F,43
14179,1988,DM,merriami,11,Control,F,34
14180,1988,DO,ordii,5,Rodent Exclosure,M,54
14181,1988,DM,merriami,13,Short-term Krat Exclosure,M,48
14184,1988,DM,merriami,11,Control,M,33
14187,1988,DM,merriami,11,Control,F,42
14188,1988,DM,merriami,8,Control,F,48
14190,1988,DO,ordii,2,Control,M,61
14191,1988,DO,ordii,12,Control,M,52
14192,1988,DM,merriami,22,Control,M,47
14194,1988,DO,ordii,12,Control,M,33
14195,1988,DO,ordii,12,Control,F,48
14199,1988,DO,ordii,22,Control,F,49
14200,1988,DO,ordii,12,Control,F,52
14205,1988,DM,merriami,22,Control,F,45
14206,1988,DO,ordii,12,Control,M,32
14208,1988,DM,merriami,12,Control,M,37
14211,1988,DM,merriami,22,Control,M,50
14215,1988,DM,merriami,14,Control,M,56
14217,1988,DO,ordii,12,Control,F,50
14219,1988,DM,merriami,1,Spectab exclosure,M,44
14221,1988,DM,merriami,22,Control,F,48
14225,1988,DM,merriami,22,Control,M,48
14227,1988,DO,ordii,1,Spectab exclosure,M,50
14229,1988,DS,spectabilis,22,Control,F,145
14231,1988,DO,ordii,17,Control,M,59
14232,1988,DM,merriami,22,Control,M,44
14236,1988,DM,merriami,12,Control,M,45
14241,1988,DM,merriami,24,Rodent Exclosure,M,48
14242,1988,DO,ordii,14,Control,F,53
14243,1988,DM,merriami,22,Control,M,44
14244,1988,DM,merriami,14,Control,M,45
14246,1988,DM,merriami,24,Rodent Exclosure,F,43
14247,1988,DM,merriami,22,Control,M,37
14252,1988,DM,merriami,1,Spectab exclosure,M,46
14256,1988,DM,merriami,22,Control,F,45
14258,1988,DM,merriami,2,Control,M,43
14260,1988,DO,ordii,9,Spectab exclosure,F,50
14265,1988,DM,merriami,4,Control,M,50
14268,1988,DS,spectabilis,9,Spectab exclosure,F,135
14269,1988,DM,merriami,3,Long-term Krat Exclosure,F,39
14272,1988,DM,merriami,8,Control,F,46
14273,1988,DO,ordii,5,Rodent Exclosure,F,45
14275,1988,DM,merriami,4,Control,F,43
14276,1988,DM,merriami,11,Control,M,42
14279,1988,DM,merriami,2,Control,F,42
14281,1988,DS,spectabilis,4,Control,M,142
14282,1988,DM,merriami,11,Control,F,39
14285,1988,DM,merriami,4,Control,M,50
14290,1988,DM,merriami,11,Control,M,45
14292,1988,DS,spectabilis,8,Control,M,153
14300,1988,DM,merriami,3,Long-term Krat Exclosure,F,42
14303,1988,DM,merriami,8,Control,M,41
14304,1988,DM,merriami,4,Control,F,50
14309,1988,DO,ordii,2,Control,M,50
14310,1988,DM,merriami,11,Control,M,48
14311,1988,DM,merriami,4,Control,M,42
14316,1988,DO,ordii,5,Rodent Exclosure,M,57
14322,1988,DM,merriami,2,Control,M,48
14325,1988,DM,merriami,8,Control,M,51
14328,1988,DM,merriami,4,Control,M,44
14329,1988,DM,merriami,11,Control,F,38
14331,1988,DM,merriami,9,Spectab exclosure,F,44
14332,1988,DM,merriami,13,Short-term Krat Exclosure,M,47
14333,1988,DM,merriami,11,Control,F,47
14334,1988,DM,merriami,9,Spectab exclosure,M,45
14336,1988,DO,ordii,2,Control,F,48
14337,1988,DM,merriami,4,Control,M,45
14342,1988,DM,merriami,8,Control,F,45
14350,1988,DM,merriami,22,Control,M,48
14354,1988,DM,merriami,22,Control,F,24
14357,1988,DS,spectabilis,22,Control,M,118
14358,1988,DS,spectabilis,22,Control,F,138
14364,1988,DM,merriami,22,Control,M,39
14371,1988,DO,ordii,8,Control,F,54
14378,1988,DS,spectabilis,8,Control,M,150
14380,1988,DS,spectabilis,8,Control,F,95
14386,1988,DM,merriami,14,Control,M,44
14389,1988,DM,merriami,8,Control,F,50
14391,1988,DM,merriami,9,Spectab exclosure,M,46
14392,1988,DM,merriami,8,Control,M,44
14393,1988,DO,ordii,17,Control,M,54
14394,1988,DM,merriami,8,Control,M,47
14395,1988,DM,merriami,9,Spectab exclosure,M,27
14396,1988,DO,ordii,17,Control,M,58
14399,1988,DM,merriami,8,Control,F,44
14400,1988,DO,ordii,14,Control,F,54
14405,1988,DM,merriami,1,Spectab exclosure,M,43
14407,1988,DO,ordii,12,Control,M,38
14408,1988,DM,merriami,4,Control,M,53
14409,1988,DS,spectabilis,2,Control,M,128
14411,1988,DO,ordii,12,Control,F,53
14414,1988,DS,spectabilis,4,Control,M,25
14415,1988,DM,merriami,1,Spectab exclosure,F,42
14417,1988,DM,merriami,11,Control,M,46
14422,1988,DM,merriami,4,Control,F,41
14423,1988,DM,merriami,2,Control,F,44
14424,1988,DO,ordii,12,Control,M,41
14425,1988,DM,merriami,1,Spectab exclosure,M,43
14432,1988,DM,merriami,12,Control,M,45
14433,1988,DO,ordii,2,Control,M,52
14435,1988,DM,merriami,1,Spectab exclosure,M,44
14436,1988,DM,merriami,12,Control,M,49
14438,1988,DO,ordii,1,Spectab exclosure,M,48
14441,1988,DO,ordii,2,Control,F,53
14443,1988,DM,merriami,12,Control,F,43
14444,1988,DM,merriami,11,Control,F,40
14448,1988,DM,merriami,11,Control,F,45
14454,1988,DO,ordii,12,Control,F,53
14455,1988,DM,merriami,1,Spectab exclosure,M,45
14457,1988,DM,merriami,6,Short-term Krat Exclosure,F,44
14459,1988,DO,ordii,12,Control,F,55
14460,1988,DO,ordii,12,Control,M,43
14462,1988,DO,ordii,12,Control,M,45
14463,1988,DM,merriami,22,Control,M,47
14464,1988,DM,merriami,1,Spectab exclosure,M,46
14465,1988,DS,spectabilis,1,Spectab exclosure,F,116
14468,1988,DO,ordii,17,Control,M,52
14469,1988,DS,spectabilis,22,Control,M,118
14470,1988,DM,merriami,12,Control,M,45
14473,1988,DS,spectabilis,1,Spectab exclosure,F,82
14474,1988,DM,merriami,1,Spectab exclosure,M,43
14477,1988,DM,merriami,6,Short-term Krat Exclosure,M,32
14480,1988,DO,ordii,17,Control,M,59
14486,1988,DM,merriami,4,Control,F,42
14491,1988,DM,merriami,2,Control,F,48
14492,1988,DM,merriami,4,Control,M,50
14494,1988,DM,merriami,4,Control,F,32
14496,1988,DM,merriami,9,Spectab exclosure,F,43
14497,1988,DM,merriami,11,Control,M,26
14499,1988,DO,ordii,9,Spectab exclosure,M,52
14500,1988,DM,merriami,11,Control,F,39
14502,1988,DO,ordii,8,Control,F,35
14503,1988,DO,ordii,8,Control,F,50
14504,1988,DM,merriami,11,Control,M,47
14505,1988,DS,spectabilis,8,Control,M,155
14507,1988,DM,merriami,14,Control,M,45
14509,1988,DS,spectabilis,4,Control,M,135
14510,1988,DM,merriami,8,Control,M,44
14513,1988,DO,ordii,2,Control,M,51
14514,1988,DM,merriami,11,Control,M,25
14515,1988,DO,ordii,2,Control,F,54
14517,1988,DM,merriami,8,Control,F,44
14518,1988,DM,merriami,8,Control,M,50
14525,1988,DM,merriami,14,Control,F,55
14527,1988,DS,spectabilis,4,Control,F,105
14530,1988,DM,merriami,11,Control,F,42
14531,1988,DM,merriami,4,Control,M,45
14534,1988,DM,merriami,9,Spectab exclosure,M,47
14535,1988,DM,merriami,8,Control,F,50
14536,1988,DO,ordii,14,Control,F,56
14540,1988,DM,merriami,2,Control,M,48
14542,1988,DO,ordii,12,Control,M,44
14546,1988,DO,ordii,17,Control,M,24
14553,1988,DM,merriami,1,Spectab exclosure,M,47
14556,1988,DS,spectabilis,1,Spectab exclosure,M,88
14557,1988,DO,ordii,12,Control,M,46
14558,1988,DO,ordii,12,Control,F,49
14562,1988,DM,merriami,22,Control,M,46
14563,1988,DM,merriami,12,Control,M,45
14565,1988,DS,spectabilis,22,Control,F,97
14571,1988,DO,ordii,17,Control,M,59
14575,1988,DS,spectabilis,1,Spectab exclosure,F,115
14576,1988,DM,merriami,1,Spectab exclosure,M,45
14578,1988,DM,merriami,12,Control,M,48
14579,1988,DM,merriami,22,Control,M,42
14583,1988,DO,ordii,12,Control,F,54
14588,1988,DM,merriami,14,Control,M,52
14594,1988,DM,merriami,11,Control,M,43
14598,1988,DM,merriami,4,Control,M,49
14600,1988,DS,spectabilis,8,Control,M,141
14603,1988,DM,merriami,2,Control,F,41
14605,1988,DS,spectabilis,4,Control,M,135
14611,1988,DM,merriami,8,Control,F,45
14613,1988,DM,merriami,11,Control,M,34
14614,1988,DM,merriami,8,Control,M,43
14615,1988,DO,ordii,8,Control,F,40
14616,1988,DM,merriami,14,Control,F,49
14620,1988,DM,merriami,9,Spectab exclosure,M,51
14623,1988,DM,merriami,14,Control,M,45
14626,1988,DM,merriami,9,Spectab exclosure,M,50
14631,1988,DM,merriami,8,Control,F,54
14635,1988,DM,merriami,8,Control,M,30
14636,1988,DO,ordii,2,Control,M,51
14637,1988,DM,merriami,9,Spectab exclosure,M,48
14638,1988,DM,merriami,4,Control,M,46
14639,1988,DM,merriami,9,Spectab exclosure,F,56
14642,1988,DM,merriami,8,Control,M,49
14643,1988,DS,spectabilis,4,Control,F,110
14644,1988,DM,merriami,11,Control,F,38
14645,1988,DM,merriami,9,Spectab exclosure,F,41
14647,1988,DM,merriami,11,Control,F,52
14649,1988,DM,merriami,8,Control,F,46
14651,1988,DM,merriami,11,Control,F,28
14652,1988,DM,merriami,22,Control,M,45
14657,1988,DM,merriami,17,Control,M,32
14660,1988,DO,ordii,12,Control,M,49
14662,1988,DO,ordii,12,Control,F,49
14664,1988,DO,ordii,17,Control,M,60
14669,1988,DM,merriami,1,Spectab exclosure,M,45
14670,1988,DM,merriami,12,Control,M,44
14678,1988,DS,spectabilis,22,Control,F,103
14682,1988,DM,merriami,1,Spectab exclosure,M,42
14686,1988,DO,ordii,12,Control,F,52
14688,1988,DM,merriami,1,Spectab exclosure,M,46
14693,1988,DO,ordii,17,Control,M,59
14695,1988,DM,merriami,14,Control,F,45
14697,1988,DM,merriami,2,Control,F,42
14700,1988,DM,merriami,11,Control,M,37
14703,1988,DO,ordii,9,Spectab exclosure,F,61
14704,1988,DM,merriami,4,Control,M,50
14705,1988,DM,merriami,4,Control,F,37
14706,1988,DM,merriami,8,Control,F,48
14707,1988,DS,spectabilis,4,Control,M,145
14708,1988,DM,merriami,9,Spectab exclosure,M,52
14709,1988,DO,ordii,8,Control,F,55
14710,1988,DM,merriami,9,Spectab exclosure,F,41
14712,1988,DM,merriami,8,Control,M,43
14713,1988,DO,ordii,2,Control,M,50
14714,1988,DM,merriami,14,Control,F,20
14715,1988,DM,merriami,11,Control,M,44
14720,1988,DM,merriami,14,Control,M,45
14723,1988,DM,merriami,8,Control,F,43
14724,1988,DM,merriami,9,Spectab exclosure,F,42
14726,1988,DM,merriami,4,Control,M,45
14729,1988,DS,spectabilis,8,Control,M,160
14730,1988,DS,spectabilis,4,Control,F,97
14731,1988,DM,merriami,11,Control,F,45
14734,1988,DM,merriami,9,Spectab exclosure,M,46
14735,1988,DM,merriami,8,Control,M,47
14738,1988,DM,merriami,8,Control,M,39
14739,1988,DO,ordii,2,Control,F,56
14742,1988,DO,ordii,12,Control,M,52
14743,1988,DO,ordii,17,Control,M,58
14749,1988,DO,ordii,12,Control,F,54
14752,1988,DO,ordii,17,Control,M,51
14756,1988,DO,ordii,12,Control,F,58
14758,1988,DO,ordii,17,Control,M,58
14762,1988,DO,ordii,12,Control,M,56
14765,1988,DM,merriami,1,Spectab exclosure,M,40
14768,1988,DS,spectabilis,22,Control,F,96
14772,1988,DM,merriami,22,Control,F,48
14779,1988,DM,merriami,1,Spectab exclosure,M,42
14787,1988,DM,merriami,2,Control,M,41
14790,1988,DO,ordii,9,Spectab exclosure,M,53
14794,1988,DM,merriami,2,Control,M,24
14797,1988,DM,merriami,2,Control,F,40
14798,1988,DM,merriami,14,Control,F,27
14800,1988,DM,merriami,4,Control,M,50
14801,1988,DM,merriami,14,Control,F,46
14803,1988,DO,ordii,2,Control,F,62
14806,1988,DM,merriami,9,Spectab exclosure,F,47
14810,1988,DM,merriami,11,Control,M,40
14811,1988,DS,spectabilis,8,Control,M,157
14812,1988,DS,spectabilis,4,Control,M,140
14813,1988,DM,merriami,14,Control,M,44
14816,1988,DM,merriami,11,Control,M,45
14818,1988,DM,merriami,4,Control,F,43
14825,1988,DM,merriami,9,Spectab exclosure,M,51
14829,1988,DM,merriami,8,Control,M,42
14830,1988,DM,merriami,9,Spectab exclosure,M,45
14831,1988,DM,merriami,8,Control,F,49
14832,1988,DS,spectabilis,4,Control,F,114
14833,1988,DM,merriami,8,Control,F,41
14834,1988,DM,merriami,11,Control,F,49
14835,1988,DO,ordii,2,Control,M,52
14836,1988,DM,merriami,14,Control,F,49
14839,1988,DO,ordii,14,Control,F,55
14843,1988,DM,merriami,9,Spectab exclosure,F,41
14844,1988,DM,merriami,8,Control,M,48
14846,1988,DM,merriami,8,Control,M,39
14848,1988,DM,merriami,9,Spectab exclosure,M,31
14851,1988,DM,merriami,11,Control,F,31
14854,1988,DM,merriami,1,Spectab exclosure,M,39
14860,1988,DM,merriami,1,Spectab exclosure,M,44
14865,1988,DM,merriami,1,Spectab exclosure,F,45
14868,1988,DS,spectabilis,22,Control,F,103
14869,1988,DM,merriami,1,Spectab exclosure,M,45
14871,1988,DM,merriami,12,Control,M,51
14873,1988,DO,ordii,12,Control,F,54
14876,1988,DM,merriami,22,Control,M,47
14881,1988,DO,ordii,17,Control,M,58
14887,1988,DM,merriami,14,Control,F,45
14889,1988,DM,merriami,2,Control,M,35
14894,1988,DM,merriami,4,Control,F,39
14899,1988,DM,merriami,8,Control,F,48
14901,1988,DO,ordii,2,Control,F,65
14902,1988,DM,merriami,4,Control,M,53
14905,1988,DM,merriami,9,Spectab exclosure,F,42
14906,1988,DO,ordii,2,Control,M,55
14907,1988,DM,merriami,11,Control,M,46
14908,1988,DS,spectabilis,8,Control,M,160
14911,1988,DM,merriami,9,Spectab exclosure,M,47
14918,1988,DM,merriami,8,Control,F,48
14920,1988,DM,merriami,4,Control,F,38
14923,1988,DM,merriami,9,Spectab exclosure,M,43
14926,1988,DM,merriami,14,Control,M,47
14929,1988,DM,merriami,8,Control,F,60
14931,1988,DM,merriami,4,Control,F,44
14932,1988,DM,merriami,11,Control,F,47
14934,1988,DM,merriami,14,Control,F,53
14943,1988,DO,ordii,12,Control,M,54
14949,1988,DM,merriami,1,Spectab exclosure,M,39
14950,1988,DO,ordii,17,Control,F,49
14955,1988,DM,merriami,1,Spectab exclosure,F,42
14956,1988,DS,spectabilis,22,Control,M,127
14957,1988,DM,merriami,12,Control,M,51
14960,1988,DO,ordii,17,Control,M,59
14962,1988,DM,merriami,1,Spectab exclosure,M,49
14966,1988,DO,ordii,12,Control,F,55
14973,1988,DM,merriami,22,Control,M,49
14977,1988,DM,merriami,4,Control,F,37
14985,1988,DM,merriami,9,Spectab exclosure,F,45
14986,1988,DM,merriami,4,Control,M,53
14988,1988,DM,merriami,2,Control,M,43
14989,1988,DM,merriami,14,Control,M,39
14990,1988,DO,ordii,2,Control,F,62
14991,1988,DM,merriami,8,Control,F,47
14993,1988,DM,merriami,14,Control,M,50
14996,1988,DM,merriami,11,Control,M,48
14997,1988,DM,merriami,11,Control,F,39
14998,1988,DS,spectabilis,8,Control,M,169
15000,1988,DM,merriami,9,Spectab exclosure,M,33
15001,1988,DM,merriami,14,Control,M,60
15002,1988,DM,merriami,11,Control,F,40
15004,1988,DM,merriami,8,Control,M,47
15007,1988,DM,merriami,14,Control,F,54
15008,1988,DM,merriami,14,Control,F,45
15009,1988,DM,merriami,11,Control,M,35
15012,1988,DM,merriami,8,Control,F,47
15013,1988,DS,spectabilis,4,Control,F,125
15015,1988,DM,merriami,8,Control,M,54
15017,1988,DM,merriami,9,Spectab exclosure,M,50
15018,1988,DM,merriami,8,Control,F,25
15022,1988,DM,merriami,11,Control,M,39
15023,1988,DM,merriami,9,Spectab exclosure,M,44
15024,1988,DM,merriami,8,Control,M,27
15027,1988,DM,merriami,11,Control,M,50
15042,1988,DO,ordii,12,Control,F,52
15052,1988,DM,merriami,22,Control,F,46
15061,1988,DS,spectabilis,22,Control,M,140
15063,1988,DM,merriami,1,Spectab exclosure,M,40
15067,1988,DM,merriami,1,Spectab exclosure,F,43
15068,1988,DM,merriami,6,Short-term Krat Exclosure,M,47
15074,1988,DO,ordii,17,Control,M,60
15080,1988,DO,ordii,1,Spectab exclosure,M,45
15083,1988,DS,spectabilis,22,Control,F,106
15089,1988,DM,merriami,4,Control,M,27
15091,1988,DM,merriami,14,Control,M,60
15094,1988,DM,merriami,4,Control,M,50
15096,1988,DM,merriami,14,Control,M,51
15097,1988,DM,merriami,14,Control,F,44
15100,1988,DM,merriami,4,Control,M,49
15101,1988,DM,merriami,9,Spectab exclosure,F,47
15105,1988,DM,merriami,9,Spectab exclosure,M,49
15108,1988,DM,merriami,4,Control,F,27
15111,1988,DM,merriami,4,Control,F,39
15115,1988,DM,merriami,14,Control,M,36
15117,1988,DM,merriami,8,Control,M,45
15119,1988,DO,ordii,2,Control,M,48
15120,1988,DM,merriami,14,Control,M,44
15122,1988,DS,spectabilis,8,Control,M,166
15124,1988,DM,merriami,4,Control,F,44
15128,1988,DM,merriami,9,Spectab exclosure,M,37
15133,1988,DM,merriami,11,Control,F,38
15137,1988,DM,merriami,8,Control,M,52
15140,1988,DM,merriami,8,Control,M,35
15142,1988,DO,ordii,2,Control,F,54
15144,1988,DM,merriami,8,Control,F,45
15145,1988,DO,ordii,5,Rodent Exclosure,M,44
15149,1988,DM,merriami,9,Spectab exclosure,M,46
15150,1988,DM,merriami,8,Control,M,41
15151,1988,DM,merriami,14,Control,F,44
15155,1988,DS,spectabilis,4,Control,F,126
15157,1988,DM,merriami,8,Control,F,39
15162,1988,DM,merriami,11,Control,M,43
15166,1988,DM,merriami,1,Spectab exclosure,M,48
15167,1988,DM,merriami,22,Control,F,43
15173,1988,DO,ordii,1,Spectab exclosure,M,52
15178,1988,DO,ordii,12,Control,M,52
15180,1988,DM,merriami,12,Control,M,50
15185,1988,DO,ordii,17,Control,M,57
15186,1988,DO,ordii,6,Short-term Krat Exclosure,M,48
15190,1988,DS,spectabilis,22,Control,M,134
15192,1988,DM,merriami,6,Short-term Krat Exclosure,M,45
15204,1988,DO,ordii,1,Spectab exclosure,F,54
15206,1988,DM,merriami,1,Spectab exclosure,M,41
15209,1988,DM,merriami,1,Spectab exclosure,M,49
15211,1988,DO,ordii,1,Spectab exclosure,M,54
15212,1988,DS,spectabilis,22,Control,F,113
15214,1988,DM,merriami,1,Spectab exclosure,M,48
15215,1988,DM,merriami,22,Control,M,46
15217,1988,DM,merriami,1,Spectab exclosure,F,42
15220,1988,DM,merriami,14,Control,F,41
15223,1988,DM,merriami,9,Spectab exclosure,F,43
15226,1988,DO,ordii,11,Control,M,53
15228,1988,DM,merriami,4,Control,M,28
15235,1988,DM,merriami,4,Control,M,37
15236,1988,DM,merriami,9,Spectab exclosure,M,37
15241,1988,DM,merriami,4,Control,M,51
15243,1988,DS,spectabilis,8,Control,M,163
15248,1988,DM,merriami,4,Control,F,38
15249,1988,DM,merriami,11,Control,F,41
15250,1988,DM,merriami,14,Control,M,48
15254,1988,DO,ordii,2,Control,M,56
15257,1988,DM,merriami,14,Control,F,46
15261,1988,DM,merriami,8,Control,F,44
15265,1988,DM,merriami,9,Spectab exclosure,M,23
15268,1988,DS,spectabilis,4,Control,M,145
15269,1988,DM,merriami,8,Control,M,46
15270,1988,DM,merriami,14,Control,M,47
15271,1988,DM,merriami,4,Control,M,48
15273,1988,DM,merriami,11,Control,F,41
15278,1988,DM,merriami,14,Control,M,45
15279,1988,DO,ordii,2,Control,M,52
15281,1988,DM,merriami,4,Control,F,42
15287,1988,DM,merriami,8,Control,M,39
15291,1988,DM,merriami,9,Spectab exclosure,M,49
15293,1988,DM,merriami,9,Spectab exclosure,M,46
15294,1988,DO,ordii,2,Control,F,61
15301,1988,DM,merriami,8,Control,F,41
15304,1988,DM,merriami,9,Spectab exclosure,M,45
15308,1988,DM,merriami,11,Control,M,41
15309,1988,DM,merriami,8,Control,M,42
15313,1989,DM,merriami,1,Spectab exclosure,M,41
15326,1989,DM,merriami,24,Rodent Exclosure,F,42
15337,1989,DM,merriami,12,Control,M,41
15339,1989,DM,merriami,24,Rodent Exclosure,M,46
15345,1989,DM,merriami,1,Spectab exclosure,M,48
15346,1989,DM,merriami,1,Spectab exclosure,F,41
15348,1989,DM,merriami,1,Spectab exclosure,M,48
15354,1989,DO,ordii,17,Control,M,57
15359,1989,DO,ordii,1,Spectab exclosure,M,57
15361,1989,DM,merriami,12,Control,M,46
15365,1989,DO,ordii,1,Spectab exclosure,M,47
15369,1989,DO,ordii,1,Spectab exclosure,F,54
15371,1989,DO,ordii,1,Spectab exclosure,M,59
15373,1989,DO,ordii,1,Spectab exclosure,F,50
15378,1989,DM,merriami,22,Control,M,45
15390,1989,DM,merriami,4,Control,M,52
15402,1989,DM,merriami,4,Control,F,36
15403,1989,DO,ordii,9,Spectab exclosure,F,59
15404,1989,DS,spectabilis,8,Control,M,159
15409,1989,DM,merriami,11,Control,F,40
15410,1989,DM,merriami,14,Control,M,43
15415,1989,DM,merriami,4,Control,M,36
15418,1989,DM,merriami,11,Control,F,42
15420,1989,DS,spectabilis,4,Control,M,141
15421,1989,DM,merriami,14,Control,M,43
15428,1989,DM,merriami,8,Control,M,51
15430,1989,DM,merriami,9,Spectab exclosure,M,49
15433,1989,DM,merriami,8,Control,M,47
15435,1989,DM,merriami,4,Control,F,43
15439,1989,DM,merriami,14,Control,M,44
15443,1989,DM,merriami,8,Control,F,43
15444,1989,DM,merriami,9,Spectab exclosure,M,55
15445,1989,DM,merriami,8,Control,M,49
15448,1989,DO,ordii,2,Control,F,57
15449,1989,DM,merriami,4,Control,M,49
15453,1989,DM,merriami,9,Spectab exclosure,M,36
15463,1989,DM,merriami,9,Spectab exclosure,M,50
15465,1989,DM,merriami,9,Spectab exclosure,M,50
15469,1989,DM,merriami,8,Control,M,39
15471,1989,DM,merriami,14,Control,F,47
15476,1989,DM,merriami,9,Spectab exclosure,F,43
15477,1989,DM,merriami,8,Control,F,43
15479,1989,DM,merriami,11,Control,M,50
15480,1989,DM,merriami,9,Spectab exclosure,M,48
15482,1989,DO,ordii,2,Control,M,57
15484,1989,DM,merriami,8,Control,M,43
15489,1989,DO,ordii,12,Control,F,53
15514,1989,DO,ordii,12,Control,F,53
15519,1989,DM,merriami,1,Spectab exclosure,M,43
15520,1989,DM,merriami,1,Spectab exclosure,F,44
15523,1989,DO,ordii,12,Control,M,50
15525,1989,DO,ordii,1,Spectab exclosure,M,57
15529,1989,DM,merriami,1,Spectab exclosure,M,50
15531,1989,DS,spectabilis,22,Control,F,120
15534,1989,DO,ordii,1,Spectab exclosure,M,57
15535,1989,DM,merriami,24,Rodent Exclosure,F,36
15541,1989,DO,ordii,1,Spectab exclosure,F,52
15542,1989,DM,merriami,12,Control,M,47
15548,1989,DO,ordii,12,Control,M,51
15549,1989,DS,spectabilis,22,Control,M,134
15550,1989,DO,ordii,1,Spectab exclosure,M,49
15551,1989,DO,ordii,17,Control,M,54
15552,1989,DM,merriami,24,Rodent Exclosure,M,45
15553,1989,DM,merriami,1,Spectab exclosure,M,48
15565,1989,DM,merriami,22,Control,M,44
15567,1989,DO,ordii,9,Spectab exclosure,M,50
15569,1989,DM,merriami,4,Control,M,50
15572,1989,DM,merriami,14,Control,M,50
15576,1989,DM,merriami,9,Spectab exclosure,M,54
15577,1989,DO,ordii,8,Control,M,46
15580,1989,DM,merriami,8,Control,M,47
15594,1989,DS,spectabilis,8,Control,M,160
15600,1989,DM,merriami,4,Control,F,43
15601,1989,DM,merriami,11,Control,M,48
15604,1989,DM,merriami,9,Spectab exclosure,F,43
15608,1989,DM,merriami,11,Control,M,48
15609,1989,DM,merriami,8,Control,M,47
15611,1989,DM,merriami,4,Control,F,44
15620,1989,DM,merriami,4,Control,M,40
15623,1989,DM,merriami,8,Control,F,42
15630,1989,DM,merriami,11,Control,M,47
15632,1989,DM,merriami,11,Control,F,46
15635,1989,DM,merriami,14,Control,M,47
15639,1989,DM,merriami,4,Control,M,48
15640,1989,DM,merriami,15,Long-term Krat Exclosure,M,44
15641,1989,DO,ordii,2,Control,M,56
15644,1989,DO,ordii,2,Control,F,54
15645,1989,DM,merriami,4,Control,F,42
15647,1989,DM,merriami,9,Spectab exclosure,M,49
15654,1989,DM,merriami,11,Control,F,44
15657,1989,DM,merriami,9,Spectab exclosure,M,47
15658,1989,DM,merriami,4,Control,F,39
15659,1989,DM,merriami,9,Spectab exclosure,M,48
15668,1989,DM,merriami,9,Spectab exclosure,M,41
15674,1989,DM,merriami,11,Control,M,37
15675,1989,DM,merriami,11,Control,M,45
15676,1989,DM,merriami,8,Control,M,44
15677,1989,DM,merriami,14,Control,M,47
15699,1989,DO,ordii,1,Spectab exclosure,M,51
15700,1989,DS,spectabilis,22,Control,F,101
15710,1989,DS,spectabilis,22,Control,M,135
15712,1989,DM,merriami,22,Control,F,46
15726,1989,DM,merriami,22,Control,M,49
15727,1989,DM,merriami,1,Spectab exclosure,M,48
15734,1989,DO,ordii,2,Control,F,70
15753,1989,DM,merriami,11,Control,M,48
15755,1989,DO,ordii,2,Control,M,58
15764,1989,DO,ordii,2,Control,M,55
15770,1989,DO,ordii,17,Control,M,60
15771,1989,DM,merriami,11,Control,F,47
15786,1989,DM,merriami,11,Control,M,48
15788,1989,DO,ordii,9,Spectab exclosure,M,54
15789,1989,DM,merriami,14,Control,M,49
15791,1989,DM,merriami,8,Control,F,46
15792,1989,DM,merriami,4,Control,M,49
15796,1989,DS,spectabilis,4,Control,M,133
15797,1989,DM,merriami,9,Spectab exclosure,F,45
15804,1989,DM,merriami,14,Control,M,49
15806,1989,DM,merriami,8,Control,F,45
15811,1989,DM,merriami,9,Spectab exclosure,M,55
15812,1989,DS,spectabilis,8,Control,M,93
15815,1989,DM,merriami,8,Control,M,45
15818,1989,DM,merriami,9,Spectab exclosure,M,39
15819,1989,DM,merriami,4,Control,F,41
15820,1989,DM,merriami,14,Control,F,47
15823,1989,DM,merriami,8,Control,M,47
15828,1989,DM,merriami,9,Spectab exclosure,M,50
15830,1989,DM,merriami,9,Spectab exclosure,M,51
15831,1989,DM,merriami,8,Control,M,50
15837,1989,DM,merriami,9,Spectab exclosure,M,55
15838,1989,DM,merriami,8,Control,F,49
15843,1989,DO,ordii,9,Spectab exclosure,F,56
15848,1989,DM,merriami,9,Spectab exclosure,M,49
15851,1989,DS,spectabilis,8,Control,M,107
15857,1989,DM,merriami,8,Control,F,43
15858,1989,DM,merriami,4,Control,M,29
15860,1989,DM,merriami,4,Control,F,40
15863,1989,DO,ordii,12,Control,F,53
15867,1989,DM,merriami,8,Control,M,48
15869,1989,DM,merriami,4,Control,M,46
15870,1989,DS,spectabilis,4,Control,M,146
15872,1989,DM,merriami,8,Control,M,46
15873,1989,DO,ordii,2,Control,M,54
15877,1989,DM,merriami,4,Control,F,45
15880,1989,DM,merriami,11,Control,M,47
15885,1989,DM,merriami,9,Spectab exclosure,F,44
15887,1989,DM,merriami,12,Control,M,48
15891,1989,DM,merriami,9,Spectab exclosure,M,40
15895,1989,DM,merriami,4,Control,F,40
15902,1989,DO,ordii,5,Rodent Exclosure,F,48
15907,1989,DO,ordii,1,Spectab exclosure,M,54
15914,1989,DM,merriami,11,Control,F,46
15915,1989,DM,merriami,8,Control,M,49
15943,1989,DS,spectabilis,22,Control,M,137
15944,1989,DO,ordii,17,Control,F,49
15949,1989,DM,merriami,22,Control,M,51
15961,1989,DM,merriami,22,Control,M,48
15965,1989,DM,merriami,14,Control,M,48
15967,1989,DS,spectabilis,22,Control,F,115
15970,1989,DM,merriami,22,Control,F,53
15975,1989,DM,merriami,1,Spectab exclosure,F,35
15983,1989,DO,ordii,1,Spectab exclosure,F,43
15990,1989,DM,merriami,22,Control,F,42
15992,1989,DO,ordii,24,Rodent Exclosure,F,48
15993,1989,DM,merriami,1,Spectab exclosure,M,45
15995,1989,DS,spectabilis,22,Control,M,134
15998,1989,DM,merriami,22,Control,F,47
16000,1989,DS,spectabilis,22,Control,F,108
16005,1989,DO,ordii,1,Spectab exclosure,F,39
16006,1989,DM,merriami,22,Control,M,48
16015,1989,DO,ordii,2,Control,F,42
16016,1989,DM,merriami,17,Control,F,34
16019,1989,DM,merriami,11,Control,M,48
16023,1989,DO,ordii,2,Control,M,56
16024,1989,DM,merriami,12,Control,M,47
16029,1989,DO,ordii,17,Control,M,56
16037,1989,DO,ordii,17,Control,F,47
16038,1989,DM,merriami,12,Control,M,39
16040,1989,DO,ordii,12,Control,F,56
16049,1989,DM,merriami,4,Control,F,41
16051,1989,DM,merriami,14,Control,M,50
16054,1989,DM,merriami,8,Control,F,24
16056,1989,DS,spectabilis,8,Control,M,108
16057,1989,DM,merriami,8,Control,F,43
16058,1989,DM,merriami,8,Control,F,55
16059,1989,DM,merriami,4,Control,F,39
16062,1989,DM,merriami,8,Control,M,26
16071,1989,DM,merriami,14,Control,M,29
16074,1989,DM,merriami,8,Control,M,45
16075,1989,DM,merriami,14,Control,M,44
16077,1989,DM,merriami,8,Control,M,47
16078,1989,DM,merriami,9,Spectab exclosure,F,43
16082,1989,DM,merriami,14,Control,F,35
16084,1989,DM,merriami,4,Control,M,34
16085,1989,DM,merriami,9,Spectab exclosure,M,48
16086,1989,DM,merriami,4,Control,F,40
16087,1989,DM,merriami,8,Control,M,48
16091,1989,DM,merriami,17,Control,F,41
16093,1989,DM,merriami,22,Control,F,52
16102,1989,DO,ordii,17,Control,F,49
16113,1989,DM,merriami,1,Spectab exclosure,M,54
16118,1989,DO,ordii,1,Spectab exclosure,F,43
16123,1989,DM,merriami,22,Control,F,46
16129,1989,DS,spectabilis,22,Control,M,130
16132,1989,DO,ordii,17,Control,M,58
16134,1989,DO,ordii,1,Spectab exclosure,F,41
16135,1989,DM,merriami,20,Short-term Krat Exclosure,M,26
16143,1989,DM,merriami,12,Control,M,47
16153,1989,DS,spectabilis,22,Control,F,113
16156,1989,DM,merriami,4,Control,M,46
16161,1989,DM,merriami,8,Control,M,34
16162,1989,DM,merriami,14,Control,M,51
16168,1989,DO,ordii,2,Control,F,44
16169,1989,DM,merriami,4,Control,F,25
16170,1989,DS,spectabilis,8,Control,M,113
16173,1989,DM,merriami,8,Control,F,41
16181,1989,DM,merriami,4,Control,F,37
16182,1989,DO,ordii,2,Control,M,54
16186,1989,DM,merriami,9,Spectab exclosure,F,49
16190,1989,DM,merriami,14,Control,M,45
16191,1989,DM,merriami,9,Spectab exclosure,M,44
16193,1989,DM,merriami,8,Control,M,46
16194,1989,DM,merriami,4,Control,M,36
16196,1989,DM,merriami,8,Control,M,47
16201,1989,DM,merriami,8,Control,F,38
16203,1989,DM,merriami,4,Control,F,42
16204,1989,DM,merriami,14,Control,M,40
16206,1989,DM,merriami,4,Control,M,37
16208,1989,DM,merriami,9,Spectab exclosure,M,52
16209,1989,DM,merriami,8,Control,M,44
16213,1989,DM,merriami,11,Control,M,45
16220,1989,DO,ordii,17,Control,F,47
16234,1989,DM,merriami,1,Spectab exclosure,M,42
16244,1989,DM,merriami,12,Control,M,48
16250,1989,DM,merriami,22,Control,F,44
16254,1989,DO,ordii,1,Spectab exclosure,F,47
16255,1989,DS,spectabilis,22,Control,F,119
16267,1989,DM,merriami,20,Short-term Krat Exclosure,M,46
16272,1989,DM,merriami,4,Control,F,43
16273,1989,DM,merriami,11,Control,F,30
16274,1989,DM,merriami,9,Spectab exclosure,M,46
16276,1989,DO,ordii,11,Control,F,52
16278,1989,DM,merriami,14,Control,M,44
16284,1989,DM,merriami,4,Control,F,23
16286,1989,DO,ordii,2,Control,F,43
16287,1989,DS,spectabilis,8,Control,M,102
16289,1989,DM,merriami,8,Control,M,46
16290,1989,DM,merriami,8,Control,F,45
16291,1989,DM,merriami,14,Control,M,41
16292,1989,DM,merriami,2,Control,M,46
16301,1989,DM,merriami,9,Spectab exclosure,M,52
16302,1989,DM,merriami,9,Spectab exclosure,F,50
16304,1989,DM,merriami,4,Control,F,42
16306,1989,DM,merriami,8,Control,F,32
16309,1989,DM,merriami,14,Control,M,46
16311,1989,DO,ordii,2,Control,M,58
16316,1989,DM,merriami,8,Control,M,48
16320,1989,DM,merriami,4,Control,F,51
16322,1989,DM,merriami,11,Control,M,47
16330,1989,DM,merriami,17,Control,F,40
16337,1989,DM,merriami,20,Short-term Krat Exclosure,M,26
16339,1989,DO,ordii,1,Spectab exclosure,F,50
16341,1989,DS,spectabilis,22,Control,F,102
16343,1989,DM,merriami,1,Spectab exclosure,M,46
16344,1989,DM,merriami,20,Short-term Krat Exclosure,F,45
16347,1989,DM,merriami,12,Control,M,49
16348,1989,DM,merriami,17,Control,M,51
16349,1989,DO,ordii,1,Spectab exclosure,F,47
16352,1989,DO,ordii,12,Control,F,52
16362,1989,DO,ordii,9,Spectab exclosure,F,38
16364,1989,DO,ordii,11,Control,F,42
16365,1989,DM,merriami,9,Spectab exclosure,F,44
16368,1989,DM,merriami,8,Control,F,51
16369,1989,DM,merriami,8,Control,F,23
16372,1989,DO,ordii,11,Control,F,42
16374,1989,DO,ordii,2,Control,F,48
16376,1989,DM,merriami,4,Control,M,28
16377,1989,DM,merriami,2,Control,F,51
16378,1989,DM,merriami,14,Control,M,52
16380,1989,DM,merriami,4,Control,F,44
16381,1989,DM,merriami,14,Control,F,41
16383,1989,DM,merriami,8,Control,M,46
16384,1989,DO,ordii,2,Control,M,58
16385,1989,DM,merriami,4,Control,F,40
16389,1989,DM,merriami,4,Control,M,47
16390,1989,DM,merriami,14,Control,M,43
16394,1989,DM,merriami,4,Control,M,47
16395,1989,DM,merriami,14,Control,M,47
16396,1989,DM,merriami,14,Control,F,47
16399,1989,DM,merriami,11,Control,M,49
16401,1989,DM,merriami,9,Spectab exclosure,M,56
16402,1989,DM,merriami,8,Control,M,48
16406,1989,DM,merriami,14,Control,M,50
16408,1989,DM,merriami,4,Control,M,45
16409,1989,DM,merriami,9,Spectab exclosure,M,52
16412,1989,DO,ordii,2,Control,F,43
16413,1989,DM,merriami,4,Control,F,44
16414,1989,DM,merriami,8,Control,F,36
16415,1989,DM,merriami,14,Control,F,42
16420,1989,DO,ordii,17,Control,F,66
16423,1989,DO,ordii,12,Control,F,51
16429,1989,DO,ordii,17,Control,F,23
16431,1989,DO,ordii,1,Spectab exclosure,F,54
16432,1989,DM,merriami,22,Control,F,58
16435,1989,DM,merriami,22,Control,F,36
16440,1989,DO,ordii,1,Spectab exclosure,M,52
16441,1989,DS,spectabilis,22,Control,F,121
16442,1989,DM,merriami,1,Spectab exclosure,M,48
16443,1989,DM,merriami,12,Control,M,49
16448,1989,DO,ordii,12,Control,F,54
16455,1989,DO,ordii,11,Control,F,37
16456,1989,DO,ordii,9,Spectab exclosure,F,49
16458,1989,DM,merriami,4,Control,F,40
16459,1989,DO,ordii,9,Spectab exclosure,M,50
16460,1989,DM,merriami,8,Control,M,46
16463,1989,DM,merriami,8,Control,M,49
16465,1989,DM,merriami,14,Control,M,50
16466,1989,DM,merriami,8,Control,F,55
16468,1989,DO,ordii,2,Control,F,45
16469,1989,DM,merriami,9,Spectab exclosure,F,42
16470,1989,DM,merriami,9,Spectab exclosure,M,53
16472,1989,DO,ordii,2,Control,M,56
16474,1989,DM,merriami,14,Control,M,46
16476,1989,DM,merriami,8,Control,F,42
16477,1989,DM,merriami,14,Control,F,43
16479,1989,DO,ordii,14,Control,M,45
16480,1989,DM,merriami,4,Control,M,47
16483,1989,DM,merriami,11,Control,F,42
16485,1989,DM,merriami,8,Control,M,44
16486,1989,DM,merriami,4,Control,F,40
16487,1989,DM,merriami,11,Control,M,48
16491,1989,DM,merriami,22,Control,M,50
16492,1989,DM,merriami,8,Control,F,25
16494,1989,DO,ordii,9,Spectab exclosure,F,49
16495,1989,DO,ordii,2,Control,F,46
16497,1989,DM,merriami,8,Control,M,47
16500,1989,DM,merriami,8,Control,M,47
16504,1989,DM,merriami,9,Spectab exclosure,M,55
16505,1989,DM,merriami,8,Control,F,43
16507,1989,DM,merriami,22,Control,M,52
16510,1989,DO,ordii,2,Control,M,58
16511,1989,DM,merriami,8,Control,F,25
16515,1989,DS,spectabilis,22,Control,F,115
16517,1989,DM,merriami,22,Control,F,39
16518,1989,DM,merriami,11,Control,F,47
16521,1989,DM,merriami,11,Control,M,36
16522,1989,DO,ordii,8,Control,F,43
16529,1989,DM,merriami,9,Spectab exclosure,M,42
16531,1989,DM,merriami,9,Spectab exclosure,F,43
16533,1989,DM,merriami,8,Control,F,45
16534,1989,DM,merriami,8,Control,M,48
16536,1989,DM,merriami,11,Control,M,50
16540,1989,DO,ordii,24,Rodent Exclosure,M,60
16542,1989,DO,ordii,17,Control,F,50
16545,1989,DM,merriami,6,Short-term Krat Exclosure,M,40
16549,1989,DM,merriami,14,Control,M,53
16553,1989,DO,ordii,17,Control,M,48
16556,1989,DM,merriami,4,Control,F,39
16558,1989,DM,merriami,4,Control,F,46
16565,1989,DM,merriami,1,Spectab exclosure,M,48
16569,1989,DO,ordii,1,Spectab exclosure,F,52
16570,1989,DO,ordii,17,Control,M,56
16575,1989,DM,merriami,4,Control,M,35
16577,1989,DM,merriami,14,Control,M,48
16578,1989,DM,merriami,14,Control,F,43
16579,1989,DO,ordii,1,Spectab exclosure,M,56
16580,1989,DS,spectabilis,4,Control,M,126
16582,1989,DM,merriami,12,Control,M,49
16584,1989,DM,merriami,4,Control,M,47
16585,1989,DO,ordii,14,Control,M,53
16587,1989,DM,merriami,4,Control,F,45
16595,1989,DM,merriami,22,Control,M,50
16612,1989,DO,ordii,1,Spectab exclosure,M,52
16617,1989,DO,ordii,17,Control,M,45
16624,1989,DO,ordii,17,Control,M,55
16631,1989,DM,merriami,17,Control,M,38
16635,1989,DS,spectabilis,22,Control,F,115
16637,1989,DO,ordii,12,Control,F,56
16645,1989,DO,ordii,1,Spectab exclosure,F,53
16648,1989,DM,merriami,1,Spectab exclosure,M,46
16650,1989,DO,ordii,12,Control,M,49
16651,1989,DO,ordii,17,Control,F,55
16655,1989,DO,ordii,1,Spectab exclosure,F,52
16660,1989,DM,merriami,22,Control,M,50
16661,1989,DO,ordii,9,Spectab exclosure,M,51
16663,1989,DM,merriami,14,Control,M,41
16664,1989,DO,ordii,2,Control,F,46
16666,1989,DO,ordii,9,Spectab exclosure,F,48
16667,1989,DM,merriami,14,Control,M,46
16671,1989,DM,merriami,9,Spectab exclosure,M,55
16673,1989,DM,merriami,8,Control,F,39
16680,1989,DM,merriami,4,Control,F,48
16683,1989,DM,merriami,8,Control,M,46
16686,1989,DM,merriami,4,Control,F,47
16689,1989,DM,merriami,4,Control,F,35
16694,1989,DM,merriami,11,Control,M,53
16695,1989,DM,merriami,8,Control,F,45
16697,1989,DM,merriami,14,Control,M,43
16698,1989,DM,merriami,14,Control,M,43
16703,1989,DS,spectabilis,4,Control,M,115
16710,1989,DM,merriami,8,Control,M,46
16712,1989,DO,ordii,2,Control,M,59
16713,1989,DM,merriami,11,Control,M,45
16714,1989,DM,merriami,8,Control,M,50
16715,1989,DM,merriami,4,Control,M,44
16717,1989,DM,merriami,9,Spectab exclosure,F,30
16722,1989,DO,ordii,14,Control,F,48
16723,1989,DO,ordii,14,Control,M,50
16724,1989,DM,merriami,9,Spectab exclosure,M,44
16725,1989,DO,ordii,8,Control,M,53
16727,1989,DM,merriami,9,Spectab exclosure,F,44
16730,1989,DM,merriami,4,Control,F,48
16738,1989,DM,merriami,22,Control,M,47
16740,1989,DO,ordii,12,Control,F,47
16750,1989,DO,ordii,17,Control,M,40
16755,1989,DM,merriami,1,Spectab exclosure,M,49
16758,1989,DO,ordii,12,Control,M,55
16763,1989,DO,ordii,17,Control,F,47
16770,1989,DS,spectabilis,22,Control,F,110
16776,1989,DO,ordii,17,Control,F,50
16778,1989,DO,ordii,12,Control,F,56
16780,1989,DM,merriami,17,Control,M,43
16781,1989,DM,merriami,22,Control,M,52
16785,1989,DO,ordii,1,Spectab exclosure,F,53
16788,1989,DO,ordii,1,Spectab exclosure,M,56
16805,1989,DO,ordii,9,Spectab exclosure,M,49
16813,1989,DM,merriami,14,Control,M,40
16814,1989,DO,ordii,9,Spectab exclosure,F,51
16817,1989,DM,merriami,4,Control,F,39
16821,1989,DM,merriami,4,Control,F,43
16824,1989,DM,merriami,8,Control,F,47
16825,1989,DO,ordii,9,Spectab exclosure,M,51
16827,1989,DO,ordii,2,Control,F,49
16829,1989,DM,merriami,4,Control,F,43
16831,1989,DO,ordii,11,Control,F,52
16832,1989,DM,merriami,8,Control,M,46
16834,1989,DM,merriami,14,Control,M,51
16836,1989,DM,merriami,4,Control,M,44
16837,1989,DM,merriami,4,Control,M,25
16839,1989,DM,merriami,4,Control,F,43
16840,1989,DM,merriami,8,Control,M,47
16841,1989,DM,merriami,4,Control,M,27
16844,1989,DM,merriami,8,Control,F,47
16845,1989,DO,ordii,2,Control,M,62
16848,1989,DM,merriami,11,Control,F,35
16850,1989,DM,merriami,4,Control,F,34
16851,1989,DM,merriami,11,Control,M,46
16856,1989,DM,merriami,9,Spectab exclosure,F,45
16857,1989,DM,merriami,4,Control,M,46
16859,1989,DM,merriami,9,Spectab exclosure,M,45
16861,1989,DM,merriami,8,Control,M,50
16862,1989,DM,merriami,9,Spectab exclosure,F,37
16864,1989,DO,ordii,8,Control,F,45
16866,1989,DM,merriami,9,Spectab exclosure,M,50
16867,1989,DS,spectabilis,4,Control,M,123
16869,1989,DM,merriami,11,Control,M,47
16871,1989,DO,ordii,14,Control,F,47
16873,1989,DO,ordii,8,Control,M,51
16876,1989,DM,merriami,4,Control,M,31
16877,1989,DM,merriami,11,Control,M,50
16878,1989,DM,merriami,8,Control,F,42
16879,1990,DM,merriami,1,Spectab exclosure,F,35
16888,1990,DO,ordii,17,Control,M,55
16891,1990,DO,ordii,12,Control,F,53
16899,1990,DO,ordii,17,Control,M,47
16906,1990,DO,ordii,12,Control,M,57
16912,1990,DM,merriami,22,Control,M,52
16920,1990,DO,ordii,1,Spectab exclosure,F,56
16923,1990,DO,ordii,1,Spectab exclosure,M,55
16928,1990,DO,ordii,17,Control,M,49
16930,1990,DM,merriami,4,Control,M,44
16932,1990,DO,ordii,11,Control,M,41
16933,1990,DO,ordii,9,Spectab exclosure,M,52
16934,1990,DO,ordii,9,Spectab exclosure,M,50
16935,1990,DM,merriami,4,Control,M,49
16936,1990,DO,ordii,9,Spectab exclosure,F,49
16939,1990,DM,merriami,8,Control,M,48
16940,1990,DO,ordii,14,Control,M,52
16942,1990,DM,merriami,8,Control,F,38
16943,1990,DM,merriami,4,Control,M,34
16945,1990,DM,merriami,8,Control,F,49
16946,1990,DM,merriami,4,Control,F,42
16947,1990,DM,merriami,14,Control,M,50
16948,1990,DM,merriami,4,Control,M,34
16949,1990,DO,ordii,9,Spectab exclosure,M,42
16952,1990,DM,merriami,4,Control,M,50
16953,1990,DO,ordii,11,Control,F,38
16954,1990,DM,merriami,11,Control,M,46
16956,1990,DM,merriami,4,Control,F,43
16957,1990,DM,merriami,8,Control,M,47
16960,1990,DO,ordii,2,Control,M,61
16962,1990,DM,merriami,4,Control,M,39
16963,1990,DM,merriami,11,Control,F,40
16965,1990,DO,ordii,2,Control,F,43
16966,1990,DO,ordii,8,Control,F,45
16968,1990,DM,merriami,4,Control,F,36
16969,1990,DM,merriami,9,Spectab exclosure,F,40
16970,1990,DM,merriami,8,Control,M,57
16971,1990,DM,merriami,11,Control,M,50
16972,1990,DM,merriami,9,Spectab exclosure,M,45
16973,1990,DM,merriami,9,Spectab exclosure,F,35
16975,1990,DM,merriami,4,Control,F,44
16976,1990,DM,merriami,9,Spectab exclosure,F,40
16978,1990,DS,spectabilis,4,Control,M,126
16979,1990,DM,merriami,9,Spectab exclosure,M,45
16986,1990,DM,merriami,1,Spectab exclosure,F,37
16994,1990,DM,merriami,1,Spectab exclosure,M,45
17004,1990,DM,merriami,22,Control,M,52
17010,1990,DM,merriami,22,Control,F,43
17033,1990,DO,ordii,17,Control,M,52
17034,1990,DO,ordii,12,Control,M,55
17039,1990,DM,merriami,1,Spectab exclosure,M,46
17047,1990,DO,ordii,12,Control,F,50
17052,1990,DO,ordii,2,Control,F,30
17054,1990,DO,ordii,9,Spectab exclosure,M,51
17055,1990,DM,merriami,8,Control,F,39
17056,1990,DM,merriami,4,Control,F,46
17057,1990,DO,ordii,9,Spectab exclosure,M,49
17058,1990,DM,merriami,8,Control,M,48
17061,1990,DO,ordii,11,Control,M,58
17063,1990,DO,ordii,11,Control,M,50
17065,1990,DM,merriami,14,Control,M,52
17066,1990,DM,merriami,4,Control,M,48
17070,1990,DO,ordii,2,Control,F,29
17072,1990,DM,merriami,4,Control,M,42
17074,1990,DM,merriami,4,Control,F,41
17075,1990,DM,merriami,4,Control,M,38
17076,1990,DO,ordii,2,Control,M,60
17077,1990,DM,merriami,14,Control,F,48
17078,1990,DO,ordii,9,Spectab exclosure,M,44
17079,1990,DM,merriami,8,Control,F,35
17081,1990,DO,ordii,14,Control,M,54
17082,1990,DM,merriami,11,Control,M,49
17083,1990,DM,merriami,8,Control,F,47
17084,1990,DM,merriami,4,Control,F,40
17086,1990,DM,merriami,9,Spectab exclosure,M,45
17087,1990,DM,merriami,4,Control,F,38
17089,1990,DO,ordii,11,Control,F,41
17091,1990,DM,merriami,8,Control,M,50
17093,1990,DM,merriami,11,Control,M,51
17095,1990,DM,merriami,14,Control,M,30
17098,1990,DM,merriami,4,Control,M,40
17099,1990,DM,merriami,9,Spectab exclosure,F,41
17100,1990,DM,merriami,4,Control,F,41
17101,1990,DM,merriami,9,Spectab exclosure,F,38
17105,1990,DM,merriami,9,Spectab exclosure,M,47
17107,1990,DS,spectabilis,4,Control,M,132
17108,1990,DM,merriami,9,Spectab exclosure,F,46
17109,1990,DM,merriami,4,Control,M,49
17113,1990,DM,merriami,11,Control,F,40
17114,1990,DM,merriami,8,Control,F,36
17115,1990,DM,merriami,1,Spectab exclosure,F,38
17121,1990,DM,merriami,1,Spectab exclosure,M,44
17126,1990,DO,ordii,12,Control,F,27
17128,1990,DO,ordii,12,Control,M,59
17141,1990,DO,ordii,1,Spectab exclosure,M,39
17144,1990,DM,merriami,1,Spectab exclosure,M,50
17150,1990,DO,ordii,17,Control,M,55
17151,1990,DO,ordii,1,Spectab exclosure,M,43
17159,1990,DO,ordii,17,Control,M,54
17161,1990,DO,ordii,12,Control,M,29
17163,1990,DM,merriami,22,Control,M,53
17171,1990,DM,merriami,4,Control,M,43
17176,1990,DO,ordii,9,Spectab exclosure,F,49
17178,1990,DO,ordii,2,Control,F,36
17183,1990,DO,ordii,11,Control,F,48
17185,1990,DM,merriami,4,Control,F,40
17188,1990,DM,merriami,4,Control,M,49
17189,1990,DM,merriami,8,Control,F,41
17192,1990,DO,ordii,11,Control,M,50
17193,1990,DM,merriami,8,Control,M,50
17197,1990,DM,merriami,8,Control,F,38
17200,1990,DM,merriami,14,Control,M,54
17201,1990,DM,merriami,14,Control,F,48
17202,1990,DM,merriami,11,Control,M,47
17203,1990,DM,merriami,4,Control,F,42
17205,1990,DO,ordii,2,Control,M,62
17206,1990,DM,merriami,11,Control,M,50
17207,1990,DM,merriami,9,Spectab exclosure,M,47
17208,1990,DM,merriami,8,Control,F,46
17209,1990,DO,ordii,14,Control,M,55
17210,1990,DM,merriami,4,Control,M,40
17213,1990,DO,ordii,9,Spectab exclosure,M,46
17214,1990,DO,ordii,8,Control,F,42
17215,1990,DM,merriami,4,Control,F,37
17217,1990,DO,ordii,11,Control,M,42
17218,1990,DO,ordii,8,Control,F,52
17220,1990,DM,merriami,14,Control,M,37
17221,1990,DM,merriami,11,Control,F,39
17222,1990,DM,merriami,9,Spectab exclosure,F,44
17224,1990,DM,merriami,4,Control,F,47
17226,1990,DM,merriami,9,Spectab exclosure,F,41
17227,1990,DM,merriami,14,Control,M,43
17228,1990,DM,merriami,4,Control,F,30
17229,1990,DM,merriami,8,Control,F,40
17231,1990,DS,spectabilis,4,Control,M,132
17233,1990,DM,merriami,9,Spectab exclosure,M,46
17234,1990,DM,merriami,4,Control,M,49
17236,1990,DM,merriami,9,Spectab exclosure,F,38
17237,1990,DM,merriami,4,Control,M,49
17239,1990,DM,merriami,11,Control,M,54
17240,1990,DM,merriami,4,Control,M,41
17241,1990,DM,merriami,8,Control,F,29
17243,1990,DM,merriami,11,Control,F,46
17247,1990,DM,merriami,22,Control,M,21
17251,1990,DM,merriami,1,Spectab exclosure,F,39
17255,1990,DM,merriami,22,Control,F,39
17264,1990,DM,merriami,1,Spectab exclosure,M,48
17268,1990,DO,ordii,1,Spectab exclosure,M,47
17269,1990,DO,ordii,17,Control,F,44
17270,1990,DO,ordii,1,Spectab exclosure,M,46
17274,1990,DO,ordii,12,Control,M,35
17277,1990,DO,ordii,17,Control,M,55
17284,1990,DO,ordii,17,Control,M,56
17288,1990,DS,spectabilis,22,Control,M,134
17298,1990,DM,merriami,2,Control,F,46
17301,1990,DM,merriami,14,Control,M,41
17303,1990,DM,merriami,4,Control,M,45
17305,1990,DM,merriami,4,Control,F,45
17308,1990,DM,merriami,14,Control,M,43
17309,1990,DM,merriami,9,Spectab exclosure,F,43
17313,1990,DO,ordii,11,Control,M,52
17314,1990,DM,merriami,8,Control,F,46
17315,1990,DM,merriami,4,Control,M,25
17316,1990,DM,merriami,4,Control,M,25
17319,1990,DM,merriami,8,Control,F,43
17320,1990,DM,merriami,2,Control,M,50
17323,1990,DO,ordii,2,Control,F,48
17324,1990,DO,ordii,11,Control,M,45
17326,1990,DM,merriami,14,Control,F,43
17328,1990,DM,merriami,4,Control,F,44
17331,1990,DM,merriami,2,Control,M,43
17334,1990,DO,ordii,2,Control,M,54
17337,1990,DM,merriami,9,Spectab exclosure,M,47
17338,1990,DO,ordii,11,Control,F,50
17341,1990,DM,merriami,4,Control,M,48
17343,1990,DO,ordii,8,Control,F,43
17345,1990,DO,ordii,2,Control,M,58
17347,1990,DM,merriami,9,Spectab exclosure,M,48
17348,1990,DM,merriami,11,Control,M,52
17350,1990,DM,merriami,4,Control,F,24
17351,1990,DM,merriami,4,Control,M,41
17352,1990,DO,ordii,8,Control,M,46
17353,1990,DS,spectabilis,4,Control,M,126
17354,1990,DM,merriami,11,Control,M,52
17355,1990,DO,ordii,8,Control,F,50
17357,1990,DM,merriami,11,Control,F,44
17358,1990,DM,merriami,8,Control,F,56
17360,1990,DM,merriami,4,Control,F,43
17361,1990,DM,merriami,9,Spectab exclosure,M,48
17362,1990,DO,ordii,9,Spectab exclosure,F,53
17363,1990,DM,merriami,5,Rodent Exclosure,F,44
17364,1990,DM,merriami,8,Control,M,51
17365,1990,DM,merriami,4,Control,F,48
17366,1990,DM,merriami,11,Control,M,46
17367,1990,DM,merriami,4,Control,M,44
17368,1990,DM,merriami,11,Control,F,41
17369,1990,DM,merriami,8,Control,F,39
17379,1990,DM,merriami,1,Spectab exclosure,M,38
17380,1990,DM,merriami,22,Control,M,49
17386,1990,DO,ordii,1,Spectab exclosure,M,45
17387,1990,DO,ordii,1,Spectab exclosure,M,48
17388,1990,DM,merriami,1,Spectab exclosure,M,46
17390,1990,DM,merriami,22,Control,F,43
17392,1990,DO,ordii,12,Control,M,43
17402,1990,DM,merriami,1,Spectab exclosure,M,45
17411,1990,DO,ordii,17,Control,F,48
17414,1990,DM,merriami,17,Control,F,48
17415,1990,DO,ordii,2,Control,F,45
17418,1990,DO,ordii,2,Control,M,58
17422,1990,DO,ordii,17,Control,F,44
17424,1990,DO,ordii,17,Control,M,54
17427,1990,DM,merriami,4,Control,M,43
17428,1990,DO,ordii,11,Control,M,54
17431,1990,DM,merriami,14,Control,F,40
17440,1990,DM,merriami,4,Control,F,39
17441,1990,DM,merriami,8,Control,F,39
17442,1990,DM,merriami,8,Control,F,40
17443,1990,DM,merriami,4,Control,F,53
17445,1990,DM,merriami,9,Spectab exclosure,F,43
17448,1990,DM,merriami,9,Spectab exclosure,F,23
17449,1990,DM,merriami,4,Control,M,41
17450,1990,DM,merriami,8,Control,M,18
17451,1990,DM,merriami,14,Control,M,24
17453,1990,DM,merriami,4,Control,M,47
17454,1990,DM,merriami,4,Control,M,34
17455,1990,DM,merriami,11,Control,M,50
17456,1990,DO,ordii,11,Control,F,45
17457,1990,DM,merriami,4,Control,M,44
17458,1990,DM,merriami,9,Spectab exclosure,M,48
17459,1990,DM,merriami,8,Control,M,50
17460,1990,DM,merriami,14,Control,F,44
17461,1990,DO,ordii,11,Control,M,56
17462,1990,DM,merriami,9,Spectab exclosure,M,49
17466,1990,DS,spectabilis,4,Control,M,125
17468,1990,DM,merriami,8,Control,F,49
17470,1990,DM,merriami,14,Control,M,26
17471,1990,DM,merriami,11,Control,M,50
17473,1990,DM,merriami,9,Spectab exclosure,F,40
17474,1990,DM,merriami,11,Control,F,43
17475,1990,DO,ordii,8,Control,F,28
17476,1990,DM,merriami,4,Control,F,47
17477,1990,DM,merriami,9,Spectab exclosure,M,49
17478,1990,DO,ordii,8,Control,F,54
17479,1990,DO,ordii,14,Control,M,52
17481,1990,DM,merriami,11,Control,M,50
17482,1990,DM,merriami,4,Control,F,46
17483,1990,DM,merriami,11,Control,F,53
17484,1990,DM,merriami,9,Spectab exclosure,M,28
17489,1990,DM,merriami,1,Spectab exclosure,M,40
17491,1990,DM,merriami,12,Control,F,43
17492,1990,DM,merriami,1,Spectab exclosure,F,48
17496,1990,DM,merriami,12,Control,M,48
17499,1990,DO,ordii,1,Spectab exclosure,M,51
17506,1990,DO,ordii,12,Control,M,48
17507,1990,DM,merriami,22,Control,M,50
17511,1990,DO,ordii,1,Spectab exclosure,M,48
17515,1990,DO,ordii,11,Control,M,51
17516,1990,DM,merriami,8,Control,M,32
17517,1990,DM,merriami,9,Spectab exclosure,F,45
17518,1990,DO,ordii,2,Control,F,49
17519,1990,DO,ordii,11,Control,F,47
17521,1990,DM,merriami,8,Control,F,42
17522,1990,DM,merriami,8,Control,M,50
17524,1990,DM,merriami,8,Control,F,42
17525,1990,DM,merriami,9,Spectab exclosure,F,30
17526,1990,DM,merriami,9,Spectab exclosure,M,47
17527,1990,DO,ordii,2,Control,M,58
17528,1990,DM,merriami,11,Control,M,50
17529,1990,DM,merriami,8,Control,M,30
17530,1990,DM,merriami,11,Control,M,49
17534,1990,DM,merriami,8,Control,F,45
17537,1990,DO,ordii,8,Control,F,49
17539,1990,DM,merriami,9,Spectab exclosure,M,48
17540,1990,DO,ordii,8,Control,F,35
17541,1990,DM,merriami,9,Spectab exclosure,M,45
17542,1990,DO,ordii,17,Control,F,41
17543,1990,DM,merriami,9,Spectab exclosure,M,35
17544,1990,DM,merriami,11,Control,F,49
17546,1990,DM,merriami,8,Control,F,43
17548,1990,DM,merriami,11,Control,F,48
17549,1990,DO,ordii,17,Control,M,54
17550,1990,DM,merriami,11,Control,F,23
17552,1990,DM,merriami,4,Control,M,43
17555,1990,DM,merriami,14,Control,F,45
17558,1990,DM,merriami,4,Control,F,41
17559,1990,DM,merriami,14,Control,F,41
17562,1990,DM,merriami,4,Control,M,27
17563,1990,DM,merriami,4,Control,M,40
17564,1990,DM,merriami,14,Control,M,30
17565,1990,DM,merriami,14,Control,M,44
17568,1990,DS,spectabilis,4,Control,M,116
17569,1990,DM,merriami,14,Control,M,31
17570,1990,DM,merriami,4,Control,M,22
17571,1990,DO,ordii,14,Control,M,54
17575,1990,DM,merriami,4,Control,F,52
17576,1990,DM,merriami,4,Control,M,46
17585,1990,DO,ordii,12,Control,F,40
17589,1990,DO,ordii,17,Control,M,60
17590,1990,DO,ordii,17,Control,M,49
17592,1990,DS,spectabilis,22,Control,M,128
17594,1990,DO,ordii,1,Spectab exclosure,M,54
17595,1990,DO,ordii,12,Control,M,47
17597,1990,DO,ordii,1,Spectab exclosure,M,53
17601,1990,DM,merriami,12,Control,F,43
17602,1990,DM,merriami,22,Control,F,35
17603,1990,DM,merriami,22,Control,M,46
17604,1990,DM,merriami,1,Spectab exclosure,M,43
17606,1990,DO,ordii,17,Control,M,55
17608,1990,DM,merriami,4,Control,M,42
17609,1990,DM,merriami,9,Spectab exclosure,M,35
17610,1990,DM,merriami,8,Control,M,37
17611,1990,DM,merriami,4,Control,M,25
17612,1990,DO,ordii,9,Spectab exclosure,M,41
17615,1990,DM,merriami,14,Control,F,19
17617,1990,DM,merriami,9,Spectab exclosure,M,21
17618,1990,DM,merriami,14,Control,M,18
17619,1990,DO,ordii,11,Control,F,50
17620,1990,DM,merriami,9,Spectab exclosure,F,50
17621,1990,DM,merriami,4,Control,M,40
17622,1990,DO,ordii,2,Control,F,42
17624,1990,DO,ordii,2,Control,M,48
17625,1990,DM,merriami,4,Control,M,35
17626,1990,DO,ordii,11,Control,M,51
17627,1990,DM,merriami,14,Control,F,43
17628,1990,DM,merriami,9,Spectab exclosure,M,46
17629,1990,DM,merriami,4,Control,F,40
17630,1990,DM,merriami,11,Control,M,48
17633,1990,DM,merriami,9,Spectab exclosure,F,40
17634,1990,DM,merriami,4,Control,F,40
17636,1990,DM,merriami,14,Control,F,16
17638,1990,DM,merriami,4,Control,F,42
17639,1990,DM,merriami,8,Control,F,43
17641,1990,DM,merriami,11,Control,M,51
17642,1990,DO,ordii,8,Control,F,46
17643,1990,DM,merriami,14,Control,M,33
17645,1990,DM,merriami,4,Control,M,48
17646,1990,DO,ordii,14,Control,M,53
17647,1990,DM,merriami,4,Control,F,19
17648,1990,DM,merriami,11,Control,F,44
17649,1990,DM,merriami,11,Control,M,20
17651,1990,DS,spectabilis,4,Control,M,124
17652,1990,DM,merriami,9,Spectab exclosure,M,46
17653,1990,DM,merriami,11,Control,F,42
17656,1990,DM,merriami,1,Spectab exclosure,M,43
17657,1990,DM,merriami,22,Control,F,24
17658,1990,DO,ordii,12,Control,F,46
17661,1990,DM,merriami,17,Control,F,41
17663,1990,DO,ordii,1,Spectab exclosure,F,58
17664,1990,DM,merriami,1,Spectab exclosure,M,45
17666,1990,DM,merriami,1,Spectab exclosure,M,46
17669,1990,DO,ordii,1,Spectab exclosure,M,55
17671,1990,DO,ordii,12,Control,M,53
17674,1990,DO,ordii,1,Spectab exclosure,M,53
17682,1990,DM,merriami,12,Control,F,46
17685,1990,DM,merriami,22,Control,F,39
17686,1990,DO,ordii,17,Control,M,59
17691,1990,DO,ordii,11,Control,M,58
17692,1990,DM,merriami,4,Control,F,46
17693,1990,DO,ordii,11,Control,M,33
17694,1990,DO,ordii,9,Spectab exclosure,M,47
17695,1990,DM,merriami,4,Control,F,24
17696,1990,DM,merriami,4,Control,M,38
17697,1990,DM,merriami,9,Spectab exclosure,F,38
17700,1990,DO,ordii,2,Control,F,54
17703,1990,DM,merriami,9,Spectab exclosure,M,32
17704,1990,DM,merriami,8,Control,F,44
17705,1990,DM,merriami,9,Spectab exclosure,M,20
17706,1990,DM,merriami,14,Control,F,40
17707,1990,DM,merriami,8,Control,M,42
17708,1990,DM,merriami,4,Control,F,19
17710,1990,DM,merriami,8,Control,M,27
17711,1990,DM,merriami,14,Control,M,41
17712,1990,DM,merriami,4,Control,M,43
17713,1990,DM,merriami,4,Control,M,49
17714,1990,DS,spectabilis,4,Control,M,134
17715,1990,DM,merriami,9,Spectab exclosure,M,51
17716,1990,DM,merriami,8,Control,M,50
17717,1990,DM,merriami,14,Control,M,46
17718,1990,DM,merriami,4,Control,F,31
17720,1990,DM,merriami,9,Spectab exclosure,F,48
17722,1990,DM,merriami,8,Control,F,44
17725,1990,DM,merriami,8,Control,F,50
17727,1990,DO,ordii,14,Control,M,55
17728,1990,DM,merriami,5,Rodent Exclosure,M,32
17729,1990,DM,merriami,4,Control,F,40
17730,1990,DM,merriami,11,Control,F,33
17731,1990,DM,merriami,9,Spectab exclosure,F,40
17732,1990,DM,merriami,4,Control,F,30
17733,1990,DM,merriami,11,Control,F,42
17742,1990,DM,merriami,1,Spectab exclosure,F,43
17745,1990,DM,merriami,22,Control,F,30
17746,1990,DO,ordii,12,Control,F,43
17748,1990,DM,merriami,1,Spectab exclosure,M,45
17749,1990,DM,merriami,22,Control,M,44
17750,1990,DO,ordii,17,Control,M,60
17751,1990,DO,ordii,12,Control,F,50
17752,1990,DO,ordii,12,Control,M,50
17753,1990,DS,spectabilis,22,Control,F,107
17755,1990,DM,merriami,17,Control,F,38
17756,1990,DM,merriami,12,Control,F,43
17757,1990,DO,ordii,1,Spectab exclosure,M,54
17759,1990,DO,ordii,1,Spectab exclosure,M,57
17760,1990,DM,merriami,22,Control,F,37
17761,1990,DO,ordii,1,Spectab exclosure,F,53
17767,1990,DM,merriami,1,Spectab exclosure,M,41
17768,1990,DO,ordii,17,Control,M,47
17774,1990,DO,ordii,2,Control,F,49
17775,1990,DM,merriami,4,Control,F,40
17777,1990,DO,ordii,9,Spectab exclosure,M,47
17778,1990,DO,ordii,11,Control,M,53
17780,1990,DM,merriami,9,Spectab exclosure,F,43
17782,1990,DO,ordii,11,Control,M,40
17783,1990,DM,merriami,14,Control,M,27
17784,1990,DM,merriami,4,Control,M,38
17786,1990,DM,merriami,8,Control,M,42
17787,1990,DM,merriami,4,Control,F,24
17788,1990,DM,merriami,4,Control,M,41
17789,1990,DM,merriami,8,Control,F,42
17790,1990,DM,merriami,14,Control,F,46
17792,1990,DM,merriami,11,Control,M,50
17795,1990,DM,merriami,4,Control,F,41
17796,1990,DM,merriami,11,Control,M,50
17798,1990,DM,merriami,4,Control,M,52
17799,1990,DM,merriami,9,Spectab exclosure,M,47
17800,1990,DM,merriami,9,Spectab exclosure,M,47
17801,1990,DM,merriami,8,Control,M,47
17802,1990,DM,merriami,11,Control,F,45
17803,1990,DM,merriami,8,Control,F,47
17805,1990,DM,merriami,14,Control,M,40
17806,1990,DM,merriami,9,Spectab exclosure,M,48
17807,1990,DS,spectabilis,4,Control,M,132
17808,1990,DM,merriami,11,Control,F,35
17809,1990,DM,merriami,9,Spectab exclosure,F,40
17810,1990,DO,ordii,8,Control,M,48
17812,1990,DM,merriami,4,Control,M,20
17815,1990,DM,merriami,4,Control,F,40
17816,1990,DM,merriami,11,Control,F,23
17827,1990,DM,merriami,17,Control,F,48
17830,1990,DO,ordii,12,Control,F,52
17832,1990,DM,merriami,1,Spectab exclosure,M,48
17833,1990,DS,spectabilis,22,Control,F,107
17834,1990,DO,ordii,1,Spectab exclosure,F,56
17839,1990,DO,ordii,1,Spectab exclosure,M,58
17840,1990,DM,merriami,12,Control,F,42
17841,1990,DM,merriami,22,Control,F,42
17843,1990,DO,ordii,17,Control,F,49
17845,1990,DO,ordii,11,Control,M,57
17846,1990,DM,merriami,9,Spectab exclosure,M,30
17850,1990,DO,ordii,2,Control,F,35
17851,1990,DM,merriami,8,Control,F,39
17852,1990,DM,merriami,4,Control,M,43
17853,1990,DM,merriami,8,Control,F,45
17855,1990,DM,merriami,14,Control,M,40
17856,1990,DM,merriami,8,Control,M,45
17857,1990,DO,ordii,2,Control,F,50
17858,1990,DM,merriami,4,Control,M,44
17859,1990,DM,merriami,11,Control,M,51
17860,1990,DM,merriami,14,Control,M,43
17862,1990,DM,merriami,14,Control,F,40
17863,1990,DM,merriami,4,Control,F,42
17864,1990,DM,merriami,9,Spectab exclosure,M,49
17866,1990,DM,merriami,8,Control,M,53
17867,1990,DM,merriami,9,Spectab exclosure,M,47
17868,1990,DM,merriami,11,Control,M,51
17871,1990,DM,merriami,4,Control,F,40
17872,1990,DM,merriami,4,Control,F,50
17873,1990,DM,merriami,4,Control,M,38
17874,1990,DM,merriami,11,Control,F,39
17876,1990,DO,ordii,2,Control,F,33
17878,1990,DM,merriami,9,Spectab exclosure,F,40
17879,1990,DO,ordii,14,Control,M,57
17881,1990,DM,merriami,8,Control,F,54
17883,1990,DM,merriami,11,Control,F,42
17884,1990,DO,ordii,24,Rodent Exclosure,F,46
17891,1990,DM,merriami,1,Spectab exclosure,M,38
17892,1990,DM,merriami,1,Spectab exclosure,M,45
17896,1990,DO,ordii,1,Spectab exclosure,M,55
17899,1990,DM,merriami,12,Control,M,41
17901,1990,DS,spectabilis,22,Control,F,106
17904,1990,DO,ordii,1,Spectab exclosure,M,56
17905,1990,DM,merriami,22,Control,F,39
17907,1990,DM,merriami,1,Spectab exclosure,M,45
17908,1990,DM,merriami,17,Control,F,32
17910,1990,DM,merriami,2,Control,M,38
17912,1990,DM,merriami,17,Control,M,49
17913,1990,DM,merriami,4,Control,F,40
17914,1990,DM,merriami,8,Control,M,44
17915,1990,DM,merriami,2,Control,F,45
17917,1990,DM,merriami,4,Control,M,44
17919,1990,DM,merriami,4,Control,M,42
17921,1990,DO,ordii,2,Control,F,47
17922,1990,DM,merriami,11,Control,M,49
17923,1990,DM,merriami,8,Control,M,27
17925,1990,DM,merriami,17,Control,M,47
17926,1990,DM,merriami,4,Control,M,37
17927,1990,DM,merriami,9,Spectab exclosure,F,44
17928,1990,DO,ordii,2,Control,M,22
17930,1990,DM,merriami,9,Spectab exclosure,M,46
17931,1990,DM,merriami,4,Control,F,42
17932,1990,DM,merriami,11,Control,M,48
17933,1990,DO,ordii,2,Control,F,44
17934,1990,DM,merriami,8,Control,M,52
17936,1990,DM,merriami,9,Spectab exclosure,M,47
17937,1990,DM,merriami,8,Control,F,40
17938,1990,DM,merriami,4,Control,F,40
17939,1990,DO,ordii,17,Control,F,45
17940,1990,DM,merriami,8,Control,F,44
17943,1990,DM,merriami,11,Control,F,39
17944,1990,DM,merriami,17,Control,F,40
17945,1990,DM,merriami,9,Spectab exclosure,F,42
17946,1990,DM,merriami,8,Control,M,26
17947,1990,DM,merriami,4,Control,F,22
17950,1990,DM,merriami,11,Control,F,42
17951,1990,DM,merriami,8,Control,M,44
17954,1990,DM,merriami,14,Control,F,40
17955,1990,DM,merriami,14,Control,F,37
17956,1990,DM,merriami,14,Control,M,48
17959,1990,DM,merriami,14,Control,M,42
17961,1990,DM,merriami,14,Control,M,44
17963,1990,DM,merriami,14,Control,M,39
17966,1990,DM,merriami,14,Control,M,49
17967,1990,DM,merriami,14,Control,F,41
17968,1990,DO,ordii,14,Control,M,53
17972,1990,DM,merriami,17,Control,M,39
17973,1990,DM,merriami,2,Control,F,47
17975,1990,DM,merriami,1,Spectab exclosure,M,40
17977,1990,DM,merriami,17,Control,F,43
17978,1990,DM,merriami,12,Control,F,40
17980,1990,DO,ordii,12,Control,M,56
17981,1990,DO,ordii,2,Control,F,42
17989,1990,DM,merriami,1,Spectab exclosure,M,44
17992,1990,DO,ordii,2,Control,F,48
17993,1990,DM,merriami,12,Control,M,34
17996,1990,DO,ordii,1,Spectab exclosure,M,53
17998,1990,DS,spectabilis,22,Control,F,104
18001,1990,DM,merriami,12,Control,F,46
18003,1990,DO,ordii,17,Control,F,45
18004,1990,DO,ordii,2,Control,M,26
18006,1990,DO,ordii,1,Spectab exclosure,M,56
18007,1990,DM,merriami,17,Control,F,44
18009,1990,DO,ordii,2,Control,M,26
18011,1990,DO,ordii,1,Spectab exclosure,F,56
18013,1990,DM,merriami,1,Spectab exclosure,M,45
18014,1990,DM,merriami,22,Control,F,39
18016,1990,DM,merriami,9,Spectab exclosure,M,35
18018,1990,DM,merriami,14,Control,F,40
18020,1990,DM,merriami,14,Control,M,44
18022,1990,DM,merriami,4,Control,F,42
18024,1990,DM,merriami,11,Control,M,48
18026,1990,DM,merriami,8,Control,F,35
18028,1990,DO,ordii,11,Control,M,54
18029,1990,DM,merriami,8,Control,M,40
18031,1990,DM,merriami,11,Control,M,48
18032,1990,DM,merriami,14,Control,M,39
18034,1990,DM,merriami,3,Long-term Krat Exclosure,M,38
18036,1990,DM,merriami,4,Control,M,43
18037,1990,DM,merriami,4,Control,M,38
18038,1990,DM,merriami,8,Control,M,46
18039,1990,DM,merriami,9,Spectab exclosure,M,46
18040,1990,DM,merriami,8,Control,M,35
18041,1990,DM,merriami,4,Control,F,42
18043,1990,DM,merriami,9,Spectab exclosure,M,45
18047,1990,DM,merriami,4,Control,F,40
18050,1990,DM,merriami,4,Control,M,48
18051,1990,DM,merriami,11,Control,F,38
18052,1990,DM,merriami,14,Control,M,45
18056,1990,DM,merriami,8,Control,F,45
18057,1990,DM,merriami,9,Spectab exclosure,F,40
18060,1990,DM,merriami,9,Spectab exclosure,F,27
18062,1990,DM,merriami,9,Spectab exclosure,F,42
18063,1990,DM,merriami,8,Control,M,38
18064,1990,DM,merriami,14,Control,M,54
18065,1990,DM,merriami,8,Control,F,40
18066,1990,DM,merriami,11,Control,F,42
18067,1990,DM,merriami,11,Control,F,42
18068,1990,DO,ordii,2,Control,F,46
18069,1990,DO,ordii,12,Control,F,47
18075,1990,DM,merriami,17,Control,M,50
18076,1990,DM,merriami,1,Spectab exclosure,M,47
18078,1990,DM,merriami,1,Spectab exclosure,M,48
18081,1990,DM,merriami,17,Control,F,44
18086,1990,DO,ordii,2,Control,F,44
18087,1990,DM,merriami,22,Control,F,40
18089,1990,DO,ordii,1,Spectab exclosure,M,54
18090,1990,DO,ordii,2,Control,M,40
18093,1990,DS,spectabilis,22,Control,F,106
18096,1990,DM,merriami,2,Control,F,44
18098,1990,DO,ordii,17,Control,F,44
18101,1990,DM,merriami,17,Control,F,44
18103,1990,DO,ordii,2,Control,M,40
18104,1990,DO,ordii,1,Spectab exclosure,M,55
18108,1990,DM,merriami,12,Control,F,41
18109,1990,DO,ordii,1,Spectab exclosure,F,39
18112,1990,DM,merriami,12,Control,F,44
18113,1990,DO,ordii,1,Spectab exclosure,F,52
18114,1990,DM,merriami,12,Control,M,40
18116,1990,DM,merriami,1,Spectab exclosure,M,45
18121,1990,DM,merriami,14,Control,F,40
18125,1990,DM,merriami,9,Spectab exclosure,M,35
18126,1990,DM,merriami,4,Control,M,44
18129,1990,DM,merriami,8,Control,F,40
18130,1990,DM,merriami,14,Control,M,44
18134,1990,DM,merriami,14,Control,M,40
18136,1990,DM,merriami,14,Control,M,51
18137,1990,DM,merriami,4,Control,M,43
18138,1990,DO,ordii,11,Control,M,55
18143,1990,DM,merriami,8,Control,M,44
18145,1990,DM,merriami,11,Control,M,44
18148,1990,DM,merriami,9,Spectab exclosure,M,47
18149,1990,DO,ordii,14,Control,M,52
18150,1990,DM,merriami,11,Control,M,50
18151,1990,DM,merriami,14,Control,F,37
18153,1990,DM,merriami,8,Control,M,36
18156,1990,DM,merriami,11,Control,F,37
18158,1990,DM,merriami,4,Control,M,39
18159,1990,DM,merriami,8,Control,M,52
18160,1990,DM,merriami,14,Control,M,44
18162,1990,DM,merriami,4,Control,F,40
18163,1990,DM,merriami,11,Control,F,43
18164,1990,DM,merriami,9,Spectab exclosure,M,45
18165,1990,DM,merriami,14,Control,F,42
18167,1990,DM,merriami,4,Control,F,45
18168,1990,DM,merriami,8,Control,F,38
18171,1990,DM,merriami,4,Control,F,39
18174,1990,DM,merriami,8,Control,M,39
18177,1990,DM,merriami,14,Control,M,43
18180,1990,DM,merriami,8,Control,F,43
18181,1990,DM,merriami,9,Spectab exclosure,F,42
18182,1990,DM,merriami,11,Control,F,37
18183,1990,DM,merriami,9,Spectab exclosure,F,40
18184,1990,DM,merriami,11,Control,M,45
18185,1990,DM,merriami,3,Long-term Krat Exclosure,M,45
18186,1990,DM,merriami,11,Control,F,43
18188,1990,DM,merriami,3,Long-term Krat Exclosure,F,38
18193,1991,DM,merriami,2,Control,F,48
18194,1991,DO,ordii,12,Control,F,36
18196,1991,DM,merriami,1,Spectab exclosure,M,43
18201,1991,DM,merriami,2,Control,M,51
18205,1991,DM,merriami,17,Control,F,40
18208,1991,DO,ordii,1,Spectab exclosure,F,53
18210,1991,DO,ordii,1,Spectab exclosure,M,54
18213,1991,DO,ordii,12,Control,F,47
18218,1991,DO,ordii,2,Control,M,52
18219,1991,DO,ordii,2,Control,F,44
18221,1991,DO,ordii,12,Control,M,59
18229,1991,DM,merriami,12,Control,F,39
18231,1991,DO,ordii,1,Spectab exclosure,M,55
18235,1991,DS,spectabilis,22,Control,F,108
18245,1991,DO,ordii,17,Control,F,45
18247,1991,DO,ordii,2,Control,F,46
18255,1991,DM,merriami,14,Control,M,46
18257,1991,DM,merriami,8,Control,F,41
18261,1991,DM,merriami,14,Control,F,38
18262,1991,DM,merriami,14,Control,F,40
18263,1991,DM,merriami,9,Spectab exclosure,M,47
18264,1991,DM,merriami,14,Control,M,43
18266,1991,DM,merriami,4,Control,M,42
18267,1991,DM,merriami,11,Control,F,46
18268,1991,DM,merriami,8,Control,M,45
18269,1991,DM,merriami,14,Control,F,36
18271,1991,DM,merriami,4,Control,M,43
18273,1991,DO,ordii,11,Control,M,55
18275,1991,DM,merriami,4,Control,M,42
18276,1991,DM,merriami,11,Control,M,49
18278,1991,DM,merriami,11,Control,F,37
18279,1991,DM,merriami,8,Control,M,37
18283,1991,DM,merriami,4,Control,M,40
18284,1991,DM,merriami,9,Spectab exclosure,F,42
18285,1991,DM,merriami,8,Control,M,51
18287,1991,DM,merriami,4,Control,F,25
18289,1991,DM,merriami,4,Control,F,41
18290,1991,DM,merriami,9,Spectab exclosure,M,47
18291,1991,DM,merriami,3,Long-term Krat Exclosure,M,40
18294,1991,DM,merriami,4,Control,F,41
18295,1991,DM,merriami,9,Spectab exclosure,M,48
18296,1991,DM,merriami,8,Control,M,39
18297,1991,DM,merriami,8,Control,M,38
18299,1991,DM,merriami,14,Control,M,46
18300,1991,DM,merriami,11,Control,F,42
18301,1991,DM,merriami,9,Spectab exclosure,M,49
18303,1991,DM,merriami,8,Control,F,42
18304,1991,DO,ordii,14,Control,M,55
18306,1991,DM,merriami,9,Spectab exclosure,M,37
18310,1991,DM,merriami,11,Control,F,37
18312,1991,DM,merriami,9,Spectab exclosure,F,41
18313,1991,DM,merriami,11,Control,M,43
18314,1991,DM,merriami,11,Control,M,41
18316,1991,DO,ordii,24,Rodent Exclosure,F,59
18317,1991,DM,merriami,1,Spectab exclosure,M,36
18320,1991,DM,merriami,1,Spectab exclosure,M,44
18325,1991,DM,merriami,1,Spectab exclosure,M,45
18327,1991,DO,ordii,24,Rodent Exclosure,M,53
18328,1991,DO,ordii,12,Control,F,51
18332,1991,DO,ordii,1,Spectab exclosure,M,53
18333,1991,DM,merriami,17,Control,F,40
18335,1991,DM,merriami,1,Spectab exclosure,M,49
18338,1991,DO,ordii,1,Spectab exclosure,M,41
18342,1991,DM,merriami,12,Control,F,39
18344,1991,DM,merriami,12,Control,F,48
18345,1991,DS,spectabilis,22,Control,F,112
18351,1991,DO,ordii,1,Spectab exclosure,M,54
18352,1991,DO,ordii,1,Spectab exclosure,F,58
18355,1991,DO,ordii,17,Control,F,47
18361,1991,DO,ordii,2,Control,F,52
18370,1991,DM,merriami,1,Spectab exclosure,M,46
18374,1991,DO,ordii,1,Spectab exclosure,F,50
18380,1991,DO,ordii,9,Spectab exclosure,F,48
18382,1991,DO,ordii,11,Control,M,55
18386,1991,DM,merriami,4,Control,M,45
18388,1991,DO,ordii,11,Control,F,39
18392,1991,DM,merriami,14,Control,M,39
18396,1991,DM,merriami,14,Control,M,44
18397,1991,DM,merriami,8,Control,M,44
18398,1991,DM,merriami,14,Control,F,39
18401,1991,DM,merriami,4,Control,M,46
18402,1991,DM,merriami,11,Control,M,44
18403,1991,DM,merriami,9,Spectab exclosure,F,35
18404,1991,DM,merriami,8,Control,M,52
18405,1991,DO,ordii,14,Control,M,52
18406,1991,DM,merriami,4,Control,M,44
18407,1991,DM,merriami,4,Control,M,45
18412,1991,DM,merriami,8,Control,M,40
18413,1991,DM,merriami,4,Control,F,48
18414,1991,DM,merriami,14,Control,M,48
18416,1991,DM,merriami,14,Control,M,47
18417,1991,DM,merriami,4,Control,M,49
18419,1991,DM,merriami,14,Control,M,50
18420,1991,DM,merriami,4,Control,M,43
18421,1991,DM,merriami,3,Long-term Krat Exclosure,F,40
18422,1991,DM,merriami,11,Control,M,46
18423,1991,DM,merriami,9,Spectab exclosure,M,50
18424,1991,DM,merriami,11,Control,F,40
18425,1991,DM,merriami,8,Control,M,45
18427,1991,DM,merriami,11,Control,F,50
18428,1991,DM,merriami,9,Spectab exclosure,M,46
18429,1991,DM,merriami,8,Control,F,43
18431,1991,DM,merriami,3,Long-term Krat Exclosure,M,47
18432,1991,DM,merriami,4,Control,F,47
18433,1991,DM,merriami,9,Spectab exclosure,F,49
18437,1991,DM,merriami,11,Control,M,49
18438,1991,DM,merriami,9,Spectab exclosure,F,47
18439,1991,DM,merriami,4,Control,M,32
18440,1991,DM,merriami,11,Control,M,43
18441,1991,DM,merriami,8,Control,M,45
18442,1991,DM,merriami,8,Control,F,46
18444,1991,DM,merriami,1,Spectab exclosure,M,40
18447,1991,DO,ordii,12,Control,F,59
18452,1991,DO,ordii,2,Control,F,46
18453,1991,DM,merriami,1,Spectab exclosure,M,47
18456,1991,DM,merriami,17,Control,F,45
18457,1991,DM,merriami,12,Control,M,46
18459,1991,DO,ordii,1,Spectab exclosure,M,46
18460,1991,DO,ordii,2,Control,F,47
18469,1991,DM,merriami,17,Control,F,42
18470,1991,DO,ordii,2,Control,F,47
18472,1991,DS,spectabilis,22,Control,F,128
18473,1991,DM,merriami,1,Spectab exclosure,M,49
18477,1991,DO,ordii,17,Control,F,49
18478,1991,DM,merriami,12,Control,F,41
18479,1991,DM,merriami,12,Control,F,47
18480,1991,DO,ordii,1,Spectab exclosure,M,27
18485,1991,DO,ordii,1,Spectab exclosure,F,49
18487,1991,DM,merriami,12,Control,M,47
18489,1991,DO,ordii,1,Spectab exclosure,M,57
18492,1991,DM,merriami,12,Control,M,50
18497,1991,DM,merriami,4,Control,M,45
18503,1991,DO,ordii,11,Control,F,44
18505,1991,DO,ordii,11,Control,M,57
18508,1991,DM,merriami,9,Spectab exclosure,F,49
18510,1991,DM,merriami,4,Control,F,46
18511,1991,DM,merriami,9,Spectab exclosure,F,39
18515,1991,DM,merriami,4,Control,M,41
18517,1991,DM,merriami,14,Control,M,51
18518,1991,DM,merriami,14,Control,M,47
18520,1991,DM,merriami,14,Control,F,22
18522,1991,DM,merriami,8,Control,M,47
18525,1991,DM,merriami,14,Control,F,50
18526,1991,DM,merriami,9,Spectab exclosure,F,46
18527,1991,DM,merriami,14,Control,F,40
18528,1991,DM,merriami,8,Control,M,24
18529,1991,DM,merriami,8,Control,M,40
18530,1991,DM,merriami,8,Control,M,47
18531,1991,DM,merriami,14,Control,M,47
18532,1991,DM,merriami,14,Control,M,45
18533,1991,DM,merriami,4,Control,M,46
18534,1991,DM,merriami,4,Control,F,43
18538,1991,DM,merriami,11,Control,M,45
18540,1991,DM,merriami,11,Control,M,42
18541,1991,DM,merriami,8,Control,M,45
18543,1991,DM,merriami,9,Spectab exclosure,F,45
18545,1991,DM,merriami,11,Control,M,56
18547,1991,DM,merriami,4,Control,M,48
18550,1991,DM,merriami,4,Control,M,52
18552,1991,DM,merriami,9,Spectab exclosure,M,44
18553,1991,DM,merriami,8,Control,F,41
18554,1991,DO,ordii,14,Control,M,55
18558,1991,DM,merriami,3,Long-term Krat Exclosure,M,39
18559,1991,DM,merriami,11,Control,F,44
18560,1991,DM,merriami,3,Long-term Krat Exclosure,M,51
18568,1991,DO,ordii,17,Control,F,47
18569,1991,DM,merriami,17,Control,F,51
18573,1991,DS,spectabilis,22,Control,NA,125
18578,1991,DO,ordii,17,Control,F,38
18582,1991,DM,merriami,22,Control,M,46
18584,1991,DO,ordii,11,Control,M,59
18587,1991,DO,ordii,11,Control,F,63
18592,1991,DM,merriami,11,Control,F,55
18596,1991,DM,merriami,11,Control,M,51
18597,1991,DM,merriami,11,Control,M,56
18600,1991,DM,merriami,1,Spectab exclosure,M,41
18602,1991,DM,merriami,8,Control,F,46
18607,1991,DM,merriami,8,Control,M,49
18611,1991,DM,merriami,4,Control,M,45
18612,1991,DM,merriami,8,Control,M,43
18613,1991,DM,merriami,8,Control,M,49
18614,1991,DM,merriami,8,Control,M,36
18615,1991,DM,merriami,1,Spectab exclosure,M,51
18616,1991,DM,merriami,4,Control,F,46
18617,1991,DM,merriami,14,Control,M,49
18619,1991,DO,ordii,2,Control,F,55
18620,1991,DM,merriami,3,Long-term Krat Exclosure,M,50
18621,1991,DM,merriami,9,Spectab exclosure,F,24
18622,1991,DO,ordii,1,Spectab exclosure,M,56
18624,1991,DM,merriami,8,Control,M,54
18625,1991,DM,merriami,14,Control,F,44
18626,1991,DM,merriami,9,Spectab exclosure,M,21
18627,1991,DM,merriami,9,Spectab exclosure,F,50
18628,1991,DO,ordii,1,Spectab exclosure,M,55
18629,1991,DM,merriami,4,Control,M,45
18631,1991,DO,ordii,1,Spectab exclosure,M,39
18632,1991,DM,merriami,8,Control,M,51
18634,1991,DM,merriami,8,Control,M,46
18635,1991,DO,ordii,14,Control,M,55
18637,1991,DO,ordii,2,Control,F,53
18640,1991,DM,merriami,4,Control,M,24
18641,1991,DM,merriami,8,Control,F,49
18643,1991,DM,merriami,14,Control,M,51
18644,1991,DM,merriami,4,Control,NA,45
18645,1991,DM,merriami,9,Spectab exclosure,F,23
18647,1991,DM,merriami,8,Control,F,43
18649,1991,DM,merriami,14,Control,F,42
18654,1991,DM,merriami,2,Control,F,54
18657,1991,DO,ordii,17,Control,M,40
18659,1991,DO,ordii,1,Spectab exclosure,M,53
18660,1991,DS,spectabilis,22,Control,F,110
18661,1991,DM,merriami,1,Spectab exclosure,M,50
18663,1991,DO,ordii,2,Control,F,51
18667,1991,DM,merriami,17,Control,F,42
18669,1991,DO,ordii,2,Control,F,40
18672,1991,DO,ordii,1,Spectab exclosure,M,44
18674,1991,DO,ordii,1,Spectab exclosure,F,53
18676,1991,DO,ordii,1,Spectab exclosure,M,55
18677,1991,DO,ordii,1,Spectab exclosure,F,46
18683,1991,DO,ordii,17,Control,F,54
18686,1991,DM,merriami,14,Control,F,52
18691,1991,DM,merriami,8,Control,M,45
18693,1991,DM,merriami,4,Control,M,44
18694,1991,DM,merriami,3,Long-term Krat Exclosure,M,22
18695,1991,DM,merriami,8,Control,M,41
18696,1991,DM,merriami,14,Control,M,49
18697,1991,DM,merriami,8,Control,M,49
18703,1991,DM,merriami,8,Control,F,51
18704,1991,DM,merriami,14,Control,M,47
18706,1991,DM,merriami,9,Spectab exclosure,M,49
18708,1991,DM,merriami,4,Control,M,31
18709,1991,DM,merriami,4,Control,F,43
18711,1991,DM,merriami,4,Control,M,44
18712,1991,DM,merriami,8,Control,M,41
18714,1991,DM,merriami,9,Spectab exclosure,F,46
18715,1991,DM,merriami,3,Long-term Krat Exclosure,F,46
18717,1991,DO,ordii,14,Control,M,56
18718,1991,DM,merriami,11,Control,F,49
18724,1991,DM,merriami,9,Spectab exclosure,M,36
18726,1991,DM,merriami,8,Control,F,29
18727,1991,DM,merriami,8,Control,M,41
18728,1991,DM,merriami,14,Control,F,54
18729,1991,DM,merriami,11,Control,M,50
18731,1991,DM,merriami,8,Control,F,46
18738,1991,DO,ordii,2,Control,M,44
18741,1991,DM,merriami,1,Spectab exclosure,M,51
18743,1991,DM,merriami,2,Control,F,44
18752,1991,DM,merriami,12,Control,M,24
18757,1991,DM,merriami,12,Control,M,24
18762,1991,DM,merriami,12,Control,M,25
18764,1991,DO,ordii,2,Control,F,45
18766,1991,DO,ordii,17,Control,M,45
18770,1991,DO,ordii,1,Spectab exclosure,F,44
18771,1991,DO,ordii,1,Spectab exclosure,M,56
18775,1991,DM,merriami,4,Control,M,25
18776,1991,DM,merriami,8,Control,M,46
18777,1991,DM,merriami,4,Control,M,39
18781,1991,DM,merriami,9,Spectab exclosure,F,46
18786,1991,DM,merriami,4,Control,M,44
18787,1991,DM,merriami,4,Control,M,33
18788,1991,DO,ordii,11,Control,F,43
18789,1991,DM,merriami,4,Control,F,44
18790,1991,DM,merriami,8,Control,M,42
18791,1991,DM,merriami,9,Spectab exclosure,M,50
18793,1991,DM,merriami,14,Control,F,40
18794,1991,DM,merriami,4,Control,M,30
18797,1991,DM,merriami,9,Spectab exclosure,M,29
18799,1991,DM,merriami,4,Control,M,48
18800,1991,DM,merriami,8,Control,F,49
18801,1991,DM,merriami,8,Control,F,43
18803,1991,DM,merriami,11,Control,M,55
18804,1991,DM,merriami,9,Spectab exclosure,M,36
18805,1991,DM,merriami,8,Control,M,38
18806,1991,DM,merriami,4,Control,F,40
18807,1991,DM,merriami,11,Control,F,47
18808,1991,DM,merriami,8,Control,M,45
18809,1991,DM,merriami,9,Spectab exclosure,F,45
18810,1991,DM,merriami,8,Control,F,51
18816,1991,DO,ordii,1,Spectab exclosure,M,65
18821,1991,DM,merriami,2,Control,F,45
18825,1991,DM,merriami,1,Spectab exclosure,M,51
18827,1991,DM,merriami,12,Control,M,32
18833,1991,DM,merriami,12,Control,F,34
18835,1991,DS,spectabilis,22,Control,F,113
18837,1991,DO,ordii,1,Spectab exclosure,M,46
18838,1991,DO,ordii,2,Control,F,45
18842,1991,DO,ordii,17,Control,M,48
18847,1991,DO,ordii,1,Spectab exclosure,M,55
18849,1991,DO,ordii,17,Control,F,53
18850,1991,DM,merriami,22,Control,M,46
18853,1991,DO,ordii,17,Control,F,37
18856,1991,DM,merriami,9,Spectab exclosure,M,35
18858,1991,DM,merriami,14,Control,M,32
18860,1991,DM,merriami,4,Control,M,41
18867,1991,DM,merriami,4,Control,M,31
18869,1991,DM,merriami,4,Control,M,26
18870,1991,DM,merriami,9,Spectab exclosure,F,27
18875,1991,DM,merriami,4,Control,M,42
18877,1991,DM,merriami,8,Control,M,41
18880,1991,DM,merriami,14,Control,F,29
18886,1991,DM,merriami,9,Spectab exclosure,M,54
18887,1991,DM,merriami,8,Control,M,43
18888,1991,DM,merriami,4,Control,M,39
18889,1991,DM,merriami,14,Control,M,50
18890,1991,DM,merriami,4,Control,M,47
18892,1991,DM,merriami,9,Spectab exclosure,M,42
18893,1991,DM,merriami,8,Control,F,48
18897,1991,DM,merriami,11,Control,M,58
18900,1991,DM,merriami,4,Control,M,35
18903,1991,DM,merriami,8,Control,M,44
18904,1991,DM,merriami,11,Control,F,34
18905,1991,DM,merriami,9,Spectab exclosure,M,38
18906,1991,DM,merriami,8,Control,F,39
18907,1991,DM,merriami,8,Control,F,49
18908,1991,DM,merriami,9,Spectab exclosure,M,43
18923,1991,DS,spectabilis,22,Control,F,110
18924,1991,DO,ordii,1,Spectab exclosure,M,52
18930,1991,DO,ordii,1,Spectab exclosure,M,57
18936,1991,DO,ordii,1,Spectab exclosure,M,46
18937,1991,DM,merriami,12,Control,M,37
18938,1991,DM,merriami,12,Control,M,38
18940,1991,DO,ordii,17,Control,M,51
18943,1991,DO,ordii,2,Control,F,49
18945,1991,DM,merriami,17,Control,F,65
18946,1991,DO,ordii,1,Spectab exclosure,F,44
18949,1991,DM,merriami,22,Control,M,47
18951,1991,DO,ordii,1,Spectab exclosure,M,58
18953,1991,DM,merriami,9,Spectab exclosure,F,36
18956,1991,DM,merriami,4,Control,F,33
18958,1991,DM,merriami,14,Control,F,54
18966,1991,DM,merriami,8,Control,M,45
18967,1991,DM,merriami,4,Control,M,37
18970,1991,DM,merriami,9,Spectab exclosure,F,29
18972,1991,DM,merriami,4,Control,M,39
18973,1991,DM,merriami,11,Control,F,22
18976,1991,DM,merriami,9,Spectab exclosure,F,45
18978,1991,DM,merriami,9,Spectab exclosure,M,48
18982,1991,DM,merriami,11,Control,M,36
18985,1991,DM,merriami,8,Control,F,26
18987,1991,DM,merriami,4,Control,M,38
18989,1991,DM,merriami,8,Control,M,43
18990,1991,DM,merriami,11,Control,F,42
18991,1991,DM,merriami,4,Control,M,45
18996,1991,DM,merriami,14,Control,M,49
18997,1991,DM,merriami,4,Control,M,40
18999,1991,DM,merriami,9,Spectab exclosure,M,40
19000,1991,DM,merriami,8,Control,F,53
19004,1991,DM,merriami,8,Control,F,40
19007,1991,DM,merriami,8,Control,F,41
19008,1991,DM,merriami,9,Spectab exclosure,M,39
19011,1991,DM,merriami,11,Control,M,53
19013,1991,DO,ordii,2,Control,F,48
19018,1991,DO,ordii,1,Spectab exclosure,M,53
19022,1991,DM,merriami,12,Control,M,42
19024,1991,DO,ordii,2,Control,F,52
19025,1991,DM,merriami,12,Control,M,41
19029,1991,DO,ordii,1,Spectab exclosure,M,48
19030,1991,DO,ordii,1,Spectab exclosure,M,57
19031,1991,DS,spectabilis,22,Control,F,108
19033,1991,DM,merriami,22,Control,F,36
19034,1991,DO,ordii,1,Spectab exclosure,M,54
19037,1991,DO,ordii,1,Spectab exclosure,F,46
19044,1991,DM,merriami,9,Spectab exclosure,F,37
19046,1991,DM,merriami,8,Control,M,48
19048,1991,DM,merriami,9,Spectab exclosure,F,34
19056,1991,DM,merriami,11,Control,M,42
19058,1991,DM,merriami,8,Control,M,45
19060,1991,DM,merriami,8,Control,M,41
19061,1991,DO,ordii,17,Control,F,42
19062,1991,DM,merriami,8,Control,F,50
19063,1991,DM,merriami,9,Spectab exclosure,M,41
19064,1991,DM,merriami,11,Control,F,47
19066,1991,DM,merriami,9,Spectab exclosure,M,51
19067,1991,DM,merriami,9,Spectab exclosure,M,42
19068,1991,DM,merriami,24,Rodent Exclosure,F,36
19069,1991,DM,merriami,17,Control,M,55
19072,1991,DM,merriami,8,Control,F,44
19075,1991,DM,merriami,14,Control,F,44
19077,1991,DM,merriami,4,Control,F,55
19079,1991,DM,merriami,4,Control,M,43
19082,1991,DM,merriami,4,Control,F,43
19084,1991,DM,merriami,14,Control,M,44
19089,1991,DM,merriami,14,Control,M,51
19090,1991,DM,merriami,4,Control,M,48
19092,1991,DM,merriami,4,Control,M,45
19099,1991,DM,merriami,17,Control,F,41
19105,1991,DM,merriami,17,Control,M,53
19107,1991,DO,ordii,2,Control,F,50
19111,1991,DM,merriami,12,Control,F,42
19112,1991,DM,merriami,12,Control,M,46
19114,1991,DS,spectabilis,22,Control,F,106
19116,1991,DM,merriami,22,Control,F,37
19117,1991,DM,merriami,12,Control,M,40
19122,1991,DO,ordii,1,Spectab exclosure,M,53
19123,1991,DM,merriami,1,Spectab exclosure,M,52
19128,1991,DO,ordii,17,Control,F,50
19129,1991,DO,ordii,17,Control,F,55
19130,1991,DO,ordii,2,Control,F,53
19132,1991,DO,ordii,1,Spectab exclosure,F,48
19133,1991,DM,merriami,12,Control,F,43
19138,1991,DO,ordii,1,Spectab exclosure,M,59
19142,1991,DM,merriami,9,Spectab exclosure,F,38
19145,1991,DM,merriami,4,Control,F,40
19152,1991,DO,ordii,8,Control,M,55
19153,1991,DM,merriami,14,Control,F,43
19154,1991,DM,merriami,14,Control,F,43
19157,1991,DM,merriami,9,Spectab exclosure,F,44
19158,1991,DM,merriami,14,Control,M,50
19160,1991,DM,merriami,8,Control,M,43
19162,1991,DM,merriami,4,Control,M,47
19163,1991,DM,merriami,9,Spectab exclosure,F,37
19169,1991,DM,merriami,4,Control,F,54
19170,1991,DM,merriami,8,Control,M,45
19172,1991,DM,merriami,8,Control,M,46
19174,1991,DM,merriami,9,Spectab exclosure,M,51
19175,1991,DM,merriami,4,Control,M,48
19176,1991,DM,merriami,4,Control,M,46
19180,1991,DM,merriami,11,Control,F,43
19181,1991,DM,merriami,9,Spectab exclosure,M,40
19184,1991,DM,merriami,9,Spectab exclosure,M,41
19188,1991,DM,merriami,8,Control,M,44
19189,1991,DM,merriami,8,Control,F,43
19190,1991,DM,merriami,14,Control,M,44
19194,1991,DM,merriami,8,Control,F,43
19205,1991,DO,ordii,2,Control,F,48
19212,1991,DO,ordii,2,Control,M,51
19214,1991,DM,merriami,1,Spectab exclosure,M,51
19216,1991,DM,merriami,1,Spectab exclosure,M,52
19221,1991,DO,ordii,1,Spectab exclosure,M,56
19227,1991,DM,merriami,12,Control,M,45
19228,1991,DM,merriami,12,Control,F,43
19230,1991,DM,merriami,12,Control,M,44
19232,1991,DS,spectabilis,22,Control,F,110
19242,1991,DM,merriami,12,Control,F,41
19244,1991,DM,merriami,22,Control,F,36
19254,1991,DO,ordii,1,Spectab exclosure,F,50
19255,1991,DM,merriami,9,Spectab exclosure,F,38
19257,1991,DM,merriami,9,Spectab exclosure,F,37
19259,1991,DM,merriami,17,Control,M,51
19264,1991,DM,merriami,9,Spectab exclosure,M,42
19265,1991,DM,merriami,17,Control,F,38
19279,1991,DM,merriami,8,Control,M,45
19286,1991,DO,ordii,17,Control,F,50
19294,1991,DO,ordii,17,Control,F,49
19296,1991,DM,merriami,8,Control,M,42
19303,1991,DM,merriami,8,Control,M,43
19306,1991,DM,merriami,9,Spectab exclosure,M,41
19308,1991,DO,ordii,8,Control,F,50
19310,1991,DM,merriami,9,Spectab exclosure,M,41
19312,1991,DM,merriami,8,Control,F,43
19313,1991,DM,merriami,9,Spectab exclosure,F,42
19315,1991,DM,merriami,11,Control,F,42
19318,1991,DM,merriami,4,Control,F,39
19320,1991,DM,merriami,14,Control,M,39
19322,1991,DM,merriami,4,Control,M,42
19324,1991,DM,merriami,14,Control,F,39
19326,1991,DM,merriami,6,Short-term Krat Exclosure,M,41
19330,1991,DM,merriami,4,Control,M,50
19333,1991,DM,merriami,4,Control,F,50
19334,1991,DM,merriami,4,Control,F,45
19338,1991,DM,merriami,14,Control,F,34
19345,1991,DM,merriami,14,Control,M,47
19346,1991,DM,merriami,4,Control,F,37
19353,1991,DM,merriami,4,Control,M,47
19363,1991,DM,merriami,4,Control,M,54
19364,1991,DM,merriami,14,Control,M,42
19371,1991,DM,merriami,12,Control,M,47
19374,1991,DM,merriami,17,Control,F,38
19378,1991,DM,merriami,2,Control,M,48
19390,1991,DM,merriami,1,Spectab exclosure,M,54
19391,1991,DO,ordii,2,Control,F,49
19392,1991,DM,merriami,17,Control,M,50
19402,1991,DO,ordii,1,Spectab exclosure,M,53
19407,1991,DO,ordii,17,Control,F,51
19412,1991,DO,ordii,1,Spectab exclosure,F,51
19416,1991,DM,merriami,1,Spectab exclosure,M,42
19421,1991,DO,ordii,17,Control,F,30
19423,1991,DO,ordii,17,Control,F,29
19425,1991,DO,ordii,17,Control,F,48
19427,1991,DM,merriami,2,Control,F,41
19431,1991,DO,ordii,2,Control,M,52
19432,1991,DM,merriami,12,Control,M,41
19443,1991,DM,merriami,1,Spectab exclosure,M,51
19446,1991,DO,ordii,2,Control,F,54
19447,1991,DM,merriami,22,Control,F,41
19451,1991,DM,merriami,12,Control,F,44
19453,1991,DO,ordii,1,Spectab exclosure,M,58
19457,1991,DO,ordii,1,Spectab exclosure,F,47
19459,1991,DM,merriami,4,Control,F,40
19460,1991,DM,merriami,9,Spectab exclosure,F,37
19467,1991,DM,merriami,4,Control,M,43
19468,1991,DM,merriami,14,Control,F,40
19471,1991,DM,merriami,6,Short-term Krat Exclosure,M,44
19478,1991,DM,merriami,8,Control,M,42
19485,1991,DM,merriami,9,Spectab exclosure,F,36
19487,1991,DM,merriami,4,Control,M,49
19488,1991,DM,merriami,11,Control,F,37
19490,1991,DO,ordii,5,Rodent Exclosure,M,30
19498,1991,DM,merriami,4,Control,F,42
19501,1991,DM,merriami,14,Control,M,40
19503,1991,DM,merriami,8,Control,M,42
19504,1991,DM,merriami,14,Control,F,37
19506,1991,DM,merriami,9,Spectab exclosure,M,48
19507,1991,DM,merriami,4,Control,M,50
19508,1991,DM,merriami,8,Control,F,40
19510,1991,DM,merriami,4,Control,M,49
19511,1991,DO,ordii,8,Control,F,47
19516,1991,DM,merriami,9,Spectab exclosure,F,43
19520,1991,DM,merriami,9,Spectab exclosure,M,40
19522,1991,DM,merriami,11,Control,F,45
19523,1991,DM,merriami,8,Control,M,44
19525,1991,DM,merriami,9,Spectab exclosure,M,38
19528,1991,DM,merriami,13,Short-term Krat Exclosure,F,39
19529,1991,DM,merriami,14,Control,M,48
19531,1991,DM,merriami,11,Control,M,53
19534,1991,DO,ordii,4,Control,F,48
19539,1992,DM,merriami,2,Control,M,42
19541,1992,DM,merriami,1,Spectab exclosure,M,53
19545,1992,DO,ordii,2,Control,F,46
19551,1992,DO,ordii,1,Spectab exclosure,M,31
19552,1992,DO,ordii,2,Control,M,47
19553,1992,DM,merriami,22,Control,F,35
19555,1992,DO,ordii,17,Control,F,49
19557,1992,DO,ordii,1,Spectab exclosure,M,58
19558,1992,DM,merriami,17,Control,F,36
19561,1992,DM,merriami,17,Control,M,47
19564,1992,DM,merriami,1,Spectab exclosure,M,50
19565,1992,DO,ordii,2,Control,F,48
19566,1992,DO,ordii,1,Spectab exclosure,M,30
19569,1992,DM,merriami,12,Control,F,41
19570,1992,DO,ordii,1,Spectab exclosure,F,45
19571,1992,DM,merriami,12,Control,M,38
19583,1992,DO,ordii,17,Control,F,51
19587,1992,DM,merriami,9,Spectab exclosure,F,38
19591,1992,DM,merriami,4,Control,M,42
19599,1992,DM,merriami,14,Control,M,41
19601,1992,DM,merriami,4,Control,F,36
19602,1992,DM,merriami,11,Control,M,39
19603,1992,DM,merriami,8,Control,M,45
19606,1992,DM,merriami,14,Control,F,38
19607,1992,DO,ordii,8,Control,F,47
19608,1992,DM,merriami,8,Control,M,42
19610,1992,DM,merriami,14,Control,M,49
19612,1992,DM,merriami,9,Spectab exclosure,M,39
19615,1992,DM,merriami,11,Control,M,45
19616,1992,DM,merriami,9,Spectab exclosure,M,46
19617,1992,DM,merriami,8,Control,F,41
19618,1992,DM,merriami,4,Control,M,48
19620,1992,DM,merriami,4,Control,M,45
19622,1992,DM,merriami,13,Short-term Krat Exclosure,M,46
19623,1992,DM,merriami,9,Spectab exclosure,M,40
19625,1992,DM,merriami,11,Control,M,50
19628,1992,DM,merriami,9,Spectab exclosure,M,42
19640,1992,DO,ordii,2,Control,F,46
19645,1992,DO,ordii,1,Spectab exclosure,M,36
19647,1992,DO,ordii,2,Control,M,50
19650,1992,DO,ordii,1,Spectab exclosure,M,57
19651,1992,DM,merriami,12,Control,M,44
19656,1992,DM,merriami,1,Spectab exclosure,M,52
19659,1992,DO,ordii,2,Control,F,52
19660,1992,DO,ordii,1,Spectab exclosure,M,47
19662,1992,DS,spectabilis,22,Control,F,124
19663,1992,DM,merriami,1,Spectab exclosure,M,46
19665,1992,DO,ordii,1,Spectab exclosure,F,46
19667,1992,DO,ordii,1,Spectab exclosure,M,55
19668,1992,DM,merriami,22,Control,F,38
19674,1992,DM,merriami,12,Control,F,41
19680,1992,DM,merriami,4,Control,M,44
19683,1992,DM,merriami,17,Control,F,38
19684,1992,DM,merriami,11,Control,M,49
19685,1992,DM,merriami,9,Spectab exclosure,F,36
19687,1992,DM,merriami,17,Control,M,49
19689,1992,DM,merriami,9,Spectab exclosure,M,50
19693,1992,DM,merriami,9,Spectab exclosure,M,47
19696,1992,DM,merriami,8,Control,M,46
19697,1992,DM,merriami,9,Spectab exclosure,F,33
19704,1992,DM,merriami,4,Control,F,38
19705,1992,DM,merriami,8,Control,M,43
19706,1992,DO,ordii,17,Control,F,42
19708,1992,DO,ordii,8,Control,F,44
19712,1992,DO,ordii,5,Rodent Exclosure,F,52
19713,1992,DM,merriami,4,Control,M,46
19716,1992,DM,merriami,11,Control,M,48
19717,1992,DM,merriami,4,Control,M,47
19720,1992,DO,ordii,5,Rodent Exclosure,F,46
19721,1992,DO,ordii,5,Rodent Exclosure,F,48
19722,1992,DM,merriami,17,Control,F,37
19724,1992,DO,ordii,17,Control,F,43
19725,1992,DM,merriami,9,Spectab exclosure,M,38
19727,1992,DM,merriami,8,Control,F,38
19729,1992,DM,merriami,11,Control,F,37
19730,1992,DO,ordii,5,Rodent Exclosure,M,55
19734,1992,DM,merriami,11,Control,M,48
19736,1992,DM,merriami,4,Control,NA,38
19737,1992,DM,merriami,14,Control,M,45
19748,1992,DO,ordii,13,Short-term Krat Exclosure,M,47
19749,1992,DM,merriami,14,Control,F,36
19757,1992,DO,ordii,2,Control,M,50
19759,1992,DO,ordii,2,Control,F,46
19760,1992,DM,merriami,17,Control,M,49
19766,1992,DM,merriami,4,Control,M,46
19769,1992,DM,merriami,4,Control,F,43
19776,1992,DM,merriami,17,Control,F,38
19778,1992,DM,merriami,4,Control,M,32
19779,1992,DM,merriami,9,Spectab exclosure,M,49
19781,1992,DM,merriami,1,Spectab exclosure,M,53
19785,1992,DO,ordii,1,Spectab exclosure,M,43
19786,1992,DO,ordii,2,Control,F,52
19789,1992,DO,ordii,1,Spectab exclosure,M,55
19792,1992,DS,spectabilis,22,Control,F,105
19796,1992,DM,merriami,17,Control,M,47
19802,1992,DO,ordii,1,Spectab exclosure,F,51
19803,1992,DM,merriami,17,Control,M,52
19804,1992,DM,merriami,12,Control,M,41
19806,1992,DM,merriami,2,Control,M,47
19807,1992,DO,ordii,1,Spectab exclosure,M,53
19809,1992,DM,merriami,4,Control,F,33
19813,1992,DO,ordii,1,Spectab exclosure,M,57
19814,1992,DM,merriami,4,Control,M,48
19816,1992,DO,ordii,4,Control,F,41
19819,1992,DM,merriami,4,Control,M,45
19821,1992,DM,merriami,12,Control,F,42
19822,1992,DO,ordii,1,Spectab exclosure,F,47
19823,1992,DM,merriami,22,Control,F,37
19828,1992,DM,merriami,14,Control,M,44
19833,1992,DO,ordii,8,Control,F,49
19840,1992,DM,merriami,8,Control,M,43
19841,1992,DM,merriami,14,Control,F,43
19843,1992,DM,merriami,11,Control,M,50
19846,1992,DM,merriami,14,Control,M,51
19847,1992,DO,ordii,5,Rodent Exclosure,M,42
19849,1992,DM,merriami,14,Control,F,40
19854,1992,DM,merriami,9,Spectab exclosure,M,41
19855,1992,DM,merriami,11,Control,F,35
19861,1992,DM,merriami,17,Control,M,46
19863,1992,DO,ordii,2,Control,F,51
19864,1992,DM,merriami,17,Control,M,49
19865,1992,DM,merriami,17,Control,M,49
19866,1992,DM,merriami,2,Control,M,49
19867,1992,DO,ordii,2,Control,M,51
19868,1992,DM,merriami,17,Control,M,52
19870,1992,DM,merriami,17,Control,F,51
19873,1992,DM,merriami,17,Control,M,52
19876,1992,DM,merriami,1,Spectab exclosure,M,51
19879,1992,DO,ordii,1,Spectab exclosure,F,42
19880,1992,DM,merriami,12,Control,M,49
19882,1992,DM,merriami,17,Control,M,49
19883,1992,DM,merriami,1,Spectab exclosure,M,47
19884,1992,DS,spectabilis,22,Control,F,59
19885,1992,DS,spectabilis,22,Control,F,110
19888,1992,DM,merriami,12,Control,M,42
19893,1992,DO,ordii,2,Control,F,55
19896,1992,DO,ordii,1,Spectab exclosure,F,49
19897,1992,DM,merriami,12,Control,F,52
19898,1992,DM,merriami,22,Control,F,45
19900,1992,DO,ordii,1,Spectab exclosure,F,55
19902,1992,DM,merriami,4,Control,F,41
19904,1992,DM,merriami,4,Control,M,47
19907,1992,DM,merriami,4,Control,M,49
19909,1992,DM,merriami,4,Control,M,49
19910,1992,DM,merriami,14,Control,M,46
19912,1992,DM,merriami,14,Control,M,50
19916,1992,DO,ordii,13,Short-term Krat Exclosure,M,49
19918,1992,DO,ordii,14,Control,M,42
19919,1992,DM,merriami,4,Control,F,44
19920,1992,DM,merriami,14,Control,F,45
19921,1992,DO,ordii,8,Control,F,51
19922,1992,DM,merriami,14,Control,F,52
19924,1992,DM,merriami,9,Spectab exclosure,M,49
19925,1992,DM,merriami,4,Control,F,38
19927,1992,DM,merriami,11,Control,F,49
19929,1992,DM,merriami,8,Control,M,42
19931,1992,DM,merriami,9,Spectab exclosure,F,43
19935,1992,DM,merriami,9,Spectab exclosure,M,45
19936,1992,DM,merriami,11,Control,M,48
19937,1992,DM,merriami,14,Control,F,46
19938,1992,DM,merriami,9,Spectab exclosure,F,49
19942,1992,DM,merriami,17,Control,M,25
19944,1992,DO,ordii,2,Control,F,51
19945,1992,DM,merriami,17,Control,M,50
19946,1992,DM,merriami,17,Control,F,42
19951,1992,DM,merriami,1,Spectab exclosure,F,43
19953,1992,DO,ordii,2,Control,M,53
19954,1992,DM,merriami,12,Control,F,49
19959,1992,DS,spectabilis,22,Control,F,112
19962,1992,DM,merriami,12,Control,M,50
19963,1992,DO,ordii,1,Spectab exclosure,M,60
19964,1992,DO,ordii,2,Control,F,57
19966,1992,DM,merriami,17,Control,M,51
19967,1992,DM,merriami,22,Control,F,42
19973,1992,DM,merriami,9,Spectab exclosure,F,46
19974,1992,DM,merriami,14,Control,M,41
19979,1992,DM,merriami,9,Spectab exclosure,M,25
19980,1992,DM,merriami,11,Control,M,47
19981,1992,DM,merriami,4,Control,M,52
19984,1992,DM,merriami,4,Control,F,50
19985,1992,DM,merriami,8,Control,M,45
19990,1992,DM,merriami,14,Control,F,51
19991,1992,DM,merriami,4,Control,F,56
19992,1992,DM,merriami,9,Spectab exclosure,M,50
19993,1992,DM,merriami,4,Control,F,44
19995,1992,DM,merriami,11,Control,F,55
19996,1992,DM,merriami,14,Control,F,43
19998,1992,DM,merriami,14,Control,F,17
19999,1992,DM,merriami,4,Control,M,52
20000,1992,DM,merriami,14,Control,M,52
20002,1992,DM,merriami,8,Control,F,43
20004,1992,DM,merriami,9,Spectab exclosure,M,47
20009,1992,DM,merriami,17,Control,M,37
20010,1992,DM,merriami,17,Control,M,51
20012,1992,DM,merriami,22,Control,M,25
20013,1992,DM,merriami,1,Spectab exclosure,F,45
20015,1992,DM,merriami,17,Control,M,37
20016,1992,DM,merriami,1,Spectab exclosure,M,43
20017,1992,DM,merriami,1,Spectab exclosure,M,49
20021,1992,DM,merriami,17,Control,F,38
20022,1992,DO,ordii,1,Spectab exclosure,M,62
20025,1992,DS,spectabilis,22,Control,F,110
20030,1992,DM,merriami,22,Control,F,27
20031,1992,DM,merriami,12,Control,M,49
20033,1992,DO,ordii,2,Control,F,62
20034,1992,DM,merriami,12,Control,F,49
20038,1992,DM,merriami,12,Control,F,45
20039,1992,DM,merriami,17,Control,M,52
20042,1992,DO,ordii,1,Spectab exclosure,F,52
20044,1992,DM,merriami,22,Control,M,29
20049,1992,DO,ordii,8,Control,F,50
20050,1992,DM,merriami,4,Control,F,47
20056,1992,DS,spectabilis,14,Control,M,97
20059,1992,DM,merriami,4,Control,F,45
20061,1992,DM,merriami,11,Control,F,29
20062,1992,DM,merriami,8,Control,M,44
20063,1992,DM,merriami,4,Control,F,51
20064,1992,DM,merriami,9,Spectab exclosure,F,44
20065,1992,DM,merriami,14,Control,F,47
20066,1992,DM,merriami,4,Control,M,48
20067,1992,DM,merriami,9,Spectab exclosure,M,51
20068,1992,DM,merriami,8,Control,M,51
20070,1992,DM,merriami,11,Control,F,44
20071,1992,DM,merriami,9,Spectab exclosure,M,47
20073,1992,DM,merriami,8,Control,M,48
20074,1992,DM,merriami,4,Control,M,51
20075,1992,DM,merriami,14,Control,M,30
20078,1992,DM,merriami,9,Spectab exclosure,F,43
20080,1992,DM,merriami,14,Control,F,60
20083,1992,DO,ordii,12,Control,F,54
20090,1992,DM,merriami,17,Control,M,42
20095,1992,DO,ordii,2,Control,F,42
20096,1992,DS,spectabilis,22,Control,F,120
20099,1992,DO,ordii,1,Spectab exclosure,M,56
20101,1992,DM,merriami,17,Control,M,34
20107,1992,DO,ordii,1,Spectab exclosure,F,52
20109,1992,DO,ordii,2,Control,F,48
20110,1992,DO,ordii,2,Control,F,22
20113,1992,DM,merriami,17,Control,M,53
20121,1992,DM,merriami,9,Spectab exclosure,M,45
20124,1992,DM,merriami,14,Control,F,28
20126,1992,DO,ordii,8,Control,F,61
20127,1992,DM,merriami,11,Control,F,35
20129,1992,DM,merriami,4,Control,M,46
20130,1992,DO,ordii,8,Control,F,31
20133,1992,DM,merriami,11,Control,F,46
20135,1992,DM,merriami,14,Control,M,38
20136,1992,DO,ordii,8,Control,M,56
20141,1992,DS,spectabilis,14,Control,M,120
20142,1992,DM,merriami,8,Control,M,45
20146,1992,DM,merriami,11,Control,M,50
20148,1992,DM,merriami,14,Control,M,35
20149,1992,DM,merriami,9,Spectab exclosure,M,44
20151,1992,DM,merriami,9,Spectab exclosure,F,39
20152,1992,DM,merriami,14,Control,F,45
20154,1992,DM,merriami,4,Control,F,38
20155,1992,DM,merriami,9,Spectab exclosure,F,42
20157,1992,DM,merriami,8,Control,M,48
20160,1992,DM,merriami,8,Control,M,50
20161,1992,DM,merriami,8,Control,F,47
20162,1992,DM,merriami,4,Control,F,55
20163,1992,DM,merriami,11,Control,M,33
20175,1992,DM,merriami,1,Spectab exclosure,F,46
20177,1992,DM,merriami,17,Control,M,47
20180,1992,DM,merriami,1,Spectab exclosure,M,42
20182,1992,DO,ordii,2,Control,F,37
20186,1992,DO,ordii,2,Control,F,54
20189,1992,DM,merriami,17,Control,M,44
20191,1992,DO,ordii,1,Spectab exclosure,M,58
20199,1992,DS,spectabilis,22,Control,F,120
20201,1992,DO,ordii,2,Control,M,32
20203,1992,DM,merriami,17,Control,M,52
20211,1992,DM,merriami,9,Spectab exclosure,F,52
20212,1992,DO,ordii,8,Control,M,26
20213,1992,DM,merriami,4,Control,M,49
20214,1992,DM,merriami,11,Control,F,25
20218,1992,DM,merriami,8,Control,M,48
20222,1992,DO,ordii,11,Control,F,40
20225,1992,DM,merriami,11,Control,F,51
20227,1992,DM,merriami,9,Spectab exclosure,F,35
20228,1992,DM,merriami,8,Control,M,51
20230,1992,DM,merriami,9,Spectab exclosure,F,48
20231,1992,DM,merriami,8,Control,F,48
20233,1992,DM,merriami,14,Control,M,38
20236,1992,DM,merriami,4,Control,F,39
20237,1992,DM,merriami,11,Control,F,29
20238,1992,DM,merriami,14,Control,F,55
20246,1992,DO,ordii,1,Spectab exclosure,M,57
20248,1992,DO,ordii,2,Control,M,46
20252,1992,DO,ordii,12,Control,F,54
20256,1992,DM,merriami,17,Control,M,49
20257,1992,DO,ordii,2,Control,M,43
20265,1992,DO,ordii,17,Control,M,55
20269,1992,DO,ordii,2,Control,F,42
20273,1992,DM,merriami,17,Control,M,50
20275,1992,DM,merriami,12,Control,M,28
20277,1992,DS,spectabilis,22,Control,F,112
20278,1992,DM,merriami,12,Control,F,44
20283,1992,DM,merriami,9,Spectab exclosure,F,42
20287,1992,DO,ordii,8,Control,F,44
20290,1992,DM,merriami,4,Control,M,46
20293,1992,DS,spectabilis,14,Control,M,125
20294,1992,DO,ordii,8,Control,M,52
20297,1992,DM,merriami,14,Control,M,40
20298,1992,DM,merriami,14,Control,F,44
20305,1992,DM,merriami,9,Spectab exclosure,M,46
20306,1992,DM,merriami,9,Spectab exclosure,F,37
20309,1992,DM,merriami,9,Spectab exclosure,M,45
20311,1992,DM,merriami,9,Spectab exclosure,F,34
20314,1992,DM,merriami,14,Control,M,40
20315,1992,DM,merriami,14,Control,F,43
20318,1992,DM,merriami,11,Control,M,53
20319,1992,DM,merriami,11,Control,M,46
20320,1992,DM,merriami,8,Control,M,19
20321,1992,DM,merriami,8,Control,F,41
20325,1992,DM,merriami,14,Control,M,42
20334,1992,DO,ordii,2,Control,F,52
20338,1992,DM,merriami,17,Control,F,35
20342,1992,DM,merriami,1,Spectab exclosure,M,58
20350,1992,DM,merriami,17,Control,M,49
20351,1992,DS,spectabilis,22,Control,F,114
20353,1992,DM,merriami,12,Control,M,58
20359,1992,DM,merriami,17,Control,M,55
20366,1992,DM,merriami,12,Control,F,52
20369,1992,DO,ordii,1,Spectab exclosure,F,55
20373,1992,DM,merriami,4,Control,M,47
20375,1992,DM,merriami,4,Control,M,49
20376,1992,DO,ordii,8,Control,M,67
20379,1992,DM,merriami,11,Control,M,50
20390,1992,DM,merriami,14,Control,M,40
20392,1992,DS,spectabilis,14,Control,M,120
20401,1992,DM,merriami,14,Control,F,44
20404,1992,DM,merriami,8,Control,M,51
20406,1992,DM,merriami,14,Control,F,44
20410,1992,DM,merriami,8,Control,M,44
20411,1992,DM,merriami,14,Control,M,37
20412,1992,DM,merriami,9,Spectab exclosure,F,42
20413,1992,DM,merriami,8,Control,F,45
20414,1992,DM,merriami,9,Spectab exclosure,M,44
20418,1992,DM,merriami,9,Spectab exclosure,F,38
20421,1992,DM,merriami,11,Control,M,46
20423,1992,DM,merriami,14,Control,M,40
20424,1992,DO,ordii,13,Short-term Krat Exclosure,F,39
20427,1992,DM,merriami,14,Control,M,40
20436,1992,DM,merriami,17,Control,M,44
20443,1992,DM,merriami,22,Control,F,40
20447,1992,DM,merriami,12,Control,M,43
20450,1992,DO,ordii,1,Spectab exclosure,M,55
20454,1992,DO,ordii,17,Control,M,60
20457,1992,DM,merriami,17,Control,M,48
20459,1992,DM,merriami,12,Control,M,39
20463,1992,DM,merriami,12,Control,F,44
20468,1992,DO,ordii,2,Control,M,43
20469,1992,DM,merriami,17,Control,M,38
20470,1992,DM,merriami,9,Spectab exclosure,F,40
20472,1992,DM,merriami,14,Control,M,37
20474,1992,DM,merriami,9,Spectab exclosure,F,40
20481,1992,DS,spectabilis,14,Control,M,120
20482,1992,DM,merriami,4,Control,M,47
20484,1992,DO,ordii,8,Control,M,24
20485,1992,DM,merriami,11,Control,M,47
20487,1992,DM,merriami,14,Control,F,39
20488,1992,DM,merriami,14,Control,M,38
20489,1992,DM,merriami,8,Control,F,43
20491,1992,DM,merriami,9,Spectab exclosure,M,41
20492,1992,DM,merriami,14,Control,M,39
20496,1992,DM,merriami,8,Control,M,50
20499,1992,DM,merriami,8,Control,M,42
20500,1992,DM,merriami,8,Control,F,44
20505,1992,DM,merriami,9,Spectab exclosure,F,49
20506,1992,DM,merriami,9,Spectab exclosure,F,41
20509,1992,DM,merriami,14,Control,F,39
20510,1992,DM,merriami,4,Control,F,40
20514,1992,DM,merriami,11,Control,M,45
20516,1992,DM,merriami,14,Control,F,46
20517,1992,DM,merriami,14,Control,F,41
20520,1992,DM,merriami,12,Control,F,39
20524,1992,DM,merriami,17,Control,M,51
20528,1992,DM,merriami,17,Control,M,55
20530,1992,DO,ordii,1,Spectab exclosure,M,55
20536,1992,DS,spectabilis,22,Control,F,117
20538,1992,DM,merriami,17,Control,M,45
20539,1992,DM,merriami,12,Control,F,44
20540,1992,DM,merriami,17,Control,NA,44
20541,1992,DM,merriami,17,Control,M,35
20551,1992,DM,merriami,6,Short-term Krat Exclosure,M,45
20552,1992,DM,merriami,11,Control,F,44
20553,1992,DM,merriami,14,Control,F,42
20557,1992,DM,merriami,11,Control,M,50
20558,1992,DM,merriami,9,Spectab exclosure,F,42
20559,1992,DS,spectabilis,14,Control,M,125
20560,1992,DM,merriami,9,Spectab exclosure,M,43
20561,1992,DM,merriami,5,Rodent Exclosure,M,43
20565,1992,DM,merriami,14,Control,M,44
20566,1992,DM,merriami,9,Spectab exclosure,F,41
20567,1992,DM,merriami,14,Control,M,43
20568,1992,DM,merriami,5,Rodent Exclosure,M,43
20569,1992,DM,merriami,4,Control,F,39
20571,1992,DM,merriami,13,Short-term Krat Exclosure,F,40
20582,1993,DM,merriami,17,Control,M,53
20587,1993,DM,merriami,12,Control,F,46
20592,1993,DM,merriami,12,Control,M,38
20593,1993,DO,ordii,1,Spectab exclosure,F,53
20598,1993,DM,merriami,17,Control,M,40
20600,1993,DM,merriami,17,Control,M,54
20603,1993,DM,merriami,17,Control,M,48
20608,1993,DM,merriami,17,Control,F,48
20609,1993,DS,spectabilis,22,Control,F,127
20610,1993,DM,merriami,11,Control,M,47
20613,1993,DO,ordii,6,Short-term Krat Exclosure,M,44
20614,1993,DO,ordii,8,Control,M,57
20615,1993,DM,merriami,9,Spectab exclosure,F,36
20618,1993,DS,spectabilis,14,Control,M,129
20619,1993,DM,merriami,9,Spectab exclosure,F,41
20620,1993,DM,merriami,14,Control,M,44
20622,1993,DM,merriami,14,Control,M,46
20624,1993,DM,merriami,14,Control,F,44
20626,1993,DM,merriami,13,Short-term Krat Exclosure,F,42
20628,1993,DM,merriami,9,Spectab exclosure,M,46
20629,1993,DM,merriami,11,Control,F,46
20635,1993,DM,merriami,17,Control,M,51
20644,1993,DM,merriami,12,Control,M,39
20645,1993,DM,merriami,17,Control,M,50
20651,1993,DM,merriami,17,Control,F,46
20657,1993,DM,merriami,17,Control,F,40
20658,1993,DM,merriami,17,Control,M,51
20665,1993,DM,merriami,4,Control,M,51
20666,1993,DO,ordii,8,Control,F,50
20667,1993,DO,ordii,6,Short-term Krat Exclosure,M,47
20671,1993,DM,merriami,8,Control,M,46
20672,1993,DM,merriami,14,Control,M,47
20674,1993,DS,spectabilis,14,Control,M,120
20677,1993,DM,merriami,11,Control,F,46
20678,1993,DM,merriami,4,Control,F,41
20679,1993,DM,merriami,11,Control,M,42
20681,1993,DM,merriami,9,Spectab exclosure,F,50
20685,1993,DM,merriami,9,Spectab exclosure,F,47
20691,1993,DM,merriami,1,Spectab exclosure,M,45
20694,1993,DM,merriami,1,Spectab exclosure,M,47
20695,1993,DM,merriami,22,Control,F,44
20697,1993,DM,merriami,12,Control,F,42
20699,1993,DM,merriami,1,Spectab exclosure,F,47
20701,1993,DM,merriami,1,Spectab exclosure,M,44
20702,1993,DM,merriami,17,Control,M,50
20703,1993,DM,merriami,17,Control,M,51
20706,1993,DO,ordii,2,Control,M,57
20707,1993,DM,merriami,12,Control,M,51
20710,1993,DM,merriami,17,Control,M,52
20711,1993,DM,merriami,12,Control,M,44
20714,1993,DM,merriami,12,Control,M,47
20715,1993,DS,spectabilis,22,Control,F,130
20716,1993,DM,merriami,1,Spectab exclosure,M,51
20717,1993,DM,merriami,17,Control,F,47
20722,1993,DM,merriami,12,Control,M,42
20724,1993,DO,ordii,1,Spectab exclosure,F,52
20725,1993,DM,merriami,12,Control,M,44
20730,1993,DM,merriami,17,Control,F,58
20731,1993,DM,merriami,22,Control,M,34
20732,1993,DM,merriami,17,Control,M,40
20737,1993,DM,merriami,11,Control,M,50
20738,1993,DM,merriami,14,Control,M,45
20748,1993,DM,merriami,14,Control,F,53
20749,1993,DS,spectabilis,14,Control,M,126
20753,1993,DM,merriami,14,Control,M,44
20754,1993,DM,merriami,9,Spectab exclosure,M,47
20755,1993,DM,merriami,14,Control,M,43
20757,1993,DM,merriami,14,Control,M,48
20758,1993,DM,merriami,8,Control,F,45
20759,1993,DM,merriami,14,Control,M,48
20760,1993,DM,merriami,11,Control,F,25
20761,1993,DM,merriami,8,Control,F,48
20762,1993,DM,merriami,4,Control,F,42
20763,1993,DM,merriami,11,Control,M,56
20764,1993,DM,merriami,11,Control,F,43
20765,1993,DM,merriami,11,Control,M,47
20766,1993,DM,merriami,9,Spectab exclosure,F,43
20767,1993,DM,merriami,14,Control,M,45
20770,1993,DM,merriami,9,Spectab exclosure,F,45
20772,1993,DM,merriami,11,Control,F,23
20773,1993,DM,merriami,9,Spectab exclosure,M,48
20774,1993,DM,merriami,11,Control,M,49
20776,1993,DM,merriami,14,Control,M,49
20778,1993,DO,ordii,2,Control,F,54
20794,1993,DM,merriami,12,Control,F,52
20795,1993,DM,merriami,12,Control,M,44
20804,1993,DS,spectabilis,22,Control,F,112
20805,1993,DS,spectabilis,22,Control,M,84
20813,1993,DO,ordii,6,Short-term Krat Exclosure,F,64
20814,1993,DM,merriami,4,Control,M,50
20816,1993,DM,merriami,14,Control,F,33
20820,1993,DM,merriami,4,Control,F,46
20821,1993,DM,merriami,14,Control,F,58
20822,1993,DM,merriami,11,Control,F,54
20826,1993,DM,merriami,8,Control,F,51
20827,1993,DM,merriami,14,Control,M,36
20828,1993,DM,merriami,9,Spectab exclosure,M,49
20830,1993,DM,merriami,9,Spectab exclosure,M,35
20831,1993,DM,merriami,11,Control,M,52
20833,1993,DM,merriami,9,Spectab exclosure,F,47
20834,1993,DM,merriami,8,Control,M,39
20840,1993,DO,ordii,1,Spectab exclosure,M,50
20842,1993,DM,merriami,17,Control,M,52
20844,1993,DS,spectabilis,22,Control,F,66
20847,1993,DS,spectabilis,22,Control,F,112
20849,1993,DM,merriami,12,Control,M,27
20851,1993,DS,spectabilis,22,Control,M,70
20854,1993,DM,merriami,17,Control,M,53
20856,1993,DM,merriami,2,Control,F,55
20857,1993,DM,merriami,12,Control,F,47
20863,1993,DO,ordii,11,Control,F,43
20864,1993,DM,merriami,9,Spectab exclosure,M,47
20870,1993,DO,ordii,8,Control,F,49
20871,1993,DM,merriami,14,Control,M,44
20873,1993,DM,merriami,11,Control,F,47
20874,1993,DM,merriami,9,Spectab exclosure,F,45
20875,1993,DO,ordii,8,Control,M,34
20879,1993,DM,merriami,4,Control,F,41
20880,1993,DM,merriami,14,Control,M,22
20881,1993,DM,merriami,9,Spectab exclosure,M,29
20884,1993,DM,merriami,8,Control,M,26
20885,1993,DM,merriami,14,Control,M,44
20886,1993,DM,merriami,14,Control,F,48
20888,1993,DM,merriami,8,Control,F,59
20890,1993,DM,merriami,4,Control,M,47
20892,1993,DM,merriami,14,Control,M,22
20896,1993,DM,merriami,1,Spectab exclosure,M,47
20901,1993,DM,merriami,17,Control,M,51
20911,1993,DM,merriami,12,Control,F,49
20912,1993,DO,ordii,1,Spectab exclosure,M,50
20914,1993,DM,merriami,12,Control,M,33
20915,1993,DM,merriami,22,Control,F,16
20918,1993,DS,spectabilis,22,Control,M,81
20920,1993,DS,spectabilis,22,Control,F,110
20925,1993,DS,spectabilis,22,Control,F,78
20927,1993,DM,merriami,17,Control,M,51
20932,1993,DM,merriami,9,Spectab exclosure,M,44
20933,1993,DO,ordii,8,Control,M,38
20935,1993,DM,merriami,9,Spectab exclosure,F,21
20941,1993,DM,merriami,11,Control,F,45
20944,1993,DM,merriami,4,Control,M,50
20947,1993,DM,merriami,4,Control,F,52
20948,1993,DM,merriami,9,Spectab exclosure,M,34
20949,1993,DM,merriami,8,Control,M,33
20950,1993,DM,merriami,14,Control,M,30
20951,1993,DM,merriami,8,Control,F,50
20953,1993,DM,merriami,14,Control,M,48
20954,1993,DM,merriami,11,Control,M,29
20955,1993,DM,merriami,4,Control,F,25
20962,1993,DM,merriami,11,Control,M,51
20970,1993,DO,ordii,2,Control,F,48
20972,1993,DM,merriami,17,Control,M,46
20981,1993,DS,spectabilis,22,Control,F,114
20984,1993,DM,merriami,12,Control,M,38
20985,1993,DM,merriami,17,Control,M,47
20987,1993,DM,merriami,12,Control,M,26
20995,1993,DM,merriami,12,Control,M,26
20998,1993,DM,merriami,17,Control,M,55
21003,1993,DM,merriami,9,Spectab exclosure,M,47
21005,1993,DM,merriami,11,Control,F,60
21009,1993,DM,merriami,9,Spectab exclosure,F,19
21011,1993,DM,merriami,14,Control,M,38
21013,1993,DM,merriami,4,Control,M,51
21016,1993,DM,merriami,9,Spectab exclosure,F,41
21018,1993,DM,merriami,8,Control,M,39
21019,1993,DM,merriami,8,Control,M,46
21020,1993,DM,merriami,11,Control,M,35
21021,1993,DM,merriami,14,Control,F,45
21025,1993,DM,merriami,14,Control,M,49
21026,1993,DM,merriami,9,Spectab exclosure,M,32
21027,1993,DM,merriami,8,Control,M,41
21037,1993,DM,merriami,1,Spectab exclosure,F,36
21040,1993,DM,merriami,17,Control,M,55
21041,1993,DM,merriami,17,Control,M,48
21047,1993,DM,merriami,12,Control,M,41
21048,1993,DM,merriami,17,Control,M,47
21061,1993,DM,merriami,9,Spectab exclosure,F,41
21066,1993,DM,merriami,4,Control,M,51
21067,1993,DO,ordii,8,Control,M,45
21070,1993,DM,merriami,14,Control,M,45
21072,1993,DM,merriami,9,Spectab exclosure,F,29
21076,1993,DM,merriami,4,Control,M,31
21077,1993,DM,merriami,11,Control,M,25
21078,1993,DM,merriami,8,Control,F,44
21079,1993,DM,merriami,9,Spectab exclosure,M,40
21080,1993,DM,merriami,9,Spectab exclosure,M,46
21081,1993,DM,merriami,11,Control,F,46
21082,1993,DM,merriami,8,Control,F,43
21084,1993,DM,merriami,4,Control,F,42
21085,1993,DM,merriami,14,Control,M,41
21087,1993,DM,merriami,14,Control,F,48
21088,1993,DM,merriami,8,Control,M,44
21089,1993,DM,merriami,11,Control,M,39
21095,1993,DM,merriami,1,Spectab exclosure,M,35
21097,1993,DO,ordii,2,Control,F,53
21098,1993,DM,merriami,12,Control,F,45
21106,1993,DS,spectabilis,22,Control,M,114
21110,1993,DM,merriami,17,Control,M,56
21111,1993,DM,merriami,17,Control,M,51
21114,1993,DM,merriami,12,Control,M,41
21122,1993,DM,merriami,9,Spectab exclosure,F,48
21124,1993,DM,merriami,3,Long-term Krat Exclosure,M,50
21126,1993,DM,merriami,3,Long-term Krat Exclosure,F,52
21127,1993,DM,merriami,3,Long-term Krat Exclosure,M,51
21131,1993,DO,ordii,8,Control,M,47
21132,1993,DM,merriami,14,Control,M,43
21134,1993,DM,merriami,11,Control,M,34
21135,1993,DM,merriami,11,Control,F,49
21138,1993,DM,merriami,14,Control,M,44
21141,1993,DM,merriami,8,Control,F,50
21142,1993,DM,merriami,9,Spectab exclosure,M,39
21146,1993,DM,merriami,14,Control,M,50
21147,1993,DM,merriami,9,Spectab exclosure,M,48
21158,1993,DM,merriami,1,Spectab exclosure,F,41
21159,1993,DM,merriami,12,Control,M,38
21166,1993,DM,merriami,12,Control,F,42
21167,1993,DM,merriami,2,Control,M,34
21168,1993,DM,merriami,17,Control,M,56
21171,1993,DM,merriami,1,Spectab exclosure,M,46
21174,1993,DS,spectabilis,22,Control,M,110
21177,1993,DM,merriami,9,Spectab exclosure,F,42
21179,1993,DM,merriami,14,Control,M,42
21181,1993,DM,merriami,14,Control,M,33
21182,1993,DM,merriami,11,Control,M,44
21185,1993,DO,ordii,8,Control,M,52
21186,1993,DM,merriami,4,Control,M,47
21187,1993,DM,merriami,4,Control,M,42
21189,1993,DM,merriami,5,Rodent Exclosure,F,33
21190,1993,DM,merriami,9,Spectab exclosure,M,45
21191,1993,DM,merriami,11,Control,M,42
21192,1993,DM,merriami,9,Spectab exclosure,M,38
21194,1993,DM,merriami,14,Control,M,43
21195,1993,DM,merriami,4,Control,F,37
21196,1993,DM,merriami,11,Control,M,52
21198,1993,DM,merriami,8,Control,M,45
21200,1993,DM,merriami,8,Control,F,21
21203,1993,DM,merriami,11,Control,F,46
21204,1993,DM,merriami,8,Control,F,46
21210,1993,DM,merriami,1,Spectab exclosure,F,40
21214,1993,DM,merriami,1,Spectab exclosure,M,38
21215,1993,DM,merriami,2,Control,M,39
21220,1993,DM,merriami,12,Control,F,35
21221,1993,DM,merriami,12,Control,F,42
21222,1993,DM,merriami,17,Control,M,48
21223,1993,DM,merriami,2,Control,M,49
21227,1993,DM,merriami,12,Control,M,42
21228,1993,DM,merriami,1,Spectab exclosure,F,43
21233,1993,DM,merriami,12,Control,M,46
21234,1993,DM,merriami,17,Control,M,53
21236,1993,DO,ordii,2,Control,F,46
21237,1993,DM,merriami,1,Spectab exclosure,M,47
21242,1993,DS,spectabilis,22,Control,M,111
21243,1993,DM,merriami,11,Control,F,44
21245,1993,DM,merriami,5,Rodent Exclosure,F,40
21249,1993,DM,merriami,4,Control,M,50
21251,1993,DO,ordii,6,Short-term Krat Exclosure,M,50
21252,1993,DM,merriami,14,Control,M,42
21254,1993,DM,merriami,4,Control,M,42
21255,1993,DO,ordii,8,Control,M,45
21256,1993,DM,merriami,14,Control,M,40
21257,1993,DM,merriami,11,Control,M,51
21258,1993,DM,merriami,9,Spectab exclosure,M,43
21260,1993,DM,merriami,14,Control,M,44
21265,1993,DM,merriami,11,Control,M,41
21267,1993,DM,merriami,4,Control,F,34
21268,1993,DM,merriami,8,Control,M,44
21269,1993,DM,merriami,2,Control,M,48
21275,1993,DM,merriami,2,Control,M,36
21281,1993,DM,merriami,17,Control,M,47
21282,1993,DM,merriami,12,Control,M,39
21283,1993,DS,spectabilis,22,Control,M,109
21284,1993,DM,merriami,2,Control,M,46
21288,1993,DM,merriami,12,Control,F,39
21291,1993,DM,merriami,12,Control,F,33
21294,1993,DO,ordii,2,Control,F,42
21297,1993,DM,merriami,11,Control,F,44
21298,1993,DM,merriami,14,Control,M,44
21300,1993,DM,merriami,14,Control,M,44
21302,1993,DM,merriami,4,Control,F,45
21303,1993,DM,merriami,5,Rodent Exclosure,F,40
21305,1993,DO,ordii,8,Control,F,45
21307,1993,DM,merriami,4,Control,M,50
21310,1993,DO,ordii,8,Control,M,45
21312,1993,DM,merriami,4,Control,F,35
21314,1993,DM,merriami,14,Control,M,42
21315,1993,DM,merriami,5,Rodent Exclosure,M,42
21318,1993,DM,merriami,8,Control,M,43
21320,1993,DM,merriami,9,Spectab exclosure,M,37
21323,1993,DM,merriami,11,Control,M,41
21324,1993,DM,merriami,16,Rodent Exclosure,M,42
21325,1994,DM,merriami,2,Control,M,39
21326,1994,DM,merriami,1,Spectab exclosure,M,39
21328,1994,DM,merriami,1,Spectab exclosure,F,41
21329,1994,DM,merriami,1,Spectab exclosure,F,42
21333,1994,DM,merriami,12,Control,M,42
21335,1994,DM,merriami,12,Control,F,33
21337,1994,DM,merriami,12,Control,F,42
21338,1994,DM,merriami,1,Spectab exclosure,M,47
21343,1994,DM,merriami,17,Control,M,51
21344,1994,DM,merriami,4,Control,M,48
21346,1994,DM,merriami,5,Rodent Exclosure,F,42
21348,1994,DM,merriami,4,Control,F,42
21349,1994,DM,merriami,17,Control,M,47
21350,1994,DO,ordii,8,Control,M,49
21351,1994,DM,merriami,17,Control,M,49
21352,1994,DM,merriami,5,Rodent Exclosure,M,46
21354,1994,DM,merriami,4,Control,M,44
21356,1994,DM,merriami,8,Control,M,47
21366,1994,DM,merriami,13,Short-term Krat Exclosure,M,43
21367,1994,DM,merriami,9,Spectab exclosure,F,37
21368,1994,DM,merriami,14,Control,M,43
21369,1994,DM,merriami,11,Control,M,43
21372,1994,DM,merriami,14,Control,M,47
21375,1994,DM,merriami,14,Control,M,46
21376,1994,DM,merriami,11,Control,F,43
21378,1994,DM,merriami,14,Control,M,44
21380,1994,DM,merriami,9,Spectab exclosure,M,41
21384,1994,DM,merriami,17,Control,M,43
21385,1994,DM,merriami,2,Control,M,40
21386,1994,DM,merriami,17,Control,M,42
21387,1994,DM,merriami,17,Control,F,47
21388,1994,DM,merriami,17,Control,M,49
21389,1994,DM,merriami,12,Control,F,33
21391,1994,DM,merriami,12,Control,F,40
21392,1994,DM,merriami,22,Control,F,38
21393,1994,DM,merriami,17,Control,M,52
21394,1994,DM,merriami,17,Control,F,43
21396,1994,DM,merriami,12,Control,M,42
21399,1994,DM,merriami,17,Control,M,44
21403,1994,DM,merriami,4,Control,F,45
21404,1994,DM,merriami,11,Control,F,49
21409,1994,DM,merriami,4,Control,M,50
21411,1994,DM,merriami,16,Rodent Exclosure,M,49
21412,1994,DM,merriami,4,Control,M,37
21414,1994,DM,merriami,4,Control,F,39
21415,1994,DM,merriami,4,Control,M,50
21418,1994,DM,merriami,5,Rodent Exclosure,M,46
21419,1994,DM,merriami,14,Control,M,41
21421,1994,DM,merriami,5,Rodent Exclosure,M,46
21423,1994,DM,merriami,9,Spectab exclosure,M,42
21424,1994,DM,merriami,14,Control,M,44
21425,1994,DM,merriami,5,Rodent Exclosure,F,42
21426,1994,DM,merriami,14,Control,M,43
21428,1994,DM,merriami,14,Control,M,44
21431,1994,DM,merriami,8,Control,M,50
21432,1994,DM,merriami,13,Short-term Krat Exclosure,M,43
21433,1994,DM,merriami,12,Control,F,41
21435,1994,DM,merriami,2,Control,M,40
21437,1994,DM,merriami,17,Control,F,45
21439,1994,DM,merriami,17,Control,M,52
21440,1994,DS,spectabilis,22,Control,M,115
21441,1994,DM,merriami,12,Control,M,41
21442,1994,DM,merriami,2,Control,M,45
21443,1994,DM,merriami,17,Control,M,57
21444,1994,DM,merriami,12,Control,F,37
21448,1994,DM,merriami,2,Control,M,47
21455,1994,DM,merriami,14,Control,M,43
21460,1994,DM,merriami,4,Control,F,54
21461,1994,DM,merriami,4,Control,M,52
21463,1994,DM,merriami,11,Control,F,45
21464,1994,DM,merriami,14,Control,M,44
21465,1994,DM,merriami,11,Control,M,46
21466,1994,DM,merriami,11,Control,M,44
21467,1994,DM,merriami,14,Control,M,47
21468,1994,DM,merriami,11,Control,F,37
21470,1994,DM,merriami,13,Short-term Krat Exclosure,M,42
21472,1994,DM,merriami,4,Control,F,47
21474,1994,DM,merriami,11,Control,M,55
21475,1994,DM,merriami,11,Control,F,44
21476,1994,DM,merriami,4,Control,M,48
21477,1994,DM,merriami,11,Control,M,44
21478,1994,DM,merriami,8,Control,M,49
21479,1994,DM,merriami,9,Spectab exclosure,M,43
21484,1994,DM,merriami,22,Control,M,47
21488,1994,DM,merriami,22,Control,M,57
21489,1994,DS,spectabilis,22,Control,F,78
21490,1994,DM,merriami,22,Control,M,51
21491,1994,DM,merriami,22,Control,F,43
21493,1994,DM,merriami,12,Control,F,41
21495,1994,DS,spectabilis,22,Control,M,118
21497,1994,DM,merriami,17,Control,M,51
21500,1994,DM,merriami,17,Control,F,45
21501,1994,DM,merriami,12,Control,F,37
21502,1994,DM,merriami,2,Control,M,41
21504,1994,DM,merriami,1,Spectab exclosure,F,44
21505,1994,DM,merriami,2,Control,M,52
21506,1994,DM,merriami,1,Spectab exclosure,M,42
21508,1994,DM,merriami,17,Control,M,31
21511,1994,DM,merriami,1,Spectab exclosure,M,44
21514,1994,DM,merriami,1,Spectab exclosure,M,49
21519,1994,DM,merriami,9,Spectab exclosure,F,43
21520,1994,DM,merriami,4,Control,F,49
21523,1994,DM,merriami,14,Control,M,46
21525,1994,DO,ordii,8,Control,M,51
21528,1994,DM,merriami,14,Control,M,41
21529,1994,DM,merriami,4,Control,F,41
21530,1994,DM,merriami,11,Control,M,43
21531,1994,DM,merriami,11,Control,M,46
21532,1994,DM,merriami,13,Short-term Krat Exclosure,M,44
21533,1994,DM,merriami,11,Control,M,45
21534,1994,DM,merriami,8,Control,M,44
21536,1994,DM,merriami,11,Control,M,44
21537,1994,DM,merriami,11,Control,F,50
21538,1994,DM,merriami,14,Control,M,47
21540,1994,DM,merriami,11,Control,F,45
21541,1994,DO,ordii,8,Control,F,49
21542,1994,DM,merriami,4,Control,M,23
21544,1994,DM,merriami,8,Control,M,51
21545,1994,DM,merriami,11,Control,M,52
21547,1994,DM,merriami,9,Spectab exclosure,M,46
21549,1994,DM,merriami,4,Control,F,24
21550,1994,DM,merriami,11,Control,F,35
21551,1994,DM,merriami,9,Spectab exclosure,M,43
21552,1994,DM,merriami,11,Control,M,43
21555,1994,DM,merriami,2,Control,M,44
21560,1994,DM,merriami,2,Control,M,51
21567,1994,DM,merriami,17,Control,M,51
21568,1994,DM,merriami,1,Spectab exclosure,M,48
21569,1994,DM,merriami,17,Control,M,38
21570,1994,DM,merriami,12,Control,F,42
21575,1994,DM,merriami,12,Control,M,29
21584,1994,DM,merriami,4,Control,F,43
21585,1994,DM,merriami,14,Control,M,44
21586,1994,DM,merriami,4,Control,M,26
21587,1994,DM,merriami,4,Control,M,51
21588,1994,DM,merriami,11,Control,F,18
21591,1994,DM,merriami,11,Control,F,16
21592,1994,DM,merriami,4,Control,F,42
21593,1994,DO,ordii,8,Control,M,54
21595,1994,DM,merriami,14,Control,M,46
21596,1994,DM,merriami,11,Control,M,18
21597,1994,DO,ordii,8,Control,M,52
21598,1994,DM,merriami,8,Control,M,51
21599,1994,DM,merriami,13,Short-term Krat Exclosure,F,38
21602,1994,DM,merriami,9,Spectab exclosure,M,47
21604,1994,DM,merriami,14,Control,M,46
21605,1994,DM,merriami,13,Short-term Krat Exclosure,M,45
21607,1994,DM,merriami,11,Control,M,44
21608,1994,DM,merriami,9,Spectab exclosure,M,42
21614,1994,DM,merriami,17,Control,F,24
21615,1994,DM,merriami,17,Control,M,40
21617,1994,DO,ordii,2,Control,M,42
21618,1994,DM,merriami,17,Control,M,50
21621,1994,DS,spectabilis,22,Control,F,104
21622,1994,DM,merriami,12,Control,M,33
21623,1994,DM,merriami,12,Control,F,45
21626,1994,DM,merriami,17,Control,F,41
21631,1994,DM,merriami,1,Spectab exclosure,M,42
21639,1994,DM,merriami,11,Control,F,29
21641,1994,DM,merriami,14,Control,M,43
21643,1994,DM,merriami,8,Control,M,49
21644,1994,DM,merriami,11,Control,M,44
21645,1994,DO,ordii,8,Control,M,53
21646,1994,DM,merriami,14,Control,M,45
21649,1994,DM,merriami,8,Control,F,39
21651,1994,DM,merriami,4,Control,F,19
21652,1994,DM,merriami,11,Control,F,26
21658,1994,DM,merriami,12,Control,F,42
21659,1994,DM,merriami,17,Control,F,30
21660,1994,DM,merriami,17,Control,M,43
21664,1994,DM,merriami,17,Control,M,52
21665,1994,DM,merriami,12,Control,F,34
21666,1994,DS,spectabilis,22,Control,NA,103
21667,1994,DM,merriami,1,Spectab exclosure,M,47
21668,1994,DM,merriami,22,Control,M,41
21674,1994,DM,merriami,12,Control,M,36
21675,1994,DM,merriami,1,Spectab exclosure,F,32
21678,1994,DO,ordii,2,Control,M,44
21681,1994,DM,merriami,4,Control,F,41
21686,1994,DM,merriami,14,Control,M,43
21688,1994,DO,ordii,8,Control,F,41
21689,1994,DO,ordii,8,Control,M,52
21691,1994,DM,merriami,14,Control,M,43
21693,1994,DM,merriami,8,Control,M,49
21694,1994,DM,merriami,11,Control,M,44
21696,1994,DM,merriami,8,Control,F,41
21700,1994,DM,merriami,11,Control,F,31
21706,1994,DM,merriami,9,Spectab exclosure,M,47
21707,1994,DM,merriami,17,Control,F,36
21708,1994,DM,merriami,2,Control,M,44
21710,1994,DM,merriami,17,Control,M,48
21711,1994,DS,spectabilis,22,Control,M,111
21715,1994,DM,merriami,11,Control,M,43
21716,1994,DM,merriami,1,Spectab exclosure,F,41
21717,1994,DM,merriami,11,Control,M,31
21719,1994,DM,merriami,17,Control,M,51
21725,1994,DM,merriami,1,Spectab exclosure,F,47
21731,1994,DM,merriami,9,Spectab exclosure,F,26
21737,1994,DM,merriami,12,Control,F,21
21738,1994,DM,merriami,4,Control,F,56
21739,1994,DM,merriami,14,Control,M,46
21740,1994,DM,merriami,12,Control,F,41
21741,1994,DM,merriami,12,Control,F,43
21745,1994,DM,merriami,12,Control,M,42
21747,1994,DM,merriami,14,Control,M,48
21753,1994,DM,merriami,13,Short-term Krat Exclosure,M,43
21756,1994,DM,merriami,17,Control,F,40
21757,1994,DM,merriami,2,Control,M,46
21760,1994,DM,merriami,12,Control,F,27
21762,1994,DS,spectabilis,22,Control,M,112
21765,1994,DM,merriami,1,Spectab exclosure,F,46
21766,1994,DM,merriami,17,Control,M,39
21769,1994,DM,merriami,12,Control,F,42
21770,1994,DM,merriami,17,Control,M,55
21782,1994,DM,merriami,13,Short-term Krat Exclosure,M,46
21787,1994,DM,merriami,14,Control,M,46
21789,1994,DM,merriami,11,Control,M,45
21790,1994,DM,merriami,14,Control,M,48
21791,1994,DM,merriami,11,Control,M,39
21794,1994,DM,merriami,9,Spectab exclosure,F,49
21797,1994,DM,merriami,4,Control,F,28
21802,1994,DM,merriami,14,Control,M,49
21803,1994,DM,merriami,9,Spectab exclosure,M,45
21805,1994,DM,merriami,8,Control,M,52
21808,1994,DM,merriami,12,Control,M,39
21813,1994,DM,merriami,17,Control,F,45
21814,1994,DM,merriami,2,Control,M,43
21815,1994,DM,merriami,12,Control,M,47
21819,1994,DM,merriami,1,Spectab exclosure,F,43
21822,1994,DM,merriami,12,Control,M,48
21823,1994,DM,merriami,12,Control,F,42
21825,1994,DS,spectabilis,22,Control,M,112
21826,1994,DM,merriami,12,Control,M,44
21828,1994,DO,ordii,2,Control,M,48
21829,1994,DM,merriami,17,Control,M,41
21830,1994,DM,merriami,12,Control,F,38
21832,1994,DM,merriami,17,Control,M,52
21833,1994,DO,ordii,2,Control,M,52
21836,1994,DM,merriami,17,Control,F,42
21840,1994,DM,merriami,1,Spectab exclosure,F,45
21844,1994,DM,merriami,4,Control,F,37
21846,1994,DM,merriami,4,Control,F,14
21848,1994,DO,ordii,9,Spectab exclosure,F,48
21850,1994,DO,ordii,8,Control,F,52
21851,1994,DM,merriami,13,Short-term Krat Exclosure,M,44
21852,1994,DM,merriami,11,Control,M,39
21853,1994,DM,merriami,14,Control,M,42
21854,1994,DM,merriami,4,Control,F,42
21855,1994,DM,merriami,14,Control,M,48
21856,1994,DM,merriami,14,Control,M,44
21857,1994,DM,merriami,11,Control,M,44
21866,1994,DM,merriami,4,Control,M,39
21867,1994,DM,merriami,9,Spectab exclosure,F,43
21868,1994,DM,merriami,8,Control,M,42
21869,1994,DM,merriami,8,Control,F,48
21871,1994,DM,merriami,8,Control,M,44
21872,1994,DM,merriami,9,Spectab exclosure,M,42
21877,1994,DO,ordii,12,Control,M,50
21878,1994,DM,merriami,17,Control,F,42
21879,1994,DM,merriami,2,Control,M,44
21880,1994,DM,merriami,1,Spectab exclosure,F,27
21884,1994,DO,ordii,2,Control,M,50
21887,1994,DM,merriami,12,Control,F,40
21888,1994,DM,merriami,17,Control,M,41
21891,1994,DM,merriami,22,Control,F,23
21892,1994,DM,merriami,1,Spectab exclosure,F,36
21893,1994,DM,merriami,12,Control,M,38
21895,1994,DM,merriami,12,Control,F,38
21898,1994,DM,merriami,17,Control,F,42
21900,1994,DM,merriami,1,Spectab exclosure,F,24
21901,1994,DO,ordii,2,Control,M,47
21904,1994,DM,merriami,1,Spectab exclosure,F,43
21907,1994,DM,merriami,13,Short-term Krat Exclosure,M,42
21909,1994,DM,merriami,14,Control,M,36
21910,1994,DM,merriami,14,Control,M,45
21914,1994,DM,merriami,11,Control,M,42
21915,1994,DM,merriami,14,Control,M,47
21916,1994,DM,merriami,11,Control,M,41
21917,1994,DM,merriami,4,Control,M,45
21918,1994,DO,ordii,8,Control,F,39
21919,1994,DM,merriami,9,Spectab exclosure,F,42
21920,1994,DM,merriami,9,Spectab exclosure,M,39
21922,1994,DM,merriami,4,Control,F,36
21923,1994,DM,merriami,8,Control,M,43
21927,1994,DM,merriami,9,Spectab exclosure,M,40
21928,1994,DM,merriami,8,Control,M,44
21929,1994,DM,merriami,8,Control,F,44
21930,1994,DM,merriami,8,Control,M,43
21931,1994,DM,merriami,11,Control,F,47
21937,1994,DO,ordii,12,Control,M,47
21940,1994,DM,merriami,2,Control,M,44
21942,1994,DM,merriami,1,Spectab exclosure,F,41
21944,1994,DO,ordii,2,Control,M,49
21945,1994,DM,merriami,17,Control,M,42
21947,1994,DM,merriami,12,Control,M,38
21948,1994,DM,merriami,17,Control,M,41
21949,1994,DM,merriami,22,Control,F,42
21950,1994,DM,merriami,12,Control,F,38
21951,1994,DM,merriami,1,Spectab exclosure,F,45
21953,1994,DM,merriami,22,Control,F,38
21954,1994,DM,merriami,22,Control,F,28
21956,1994,DM,merriami,1,Spectab exclosure,M,45
21957,1994,DO,ordii,2,Control,M,46
21958,1994,DO,ordii,2,Control,M,46
21960,1994,DM,merriami,1,Spectab exclosure,M,44
21961,1994,DM,merriami,17,Control,M,52
21963,1994,DM,merriami,1,Spectab exclosure,M,48
21964,1994,DM,merriami,12,Control,F,41
21967,1994,DM,merriami,11,Control,M,44
21968,1994,DO,ordii,8,Control,M,37
21969,1994,DM,merriami,4,Control,M,44
21970,1994,DM,merriami,14,Control,M,43
21971,1994,DM,merriami,13,Short-term Krat Exclosure,M,43
21972,1994,DM,merriami,11,Control,M,43
21973,1994,DO,ordii,8,Control,F,48
21974,1994,DM,merriami,8,Control,M,46
21976,1994,DM,merriami,9,Spectab exclosure,F,40
21977,1994,DM,merriami,14,Control,M,46
21979,1994,DM,merriami,5,Rodent Exclosure,M,47
21985,1994,DM,merriami,14,Control,M,44
21986,1994,DM,merriami,5,Rodent Exclosure,F,43
21987,1994,DM,merriami,8,Control,M,46
21988,1994,DM,merriami,4,Control,F,38
21989,1994,DM,merriami,8,Control,F,40
21994,1995,DO,ordii,12,Control,M,47
21995,1995,DO,ordii,2,Control,M,51
21998,1995,DM,merriami,1,Spectab exclosure,M,46
22000,1995,DM,merriami,1,Spectab exclosure,F,45
22001,1995,DO,ordii,2,Control,M,41
22003,1995,DM,merriami,2,Control,M,41
22004,1995,DM,merriami,12,Control,F,37
22005,1995,DM,merriami,1,Spectab exclosure,M,49
22006,1995,DM,merriami,22,Control,F,39
22007,1995,DM,merriami,22,Control,F,33
22008,1995,DO,ordii,2,Control,M,52
22009,1995,DM,merriami,1,Spectab exclosure,M,44
22011,1995,DM,merriami,12,Control,F,41
22015,1995,DM,merriami,14,Control,M,47
22016,1995,DM,merriami,11,Control,M,47
22018,1995,DM,merriami,4,Control,F,39
22020,1995,DM,merriami,17,Control,M,44
22021,1995,DM,merriami,4,Control,M,43
22022,1995,DM,merriami,17,Control,M,54
22023,1995,DM,merriami,13,Short-term Krat Exclosure,F,34
22026,1995,DM,merriami,14,Control,M,51
22027,1995,DM,merriami,13,Short-term Krat Exclosure,M,47
22028,1995,DM,merriami,11,Control,M,48
22029,1995,DM,merriami,11,Control,F,41
22033,1995,DO,ordii,8,Control,M,51
22034,1995,DO,ordii,8,Control,F,48
22035,1995,DM,merriami,9,Spectab exclosure,M,44
22036,1995,DM,merriami,9,Spectab exclosure,F,37
22037,1995,DM,merriami,8,Control,F,42
22038,1995,DM,merriami,8,Control,M,47
22039,1995,DM,merriami,9,Spectab exclosure,M,43
22042,1995,DM,merriami,2,Control,F,45
22043,1995,DM,merriami,17,Control,M,48
22044,1995,DM,merriami,2,Control,M,46
22047,1995,DO,ordii,1,Spectab exclosure,M,33
22048,1995,DM,merriami,1,Spectab exclosure,F,40
22049,1995,DO,ordii,2,Control,M,51
22050,1995,DO,ordii,8,Control,F,61
22051,1995,DM,merriami,12,Control,F,46
22061,1995,DM,merriami,22,Control,F,36
22062,1995,DO,ordii,2,Control,M,52
22063,1995,DM,merriami,1,Spectab exclosure,F,53
22066,1995,DM,merriami,8,Control,M,48
22067,1995,DM,merriami,8,Control,M,48
22069,1995,DO,ordii,2,Control,M,62
22070,1995,DM,merriami,1,Spectab exclosure,M,45
22071,1995,DM,merriami,8,Control,M,49
22072,1995,DM,merriami,1,Spectab exclosure,M,46
22073,1995,DM,merriami,8,Control,F,45
22074,1995,DM,merriami,8,Control,M,45
22076,1995,DM,merriami,12,Control,F,43
22078,1995,DM,merriami,4,Control,M,44
22079,1995,DM,merriami,14,Control,M,48
22081,1995,DM,merriami,14,Control,M,52
22082,1995,DM,merriami,3,Long-term Krat Exclosure,F,41
22084,1995,DM,merriami,4,Control,M,49
22086,1995,DM,merriami,11,Control,M,50
22090,1995,DM,merriami,9,Spectab exclosure,M,43
22091,1995,DM,merriami,13,Short-term Krat Exclosure,M,54
22093,1995,DM,merriami,9,Spectab exclosure,M,47
22094,1995,DM,merriami,4,Control,M,47
22096,1995,DM,merriami,14,Control,F,45
22098,1995,DM,merriami,9,Spectab exclosure,M,45
22100,1995,DM,merriami,9,Spectab exclosure,F,39
22101,1995,DM,merriami,9,Spectab exclosure,F,41
22102,1995,DM,merriami,4,Control,F,43
22105,1995,DM,merriami,2,Control,F,49
22107,1995,DO,ordii,1,Spectab exclosure,M,39
22109,1995,DM,merriami,2,Control,M,46
22112,1995,DM,merriami,1,Spectab exclosure,F,43
22114,1995,DM,merriami,17,Control,F,47
22115,1995,DM,merriami,12,Control,F,40
22116,1995,DM,merriami,17,Control,M,57
22117,1995,DM,merriami,12,Control,F,45
22118,1995,DM,merriami,17,Control,M,47
22119,1995,DM,merriami,12,Control,F,23
22120,1995,DO,ordii,2,Control,M,54
22122,1995,DM,merriami,1,Spectab exclosure,F,22
22123,1995,DM,merriami,12,Control,M,24
22126,1995,DM,merriami,1,Spectab exclosure,M,48
22133,1995,DO,ordii,8,Control,F,27
22134,1995,DM,merriami,9,Spectab exclosure,F,46
22135,1995,DM,merriami,4,Control,M,50
22136,1995,DO,ordii,8,Control,M,26
22137,1995,DO,ordii,9,Spectab exclosure,M,50
22140,1995,DM,merriami,3,Long-term Krat Exclosure,F,42
22141,1995,DM,merriami,11,Control,F,36
22143,1995,DM,merriami,4,Control,F,45
22145,1995,DM,merriami,14,Control,M,51
22146,1995,DM,merriami,4,Control,M,42
22150,1995,DM,merriami,14,Control,F,35
22151,1995,DO,ordii,8,Control,F,53
22152,1995,DM,merriami,11,Control,M,47
22155,1995,DM,merriami,8,Control,M,49
22156,1995,DM,merriami,13,Short-term Krat Exclosure,F,53
22159,1995,DM,merriami,8,Control,F,39
22160,1995,DM,merriami,4,Control,F,40
22162,1995,DM,merriami,8,Control,F,46
22163,1995,DM,merriami,8,Control,M,45
22164,1995,DM,merriami,1,Spectab exclosure,M,48
22167,1995,DM,merriami,1,Spectab exclosure,M,45
22168,1995,DM,merriami,2,Control,M,48
22169,1995,DO,ordii,2,Control,F,46
22171,1995,DM,merriami,17,Control,M,53
22172,1995,DM,merriami,1,Spectab exclosure,F,50
22173,1995,DM,merriami,12,Control,M,32
22178,1995,DM,merriami,17,Control,F,10
22179,1995,DM,merriami,12,Control,F,43
22180,1995,DO,ordii,1,Spectab exclosure,M,48
22182,1995,DM,merriami,12,Control,F,43
22184,1995,DM,merriami,17,Control,M,55
22185,1995,DM,merriami,17,Control,M,49
22187,1995,DM,merriami,17,Control,M,56
22189,1995,DM,merriami,17,Control,F,45
22195,1995,DO,ordii,9,Spectab exclosure,F,38
22198,1995,DM,merriami,9,Spectab exclosure,F,42
22200,1995,DO,ordii,9,Spectab exclosure,M,55
22201,1995,DM,merriami,4,Control,M,44
22202,1995,DM,merriami,11,Control,F,49
22203,1995,DM,merriami,14,Control,F,51
22204,1995,DM,merriami,11,Control,M,55
22205,1995,DM,merriami,14,Control,M,49
22206,1995,DM,merriami,4,Control,M,31
22207,1995,DM,merriami,3,Long-term Krat Exclosure,M,46
22208,1995,DM,merriami,9,Spectab exclosure,M,46
22209,1995,DM,merriami,4,Control,M,30
22210,1995,DO,ordii,8,Control,F,53
22211,1995,DM,merriami,9,Spectab exclosure,F,44
22212,1995,DM,merriami,9,Spectab exclosure,M,46
22213,1995,DM,merriami,14,Control,F,48
22214,1995,DM,merriami,11,Control,M,49
22215,1995,DM,merriami,8,Control,M,52
22216,1995,DM,merriami,13,Short-term Krat Exclosure,F,50
22217,1995,DM,merriami,4,Control,F,51
22218,1995,DM,merriami,15,Long-term Krat Exclosure,F,37
22219,1995,DM,merriami,11,Control,M,33
22220,1995,DM,merriami,14,Control,M,49
22221,1995,DM,merriami,13,Short-term Krat Exclosure,F,45
22223,1995,DM,merriami,11,Control,F,47
22225,1995,DM,merriami,9,Spectab exclosure,M,46
22230,1995,DM,merriami,1,Spectab exclosure,M,47
22231,1995,DM,merriami,17,Control,F,46
22234,1995,DM,merriami,22,Control,M,38
22235,1995,DO,ordii,2,Control,M,55
22240,1995,DM,merriami,12,Control,F,43
22242,1995,DM,merriami,17,Control,F,52
22245,1995,DM,merriami,17,Control,M,57
22250,1995,DM,merriami,2,Control,F,48
22253,1995,DO,ordii,1,Spectab exclosure,M,50
22256,1995,DO,ordii,9,Spectab exclosure,M,55
22261,1995,DM,merriami,9,Spectab exclosure,F,45
22262,1995,DM,merriami,14,Control,F,49
22263,1995,DM,merriami,4,Control,M,51
22265,1995,DO,ordii,8,Control,M,57
22266,1995,DM,merriami,9,Spectab exclosure,M,46
22267,1995,DO,ordii,9,Spectab exclosure,F,56
22270,1995,DM,merriami,14,Control,F,40
22271,1995,DM,merriami,4,Control,F,47
22272,1995,DM,merriami,13,Short-term Krat Exclosure,F,44
22273,1995,DM,merriami,14,Control,M,53
22274,1995,DM,merriami,11,Control,F,45
22276,1995,DM,merriami,14,Control,M,23
22278,1995,DM,merriami,9,Spectab exclosure,F,46
22279,1995,DM,merriami,11,Control,M,47
22280,1995,DM,merriami,9,Spectab exclosure,F,40
22283,1995,DM,merriami,9,Spectab exclosure,M,44
22284,1995,DM,merriami,11,Control,M,48
22286,1995,DM,merriami,11,Control,M,43
22288,1995,DM,merriami,14,Control,F,35
22290,1995,DM,merriami,4,Control,M,42
22292,1995,DM,merriami,9,Spectab exclosure,F,54
22296,1995,DM,merriami,12,Control,F,47
22300,1995,DM,merriami,17,Control,F,50
22301,1995,DM,merriami,1,Spectab exclosure,F,50
22302,1995,DM,merriami,17,Control,F,44
22306,1995,DM,merriami,12,Control,F,44
22307,1995,DM,merriami,22,Control,M,47
22310,1995,DO,ordii,1,Spectab exclosure,F,55
22311,1995,DM,merriami,17,Control,M,57
22322,1995,DM,merriami,14,Control,M,23
22323,1995,DM,merriami,14,Control,M,54
22324,1995,DM,merriami,4,Control,M,30
22327,1995,DM,merriami,14,Control,F,22
22328,1995,DM,merriami,4,Control,M,53
22329,1995,DM,merriami,14,Control,F,52
22333,1995,DM,merriami,4,Control,F,25
22334,1995,DM,merriami,11,Control,F,21
22335,1995,DM,merriami,9,Spectab exclosure,F,42
22336,1995,DM,merriami,14,Control,M,41
22340,1995,DM,merriami,11,Control,F,19
22341,1995,DM,merriami,4,Control,F,51
22344,1995,DM,merriami,4,Control,F,13
22346,1995,DM,merriami,4,Control,M,44
22347,1995,DM,merriami,11,Control,F,45
22349,1995,DM,merriami,14,Control,M,39
22350,1995,DM,merriami,4,Control,M,49
22352,1995,DM,merriami,9,Spectab exclosure,M,46
22353,1995,DM,merriami,9,Spectab exclosure,M,47
22354,1995,DM,merriami,14,Control,M,41
22355,1995,DM,merriami,4,Control,F,35
22356,1995,DM,merriami,11,Control,M,50
22357,1995,DM,merriami,9,Spectab exclosure,F,38
22358,1995,DM,merriami,8,Control,M,51
22361,1995,DO,ordii,8,Control,F,54
22363,1995,DM,merriami,1,Spectab exclosure,M,48
22366,1995,DM,merriami,17,Control,F,56
22368,1995,DM,merriami,2,Control,M,44
22369,1995,DM,merriami,12,Control,F,18
22371,1995,DM,merriami,12,Control,M,22
22372,1995,DM,merriami,17,Control,M,39
22375,1995,DM,merriami,2,Control,F,27
22377,1995,DM,merriami,17,Control,F,26
22379,1995,DM,merriami,22,Control,M,49
22380,1995,DM,merriami,17,Control,M,37
22382,1995,DM,merriami,17,Control,M,41
22389,1995,DO,ordii,1,Spectab exclosure,M,49
22394,1995,DM,merriami,9,Spectab exclosure,F,43
22397,1995,DM,merriami,14,Control,F,45
22398,1995,DM,merriami,4,Control,M,36
22402,1995,DM,merriami,14,Control,M,45
22404,1995,DM,merriami,9,Spectab exclosure,F,21
22405,1995,DM,merriami,14,Control,M,41
22406,1995,DM,merriami,4,Control,F,46
22410,1995,DM,merriami,11,Control,F,46
22411,1995,DM,merriami,4,Control,M,46
22413,1995,DM,merriami,11,Control,F,28
22415,1995,DM,merriami,11,Control,F,31
22416,1995,DM,merriami,8,Control,F,48
22418,1995,DM,merriami,3,Long-term Krat Exclosure,F,40
22419,1995,DM,merriami,9,Spectab exclosure,M,25
22421,1995,DM,merriami,9,Spectab exclosure,M,47
22425,1995,DM,merriami,11,Control,F,38
22426,1995,DM,merriami,8,Control,M,50
22427,1995,DM,merriami,14,Control,M,51
22429,1995,DM,merriami,4,Control,F,40
22431,1995,DM,merriami,9,Spectab exclosure,F,42
22432,1995,DM,merriami,11,Control,M,47
22435,1995,DM,merriami,1,Spectab exclosure,F,35
22437,1995,DM,merriami,17,Control,M,42
22438,1995,DM,merriami,22,Control,M,49
22442,1995,DM,merriami,17,Control,F,45
22444,1995,DM,merriami,2,Control,F,37
22452,1995,DO,ordii,1,Spectab exclosure,M,31
22455,1995,DM,merriami,22,Control,M,50
22456,1995,DM,merriami,12,Control,F,43
22458,1995,DM,merriami,17,Control,F,50
22462,1995,DM,merriami,12,Control,M,31
22469,1995,DO,ordii,2,Control,F,24
22470,1995,DM,merriami,17,Control,M,46
22471,1995,DM,merriami,12,Control,F,31
22472,1995,DM,merriami,17,Control,M,56
22480,1995,DM,merriami,14,Control,M,40
22481,1995,DO,ordii,9,Spectab exclosure,M,55
22485,1995,DO,ordii,8,Control,M,55
22486,1995,DM,merriami,14,Control,M,52
22487,1995,DO,ordii,9,Spectab exclosure,F,56
22490,1995,DM,merriami,4,Control,M,43
22493,1995,DM,merriami,14,Control,F,47
22494,1995,DM,merriami,11,Control,F,20
22496,1995,DM,merriami,14,Control,M,48
22498,1995,DM,merriami,9,Spectab exclosure,M,48
22499,1995,DM,merriami,11,Control,M,21
22501,1995,DM,merriami,4,Control,F,57
22503,1995,DM,merriami,11,Control,F,48
22506,1995,DM,merriami,11,Control,M,21
22511,1995,DM,merriami,14,Control,M,49
22514,1995,DM,merriami,14,Control,M,50
22516,1995,DM,merriami,11,Control,M,56
22520,1995,DM,merriami,14,Control,F,56
22522,1995,DM,merriami,4,Control,F,34
22525,1995,DM,merriami,11,Control,M,50
22528,1995,DM,merriami,9,Spectab exclosure,M,34
22531,1995,DM,merriami,11,Control,F,46
22532,1995,DM,merriami,11,Control,M,53
22533,1995,DM,merriami,9,Spectab exclosure,F,45
22540,1995,DM,merriami,12,Control,M,57
22545,1995,DM,merriami,17,Control,M,46
22550,1995,DM,merriami,2,Control,F,26
22554,1995,DM,merriami,1,Spectab exclosure,F,42
22559,1995,DM,merriami,17,Control,F,60
22560,1995,DM,merriami,2,Control,F,41
22561,1995,DM,merriami,12,Control,M,39
22563,1995,DO,ordii,1,Spectab exclosure,M,45
22568,1995,DM,merriami,22,Control,M,50
22569,1995,DM,merriami,17,Control,M,58
22572,1995,DM,merriami,12,Control,F,44
22573,1995,DM,merriami,17,Control,M,53
22588,1995,DM,merriami,14,Control,M,45
22591,1995,DM,merriami,14,Control,M,34
22605,1995,DM,merriami,9,Spectab exclosure,F,41
22606,1995,DM,merriami,14,Control,F,45
22608,1995,DM,merriami,14,Control,M,52
22610,1995,DM,merriami,4,Control,M,46
22619,1995,DM,merriami,9,Spectab exclosure,M,41
22620,1995,DM,merriami,14,Control,F,56
22624,1995,DM,merriami,9,Spectab exclosure,M,47
22626,1995,DM,merriami,14,Control,M,48
22628,1995,DM,merriami,4,Control,M,50
22629,1995,DM,merriami,11,Control,F,56
22634,1995,DM,merriami,4,Control,F,49
22635,1995,DM,merriami,11,Control,M,36
22637,1995,DM,merriami,9,Spectab exclosure,M,54
22639,1995,DM,merriami,13,Short-term Krat Exclosure,M,53
22646,1995,DM,merriami,14,Control,M,46
22655,1995,DM,merriami,8,Control,M,43
22656,1995,DM,merriami,8,Control,F,48
22660,1995,DM,merriami,11,Control,M,47
22662,1995,DM,merriami,1,Spectab exclosure,F,42
22688,1995,DO,ordii,1,Spectab exclosure,M,59
22689,1995,DM,merriami,2,Control,F,43
22690,1995,DM,merriami,1,Spectab exclosure,M,53
22697,1995,DM,merriami,17,Control,M,50
22702,1995,DO,ordii,1,Spectab exclosure,M,47
22703,1995,DM,merriami,22,Control,M,53
22708,1995,DM,merriami,22,Control,F,42
22709,1995,DM,merriami,17,Control,F,28
22713,1995,DM,merriami,12,Control,F,46
22717,1995,DM,merriami,12,Control,M,43
22718,1995,DM,merriami,17,Control,M,53
22720,1995,DM,merriami,12,Control,M,39
22731,1995,DM,merriami,17,Control,F,51
22732,1995,DM,merriami,17,Control,M,56
22740,1995,DO,ordii,8,Control,F,61
22745,1995,DM,merriami,14,Control,F,49
22747,1995,DM,merriami,4,Control,M,51
22759,1995,DM,merriami,9,Spectab exclosure,F,51
22763,1995,DM,merriami,14,Control,M,53
22764,1995,DM,merriami,14,Control,F,51
22765,1995,DO,ordii,11,Control,F,50
22775,1995,DM,merriami,11,Control,F,44
22780,1995,DM,merriami,14,Control,M,51
22781,1995,DM,merriami,9,Spectab exclosure,M,55
22789,1995,DM,merriami,11,Control,M,60
22791,1995,DM,merriami,14,Control,M,51
22794,1995,DM,merriami,8,Control,M,47
22797,1995,DM,merriami,4,Control,M,51
22801,1995,DM,merriami,13,Short-term Krat Exclosure,M,53
22805,1995,DM,merriami,9,Spectab exclosure,F,55
22808,1995,DM,merriami,4,Control,F,49
22811,1995,DM,merriami,11,Control,M,50
22818,1995,DM,merriami,11,Control,M,47
22834,1995,DM,merriami,17,Control,F,40
22842,1995,DM,merriami,2,Control,F,50
22843,1995,DM,merriami,12,Control,F,44
22846,1995,DM,merriami,1,Spectab exclosure,F,52
22853,1995,DM,merriami,2,Control,F,44
22861,1995,DM,merriami,17,Control,M,48
22863,1995,DM,merriami,22,Control,M,51
22864,1995,DO,ordii,1,Spectab exclosure,M,62
22865,1995,DM,merriami,2,Control,M,31
22866,1995,DM,merriami,12,Control,M,57
22873,1995,DO,ordii,1,Spectab exclosure,M,59
22880,1995,DM,merriami,2,Control,M,44
22881,1995,DM,merriami,12,Control,M,51
22883,1995,DM,merriami,12,Control,F,55
22894,1995,DM,merriami,17,Control,M,52
22896,1995,DM,merriami,2,Control,M,31
22898,1995,DM,merriami,17,Control,F,62
22904,1995,DM,merriami,12,Control,M,43
22917,1995,DM,merriami,9,Spectab exclosure,F,39
22919,1995,DM,merriami,14,Control,F,45
22922,1995,DM,merriami,9,Spectab exclosure,M,44
22927,1995,DM,merriami,14,Control,M,44
22931,1995,DM,merriami,5,Rodent Exclosure,F,51
22932,1995,DM,merriami,4,Control,M,47
22936,1995,DM,merriami,14,Control,M,49
22944,1995,DM,merriami,11,Control,M,50
22945,1995,DM,merriami,14,Control,M,48
22947,1995,DM,merriami,14,Control,F,45
22951,1995,DM,merriami,4,Control,M,48
22954,1995,DM,merriami,9,Spectab exclosure,F,50
22955,1995,DM,merriami,14,Control,M,50
22956,1995,DM,merriami,13,Short-term Krat Exclosure,M,51
22960,1995,DM,merriami,4,Control,F,34
22962,1995,DM,merriami,9,Spectab exclosure,M,48
22971,1995,DM,merriami,11,Control,F,43
22972,1995,DM,merriami,4,Control,F,53
22975,1995,DM,merriami,9,Spectab exclosure,M,44
22976,1995,DM,merriami,14,Control,M,50
22977,1995,DM,merriami,4,Control,M,50
22981,1995,DM,merriami,11,Control,M,44
22984,1995,DM,merriami,14,Control,M,47
22986,1995,DM,merriami,8,Control,M,46
22989,1995,DM,merriami,8,Control,F,58
22992,1995,DM,merriami,12,Control,F,47
22997,1995,DM,merriami,2,Control,M,50
23002,1995,DM,merriami,2,Control,M,40
23003,1995,DM,merriami,2,Control,F,43
23012,1995,DM,merriami,1,Spectab exclosure,F,49
23013,1995,DM,merriami,12,Control,F,43
23019,1995,DM,merriami,17,Control,F,50
23023,1995,DM,merriami,22,Control,F,41
23024,1995,DM,merriami,17,Control,F,29
23027,1995,DM,merriami,22,Control,F,48
23029,1995,DM,merriami,12,Control,M,49
23040,1995,DM,merriami,17,Control,M,54
23041,1995,DM,merriami,2,Control,M,47
23043,1995,DM,merriami,12,Control,M,44
23044,1995,DM,merriami,2,Control,M,43
23047,1995,DM,merriami,12,Control,M,22
23048,1995,DM,merriami,12,Control,F,43
23050,1995,DO,ordii,9,Spectab exclosure,M,37
23051,1995,DO,ordii,3,Long-term Krat Exclosure,M,55
23056,1995,DO,ordii,8,Control,M,59
23058,1995,DO,ordii,8,Control,F,52
23061,1995,DM,merriami,4,Control,M,53
23065,1995,DM,merriami,14,Control,M,51
23067,1995,DM,merriami,4,Control,M,51
23068,1995,DM,merriami,9,Spectab exclosure,F,50
23070,1995,DM,merriami,14,Control,F,49
23072,1995,DM,merriami,5,Rodent Exclosure,F,51
23076,1995,DM,merriami,11,Control,M,52
23078,1995,DM,merriami,15,Long-term Krat Exclosure,M,47
23079,1995,DM,merriami,11,Control,M,50
23082,1995,DM,merriami,14,Control,M,53
23084,1995,DM,merriami,11,Control,F,34
23085,1995,DM,merriami,8,Control,M,46
23086,1995,DM,merriami,14,Control,M,54
23088,1995,DO,ordii,9,Spectab exclosure,M,46
23090,1995,DO,ordii,8,Control,F,50
23092,1995,DM,merriami,14,Control,F,49
23097,1995,DM,merriami,4,Control,M,40
23098,1995,DM,merriami,11,Control,M,50
23099,1995,DM,merriami,16,Rodent Exclosure,F,48
23100,1995,DM,merriami,9,Spectab exclosure,M,52
23102,1995,DM,merriami,14,Control,M,51
23104,1995,DM,merriami,9,Spectab exclosure,M,53
23105,1995,DM,merriami,11,Control,M,31
23106,1995,DM,merriami,11,Control,F,50
23107,1995,DM,merriami,14,Control,M,49
23109,1995,DM,merriami,4,Control,F,63
23112,1995,DM,merriami,4,Control,F,53
23115,1995,DM,merriami,2,Control,F,51
23116,1995,DM,merriami,1,Spectab exclosure,F,48
23117,1995,DM,merriami,2,Control,M,23
23119,1995,DM,merriami,22,Control,M,60
23120,1995,DM,merriami,2,Control,M,42
23127,1995,DM,merriami,12,Control,F,42
23128,1995,DM,merriami,17,Control,F,57
23129,1995,DM,merriami,12,Control,F,56
23131,1995,DM,merriami,22,Control,F,45
23134,1995,DM,merriami,22,Control,M,57
23136,1995,DM,merriami,2,Control,M,27
23139,1995,DM,merriami,22,Control,F,30
23140,1995,DM,merriami,22,Control,F,49
23141,1995,DM,merriami,17,Control,F,36
23144,1995,DM,merriami,2,Control,F,42
23150,1995,DO,ordii,1,Spectab exclosure,M,54
23152,1995,DM,merriami,22,Control,M,61
23155,1995,DM,merriami,1,Spectab exclosure,M,52
23156,1995,DM,merriami,2,Control,M,47
23157,1995,DM,merriami,12,Control,M,31
23161,1995,DM,merriami,17,Control,M,54
23162,1995,DO,ordii,1,Spectab exclosure,F,60
23169,1995,DM,merriami,2,Control,F,44
23170,1995,DM,merriami,12,Control,M,46
23173,1995,DO,ordii,3,Long-term Krat Exclosure,NA,57
23177,1995,DM,merriami,9,Spectab exclosure,F,51
23179,1995,DM,merriami,14,Control,F,49
23182,1995,DO,ordii,9,Spectab exclosure,M,47
23183,1995,DM,merriami,4,Control,F,52
23186,1995,DM,merriami,14,Control,M,55
23187,1995,DM,merriami,11,Control,M,48
23189,1995,DM,merriami,11,Control,M,50
23190,1995,DM,merriami,4,Control,M,50
23194,1995,DM,merriami,4,Control,M,45
23196,1995,DO,ordii,3,Long-term Krat Exclosure,F,49
23197,1995,DM,merriami,9,Spectab exclosure,M,48
23199,1995,DM,merriami,9,Spectab exclosure,M,49
23200,1995,DM,merriami,9,Spectab exclosure,F,49
23201,1995,DM,merriami,4,Control,M,43
23202,1995,DM,merriami,11,Control,F,42
23203,1995,DM,merriami,9,Spectab exclosure,F,34
23205,1995,DM,merriami,11,Control,M,48
23207,1995,DM,merriami,11,Control,M,21
23208,1995,DM,merriami,14,Control,F,27
23210,1995,DO,ordii,9,Spectab exclosure,M,39
23216,1996,DM,merriami,1,Spectab exclosure,M,27
23217,1996,DM,merriami,17,Control,M,25
23218,1996,DM,merriami,17,Control,M,25
23220,1996,DM,merriami,2,Control,F,47
23222,1996,DM,merriami,1,Spectab exclosure,M,27
23223,1996,DO,ordii,2,Control,M,66
23224,1996,DM,merriami,17,Control,F,49
23225,1996,DM,merriami,2,Control,M,54
23227,1996,DM,merriami,12,Control,F,51
23230,1996,DM,merriami,17,Control,M,51
23231,1996,DM,merriami,22,Control,F,43
23233,1996,DM,merriami,12,Control,F,44
23234,1996,DM,merriami,2,Control,F,45
23235,1996,DM,merriami,17,Control,M,42
23236,1996,DO,ordii,1,Spectab exclosure,M,42
23237,1996,DM,merriami,2,Control,M,46
23238,1996,DM,merriami,22,Control,M,56
23242,1996,DO,ordii,2,Control,M,54
23243,1996,DM,merriami,2,Control,M,49
23245,1996,DM,merriami,12,Control,M,56
23247,1996,DO,ordii,1,Spectab exclosure,M,54
23249,1996,DO,ordii,1,Spectab exclosure,M,48
23252,1996,DM,merriami,12,Control,F,40
23253,1996,DM,merriami,17,Control,M,58
23255,1996,DO,ordii,1,Spectab exclosure,F,53
23257,1996,DM,merriami,2,Control,M,50
23259,1996,DM,merriami,12,Control,M,47
23263,1996,DM,merriami,22,Control,M,44
23264,1996,DM,merriami,17,Control,M,55
23265,1996,DO,ordii,3,Long-term Krat Exclosure,M,64
23268,1996,DO,ordii,11,Control,F,52
23270,1996,DM,merriami,15,Long-term Krat Exclosure,F,37
23272,1996,DM,merriami,14,Control,M,53
23273,1996,DO,ordii,3,Long-term Krat Exclosure,F,52
23277,1996,DM,merriami,11,Control,M,54
23278,1996,DO,ordii,8,Control,M,60
23281,1996,DM,merriami,4,Control,M,55
23282,1996,DM,merriami,14,Control,F,50
23292,1996,DO,ordii,8,Control,M,44
23293,1996,DO,ordii,5,Rodent Exclosure,F,50
23295,1996,DM,merriami,4,Control,M,46
23296,1996,DM,merriami,5,Rodent Exclosure,M,36
23298,1996,DO,ordii,6,Short-term Krat Exclosure,M,44
23299,1996,DM,merriami,14,Control,M,46
23300,1996,DM,merriami,4,Control,F,52
23301,1996,DM,merriami,8,Control,M,37
23302,1996,DM,merriami,4,Control,M,54
23303,1996,DM,merriami,4,Control,M,36
23305,1996,DM,merriami,14,Control,F,54
23306,1996,DM,merriami,5,Rodent Exclosure,F,62
23307,1996,DM,merriami,13,Short-term Krat Exclosure,M,60
23308,1996,DM,merriami,14,Control,M,54
23309,1996,DM,merriami,9,Spectab exclosure,F,29
23310,1996,DM,merriami,4,Control,F,62
23311,1996,DM,merriami,14,Control,M,52
23312,1996,DO,ordii,5,Rodent Exclosure,F,44
23314,1996,DO,ordii,8,Control,M,55
23315,1996,DO,ordii,9,Spectab exclosure,M,48
23316,1996,DO,ordii,8,Control,F,51
23318,1996,DM,merriami,9,Spectab exclosure,M,30
23319,1996,DM,merriami,9,Spectab exclosure,M,45
23320,1996,DM,merriami,9,Spectab exclosure,M,52
23321,1996,DM,merriami,8,Control,M,53
23322,1996,DM,merriami,14,Control,M,48
23323,1996,DM,merriami,16,Rodent Exclosure,M,45
23324,1996,DM,merriami,9,Spectab exclosure,F,44
23325,1996,DM,merriami,13,Short-term Krat Exclosure,M,53
23327,1996,DM,merriami,11,Control,F,36
23328,1996,DM,merriami,9,Spectab exclosure,M,56
23329,1996,DM,merriami,14,Control,M,53
23331,1996,DM,merriami,8,Control,F,51
23332,1996,DO,ordii,5,Rodent Exclosure,F,34
23333,1996,DO,ordii,3,Long-term Krat Exclosure,F,49
23335,1996,DO,ordii,8,Control,M,47
23337,1996,DM,merriami,15,Long-term Krat Exclosure,M,51
23338,1996,DM,merriami,9,Spectab exclosure,M,43
23339,1996,DM,merriami,15,Long-term Krat Exclosure,F,43
23341,1996,DM,merriami,2,Control,F,55
23342,1996,DM,merriami,12,Control,F,45
23345,1996,DM,merriami,2,Control,M,45
23346,1996,DM,merriami,22,Control,F,49
23348,1996,DM,merriami,17,Control,F,34
23349,1996,DM,merriami,12,Control,M,48
23351,1996,DM,merriami,12,Control,F,44
23354,1996,DM,merriami,12,Control,M,58
23357,1996,DM,merriami,2,Control,F,44
23358,1996,DM,merriami,1,Spectab exclosure,M,37
23360,1996,DM,merriami,17,Control,F,33
23361,1996,DM,merriami,12,Control,M,54
23362,1996,DM,merriami,12,Control,F,49
23363,1996,DM,merriami,12,Control,M,51
23364,1996,DO,ordii,1,Spectab exclosure,M,47
23365,1996,DM,merriami,2,Control,F,49
23368,1996,DM,merriami,2,Control,M,55
23375,1996,DM,merriami,17,Control,M,45
23376,1996,DM,merriami,12,Control,M,46
23382,1996,DM,merriami,12,Control,F,40
23383,1996,DM,merriami,12,Control,M,28
23384,1996,DM,merriami,22,Control,F,34
23385,1996,DO,ordii,1,Spectab exclosure,F,59
23386,1996,DM,merriami,17,Control,M,52
23388,1996,DO,ordii,2,Control,M,49
23389,1996,DM,merriami,12,Control,M,51
23390,1996,DM,merriami,17,Control,F,54
23391,1996,DO,ordii,1,Spectab exclosure,M,47
23400,1996,DM,merriami,12,Control,F,46
23401,1996,DM,merriami,17,Control,M,54
23403,1996,DM,merriami,2,Control,M,47
23405,1996,DM,merriami,12,Control,M,53
23408,1996,DM,merriami,22,Control,M,53
23415,1996,DO,ordii,11,Control,F,54
23417,1996,DO,ordii,9,Spectab exclosure,F,47
23422,1996,DO,ordii,8,Control,M,50
23424,1996,DM,merriami,4,Control,M,51
23426,1996,DO,ordii,3,Long-term Krat Exclosure,M,62
23427,1996,DM,merriami,4,Control,F,49
23428,1996,DO,ordii,3,Long-term Krat Exclosure,F,40
23430,1996,DM,merriami,11,Control,M,53
23432,1996,DO,ordii,8,Control,F,40
23437,1996,DM,merriami,14,Control,M,28
23438,1996,DO,ordii,3,Long-term Krat Exclosure,F,51
23440,1996,DO,ordii,8,Control,M,51
23441,1996,DM,merriami,14,Control,M,51
23443,1996,DM,merriami,4,Control,M,42
23444,1996,DM,merriami,9,Spectab exclosure,M,50
23447,1996,DM,merriami,9,Spectab exclosure,M,35
23449,1996,DM,merriami,4,Control,M,48
23451,1996,DM,merriami,16,Rodent Exclosure,F,37
23452,1996,DO,ordii,8,Control,F,58
23453,1996,DM,merriami,16,Rodent Exclosure,F,43
23454,1996,DM,merriami,4,Control,F,47
23455,1996,DM,merriami,14,Control,M,52
23456,1996,DM,merriami,9,Spectab exclosure,M,46
23457,1996,DM,merriami,14,Control,F,48
23461,1996,DM,merriami,8,Control,M,51
23464,1996,DM,merriami,16,Rodent Exclosure,M,32
23466,1996,DM,merriami,9,Spectab exclosure,M,36
23468,1996,DM,merriami,9,Spectab exclosure,M,50
23471,1996,DO,ordii,3,Long-term Krat Exclosure,F,50
23472,1996,DM,merriami,14,Control,M,48
23473,1996,DM,merriami,13,Short-term Krat Exclosure,M,52
23476,1996,DM,merriami,9,Spectab exclosure,F,47
23479,1996,DO,ordii,8,Control,M,37
23480,1996,DM,merriami,15,Long-term Krat Exclosure,M,50
23481,1996,DM,merriami,11,Control,F,39
23483,1996,DM,merriami,14,Control,F,49
23485,1996,DM,merriami,16,Rodent Exclosure,M,43
23486,1996,DM,merriami,15,Long-term Krat Exclosure,F,43
23488,1996,DM,merriami,15,Long-term Krat Exclosure,F,47
23490,1996,DM,merriami,5,Rodent Exclosure,F,55
23493,1996,DO,ordii,16,Rodent Exclosure,F,38
23496,1996,DM,merriami,1,Spectab exclosure,F,52
23498,1996,DM,merriami,2,Control,F,41
23499,1996,DM,merriami,17,Control,F,38
23500,1996,DM,merriami,1,Spectab exclosure,M,23
23508,1996,DM,merriami,1,Spectab exclosure,M,39
23509,1996,DM,merriami,12,Control,F,43
23510,1996,DM,merriami,12,Control,F,48
23514,1996,DM,merriami,22,Control,M,53
23519,1996,DM,merriami,2,Control,F,48
23521,1996,DO,ordii,1,Spectab exclosure,M,53
23522,1996,DM,merriami,2,Control,F,49
23527,1996,DO,ordii,1,Spectab exclosure,M,50
23536,1996,DO,ordii,12,Control,M,51
23544,1996,DM,merriami,17,Control,M,45
23548,1996,DM,merriami,1,Spectab exclosure,M,58
23549,1996,DM,merriami,2,Control,M,44
23550,1996,DM,merriami,12,Control,M,52
23552,1996,DM,merriami,22,Control,F,41
23561,1996,DO,ordii,1,Spectab exclosure,M,37
23565,1996,DM,merriami,2,Control,M,48
23567,1996,DO,ordii,1,Spectab exclosure,M,46
23574,1996,DM,merriami,22,Control,M,53
23575,1996,DM,merriami,12,Control,M,49
23576,1996,DM,merriami,22,Control,F,50
23584,1996,DM,merriami,12,Control,M,36
23589,1996,DM,merriami,17,Control,F,42
23603,1996,DM,merriami,16,Rodent Exclosure,M,42
23607,1996,DM,merriami,14,Control,M,49
23611,1996,DO,ordii,8,Control,M,48
23612,1996,DM,merriami,16,Rodent Exclosure,F,31
23619,1996,DM,merriami,9,Spectab exclosure,F,36
23621,1996,DM,merriami,14,Control,M,51
23622,1996,DM,merriami,11,Control,M,53
23624,1996,DM,merriami,14,Control,F,48
23626,1996,DO,ordii,3,Long-term Krat Exclosure,F,54
23627,1996,DM,merriami,14,Control,M,50
23628,1996,DO,ordii,11,Control,F,56
23629,1996,DO,ordii,8,Control,F,49
23631,1996,DM,merriami,14,Control,F,47
23632,1996,DO,ordii,11,Control,M,43
23635,1996,DM,merriami,15,Long-term Krat Exclosure,M,48
23637,1996,DO,ordii,5,Rodent Exclosure,F,49
23638,1996,DM,merriami,14,Control,M,40
23641,1996,DM,merriami,13,Short-term Krat Exclosure,F,39
23642,1996,DM,merriami,16,Rodent Exclosure,F,49
23645,1996,DM,merriami,2,Control,F,47
23647,1996,DO,ordii,1,Spectab exclosure,M,36
23650,1996,DM,merriami,2,Control,F,26
23653,1996,DM,merriami,17,Control,M,40
23655,1996,DM,merriami,22,Control,F,27
23662,1996,DM,merriami,17,Control,M,39
23663,1996,DM,merriami,12,Control,F,48
23670,1996,DM,merriami,12,Control,F,49
23673,1996,DM,merriami,17,Control,M,49
23681,1996,DO,ordii,1,Spectab exclosure,F,51
23682,1996,DO,ordii,12,Control,M,52
23686,1996,DM,merriami,17,Control,M,45
23687,1996,DM,merriami,2,Control,M,56
23689,1996,DM,merriami,22,Control,M,51
23693,1996,DM,merriami,12,Control,M,52
23698,1996,DM,merriami,12,Control,M,44
23703,1996,DM,merriami,2,Control,F,49
23705,1996,DM,merriami,17,Control,M,51
23706,1996,DM,merriami,22,Control,F,43
23715,1996,DO,ordii,1,Spectab exclosure,M,38
23720,1996,DO,ordii,1,Spectab exclosure,M,37
23734,1996,DM,merriami,16,Rodent Exclosure,F,30
23739,1996,DM,merriami,11,Control,M,51
23747,1996,DO,ordii,9,Spectab exclosure,F,46
23749,1996,DM,merriami,4,Control,F,49
23750,1996,DO,ordii,3,Long-term Krat Exclosure,F,41
23751,1996,DM,merriami,11,Control,M,49
23753,1996,DM,merriami,13,Short-term Krat Exclosure,M,49
23754,1996,DM,merriami,14,Control,F,19
23755,1996,DO,ordii,5,Rodent Exclosure,M,50
23756,1996,DO,ordii,11,Control,F,22
23759,1996,DM,merriami,4,Control,M,50
23762,1996,DO,ordii,3,Long-term Krat Exclosure,F,46
23766,1996,DO,ordii,11,Control,F,49
23769,1996,DM,merriami,9,Spectab exclosure,F,37
23770,1996,DO,ordii,3,Long-term Krat Exclosure,M,50
23771,1996,DM,merriami,4,Control,M,44
23772,1996,DO,ordii,6,Short-term Krat Exclosure,M,42
23774,1996,DO,ordii,8,Control,M,49
23775,1996,DM,merriami,14,Control,M,50
23778,1996,DO,ordii,11,Control,M,51
23779,1996,DM,merriami,4,Control,F,47
23780,1996,DO,ordii,6,Short-term Krat Exclosure,M,48
23781,1996,DO,ordii,8,Control,M,49
23789,1996,DO,ordii,8,Control,M,30
23793,1996,DO,ordii,8,Control,M,29
23805,1996,DM,merriami,14,Control,F,44
23806,1996,DM,merriami,15,Long-term Krat Exclosure,M,35
23809,1996,DO,ordii,6,Short-term Krat Exclosure,M,23
23810,1996,DM,merriami,11,Control,M,51
23811,1996,DO,ordii,8,Control,F,49
23813,1996,DM,merriami,4,Control,M,51
23820,1996,DM,merriami,8,Control,M,49
23821,1996,DM,merriami,13,Short-term Krat Exclosure,M,54
23824,1996,DM,merriami,9,Spectab exclosure,M,39
23826,1996,DM,merriami,14,Control,F,46
23828,1996,DO,ordii,3,Long-term Krat Exclosure,F,48
23829,1996,DO,ordii,6,Short-term Krat Exclosure,M,41
23832,1996,DO,ordii,3,Long-term Krat Exclosure,M,41
23836,1996,DM,merriami,16,Rodent Exclosure,M,42
23838,1996,DM,merriami,9,Spectab exclosure,M,48
23840,1996,DO,ordii,8,Control,F,51
23841,1996,DM,merriami,4,Control,M,47
23842,1996,DM,merriami,9,Spectab exclosure,M,46
23845,1996,DM,merriami,13,Short-term Krat Exclosure,F,47
23846,1996,DM,merriami,14,Control,M,36
23849,1996,DM,merriami,8,Control,M,49
23855,1996,DM,merriami,4,Control,M,38
23856,1996,DO,ordii,6,Short-term Krat Exclosure,F,58
23859,1996,DO,ordii,6,Short-term Krat Exclosure,M,59
23860,1996,DO,ordii,11,Control,M,53
23865,1996,DM,merriami,11,Control,M,53
23867,1996,DM,merriami,14,Control,F,45
23872,1996,DM,merriami,11,Control,F,41
23883,1996,DO,ordii,12,Control,F,34
23890,1996,DM,merriami,12,Control,M,46
23891,1996,DO,ordii,1,Spectab exclosure,F,45
23895,1996,DM,merriami,2,Control,M,41
23898,1996,DM,merriami,22,Control,F,42
23899,1996,DM,merriami,2,Control,M,53
23902,1996,DM,merriami,2,Control,F,55
23904,1996,DM,merriami,2,Control,F,49
23907,1996,DM,merriami,12,Control,F,48
23908,1996,DM,merriami,22,Control,M,54
23909,1996,DM,merriami,12,Control,M,54
23911,1996,DM,merriami,12,Control,F,45
23916,1996,DM,merriami,12,Control,M,53
23917,1996,DM,merriami,12,Control,M,48
23918,1996,DO,ordii,1,Spectab exclosure,M,46
23920,1996,DM,merriami,17,Control,M,49
23922,1996,DM,merriami,2,Control,M,54
23923,1996,DM,merriami,22,Control,F,22
23926,1996,DM,merriami,17,Control,F,44
23927,1996,DM,merriami,22,Control,F,20
23928,1996,DM,merriami,17,Control,M,45
23929,1996,DM,merriami,2,Control,F,47
23936,1996,DM,merriami,2,Control,M,47
23939,1996,DM,merriami,12,Control,M,27
23940,1996,DM,merriami,17,Control,F,42
23950,1996,DM,merriami,14,Control,M,51
23952,1996,DM,merriami,14,Control,F,47
23953,1996,DO,ordii,6,Short-term Krat Exclosure,M,27
23954,1996,DM,merriami,14,Control,M,56
23955,1996,DO,ordii,3,Long-term Krat Exclosure,F,35
23959,1996,DM,merriami,5,Rodent Exclosure,F,49
23960,1996,DO,ordii,8,Control,F,47
23963,1996,DO,ordii,3,Long-term Krat Exclosure,F,46
23965,1996,DM,merriami,15,Long-term Krat Exclosure,M,42
23970,1996,DM,merriami,4,Control,M,47
23975,1996,DO,ordii,6,Short-term Krat Exclosure,M,47
23979,1996,DO,ordii,6,Short-term Krat Exclosure,F,32
23981,1996,DO,ordii,8,Control,M,47
23983,1996,DM,merriami,4,Control,M,47
23985,1996,DM,merriami,9,Spectab exclosure,M,47
23986,1996,DM,merriami,9,Spectab exclosure,M,41
23988,1996,DM,merriami,14,Control,M,49
23989,1996,DM,merriami,13,Short-term Krat Exclosure,F,40
23990,1996,DO,ordii,6,Short-term Krat Exclosure,M,31
23991,1996,DO,ordii,9,Spectab exclosure,M,45
24005,1996,DM,merriami,4,Control,M,51
24006,1996,DM,merriami,14,Control,F,49
24008,1996,DM,merriami,13,Short-term Krat Exclosure,M,24
24010,1996,DO,ordii,3,Long-term Krat Exclosure,M,44
24011,1996,DM,merriami,14,Control,F,61
24014,1996,DM,merriami,22,Control,F,51
24018,1996,DM,merriami,22,Control,F,45
24027,1996,DM,merriami,2,Control,M,53
24028,1996,DM,merriami,17,Control,M,42
24033,1996,DO,ordii,1,Spectab exclosure,F,49
24036,1996,DO,ordii,12,Control,F,43
24040,1996,DM,merriami,12,Control,M,48
24045,1996,DM,merriami,2,Control,F,41
24046,1996,DM,merriami,12,Control,M,51
24058,1996,DM,merriami,17,Control,M,49
24064,1996,DM,merriami,12,Control,F,53
24070,1996,DM,merriami,17,Control,M,22
24072,1996,DM,merriami,17,Control,F,51
24079,1996,DO,ordii,1,Spectab exclosure,M,47
24080,1996,DM,merriami,17,Control,M,50
24084,1996,DM,merriami,14,Control,F,46
24092,1996,DM,merriami,16,Rodent Exclosure,F,38
24094,1996,DM,merriami,14,Control,M,51
24096,1996,DM,merriami,4,Control,M,52
24097,1996,DO,ordii,3,Long-term Krat Exclosure,F,49
24101,1996,DO,ordii,8,Control,M,52
24102,1996,DO,ordii,9,Spectab exclosure,M,48
24106,1996,DM,merriami,9,Spectab exclosure,F,40
24107,1996,DM,merriami,13,Short-term Krat Exclosure,F,41
24108,1996,DM,merriami,14,Control,M,56
24110,1996,DO,ordii,8,Control,F,50
24111,1996,DM,merriami,4,Control,M,48
24112,1996,DO,ordii,11,Control,F,48
24115,1996,DM,merriami,4,Control,M,47
24117,1996,DO,ordii,6,Short-term Krat Exclosure,M,39
24121,1996,DM,merriami,9,Spectab exclosure,M,49
24127,1996,DO,ordii,8,Control,M,47
24128,1996,DM,merriami,13,Short-term Krat Exclosure,F,33
24135,1996,DM,merriami,9,Spectab exclosure,M,43
24136,1996,DO,ordii,8,Control,M,42
24138,1996,DO,ordii,3,Long-term Krat Exclosure,F,49
24140,1996,DO,ordii,8,Control,M,49
24143,1996,DM,merriami,9,Spectab exclosure,M,50
24144,1996,DM,merriami,14,Control,M,26
24147,1996,DM,merriami,14,Control,M,43
24148,1996,DO,ordii,6,Short-term Krat Exclosure,F,52
24153,1996,DM,merriami,4,Control,M,46
24154,1996,DM,merriami,14,Control,M,52
24156,1996,DM,merriami,14,Control,F,44
24157,1996,DM,merriami,14,Control,F,49
24158,1996,DO,ordii,11,Control,F,33
24159,1996,DM,merriami,13,Short-term Krat Exclosure,M,31
24160,1996,DM,merriami,14,Control,M,48
24166,1996,DO,ordii,6,Short-term Krat Exclosure,F,42
24168,1996,DM,merriami,9,Spectab exclosure,M,46
24179,1996,DM,merriami,17,Control,M,44
24181,1996,DM,merriami,12,Control,F,42
24193,1996,DM,merriami,17,Control,M,47
24196,1996,DM,merriami,22,Control,M,49
24197,1996,DM,merriami,2,Control,F,46
24200,1996,DM,merriami,12,Control,M,49
24206,1996,DM,merriami,17,Control,M,49
24209,1996,DM,merriami,22,Control,F,51
24212,1996,DO,ordii,1,Spectab exclosure,F,58
24218,1996,DM,merriami,17,Control,M,53
24231,1996,DM,merriami,4,Control,M,49
24232,1996,DO,ordii,8,Control,F,54
24236,1996,DO,ordii,3,Long-term Krat Exclosure,F,49
24237,1996,DM,merriami,4,Control,M,51
24238,1996,DO,ordii,3,Long-term Krat Exclosure,F,51
24241,1996,DM,merriami,9,Spectab exclosure,F,41
24243,1996,DM,merriami,15,Long-term Krat Exclosure,M,46
24250,1996,DM,merriami,9,Spectab exclosure,M,48
24251,1996,DO,ordii,8,Control,M,52
24256,1996,DM,merriami,4,Control,M,47
24257,1996,DO,ordii,6,Short-term Krat Exclosure,F,58
24258,1996,DO,ordii,6,Short-term Krat Exclosure,F,52
24259,1996,DO,ordii,8,Control,M,51
24260,1996,DM,merriami,14,Control,M,55
24261,1996,DM,merriami,9,Spectab exclosure,M,45
24262,1996,DM,merriami,14,Control,M,44
24264,1996,DM,merriami,14,Control,F,55
24267,1996,DO,ordii,8,Control,M,54
24269,1996,DO,ordii,6,Short-term Krat Exclosure,M,50
24270,1996,DM,merriami,11,Control,M,39
24271,1996,DM,merriami,13,Short-term Krat Exclosure,F,44
24272,1996,DO,ordii,3,Long-term Krat Exclosure,F,53
24273,1996,DO,ordii,8,Control,M,51
24275,1996,DM,merriami,4,Control,M,45
24280,1996,DM,merriami,22,Control,F,46
24282,1996,DM,merriami,22,Control,F,42
24290,1996,DM,merriami,12,Control,M,57
24292,1996,DM,merriami,2,Control,F,47
24293,1996,DM,merriami,17,Control,M,44
24298,1996,DO,ordii,1,Spectab exclosure,M,23
24300,1996,DM,merriami,12,Control,F,44
24304,1996,DM,merriami,12,Control,M,44
24306,1996,DM,merriami,2,Control,M,40
24312,1996,DO,ordii,1,Spectab exclosure,F,46
24319,1996,DM,merriami,12,Control,F,49
24321,1996,DM,merriami,17,Control,M,46
24328,1996,DM,merriami,17,Control,M,49
24334,1996,DO,ordii,3,Long-term Krat Exclosure,F,48
24338,1996,DM,merriami,15,Long-term Krat Exclosure,M,41
24339,1996,DM,merriami,9,Spectab exclosure,F,45
24340,1996,DM,merriami,14,Control,F,48
24342,1996,DO,ordii,11,Control,F,59
24344,1996,DO,ordii,8,Control,F,55
24345,1996,DM,merriami,4,Control,M,52
24346,1996,DM,merriami,14,Control,M,45
24353,1996,DM,merriami,11,Control,M,43
24356,1996,DM,merriami,4,Control,M,45
24365,1996,DM,merriami,14,Control,M,49
24366,1996,DM,merriami,9,Spectab exclosure,M,47
24371,1996,DO,ordii,8,Control,M,45
24372,1996,DM,merriami,13,Short-term Krat Exclosure,F,41
24373,1996,DM,merriami,9,Spectab exclosure,M,47
24389,1996,DM,merriami,12,Control,F,21
24390,1996,DM,merriami,17,Control,M,48
24393,1996,DM,merriami,2,Control,F,26
24396,1996,DM,merriami,2,Control,M,28
24400,1996,DM,merriami,12,Control,M,47
24401,1996,DM,merriami,17,Control,M,44
24404,1996,DM,merriami,1,Spectab exclosure,M,35
24406,1996,DM,merriami,22,Control,F,41
24407,1996,DM,merriami,2,Control,F,42
24412,1996,DM,merriami,22,Control,F,54
24417,1996,DM,merriami,12,Control,M,22
24420,1996,DM,merriami,22,Control,M,31
24422,1996,DO,ordii,1,Spectab exclosure,M,41
24424,1996,DM,merriami,12,Control,F,49
24427,1996,DM,merriami,17,Control,F,46
24428,1996,DM,merriami,12,Control,M,50
24430,1996,DO,ordii,1,Spectab exclosure,F,52
24431,1996,DM,merriami,12,Control,F,43
24438,1996,DM,merriami,22,Control,F,52
24442,1996,DM,merriami,17,Control,M,50
24443,1996,DM,merriami,2,Control,M,42
24445,1996,DM,merriami,12,Control,M,49
24457,1996,DM,merriami,12,Control,F,42
24458,1996,DM,merriami,17,Control,M,50
24460,1996,DM,merriami,4,Control,M,54
24469,1996,DO,ordii,8,Control,M,54
24471,1996,DM,merriami,9,Spectab exclosure,F,43
24474,1996,DM,merriami,15,Long-term Krat Exclosure,M,48
24475,1996,DM,merriami,4,Control,M,51
24484,1996,DO,ordii,11,Control,F,61
24485,1996,DO,ordii,9,Spectab exclosure,M,50
24489,1996,DM,merriami,9,Spectab exclosure,M,49
24491,1996,DM,merriami,14,Control,M,47
24493,1996,DM,merriami,14,Control,F,49
24497,1996,DM,merriami,14,Control,M,57
24499,1996,DM,merriami,11,Control,F,33
24500,1996,DO,ordii,8,Control,M,52
24502,1996,DM,merriami,14,Control,F,30
24508,1996,DO,ordii,8,Control,F,40
24512,1996,DM,merriami,4,Control,M,50
24516,1996,DM,merriami,9,Spectab exclosure,M,35
24518,1996,DM,merriami,14,Control,M,48
24525,1996,DM,merriami,13,Short-term Krat Exclosure,F,45
24526,1996,DM,merriami,14,Control,M,30
24528,1996,DM,merriami,11,Control,M,47
24530,1996,DM,merriami,14,Control,F,53
24537,1996,DM,merriami,2,Control,M,45
24538,1996,DM,merriami,12,Control,M,46
24540,1996,DM,merriami,1,Spectab exclosure,F,27
24543,1996,DM,merriami,17,Control,M,44
24546,1996,DM,merriami,2,Control,M,50
24548,1996,DM,merriami,1,Spectab exclosure,M,40
24549,1996,DM,merriami,2,Control,M,36
24553,1996,DM,merriami,2,Control,F,48
24557,1996,DM,merriami,17,Control,M,41
24558,1996,DM,merriami,22,Control,M,20
24560,1996,DM,merriami,17,Control,F,27
24562,1996,DM,merriami,22,Control,F,35
24569,1996,DM,merriami,12,Control,F,33
24572,1996,DM,merriami,12,Control,F,35
24573,1996,DO,ordii,1,Spectab exclosure,F,49
24574,1996,DM,merriami,17,Control,M,48
24576,1996,DO,ordii,1,Spectab exclosure,M,45
24577,1996,DM,merriami,22,Control,M,54
24581,1996,DM,merriami,12,Control,F,45
24583,1996,DM,merriami,17,Control,M,43
24588,1996,DM,merriami,12,Control,F,42
24590,1996,DO,ordii,1,Spectab exclosure,F,38
24591,1996,DM,merriami,17,Control,F,45
24593,1996,DM,merriami,22,Control,F,34
24603,1996,DM,merriami,9,Spectab exclosure,M,41
24606,1996,DM,merriami,9,Spectab exclosure,F,46
24610,1996,DM,merriami,14,Control,M,45
24611,1996,DO,ordii,3,Long-term Krat Exclosure,F,55
24612,1996,DO,ordii,9,Spectab exclosure,M,49
24613,1996,DO,ordii,8,Control,M,50
24615,1996,DM,merriami,14,Control,M,26
24616,1996,DM,merriami,14,Control,M,24
24618,1996,DM,merriami,4,Control,M,50
24622,1996,DO,ordii,8,Control,M,46
24626,1996,DM,merriami,4,Control,F,41
24631,1996,DM,merriami,4,Control,M,48
24632,1996,DM,merriami,14,Control,M,47
24633,1996,DM,merriami,9,Spectab exclosure,M,46
24634,1996,DM,merriami,13,Short-term Krat Exclosure,F,43
24635,1996,DM,merriami,16,Rodent Exclosure,M,45
24639,1996,DO,ordii,11,Control,F,54
24640,1996,DM,merriami,9,Spectab exclosure,M,47
24646,1996,DM,merriami,4,Control,M,42
24647,1996,DO,ordii,8,Control,F,42
24651,1996,DM,merriami,4,Control,M,47
24659,1996,DM,merriami,9,Spectab exclosure,F,36
24662,1996,DM,merriami,11,Control,M,44
24664,1996,DM,merriami,14,Control,M,40
24666,1996,DM,merriami,14,Control,F,43
24667,1996,DM,merriami,11,Control,F,35
24674,1996,DM,merriami,22,Control,F,38
24676,1996,DM,merriami,12,Control,M,48
24677,1996,DM,merriami,17,Control,M,42
24678,1996,DM,merriami,12,Control,F,49
24679,1996,DM,merriami,1,Spectab exclosure,M,40
24681,1996,DM,merriami,2,Control,M,42
24682,1996,DM,merriami,2,Control,M,41
24683,1996,DM,merriami,22,Control,F,43
24685,1996,DM,merriami,12,Control,M,36
24688,1996,DM,merriami,17,Control,M,47
24693,1996,DM,merriami,22,Control,M,40
24694,1996,DM,merriami,2,Control,M,42
24696,1996,DM,merriami,22,Control,F,47
24699,1996,DM,merriami,12,Control,F,35
24700,1996,DO,ordii,1,Spectab exclosure,F,49
24704,1996,DM,merriami,17,Control,F,34
24706,1996,DM,merriami,17,Control,M,51
24707,1996,DO,ordii,1,Spectab exclosure,M,46
24709,1996,DM,merriami,12,Control,F,47
24719,1996,DO,ordii,1,Spectab exclosure,F,45
24722,1996,DM,merriami,8,Control,F,39
24723,1996,DM,merriami,14,Control,M,47
24726,1996,DM,merriami,9,Spectab exclosure,M,49
24730,1996,DM,merriami,9,Spectab exclosure,F,40
24731,1996,DM,merriami,4,Control,F,39
24732,1996,DM,merriami,9,Spectab exclosure,F,24
24734,1996,DO,ordii,8,Control,M,34
24736,1996,DO,ordii,11,Control,M,41
24738,1996,DM,merriami,4,Control,M,51
24739,1996,DM,merriami,14,Control,M,33
24743,1996,DM,merriami,9,Spectab exclosure,M,40
24744,1996,DO,ordii,3,Long-term Krat Exclosure,F,54
24750,1996,DM,merriami,9,Spectab exclosure,F,39
24751,1996,DM,merriami,8,Control,M,33
24753,1996,DM,merriami,9,Spectab exclosure,M,43
24754,1996,DO,ordii,8,Control,M,50
24756,1996,DM,merriami,14,Control,F,36
24757,1996,DM,merriami,3,Long-term Krat Exclosure,M,39
24758,1996,DM,merriami,4,Control,M,48
24759,1996,DM,merriami,9,Spectab exclosure,F,38
24760,1996,DO,ordii,9,Spectab exclosure,M,46
24763,1996,DM,merriami,11,Control,M,39
24765,1996,DM,merriami,4,Control,F,42
24767,1996,DM,merriami,14,Control,F,47
24770,1996,DM,merriami,8,Control,F,38
24771,1996,DM,merriami,4,Control,M,46
24772,1996,DM,merriami,13,Short-term Krat Exclosure,F,43
24773,1996,DM,merriami,4,Control,M,44
24774,1996,DM,merriami,16,Rodent Exclosure,F,39
24777,1996,DM,merriami,11,Control,F,43
24779,1996,DO,ordii,3,Long-term Krat Exclosure,F,45
24784,1996,DO,ordii,8,Control,F,55
24785,1996,DM,merriami,14,Control,M,52
24787,1996,DM,merriami,11,Control,M,44
24788,1996,DM,merriami,11,Control,F,38
24793,1996,DM,merriami,1,Spectab exclosure,M,44
24795,1996,DM,merriami,17,Control,M,48
24796,1996,DO,ordii,1,Spectab exclosure,M,36
24798,1996,DM,merriami,22,Control,F,38
24799,1996,DM,merriami,12,Control,F,47
24807,1996,DM,merriami,22,Control,F,47
24810,1996,DM,merriami,17,Control,M,52
24811,1996,DO,ordii,1,Spectab exclosure,M,38
24817,1996,DM,merriami,22,Control,M,40
24819,1996,DM,merriami,17,Control,F,35
24820,1996,DM,merriami,22,Control,F,46
24822,1996,DM,merriami,2,Control,M,45
24823,1996,DM,merriami,12,Control,F,36
24824,1996,DO,ordii,1,Spectab exclosure,F,52
24826,1996,DO,ordii,1,Spectab exclosure,F,52
24827,1996,DM,merriami,12,Control,F,45
24830,1996,DM,merriami,12,Control,M,41
24834,1996,DO,ordii,1,Spectab exclosure,F,43
24837,1996,DM,merriami,12,Control,F,40
24841,1996,DM,merriami,17,Control,M,41
24844,1996,DM,merriami,2,Control,M,47
24846,1996,DM,merriami,1,Spectab exclosure,M,37
24849,1996,DM,merriami,17,Control,M,40
24851,1996,DM,merriami,17,Control,M,46
24854,1996,DO,ordii,1,Spectab exclosure,M,50
24855,1996,DM,merriami,12,Control,M,50
24857,1996,DM,merriami,12,Control,F,40
24858,1996,DO,ordii,1,Spectab exclosure,M,54
24859,1996,DM,merriami,12,Control,M,47
24864,1996,DM,merriami,1,Spectab exclosure,F,41
24866,1996,DO,ordii,1,Spectab exclosure,F,46
24867,1996,DO,ordii,2,Control,F,57
24868,1996,DM,merriami,12,Control,M,37
24870,1996,DM,merriami,9,Spectab exclosure,M,46
24871,1996,DM,merriami,4,Control,M,50
24873,1996,DO,ordii,9,Spectab exclosure,M,50
24874,1996,DM,merriami,14,Control,M,36
24875,1996,DM,merriami,9,Spectab exclosure,F,42
24876,1996,DM,merriami,9,Spectab exclosure,M,51
24877,1996,DM,merriami,8,Control,M,41
24878,1996,DM,merriami,4,Control,F,42
24879,1996,DO,ordii,3,Long-term Krat Exclosure,F,53
24880,1996,DM,merriami,4,Control,M,49
24881,1996,DM,merriami,4,Control,F,40
24882,1996,DO,ordii,11,Control,M,45
24884,1996,DO,ordii,3,Long-term Krat Exclosure,F,58
24885,1996,DO,ordii,8,Control,F,48
24887,1996,DM,merriami,11,Control,F,43
24889,1996,DM,merriami,14,Control,M,50
24890,1996,DO,ordii,11,Control,M,53
24891,1996,DM,merriami,8,Control,M,40
24892,1996,DM,merriami,16,Rodent Exclosure,F,35
24893,1996,DM,merriami,4,Control,M,40
24894,1996,DO,ordii,8,Control,M,25
24896,1996,DO,ordii,8,Control,M,54
24899,1996,DM,merriami,8,Control,F,38
24900,1996,DM,merriami,3,Long-term Krat Exclosure,M,40
24903,1996,DM,merriami,14,Control,M,36
24906,1996,DM,merriami,9,Spectab exclosure,F,41
24907,1996,DM,merriami,14,Control,M,45
24908,1996,DM,merriami,16,Rodent Exclosure,M,46
24909,1996,DM,merriami,4,Control,M,51
24910,1996,DM,merriami,9,Spectab exclosure,M,49
24911,1996,DO,ordii,8,Control,F,44
24913,1996,DM,merriami,16,Rodent Exclosure,F,39
24914,1996,DM,merriami,11,Control,M,52
24915,1996,DM,merriami,9,Spectab exclosure,F,42
24918,1996,DM,merriami,4,Control,M,51
24919,1996,DM,merriami,11,Control,F,39
24925,1997,DM,merriami,22,Control,F,43
24926,1997,DM,merriami,22,Control,M,51
24928,1997,DM,merriami,12,Control,M,47
24931,1997,DM,merriami,17,Control,M,53
24932,1997,DM,merriami,1,Spectab exclosure,F,39
24934,1997,DO,ordii,1,Spectab exclosure,F,47
24935,1997,DM,merriami,12,Control,F,49
24938,1997,DM,merriami,1,Spectab exclosure,M,42
24939,1997,DM,merriami,2,Control,M,44
24942,1997,DO,ordii,1,Spectab exclosure,M,47
24943,1997,DM,merriami,12,Control,M,44
24946,1997,DO,ordii,1,Spectab exclosure,F,32
24947,1997,DM,merriami,2,Control,M,50
24949,1997,DO,ordii,18,Short-term Krat Exclosure,M,27
24951,1997,DM,merriami,12,Control,M,40
24954,1997,DO,ordii,1,Spectab exclosure,M,55
24956,1997,DM,merriami,12,Control,M,36
24957,1997,DM,merriami,17,Control,M,48
24961,1997,DM,merriami,12,Control,M,42
24962,1997,DO,ordii,1,Spectab exclosure,M,45
24965,1997,DM,merriami,17,Control,M,43
24966,1997,DM,merriami,22,Control,M,41
24968,1997,DM,merriami,12,Control,F,42
24970,1997,DM,merriami,17,Control,F,38
24972,1997,DO,ordii,1,Spectab exclosure,M,51
24973,1997,DM,merriami,22,Control,F,42
24976,1997,DM,merriami,17,Control,M,50
24977,1997,DO,ordii,1,Spectab exclosure,F,50
24978,1997,DM,merriami,17,Control,F,42
24979,1997,DM,merriami,22,Control,F,20
24982,1997,DM,merriami,12,Control,M,49
24983,1997,DO,ordii,2,Control,M,35
24989,1997,DM,merriami,17,Control,M,49
24993,1997,DM,merriami,12,Control,M,51
24994,1997,DM,merriami,12,Control,F,52
24998,1997,DO,ordii,1,Spectab exclosure,M,56
25003,1997,DM,merriami,17,Control,M,41
25004,1997,DM,merriami,22,Control,F,40
25005,1997,DO,ordii,1,Spectab exclosure,M,49
25006,1997,DM,merriami,1,Spectab exclosure,F,37
25008,1997,DM,merriami,12,Control,M,45
25010,1997,DO,ordii,1,Spectab exclosure,F,47
25013,1997,DM,merriami,17,Control,F,46
25014,1997,DM,merriami,2,Control,M,49
25015,1997,DM,merriami,12,Control,M,51
25016,1997,DM,merriami,12,Control,M,40
25018,1997,DM,merriami,22,Control,F,35
25027,1997,DM,merriami,9,Spectab exclosure,M,45
25028,1997,DM,merriami,14,Control,F,43
25029,1997,DO,ordii,8,Control,M,50
25030,1997,DM,merriami,14,Control,F,45
25036,1997,DO,ordii,3,Long-term Krat Exclosure,F,52
25037,1997,DM,merriami,4,Control,M,51
25038,1997,DO,ordii,3,Long-term Krat Exclosure,F,57
25042,1997,DM,merriami,14,Control,M,57
25043,1997,DM,merriami,4,Control,F,40
25044,1997,DM,merriami,4,Control,M,53
25045,1997,DM,merriami,9,Spectab exclosure,F,52
25048,1997,DO,ordii,6,Short-term Krat Exclosure,M,48
25050,1997,DO,ordii,8,Control,F,48
25051,1997,DM,merriami,14,Control,M,47
25052,1997,DO,ordii,11,Control,M,57
25054,1997,DM,merriami,9,Spectab exclosure,M,47
25060,1997,DM,merriami,4,Control,M,48
25061,1997,DM,merriami,14,Control,M,39
25063,1997,DO,ordii,11,Control,M,51
25064,1997,DM,merriami,4,Control,M,45
25065,1997,DO,ordii,6,Short-term Krat Exclosure,F,46
25066,1997,DM,merriami,14,Control,M,49
25068,1997,DO,ordii,11,Control,F,56
25069,1997,DM,merriami,11,Control,M,43
25072,1997,DM,merriami,4,Control,M,56
25073,1997,DO,ordii,6,Short-term Krat Exclosure,M,55
25074,1997,DM,merriami,14,Control,M,37
25076,1997,DO,ordii,9,Spectab exclosure,F,57
25077,1997,DO,ordii,3,Long-term Krat Exclosure,M,49
25079,1997,DM,merriami,14,Control,M,47
25082,1997,DM,merriami,5,Rodent Exclosure,F,42
25086,1997,DO,ordii,8,Control,M,53
25087,1997,DM,merriami,14,Control,F,46
25088,1997,DM,merriami,5,Rodent Exclosure,M,53
25089,1997,DM,merriami,9,Spectab exclosure,M,54
25090,1997,DO,ordii,8,Control,F,48
25095,1997,DM,merriami,3,Long-term Krat Exclosure,M,47
25097,1997,DO,ordii,11,Control,M,46
25098,1997,DM,merriami,4,Control,F,47
25100,1997,DM,merriami,8,Control,M,39
25101,1997,DM,merriami,9,Spectab exclosure,F,37
25103,1997,DM,merriami,4,Control,F,46
25104,1997,DO,ordii,6,Short-term Krat Exclosure,M,52
25105,1997,DM,merriami,14,Control,M,49
25106,1997,DO,ordii,3,Long-term Krat Exclosure,M,52
25108,1997,DM,merriami,9,Spectab exclosure,F,43
25109,1997,DM,merriami,5,Rodent Exclosure,M,45
25110,1997,DO,ordii,3,Long-term Krat Exclosure,F,45
25115,1997,DM,merriami,8,Control,M,46
25116,1997,DM,merriami,16,Rodent Exclosure,M,51
25117,1997,DM,merriami,3,Long-term Krat Exclosure,F,39
25118,1997,DM,merriami,9,Spectab exclosure,M,47
25119,1997,DM,merriami,9,Spectab exclosure,F,41
25121,1997,DM,merriami,16,Rodent Exclosure,M,47
25123,1997,DM,merriami,4,Control,M,48
25127,1997,DO,ordii,11,Control,M,59
25128,1997,DM,merriami,9,Spectab exclosure,M,46
25130,1997,DM,merriami,16,Rodent Exclosure,M,50
25131,1997,DM,merriami,4,Control,M,47
25132,1997,DM,merriami,11,Control,M,47
25133,1997,DM,merriami,9,Spectab exclosure,F,43
25135,1997,DM,merriami,11,Control,F,41
25136,1997,DO,ordii,8,Control,M,51
25140,1997,DM,merriami,16,Rodent Exclosure,F,36
25142,1997,DO,ordii,6,Short-term Krat Exclosure,M,40
25143,1997,DM,merriami,11,Control,M,45
25144,1997,DO,ordii,9,Spectab exclosure,M,48
25145,1997,DM,merriami,8,Control,F,40
25150,1997,DO,ordii,6,Short-term Krat Exclosure,M,52
25151,1997,DM,merriami,8,Control,M,38
25153,1997,DM,merriami,14,Control,M,43
25154,1997,DM,merriami,3,Long-term Krat Exclosure,M,51
25155,1997,DM,merriami,4,Control,M,48
25156,1997,DM,merriami,11,Control,F,39
25157,1997,DM,merriami,9,Spectab exclosure,M,49
25159,1997,DO,ordii,2,Control,M,55
25164,1997,DM,merriami,2,Control,M,51
25165,1997,DM,merriami,17,Control,M,51
25172,1997,DM,merriami,22,Control,M,54
25175,1997,DM,merriami,2,Control,M,52
25176,1997,DM,merriami,22,Control,F,42
25177,1997,DM,merriami,17,Control,M,40
25181,1997,DM,merriami,2,Control,M,46
25183,1997,DM,merriami,2,Control,F,48
25186,1997,DM,merriami,17,Control,F,51
25187,1997,DO,ordii,1,Spectab exclosure,M,65
25188,1997,DM,merriami,17,Control,M,50
25190,1997,DM,merriami,22,Control,M,56
25191,1997,DM,merriami,22,Control,M,44
25193,1997,DM,merriami,2,Control,M,48
25195,1997,DM,merriami,12,Control,M,39
25197,1997,DM,merriami,2,Control,F,53
25200,1997,DM,merriami,22,Control,F,46
25204,1997,DM,merriami,17,Control,M,47
25205,1997,DO,ordii,1,Spectab exclosure,M,54
25207,1997,DM,merriami,17,Control,F,41
25208,1997,DM,merriami,22,Control,M,57
25210,1997,DO,ordii,1,Spectab exclosure,F,60
25211,1997,DM,merriami,2,Control,M,48
25214,1997,DM,merriami,2,Control,M,53
25215,1997,DM,merriami,12,Control,M,43
25217,1997,DM,merriami,2,Control,M,50
25220,1997,DM,merriami,22,Control,M,44
25221,1997,DO,ordii,1,Spectab exclosure,F,58
25223,1997,DM,merriami,17,Control,M,43
25225,1997,DM,merriami,17,Control,M,44
25227,1997,DM,merriami,22,Control,F,49
25231,1997,DM,merriami,1,Spectab exclosure,M,50
25232,1997,DM,merriami,12,Control,M,46
25235,1997,DM,merriami,22,Control,M,53
25236,1997,DM,merriami,12,Control,M,49
25240,1997,DM,merriami,17,Control,M,47
25242,1997,DO,ordii,1,Spectab exclosure,M,58
25243,1997,DM,merriami,17,Control,F,48
25250,1997,DO,ordii,1,Spectab exclosure,M,55
25251,1997,DM,merriami,22,Control,M,44
25253,1997,DO,ordii,1,Spectab exclosure,M,54
25254,1997,DM,merriami,12,Control,M,50
25257,1997,DO,ordii,2,Control,F,50
25258,1997,DM,merriami,12,Control,M,45
25262,1997,DM,merriami,12,Control,F,45
25267,1997,DM,merriami,17,Control,M,50
25268,1997,DM,merriami,22,Control,F,41
25270,1997,DO,ordii,1,Spectab exclosure,F,50
25272,1997,DM,merriami,22,Control,M,53
25273,1997,DO,ordii,1,Spectab exclosure,M,45
25274,1997,DO,ordii,1,Spectab exclosure,M,50
25275,1997,DM,merriami,12,Control,F,53
25276,1997,DM,merriami,17,Control,M,49
25281,1997,DO,ordii,2,Control,F,50
25285,1997,DO,ordii,2,Control,F,53
25286,1997,DM,merriami,12,Control,M,43
25289,1997,DO,ordii,3,Long-term Krat Exclosure,F,53
25291,1997,DM,merriami,14,Control,M,44
25295,1997,DM,merriami,14,Control,M,47
25299,1997,DO,ordii,8,Control,F,44
25303,1997,DM,merriami,14,Control,M,43
25305,1997,DM,merriami,14,Control,M,53
25308,1997,DM,merriami,9,Spectab exclosure,M,39
25310,1997,DO,ordii,11,Control,M,55
25312,1997,DM,merriami,14,Control,M,53
25315,1997,DM,merriami,4,Control,M,52
25316,1997,DO,ordii,9,Spectab exclosure,M,43
25318,1997,DO,ordii,3,Long-term Krat Exclosure,M,50
25322,1997,DM,merriami,4,Control,F,46
25323,1997,DM,merriami,9,Spectab exclosure,F,26
25324,1997,DM,merriami,4,Control,M,50
25326,1997,DM,merriami,9,Spectab exclosure,F,39
25329,1997,DM,merriami,14,Control,M,48
25330,1997,DM,merriami,14,Control,F,49
25331,1997,DM,merriami,9,Spectab exclosure,M,48
25333,1997,DM,merriami,14,Control,F,44
25336,1997,DO,ordii,6,Short-term Krat Exclosure,M,44
25337,1997,DM,merriami,11,Control,F,40
25339,1997,DM,merriami,14,Control,M,48
25341,1997,DO,ordii,8,Control,M,52
25342,1997,DM,merriami,14,Control,M,48
25345,1997,DO,ordii,11,Control,M,47
25346,1997,DO,ordii,4,Control,F,41
25349,1997,DM,merriami,4,Control,M,44
25350,1997,DM,merriami,16,Rodent Exclosure,F,47
25351,1997,DM,merriami,11,Control,M,43
25352,1997,DM,merriami,14,Control,F,33
25354,1997,DM,merriami,14,Control,M,42
25355,1997,DM,merriami,16,Rodent Exclosure,M,50
25357,1997,DO,ordii,8,Control,F,50
25358,1997,DM,merriami,14,Control,M,47
25359,1997,DM,merriami,16,Rodent Exclosure,M,50
25365,1997,DM,merriami,16,Rodent Exclosure,M,50
25366,1997,DO,ordii,8,Control,F,46
25368,1997,DO,ordii,8,Control,M,37
25369,1997,DO,ordii,8,Control,M,49
25374,1997,DM,merriami,8,Control,M,50
25375,1997,DM,merriami,14,Control,M,50
25376,1997,DM,merriami,16,Rodent Exclosure,F,38
25377,1997,DM,merriami,11,Control,M,52
25381,1997,DM,merriami,4,Control,M,51
25382,1997,DM,merriami,16,Rodent Exclosure,M,47
25383,1997,DM,merriami,4,Control,F,44
25385,1997,DO,ordii,3,Long-term Krat Exclosure,F,48
25386,1997,DM,merriami,3,Long-term Krat Exclosure,M,46
25388,1997,DM,merriami,9,Spectab exclosure,M,42
25390,1997,DM,merriami,14,Control,F,48
25393,1997,DM,merriami,4,Control,M,52
25394,1997,DM,merriami,11,Control,M,43
25395,1997,DM,merriami,9,Spectab exclosure,F,42
25396,1997,DM,merriami,8,Control,F,46
25397,1997,DM,merriami,14,Control,M,36
25400,1997,DM,merriami,3,Long-term Krat Exclosure,F,36
25401,1997,DM,merriami,9,Spectab exclosure,F,40
25403,1997,DM,merriami,16,Rodent Exclosure,M,44
25405,1997,DM,merriami,9,Spectab exclosure,M,49
25408,1997,DM,merriami,5,Rodent Exclosure,F,48
25415,1997,DM,merriami,12,Control,M,49
25421,1997,DM,merriami,1,Spectab exclosure,F,49
25422,1997,DM,merriami,2,Control,M,43
25423,1997,DM,merriami,12,Control,M,31
25426,1997,DM,merriami,17,Control,M,51
25439,1997,DM,merriami,17,Control,M,49
25443,1997,DM,merriami,12,Control,M,44
25446,1997,DM,merriami,2,Control,F,43
25450,1997,DM,merriami,22,Control,F,53
25454,1997,DM,merriami,12,Control,M,50
25461,1997,DM,merriami,17,Control,F,49
25462,1997,DO,ordii,2,Control,M,46
25471,1997,DM,merriami,17,Control,M,48
25473,1997,DO,ordii,1,Spectab exclosure,M,65
25478,1997,DM,merriami,12,Control,F,51
25479,1997,DO,ordii,1,Spectab exclosure,F,35
25485,1997,DM,merriami,17,Control,F,44
25496,1997,DM,merriami,22,Control,F,45
25498,1997,DM,merriami,12,Control,M,46
25500,1997,DO,ordii,1,Spectab exclosure,M,59
25505,1997,DO,ordii,1,Spectab exclosure,M,57
25508,1997,DM,merriami,22,Control,F,46
25509,1997,DO,ordii,1,Spectab exclosure,F,55
25510,1997,DM,merriami,12,Control,M,48
25516,1997,DM,merriami,17,Control,M,22
25524,1997,DM,merriami,1,Spectab exclosure,M,49
25525,1997,DM,merriami,12,Control,F,51
25528,1997,DO,ordii,1,Spectab exclosure,F,45
25531,1997,DM,merriami,17,Control,M,50
25534,1997,DM,merriami,12,Control,M,45
25535,1997,DM,merriami,12,Control,F,53
25537,1997,DO,ordii,1,Spectab exclosure,M,51
25542,1997,DM,merriami,12,Control,F,42
25551,1997,DO,ordii,1,Spectab exclosure,F,56
25554,1997,DM,merriami,17,Control,M,44
25555,1997,DO,ordii,1,Spectab exclosure,M,36
25556,1997,DM,merriami,12,Control,M,44
25563,1997,DO,ordii,11,Control,M,51
25565,1997,DM,merriami,4,Control,M,50
25567,1997,DO,ordii,9,Spectab exclosure,M,41
25568,1997,DO,ordii,11,Control,M,55
25571,1997,DO,ordii,3,Long-term Krat Exclosure,F,57
25572,1997,DM,merriami,4,Control,F,46
25575,1997,DM,merriami,14,Control,M,42
25578,1997,DO,ordii,8,Control,F,57
25579,1997,DM,merriami,14,Control,F,46
25584,1997,DO,ordii,9,Spectab exclosure,M,50
25589,1997,DM,merriami,14,Control,F,48
25593,1997,DM,merriami,9,Spectab exclosure,F,31
25595,1997,DO,ordii,6,Short-term Krat Exclosure,F,55
25597,1997,DM,merriami,14,Control,M,52
25604,1997,DM,merriami,14,Control,F,40
25605,1997,DM,merriami,11,Control,M,48
25607,1997,DM,merriami,14,Control,M,50
25610,1997,DO,ordii,4,Control,F,52
25613,1997,DO,ordii,8,Control,M,33
25614,1997,DM,merriami,4,Control,F,59
25615,1997,DM,merriami,9,Spectab exclosure,F,52
25617,1997,DO,ordii,3,Long-term Krat Exclosure,F,49
25618,1997,DM,merriami,4,Control,M,55
25621,1997,DM,merriami,14,Control,M,40
25623,1997,DM,merriami,9,Spectab exclosure,M,51
25627,1997,DM,merriami,14,Control,F,52
25634,1997,DO,ordii,6,Short-term Krat Exclosure,M,49
25636,1997,DO,ordii,8,Control,M,48
25639,1997,DO,ordii,3,Long-term Krat Exclosure,M,51
25642,1997,DM,merriami,4,Control,M,49
25645,1997,DM,merriami,8,Control,M,46
25646,1997,DM,merriami,14,Control,F,50
25650,1997,DO,ordii,8,Control,F,55
25656,1997,DO,ordii,8,Control,M,56
25658,1997,DM,merriami,11,Control,F,33
25659,1997,DM,merriami,3,Long-term Krat Exclosure,M,48
25661,1997,DM,merriami,14,Control,M,44
25669,1997,DM,merriami,14,Control,M,45
25670,1997,DM,merriami,4,Control,M,50
25672,1997,DM,merriami,14,Control,F,54
25679,1997,DM,merriami,9,Spectab exclosure,M,49
25680,1997,DM,merriami,14,Control,M,47
25692,1997,DM,merriami,12,Control,F,48
25693,1997,DM,merriami,17,Control,M,48
25702,1997,DM,merriami,12,Control,M,48
25708,1997,DM,merriami,17,Control,M,37
25713,1997,DM,merriami,1,Spectab exclosure,F,44
25718,1997,DM,merriami,17,Control,M,47
25720,1997,DM,merriami,2,Control,M,49
25731,1997,DM,merriami,17,Control,M,49
25734,1997,DO,ordii,2,Control,M,52
25735,1997,DM,merriami,12,Control,F,54
25739,1997,DM,merriami,12,Control,M,42
25741,1997,DM,merriami,22,Control,M,50
25742,1997,DM,merriami,22,Control,F,49
25743,1997,DO,ordii,1,Spectab exclosure,M,52
25760,1997,DO,ordii,1,Spectab exclosure,M,56
25765,1997,DO,ordii,1,Spectab exclosure,F,49
25767,1997,DM,merriami,17,Control,M,33
25774,1997,DM,merriami,17,Control,F,43
25776,1997,DO,ordii,1,Spectab exclosure,F,50
25777,1997,DO,ordii,12,Control,F,54
25780,1997,DM,merriami,12,Control,F,36
25785,1997,DM,merriami,12,Control,M,45
25789,1997,DO,ordii,1,Spectab exclosure,F,50
25792,1997,DM,merriami,17,Control,M,42
25795,1997,DM,merriami,22,Control,F,46
25797,1997,DO,ordii,1,Spectab exclosure,M,32
25802,1997,DM,merriami,12,Control,F,48
25804,1997,DO,ordii,1,Spectab exclosure,F,47
25806,1997,DM,merriami,17,Control,M,49
25813,1997,DO,ordii,2,Control,M,47
25816,1997,DO,ordii,17,Control,F,50
25830,1997,DM,merriami,17,Control,F,40
25834,1997,DO,ordii,17,Control,F,46
25837,1997,DO,ordii,12,Control,M,59
25840,1997,DO,ordii,12,Control,M,44
25845,1997,DO,ordii,3,Long-term Krat Exclosure,F,63
25846,1997,DM,merriami,14,Control,M,41
25851,1997,DO,ordii,8,Control,M,52
25853,1997,DM,merriami,14,Control,F,47
25856,1997,DM,merriami,8,Control,M,48
25861,1997,DM,merriami,4,Control,M,52
25863,1997,DO,ordii,11,Control,M,50
25864,1997,DO,ordii,11,Control,F,67
25865,1997,DO,ordii,9,Spectab exclosure,M,46
25866,1997,DO,ordii,8,Control,F,26
25868,1997,DM,merriami,9,Spectab exclosure,F,44
25870,1997,DO,ordii,8,Control,M,51
25878,1997,DO,ordii,6,Short-term Krat Exclosure,M,46
25879,1997,DM,merriami,14,Control,M,40
25881,1997,DO,ordii,3,Long-term Krat Exclosure,M,45
25882,1997,DM,merriami,14,Control,M,52
25885,1997,DM,merriami,9,Spectab exclosure,F,36
25889,1997,DM,merriami,9,Spectab exclosure,M,44
25894,1997,DO,ordii,6,Short-term Krat Exclosure,F,50
25896,1997,DM,merriami,14,Control,F,40
25897,1997,DO,ordii,3,Long-term Krat Exclosure,F,46
25898,1997,DM,merriami,11,Control,F,50
25901,1997,DM,merriami,14,Control,F,44
25904,1997,DO,ordii,8,Control,F,64
25907,1997,DM,merriami,4,Control,F,58
25908,1997,DM,merriami,11,Control,M,56
25909,1997,DM,merriami,14,Control,M,49
25911,1997,DM,merriami,4,Control,M,50
25912,1997,DO,ordii,9,Spectab exclosure,M,49
25917,1997,DM,merriami,3,Long-term Krat Exclosure,M,45
25919,1997,DM,merriami,9,Spectab exclosure,M,49
25920,1997,DM,merriami,14,Control,M,46
25923,1997,DM,merriami,11,Control,F,49
25924,1997,DO,ordii,8,Control,M,54
25925,1997,DM,merriami,4,Control,F,48
25929,1997,DM,merriami,14,Control,M,44
25939,1997,DO,ordii,3,Long-term Krat Exclosure,M,50
25944,1997,DM,merriami,2,Control,M,46
25945,1997,DO,ordii,3,Long-term Krat Exclosure,M,48
25946,1997,DM,merriami,4,Control,M,52
25947,1997,DM,merriami,4,Control,F,42
25963,1997,DO,ordii,6,Short-term Krat Exclosure,F,48
25972,1997,DO,ordii,1,Spectab exclosure,M,57
25976,1997,DO,ordii,1,Spectab exclosure,M,49
25980,1997,DO,ordii,1,Spectab exclosure,F,49
25981,1997,DO,ordii,3,Long-term Krat Exclosure,M,45
25982,1997,DM,merriami,4,Control,M,49
25984,1997,DO,ordii,6,Short-term Krat Exclosure,M,45
25985,1997,DO,ordii,3,Long-term Krat Exclosure,F,49
25987,1997,DM,merriami,4,Control,M,42
25988,1997,DM,merriami,4,Control,M,50
26007,1997,DO,ordii,2,Control,M,48
26011,1997,DM,merriami,4,Control,F,43
26016,1997,DM,merriami,4,Control,M,48
26017,1997,DO,ordii,6,Short-term Krat Exclosure,F,29
26019,1997,DO,ordii,1,Spectab exclosure,M,48
26023,1997,DM,merriami,3,Long-term Krat Exclosure,M,46
26029,1997,DM,merriami,4,Control,M,43
26033,1997,DO,ordii,1,Spectab exclosure,F,47
26034,1997,DO,ordii,2,Control,M,47
26037,1997,DO,ordii,9,Spectab exclosure,M,47
26039,1997,DO,ordii,12,Control,M,40
26045,1997,DO,ordii,12,Control,M,59
26046,1997,DM,merriami,17,Control,M,42
26050,1997,DO,ordii,8,Control,M,52
26054,1997,DM,merriami,9,Spectab exclosure,F,36
26060,1997,DM,merriami,17,Control,M,50
26061,1997,DM,merriami,12,Control,F,44
26062,1997,DM,merriami,17,Control,F,43
26067,1997,DM,merriami,12,Control,M,45
26072,1997,DO,ordii,11,Control,M,48
26076,1997,DM,merriami,11,Control,F,44
26077,1997,DM,merriami,12,Control,M,42
26079,1997,DM,merriami,17,Control,M,47
26082,1997,DM,merriami,12,Control,M,43
26083,1997,DM,merriami,9,Spectab exclosure,M,49
26088,1997,DO,ordii,8,Control,M,48
26090,1997,DM,merriami,17,Control,M,31
26092,1997,DM,merriami,17,Control,F,38
26099,1997,DO,ordii,8,Control,M,26
26103,1997,DO,ordii,8,Control,M,52
26107,1997,DM,merriami,8,Control,M,44
26108,1997,DM,merriami,17,Control,M,36
26111,1997,DM,merriami,17,Control,M,44
26113,1997,DM,merriami,12,Control,F,43
26120,1997,DM,merriami,12,Control,M,48
26121,1997,DM,merriami,17,Control,M,49
26125,1997,DM,merriami,12,Control,F,49
26126,1997,DM,merriami,12,Control,F,27
26127,1997,DM,merriami,11,Control,M,49
26129,1997,DM,merriami,8,Control,F,44
26131,1997,DO,ordii,17,Control,F,42
26132,1997,DM,merriami,11,Control,F,42
26137,1997,DM,merriami,9,Spectab exclosure,F,45
26138,1997,DO,ordii,8,Control,F,44
26142,1997,DM,merriami,14,Control,F,44
26144,1997,DM,merriami,22,Control,M,34
26165,1997,DM,merriami,14,Control,M,39
26167,1997,DM,merriami,22,Control,M,49
26172,1997,DM,merriami,22,Control,M,47
26173,1997,DM,merriami,14,Control,M,53
26177,1997,DM,merriami,22,Control,F,41
26182,1997,DM,merriami,22,Control,M,47
26185,1997,DM,merriami,14,Control,M,40
26191,1997,DM,merriami,14,Control,F,41
26202,1997,DM,merriami,22,Control,F,44
26213,1997,DM,merriami,14,Control,F,51
26214,1997,DM,merriami,14,Control,F,39
26218,1997,DM,merriami,14,Control,M,43
26228,1997,DM,merriami,14,Control,M,44
26230,1997,DM,merriami,14,Control,F,46
26234,1997,DM,merriami,22,Control,F,47
26237,1997,DO,ordii,11,Control,M,44
26238,1997,DM,merriami,1,Spectab exclosure,F,41
26246,1997,DM,merriami,17,Control,M,48
26247,1997,DO,ordii,11,Control,M,34
26250,1997,DO,ordii,6,Short-term Krat Exclosure,F,50
26254,1997,DM,merriami,22,Control,M,37
26257,1997,DO,ordii,8,Control,F,49
26259,1997,DM,merriami,2,Control,M,44
26260,1997,DO,ordii,3,Long-term Krat Exclosure,M,48
26265,1997,DM,merriami,4,Control,M,49
26266,1997,DO,ordii,6,Short-term Krat Exclosure,F,34
26269,1997,DM,merriami,12,Control,F,44
26270,1997,DO,ordii,8,Control,M,28
26272,1997,DM,merriami,14,Control,M,39
26275,1997,DM,merriami,12,Control,M,39
26276,1997,DM,merriami,4,Control,F,30
26289,1997,DM,merriami,8,Control,M,31
26293,1997,DM,merriami,9,Spectab exclosure,F,37
26294,1997,DO,ordii,1,Spectab exclosure,M,36
26303,1997,DO,ordii,9,Spectab exclosure,M,48
26304,1997,DS,spectabilis,2,Control,F,113
26309,1997,DM,merriami,1,Spectab exclosure,F,28
26311,1997,DM,merriami,4,Control,F,42
26317,1997,DM,merriami,22,Control,M,50
26318,1997,DM,merriami,17,Control,M,41
26322,1997,DO,ordii,2,Control,F,46
26324,1997,DM,merriami,4,Control,M,48
26328,1997,DM,merriami,22,Control,M,45
26329,1997,DM,merriami,17,Control,M,46
26330,1997,DM,merriami,12,Control,F,31
26344,1997,DM,merriami,14,Control,M,48
26347,1997,DO,ordii,8,Control,M,38
26360,1997,DO,ordii,6,Short-term Krat Exclosure,M,47
26362,1997,DM,merriami,22,Control,F,41
26363,1997,DM,merriami,17,Control,F,41
26365,1997,DM,merriami,9,Spectab exclosure,F,41
26377,1997,DO,ordii,4,Control,F,47
26381,1997,DM,merriami,22,Control,F,40
26382,1997,DM,merriami,17,Control,F,39
26383,1997,DO,ordii,1,Spectab exclosure,F,44
26388,1997,DM,merriami,12,Control,M,42
26395,1997,DO,ordii,8,Control,M,46
26397,1997,DM,merriami,14,Control,M,40
26400,1997,DM,merriami,11,Control,F,43
26413,1997,DM,merriami,9,Spectab exclosure,M,47
26415,1997,DO,ordii,3,Long-term Krat Exclosure,M,44
26419,1997,DM,merriami,4,Control,M,48
26422,1997,DM,merriami,9,Spectab exclosure,M,47
26433,1997,DM,merriami,14,Control,M,46
26434,1997,DO,ordii,12,Control,M,32
26435,1997,DO,ordii,1,Spectab exclosure,M,53
26443,1997,DO,ordii,8,Control,M,49
26445,1997,DO,ordii,1,Spectab exclosure,M,38
26451,1997,DM,merriami,12,Control,F,45
26453,1997,DO,ordii,8,Control,F,42
26458,1997,DM,merriami,11,Control,M,51
26460,1997,DO,ordii,2,Control,M,46
26473,1997,DO,ordii,11,Control,M,42
26478,1997,DM,merriami,4,Control,F,42
26482,1997,DO,ordii,17,Control,M,40
26483,1997,DM,merriami,12,Control,F,42
26491,1997,DM,merriami,14,Control,M,42
26496,1997,DO,ordii,1,Spectab exclosure,M,48
26497,1997,DM,merriami,4,Control,M,49
26500,1997,DM,merriami,12,Control,M,47
26501,1997,DM,merriami,8,Control,M,42
26502,1997,DM,merriami,3,Long-term Krat Exclosure,M,46
26512,1997,DM,merriami,22,Control,M,46
26513,1997,DM,merriami,12,Control,F,44
26514,1997,DO,ordii,8,Control,M,34
26522,1997,DO,ordii,12,Control,M,40
26527,1997,DM,merriami,11,Control,F,41
26534,1997,DM,merriami,14,Control,F,37
26538,1997,DM,merriami,9,Spectab exclosure,M,49
26541,1997,DM,merriami,17,Control,M,39
26542,1997,DO,ordii,12,Control,M,44
26545,1997,DM,merriami,1,Spectab exclosure,F,44
26548,1997,DM,merriami,17,Control,M,49
26556,1997,DM,merriami,1,Spectab exclosure,F,32
26560,1997,DM,merriami,22,Control,M,51
26561,1997,DO,ordii,2,Control,F,47
26563,1997,DM,merriami,22,Control,M,36
26564,1997,DO,ordii,1,Spectab exclosure,M,42
26566,1997,DM,merriami,17,Control,M,45
26567,1997,DM,merriami,2,Control,M,47
26571,1997,DS,spectabilis,2,Control,F,118
26572,1997,DM,merriami,12,Control,M,34
26574,1997,DM,merriami,17,Control,M,43
26588,1997,DM,merriami,17,Control,F,42
26592,1997,DM,merriami,22,Control,F,49
26593,1997,DO,ordii,1,Spectab exclosure,M,55
26594,1997,DM,merriami,12,Control,M,42
26596,1997,DM,merriami,22,Control,M,56
26599,1997,DO,ordii,1,Spectab exclosure,F,47
26600,1997,DM,merriami,17,Control,M,38
26603,1997,DM,merriami,12,Control,M,43
26619,1997,DO,ordii,12,Control,M,36
26626,1997,DM,merriami,22,Control,F,40
26633,1997,DO,ordii,2,Control,M,49
26642,1997,DM,merriami,17,Control,M,51
26646,1997,DM,merriami,12,Control,F,45
26650,1997,DM,merriami,12,Control,M,47
26652,1997,DM,merriami,12,Control,M,36
26655,1997,DO,ordii,12,Control,F,44
26663,1997,DO,ordii,3,Long-term Krat Exclosure,M,50
26666,1997,DO,ordii,9,Spectab exclosure,M,52
26667,1997,DM,merriami,8,Control,M,33
26670,1997,DM,merriami,4,Control,M,51
26675,1997,DM,merriami,4,Control,F,45
26676,1997,DO,ordii,11,Control,F,52
26682,1997,DO,ordii,11,Control,F,41
26686,1997,DM,merriami,14,Control,M,38
26688,1997,DO,ordii,6,Short-term Krat Exclosure,F,38
26691,1997,DM,merriami,14,Control,M,39
26693,1997,DO,ordii,6,Short-term Krat Exclosure,M,52
26702,1997,DO,ordii,6,Short-term Krat Exclosure,F,50
26703,1997,DM,merriami,9,Spectab exclosure,M,49
26713,1997,DM,merriami,9,Spectab exclosure,F,38
26719,1997,DO,ordii,8,Control,M,51
26726,1997,DM,merriami,8,Control,M,44
26727,1997,DM,merriami,14,Control,F,39
26728,1997,DM,merriami,4,Control,M,49
26729,1997,DM,merriami,11,Control,F,41
26731,1997,DM,merriami,14,Control,M,46
26735,1997,DM,merriami,14,Control,F,39
26736,1997,DM,merriami,4,Control,M,43
26742,1997,DM,merriami,4,Control,M,49
26743,1997,DM,merriami,11,Control,F,44
26748,1997,DO,ordii,8,Control,F,47
26750,1997,DM,merriami,14,Control,M,49
26754,1997,DM,merriami,11,Control,M,53
26755,1997,DM,merriami,9,Spectab exclosure,M,47
26757,1997,DM,merriami,14,Control,M,44
26759,1997,DO,ordii,8,Control,M,38
26760,1997,DO,ordii,3,Long-term Krat Exclosure,M,47
26768,1997,DM,merriami,4,Control,F,44
26771,1997,DO,ordii,8,Control,M,53
26773,1997,DM,merriami,2,Control,M,49
26775,1997,DM,merriami,22,Control,F,42
26786,1997,DM,merriami,22,Control,M,55
26790,1997,DM,merriami,17,Control,M,48
26792,1997,DS,spectabilis,2,Control,F,113
26794,1997,DM,merriami,1,Spectab exclosure,F,45
26798,1997,DO,ordii,2,Control,M,51
26799,1997,DM,merriami,12,Control,M,45
26805,1997,DM,merriami,17,Control,M,43
26806,1997,DM,merriami,17,Control,F,49
26807,1997,DM,merriami,22,Control,F,45
26809,1997,DM,merriami,22,Control,F,45
26813,1997,DO,ordii,1,Spectab exclosure,F,47
26820,1997,DO,ordii,1,Spectab exclosure,M,59
26832,1997,DM,merriami,12,Control,M,45
26834,1997,DO,ordii,2,Control,M,58
26835,1997,DO,ordii,12,Control,M,45
26841,1997,DM,merriami,17,Control,M,47
26844,1997,DO,ordii,1,Spectab exclosure,F,47
26850,1997,DM,merriami,17,Control,F,40
26851,1997,DM,merriami,12,Control,F,46
26861,1997,DM,merriami,22,Control,M,48
26866,1997,DO,ordii,17,Control,M,53
26875,1997,DM,merriami,4,Control,F,42
26876,1997,DM,merriami,8,Control,F,34
26877,1997,DM,merriami,14,Control,F,46
26883,1997,DM,merriami,14,Control,M,54
26886,1997,DO,ordii,9,Spectab exclosure,M,52
26887,1997,DM,merriami,4,Control,M,50
26890,1997,DM,merriami,4,Control,F,44
26895,1997,DM,merriami,4,Control,M,43
26896,1997,DM,merriami,4,Control,M,53
26899,1997,DM,merriami,9,Spectab exclosure,F,39
26904,1997,DO,ordii,8,Control,M,50
26911,1997,DM,merriami,9,Spectab exclosure,M,50
26914,1997,DO,ordii,8,Control,F,46
26916,1997,DM,merriami,14,Control,M,48
26918,1997,DM,merriami,14,Control,M,42
26919,1997,DO,ordii,3,Long-term Krat Exclosure,M,46
26922,1997,DM,merriami,8,Control,M,44
26923,1997,DM,merriami,4,Control,M,51
26928,1997,DO,ordii,3,Long-term Krat Exclosure,M,46
26929,1997,DO,ordii,8,Control,M,45
26930,1997,DM,merriami,14,Control,M,48
26932,1997,DM,merriami,4,Control,M,48
26933,1997,DO,ordii,6,Short-term Krat Exclosure,M,51
26946,1997,DO,ordii,6,Short-term Krat Exclosure,F,50
26948,1997,DO,ordii,11,Control,F,51
26951,1997,DO,ordii,11,Control,M,51
26952,1997,DM,merriami,11,Control,M,54
26953,1997,DM,merriami,11,Control,F,44
26955,1997,DO,ordii,11,Control,M,47
26957,1997,DM,merriami,17,Control,F,43
26958,1997,DM,merriami,22,Control,M,50
26959,1997,DM,merriami,1,Spectab exclosure,F,39
26973,1997,DO,ordii,2,Control,M,49
26977,1997,DO,ordii,1,Spectab exclosure,M,54
26980,1997,DS,spectabilis,2,Control,F,108
26983,1997,DM,merriami,22,Control,F,41
26986,1997,DM,merriami,22,Control,M,39
26988,1997,DM,merriami,12,Control,M,42
26991,1997,DM,merriami,17,Control,M,46
26996,1997,DM,merriami,17,Control,F,45
27000,1997,DM,merriami,12,Control,M,40
27003,1997,DM,merriami,17,Control,F,38
27005,1997,DM,merriami,2,Control,M,47
27016,1997,DO,ordii,1,Spectab exclosure,F,45
27019,1997,DO,ordii,1,Spectab exclosure,F,45
27022,1997,DM,merriami,22,Control,F,42
27026,1997,DM,merriami,17,Control,F,45
27027,1997,DM,merriami,17,Control,M,47
27028,1997,DM,merriami,12,Control,M,43
27035,1997,DM,merriami,12,Control,F,42
27039,1997,DO,ordii,17,Control,M,45
27043,1997,DM,merriami,12,Control,F,42
27044,1997,DM,merriami,12,Control,M,46
27056,1997,DO,ordii,9,Spectab exclosure,F,54
27057,1997,DM,merriami,4,Control,M,38
27060,1997,DO,ordii,8,Control,M,52
27062,1997,DM,merriami,14,Control,F,44
27064,1997,DO,ordii,8,Control,F,47
27066,1997,DO,ordii,11,Control,F,48
27072,1997,DM,merriami,8,Control,F,34
27073,1997,DM,merriami,11,Control,F,43
27075,1997,DO,ordii,8,Control,F,49
27077,1997,DM,merriami,9,Spectab exclosure,F,36
27078,1997,DM,merriami,14,Control,M,50
27079,1997,DM,merriami,14,Control,M,48
27080,1997,DM,merriami,8,Control,M,42
27081,1997,DM,merriami,14,Control,M,44
27083,1997,DM,merriami,4,Control,M,47
27084,1997,DO,ordii,6,Short-term Krat Exclosure,M,49
27085,1997,DM,merriami,4,Control,F,40
27086,1997,DM,merriami,4,Control,M,49
27087,1997,DO,ordii,9,Spectab exclosure,M,51
27088,1997,DM,merriami,4,Control,F,44
27092,1997,DO,ordii,3,Long-term Krat Exclosure,M,45
27093,1997,DM,merriami,9,Spectab exclosure,M,49
27096,1997,DM,merriami,14,Control,M,38
27098,1997,DM,merriami,14,Control,M,43
27099,1997,DM,merriami,8,Control,M,38
27101,1997,DM,merriami,14,Control,F,47
27103,1997,DM,merriami,9,Spectab exclosure,M,45
27104,1997,DM,merriami,14,Control,M,44
27108,1997,DO,ordii,6,Short-term Krat Exclosure,F,52
27109,1997,DM,merriami,11,Control,M,48
27110,1997,DM,merriami,14,Control,M,46
27111,1997,DO,ordii,3,Long-term Krat Exclosure,M,46
27116,1997,DM,merriami,14,Control,F,44
27129,1997,DM,merriami,4,Control,F,43
27130,1997,DM,merriami,1,Spectab exclosure,F,38
27131,1997,DM,merriami,22,Control,M,47
27133,1997,DO,ordii,11,Control,M,50
27134,1997,DM,merriami,17,Control,M,47
27136,1997,DM,merriami,11,Control,M,48
27138,1997,DO,ordii,9,Spectab exclosure,F,47
27139,1997,DM,merriami,14,Control,F,43
27141,1997,DM,merriami,17,Control,M,47
27145,1997,DO,ordii,3,Long-term Krat Exclosure,M,46
27148,1997,DM,merriami,12,Control,M,45
27151,1997,DO,ordii,8,Control,F,50
27153,1997,DM,merriami,17,Control,M,48
27158,1997,DM,merriami,8,Control,F,36
27162,1997,DO,ordii,8,Control,M,50
27163,1997,DS,spectabilis,2,Control,F,103
27164,1997,DM,merriami,4,Control,M,44
27168,1997,DO,ordii,2,Control,M,42
27169,1997,DM,merriami,12,Control,F,40
27172,1997,DM,merriami,14,Control,M,40
27173,1997,DM,merriami,17,Control,M,42
27177,1997,DM,merriami,14,Control,M,39
27186,1997,DM,merriami,4,Control,M,51
27187,1997,DM,merriami,9,Spectab exclosure,M,44
27189,1997,DM,merriami,12,Control,M,41
27191,1997,DO,ordii,1,Spectab exclosure,M,48
27195,1997,DM,merriami,4,Control,M,47
27196,1997,DM,merriami,12,Control,M,41
27198,1997,DM,merriami,11,Control,F,43
27199,1997,DO,ordii,9,Spectab exclosure,M,48
27200,1997,DO,ordii,2,Control,M,48
27201,1997,DM,merriami,12,Control,M,42
27204,1997,DM,merriami,4,Control,M,48
27205,1997,DM,merriami,12,Control,F,42
27206,1997,DM,merriami,17,Control,F,45
27207,1997,DM,merriami,9,Spectab exclosure,F,37
27208,1997,DM,merriami,12,Control,M,42
27211,1997,DO,ordii,6,Short-term Krat Exclosure,F,49
27212,1997,DM,merriami,2,Control,M,43
27216,1997,DM,merriami,4,Control,F,43
27220,1997,DO,ordii,1,Spectab exclosure,M,52
27223,1997,DM,merriami,4,Control,F,45
27227,1997,DO,ordii,1,Spectab exclosure,F,50
27229,1997,DM,merriami,14,Control,M,45
27230,1997,DM,merriami,17,Control,F,46
27232,1997,DM,merriami,14,Control,F,44
27235,1997,DM,merriami,14,Control,M,45
27236,1997,DO,ordii,1,Spectab exclosure,M,50
27240,1997,DM,merriami,2,Control,F,44
27241,1997,DM,merriami,17,Control,F,40
27243,1997,DM,merriami,8,Control,M,42
27245,1997,DO,ordii,2,Control,M,51
27248,1997,DM,merriami,8,Control,M,41
27251,1997,DM,merriami,12,Control,F,47
27252,1997,DM,merriami,9,Spectab exclosure,M,47
27254,1997,DM,merriami,12,Control,M,44
27261,1997,DM,merriami,22,Control,F,40
27264,1997,DM,merriami,1,Spectab exclosure,F,45
27267,1997,DO,ordii,3,Long-term Krat Exclosure,M,45
27268,1997,DO,ordii,8,Control,F,42
27269,1997,DM,merriami,12,Control,F,42
27271,1997,DO,ordii,1,Spectab exclosure,F,44
27277,1997,DM,merriami,22,Control,F,38
27279,1997,DM,merriami,11,Control,F,45
27286,1997,DO,ordii,11,Control,F,43
27287,1997,DM,merriami,11,Control,M,52
27292,1997,DM,merriami,4,Control,M,43
27293,1997,DM,merriami,2,Control,M,45
27295,1997,DM,merriami,22,Control,M,49
27297,1997,DM,merriami,1,Spectab exclosure,F,39
27298,1997,DO,ordii,1,Spectab exclosure,M,56
27299,1997,DM,merriami,17,Control,F,44
27302,1997,DM,merriami,17,Control,M,46
27304,1997,DM,merriami,12,Control,M,40
27305,1997,DM,merriami,22,Control,F,36
27306,1997,DS,spectabilis,2,Control,F,111
27311,1997,DM,merriami,17,Control,M,44
27313,1997,DM,merriami,22,Control,F,41
27315,1997,DM,merriami,22,Control,F,42
27317,1997,DM,merriami,17,Control,M,45
27321,1997,DO,ordii,2,Control,M,50
27322,1997,DM,merriami,17,Control,F,39
27333,1997,DM,merriami,12,Control,F,41
27335,1997,DO,ordii,1,Spectab exclosure,F,43
27338,1997,DM,merriami,12,Control,M,43
27341,1997,DM,merriami,17,Control,F,38
27342,1997,DM,merriami,17,Control,F,43
27344,1997,DO,ordii,1,Spectab exclosure,M,49
27353,1997,DO,ordii,1,Spectab exclosure,F,45
27358,1997,DM,merriami,4,Control,M,45
27359,1997,DM,merriami,14,Control,M,50
27362,1997,DO,ordii,9,Spectab exclosure,M,46
27364,1997,DO,ordii,8,Control,F,49
27366,1997,DM,merriami,8,Control,F,35
27368,1997,DO,ordii,3,Long-term Krat Exclosure,M,48
27369,1997,DO,ordii,11,Control,F,44
27370,1997,DM,merriami,4,Control,M,45
27371,1997,DM,merriami,11,Control,F,39
27372,1997,DM,merriami,14,Control,F,42
27376,1997,DO,ordii,6,Short-term Krat Exclosure,M,53
27378,1997,DM,merriami,14,Control,M,39
27380,1997,DO,ordii,3,Long-term Krat Exclosure,M,44
27384,1997,DM,merriami,4,Control,M,40
27385,1997,DM,merriami,11,Control,F,44
27387,1997,DM,merriami,9,Spectab exclosure,M,45
27388,1997,DM,merriami,9,Spectab exclosure,F,37
27389,1997,DM,merriami,8,Control,M,42
27391,1997,DM,merriami,14,Control,F,46
27392,1997,DM,merriami,14,Control,M,45
27395,1997,DM,merriami,4,Control,F,44
27396,1997,DM,merriami,8,Control,F,36
27397,1997,DM,merriami,14,Control,F,43
27398,1997,DO,ordii,8,Control,M,53
27399,1997,DM,merriami,8,Control,F,43
27400,1997,DM,merriami,14,Control,M,44
27403,1997,DM,merriami,4,Control,F,44
27404,1997,DO,ordii,8,Control,F,43
27406,1997,DM,merriami,14,Control,M,44
27408,1997,DO,ordii,8,Control,F,45
27409,1997,DO,ordii,9,Spectab exclosure,F,51
27414,1998,DM,merriami,12,Control,F,41
27415,1998,DM,merriami,12,Control,M,43
27416,1998,DM,merriami,12,Control,F,41
27424,1998,DM,merriami,12,Control,M,41
27425,1998,DM,merriami,1,Spectab exclosure,M,39
27426,1998,DS,spectabilis,2,Control,F,122
27427,1998,DM,merriami,17,Control,F,45
27429,1998,DM,merriami,22,Control,F,41
27430,1998,DM,merriami,12,Control,F,42
27432,1998,DM,merriami,12,Control,M,42
27434,1998,DO,ordii,2,Control,M,52
27435,1998,DM,merriami,12,Control,F,44
27436,1998,DM,merriami,17,Control,M,46
27437,1998,DM,merriami,12,Control,F,43
27439,1998,DO,ordii,1,Spectab exclosure,F,46
27442,1998,DM,merriami,12,Control,F,40
27443,1998,DM,merriami,17,Control,M,47
27444,1998,DM,merriami,2,Control,F,41
27447,1998,DM,merriami,17,Control,F,39
27449,1998,DM,merriami,12,Control,M,42
27453,1998,DO,ordii,1,Spectab exclosure,M,57
27454,1998,DM,merriami,22,Control,F,39
27457,1998,DM,merriami,22,Control,M,42
27458,1998,DM,merriami,2,Control,M,46
27464,1998,DM,merriami,12,Control,M,43
27466,1998,DM,merriami,1,Spectab exclosure,F,42
27467,1998,DO,ordii,2,Control,F,53
27468,1998,DM,merriami,22,Control,M,44
27471,1998,DM,merriami,17,Control,F,43
27478,1998,DM,merriami,11,Control,F,40
27480,1998,DO,ordii,8,Control,F,48
27482,1998,DM,merriami,4,Control,M,44
27485,1998,DM,merriami,14,Control,M,49
27486,1998,DM,merriami,8,Control,F,40
27487,1998,DM,merriami,8,Control,M,48
27488,1998,DO,ordii,9,Spectab exclosure,F,52
27490,1998,DM,merriami,4,Control,M,51
27491,1998,DO,ordii,4,Control,M,52
27493,1998,DO,ordii,8,Control,M,56
27494,1998,DO,ordii,8,Control,M,51
27497,1998,DM,merriami,11,Control,F,42
27499,1998,DO,ordii,11,Control,F,43
27501,1998,DM,merriami,8,Control,M,45
27502,1998,DM,merriami,14,Control,M,47
27503,1998,DM,merriami,14,Control,F,44
27504,1998,DM,merriami,4,Control,F,44
27506,1998,DM,merriami,14,Control,F,41
27508,1998,DM,merriami,14,Control,M,49
27509,1998,DM,merriami,4,Control,M,43
27511,1998,DM,merriami,11,Control,M,41
27512,1998,DM,merriami,14,Control,M,45
27513,1998,DM,merriami,4,Control,M,49
27517,1998,DM,merriami,4,Control,M,40
27518,1998,DM,merriami,14,Control,F,42
27519,1998,DM,merriami,8,Control,F,43
27522,1998,DM,merriami,4,Control,M,43
27523,1998,DM,merriami,9,Spectab exclosure,M,35
27524,1998,DM,merriami,14,Control,M,42
27525,1998,DO,ordii,3,Long-term Krat Exclosure,M,50
27526,1998,DM,merriami,11,Control,F,40
27529,1998,DM,merriami,4,Control,F,43
27531,1998,DM,merriami,8,Control,F,41
27532,1998,DM,merriami,14,Control,M,44
27536,1998,DO,ordii,8,Control,F,46
27539,1998,DM,merriami,14,Control,F,45
27540,1998,DM,merriami,8,Control,M,41
27541,1998,DO,ordii,3,Long-term Krat Exclosure,M,41
27684,1998,DM,merriami,12,Control,F,47
27685,1998,DM,merriami,1,Spectab exclosure,F,45
27686,1998,DM,merriami,2,Control,M,43
27687,1998,DM,merriami,17,Control,F,46
27688,1998,DM,merriami,17,Control,F,37
27689,1998,DM,merriami,22,Control,M,44
27691,1998,DM,merriami,12,Control,M,47
27695,1998,DM,merriami,17,Control,F,38
27696,1998,DM,merriami,17,Control,M,56
27699,1998,DM,merriami,17,Control,M,49
27700,1998,DM,merriami,17,Control,M,43
27701,1998,DM,merriami,2,Control,M,45
27702,1998,DM,merriami,2,Control,M,48
27703,1998,DM,merriami,22,Control,F,44
27704,1998,DM,merriami,2,Control,M,44
27705,1998,DM,merriami,12,Control,M,48
27708,1998,DM,merriami,12,Control,F,51
27709,1998,DM,merriami,22,Control,M,50
27712,1998,DO,ordii,1,Spectab exclosure,F,50
27713,1998,DM,merriami,12,Control,M,43
27714,1998,DO,ordii,1,Spectab exclosure,M,59
27715,1998,DM,merriami,2,Control,M,43
27716,1998,DM,merriami,12,Control,F,48
27717,1998,DM,merriami,12,Control,M,49
27718,1998,DM,merriami,17,Control,F,45
27720,1998,DM,merriami,17,Control,F,49
27721,1998,DM,merriami,17,Control,F,47
27728,1998,DM,merriami,12,Control,F,42
27729,1998,DM,merriami,17,Control,F,43
27730,1998,DM,merriami,22,Control,F,45
27735,1998,DM,merriami,12,Control,F,40
27737,1998,DM,merriami,22,Control,M,45
27739,1998,DM,merriami,1,Spectab exclosure,F,43
27741,1998,DO,ordii,1,Spectab exclosure,M,55
27742,1998,DM,merriami,17,Control,F,40
27743,1998,DM,merriami,22,Control,M,50
27746,1998,DM,merriami,1,Spectab exclosure,M,53
27747,1998,DM,merriami,2,Control,M,45
27748,1998,DM,merriami,17,Control,M,50
27753,1998,DM,merriami,2,Control,F,58
27756,1998,DM,merriami,17,Control,F,41
27758,1998,DM,merriami,1,Spectab exclosure,F,45
27759,1998,DM,merriami,17,Control,M,50
27764,1998,DM,merriami,17,Control,F,53
27765,1998,DM,merriami,17,Control,F,44
27766,1998,DM,merriami,12,Control,M,42
27769,1998,DM,merriami,12,Control,F,44
27771,1998,DM,merriami,12,Control,M,46
27772,1998,DM,merriami,17,Control,M,43
27775,1998,DM,merriami,17,Control,F,46
27776,1998,DM,merriami,2,Control,M,46
27778,1998,DM,merriami,2,Control,M,53
27782,1998,DM,merriami,17,Control,F,44
27783,1998,DM,merriami,22,Control,F,45
27784,1998,DM,merriami,12,Control,M,47
27786,1998,DM,merriami,12,Control,M,47
27791,1998,DM,merriami,17,Control,M,47
27793,1998,DO,ordii,1,Spectab exclosure,M,30
27797,1998,DM,merriami,12,Control,M,45
27802,1998,DO,ordii,11,Control,M,59
27803,1998,DM,merriami,8,Control,M,49
27809,1998,DM,merriami,14,Control,F,46
27811,1998,DM,merriami,4,Control,F,40
27812,1998,DM,merriami,13,Short-term Krat Exclosure,M,52
27813,1998,DM,merriami,13,Short-term Krat Exclosure,F,44
27815,1998,DO,ordii,9,Spectab exclosure,M,61
27818,1998,DM,merriami,9,Spectab exclosure,F,50
27823,1998,DM,merriami,13,Short-term Krat Exclosure,M,52
27824,1998,DM,merriami,11,Control,F,46
27825,1998,DM,merriami,13,Short-term Krat Exclosure,M,48
27826,1998,DM,merriami,9,Spectab exclosure,M,48
27830,1998,DM,merriami,14,Control,M,46
27832,1998,DM,merriami,14,Control,F,43
27833,1998,DO,ordii,8,Control,M,57
27838,1998,DM,merriami,4,Control,F,50
27839,1998,DM,merriami,4,Control,M,26
27841,1998,DM,merriami,4,Control,M,48
27844,1998,DM,merriami,9,Spectab exclosure,M,50
27845,1998,DO,ordii,9,Spectab exclosure,F,57
27849,1998,DM,merriami,14,Control,NA,50
27850,1998,DM,merriami,11,Control,F,54
27851,1998,DM,merriami,9,Spectab exclosure,F,51
27853,1998,DM,merriami,9,Spectab exclosure,F,44
27856,1998,DO,ordii,12,Control,F,59
27858,1998,DM,merriami,12,Control,F,44
27862,1998,DM,merriami,2,Control,M,51
27865,1998,DM,merriami,12,Control,M,52
27866,1998,DO,ordii,1,Spectab exclosure,M,59
27871,1998,DM,merriami,12,Control,M,47
27872,1998,DM,merriami,17,Control,F,44
27873,1998,DM,merriami,1,Spectab exclosure,M,48
27876,1998,DM,merriami,17,Control,F,38
27877,1998,DM,merriami,22,Control,F,45
27880,1998,DM,merriami,12,Control,F,48
27882,1998,DM,merriami,22,Control,M,42
27883,1998,DO,ordii,1,Spectab exclosure,M,36
27884,1998,DM,merriami,2,Control,M,21
27886,1998,DM,merriami,22,Control,F,46
27887,1998,DM,merriami,1,Spectab exclosure,F,47
27888,1998,DM,merriami,12,Control,F,46
27891,1998,DM,merriami,12,Control,M,45
27895,1998,DM,merriami,12,Control,M,48
27896,1998,DM,merriami,2,Control,F,45
27899,1998,DM,merriami,12,Control,F,48
27900,1998,DM,merriami,12,Control,F,22
27901,1998,DM,merriami,17,Control,M,43
27903,1998,DM,merriami,12,Control,M,46
27907,1998,DM,merriami,12,Control,M,46
27909,1998,DM,merriami,2,Control,M,52
27911,1998,DM,merriami,22,Control,M,44
27912,1998,DM,merriami,12,Control,F,57
27917,1998,DM,merriami,17,Control,F,50
27918,1998,DO,ordii,1,Spectab exclosure,M,56
27921,1998,DM,merriami,17,Control,F,44
27925,1998,DM,merriami,17,Control,M,38
27929,1998,DM,merriami,17,Control,F,44
27931,1998,DM,merriami,17,Control,M,40
27933,1998,DM,merriami,17,Control,M,44
27938,1998,DM,merriami,14,Control,F,54
27939,1998,DO,ordii,8,Control,M,46
27940,1998,DM,merriami,14,Control,M,46
27941,1998,DM,merriami,14,Control,M,45
27942,1998,DM,merriami,9,Spectab exclosure,M,50
27943,1998,DM,merriami,9,Spectab exclosure,M,49
27944,1998,DO,ordii,9,Spectab exclosure,F,26
27947,1998,DO,ordii,8,Control,M,57
27948,1998,DM,merriami,14,Control,M,51
27949,1998,DO,ordii,11,Control,F,44
27950,1998,DM,merriami,8,Control,M,47
27953,1998,DM,merriami,14,Control,M,51
27954,1998,DM,merriami,4,Control,M,29
27961,1998,DM,merriami,9,Spectab exclosure,M,45
27962,1998,DM,merriami,14,Control,M,49
27963,1998,DM,merriami,4,Control,F,43
27967,1998,DM,merriami,14,Control,M,48
27970,1998,DM,merriami,14,Control,F,47
27972,1998,DM,merriami,4,Control,M,48
27973,1998,DM,merriami,11,Control,M,46
27974,1998,DM,merriami,14,Control,F,39
27977,1998,DM,merriami,8,Control,F,48
27980,1998,DM,merriami,14,Control,F,51
27981,1998,DO,ordii,9,Spectab exclosure,F,23
27983,1998,DM,merriami,9,Spectab exclosure,F,48
27988,1998,DM,merriami,14,Control,F,40
27990,1998,DM,merriami,9,Spectab exclosure,M,50
27991,1998,DM,merriami,14,Control,F,49
27995,1998,DM,merriami,11,Control,F,53
28002,1998,DO,ordii,8,Control,M,55
28003,1998,DM,merriami,11,Control,F,44
28006,1998,DM,merriami,4,Control,F,43
28007,1998,DM,merriami,4,Control,F,48
28008,1998,DM,merriami,11,Control,F,46
28009,1998,DO,ordii,9,Spectab exclosure,F,62
28010,1998,DO,ordii,8,Control,F,28
28012,1998,DM,merriami,14,Control,M,46
28013,1998,DS,spectabilis,2,Control,F,106
28015,1998,DM,merriami,22,Control,M,38
28018,1998,DM,merriami,22,Control,F,49
28019,1998,DM,merriami,2,Control,M,33
28021,1998,DM,merriami,17,Control,M,47
28024,1998,DO,ordii,17,Control,F,30
28026,1998,DM,merriami,1,Spectab exclosure,M,21
28029,1998,DM,merriami,12,Control,F,44
28033,1998,DM,merriami,12,Control,M,45
28038,1998,DO,ordii,1,Spectab exclosure,M,56
28049,1998,DM,merriami,12,Control,M,33
28061,1998,DM,merriami,17,Control,F,33
28062,1998,DM,merriami,21,Long-term Krat Exclosure,F,47
28065,1998,DM,merriami,2,Control,M,32
28067,1998,DM,merriami,2,Control,M,44
28070,1998,DM,merriami,12,Control,M,45
28072,1998,DM,merriami,12,Control,M,45
28078,1998,DO,ordii,17,Control,F,49
28080,1998,DM,merriami,17,Control,F,42
28082,1998,DM,merriami,17,Control,F,39
28086,1998,DM,merriami,12,Control,M,44
28090,1998,DM,merriami,12,Control,F,48
28093,1998,DO,ordii,9,Spectab exclosure,M,59
28097,1998,DM,merriami,9,Spectab exclosure,F,43
28101,1998,DM,merriami,9,Spectab exclosure,M,47
28104,1998,DO,ordii,9,Spectab exclosure,F,36
28107,1998,DO,ordii,8,Control,M,49
28109,1998,DM,merriami,14,Control,M,49
28111,1998,DM,merriami,4,Control,M,45
28117,1998,DM,merriami,4,Control,F,43
28118,1998,DM,merriami,11,Control,F,44
28119,1998,DM,merriami,14,Control,F,51
28121,1998,DM,merriami,14,Control,F,43
28122,1998,DM,merriami,11,Control,M,44
28125,1998,DM,merriami,14,Control,F,42
28129,1998,DM,merriami,5,Rodent Exclosure,F,47
28130,1998,DM,merriami,4,Control,F,46
28131,1998,DO,ordii,8,Control,M,55
28133,1998,DM,merriami,14,Control,M,49
28136,1998,DO,ordii,9,Spectab exclosure,M,32
28144,1998,DM,merriami,14,Control,M,34
28146,1998,DM,merriami,9,Spectab exclosure,M,48
28155,1998,DM,merriami,11,Control,F,43
28156,1998,DM,merriami,9,Spectab exclosure,F,41
28163,1998,DO,ordii,8,Control,M,41
28165,1998,DM,merriami,1,Spectab exclosure,NA,29
28166,1998,DS,spectabilis,2,Control,F,113
28171,1998,DM,merriami,17,Control,F,45
28174,1998,DM,merriami,12,Control,F,46
28177,1998,DM,merriami,2,Control,M,40
28178,1998,DM,merriami,22,Control,M,49
28183,1998,DM,merriami,17,Control,M,52
28184,1998,DM,merriami,2,Control,F,48
28187,1998,DM,merriami,22,Control,M,40
28203,1998,DM,merriami,12,Control,M,39
28214,1998,DM,merriami,17,Control,F,38
28217,1998,DM,merriami,22,Control,F,44
28222,1998,DM,merriami,12,Control,F,54
28224,1998,DM,merriami,17,Control,M,47
28230,1998,DO,ordii,17,Control,M,28
28234,1998,DM,merriami,17,Control,F,44
28236,1998,DM,merriami,12,Control,M,45
28240,1998,DO,ordii,1,Spectab exclosure,M,42
28246,1998,DM,merriami,9,Spectab exclosure,M,23
28252,1998,DM,merriami,8,Control,M,46
28255,1998,DM,merriami,14,Control,F,44
28260,1998,DO,ordii,9,Spectab exclosure,F,40
28262,1998,DM,merriami,14,Control,F,31
28267,1998,DM,merriami,14,Control,F,41
28272,1998,DO,ordii,9,Spectab exclosure,M,62
28279,1998,DM,merriami,4,Control,F,43
28280,1998,DO,ordii,9,Spectab exclosure,M,43
28282,1998,DM,merriami,4,Control,F,43
28283,1998,DM,merriami,14,Control,M,45
28284,1998,DM,merriami,4,Control,F,52
28288,1998,DM,merriami,11,Control,F,43
28289,1998,DM,merriami,9,Spectab exclosure,M,48
28295,1998,DM,merriami,11,Control,M,37
28296,1998,DM,merriami,9,Spectab exclosure,M,28
28298,1998,DM,merriami,9,Spectab exclosure,F,42
28299,1998,DM,merriami,14,Control,M,35
28312,1998,DM,merriami,9,Spectab exclosure,M,52
28314,1998,DO,ordii,8,Control,M,62
28315,1998,DM,merriami,9,Spectab exclosure,F,57
28316,1998,DO,ordii,8,Control,M,49
28319,1998,DM,merriami,1,Spectab exclosure,M,26
28322,1998,DO,ordii,1,Spectab exclosure,M,52
28323,1998,DM,merriami,2,Control,M,45
28325,1998,DO,ordii,2,Control,M,52
28341,1998,DM,merriami,12,Control,F,51
28342,1998,DM,merriami,12,Control,M,42
28347,1998,DM,merriami,12,Control,M,26
28349,1998,DM,merriami,12,Control,F,45
28351,1998,DM,merriami,17,Control,M,23
28352,1998,DM,merriami,17,Control,F,37
28354,1998,DM,merriami,17,Control,F,45
28356,1998,DM,merriami,17,Control,F,41
28358,1998,DO,ordii,17,Control,M,43
28395,1998,DM,merriami,22,Control,M,42
28396,1998,DM,merriami,22,Control,M,44
28398,1998,DM,merriami,22,Control,F,47
28400,1998,DM,merriami,22,Control,F,43
28420,1998,DM,merriami,4,Control,M,49
28421,1998,DM,merriami,4,Control,F,40
28423,1998,DM,merriami,4,Control,F,47
28425,1998,DM,merriami,4,Control,M,46
28438,1998,DM,merriami,8,Control,M,45
28442,1998,DO,ordii,8,Control,M,57
28444,1998,DO,ordii,8,Control,M,47
28445,1998,DM,merriami,9,Spectab exclosure,M,29
28446,1998,DM,merriami,9,Spectab exclosure,M,28
28448,1998,DM,merriami,9,Spectab exclosure,M,48
28449,1998,DM,merriami,9,Spectab exclosure,F,39
28452,1998,DM,merriami,11,Control,F,41
28453,1998,DM,merriami,11,Control,M,37
28454,1998,DM,merriami,11,Control,F,42
28466,1998,DM,merriami,14,Control,F,42
28467,1998,DM,merriami,14,Control,F,40
28468,1998,DM,merriami,14,Control,M,36
28488,1998,DM,merriami,12,Control,M,46
28489,1998,DM,merriami,12,Control,M,34
28490,1998,DM,merriami,12,Control,F,43
28491,1998,DM,merriami,12,Control,F,53
28525,1998,DM,merriami,22,Control,M,41
28526,1998,DM,merriami,22,Control,M,25
28528,1998,DM,merriami,22,Control,M,50
28529,1998,DM,merriami,22,Control,F,44
28534,1998,DM,merriami,24,Rodent Exclosure,M,29
28539,1998,DM,merriami,1,Spectab exclosure,F,37
28542,1998,DO,ordii,1,Spectab exclosure,F,53
28543,1998,DM,merriami,1,Spectab exclosure,F,46
28546,1998,DO,ordii,1,Spectab exclosure,F,61
28549,1998,DO,ordii,1,Spectab exclosure,M,54
28550,1998,DM,merriami,2,Control,M,47
28552,1998,DS,spectabilis,2,Control,F,120
28554,1998,DM,merriami,2,Control,M,36
28558,1998,DO,ordii,2,Control,M,53
28561,1998,DM,merriami,2,Control,M,28
28574,1998,DM,merriami,4,Control,M,48
28576,1998,DM,merriami,4,Control,M,38
28578,1998,DM,merriami,4,Control,F,43
28592,1998,DO,ordii,8,Control,M,56
28595,1998,DO,ordii,8,Control,F,50
28598,1998,DO,ordii,8,Control,F,54
28600,1998,DM,merriami,9,Spectab exclosure,F,38
28602,1998,DM,merriami,13,Short-term Krat Exclosure,M,43
28614,1998,DM,merriami,14,Control,F,42
28615,1998,DM,merriami,14,Control,M,39
28618,1998,DO,ordii,11,Control,M,49
28619,1998,DO,ordii,11,Control,M,48
28621,1998,DM,merriami,11,Control,F,44
28622,1998,DO,ordii,11,Control,M,45
28623,1998,DM,merriami,11,Control,M,20
28624,1998,DM,merriami,11,Control,M,39
28626,1998,DM,merriami,11,Control,M,38
28627,1998,DM,merriami,11,Control,M,30
28629,1998,DM,merriami,11,Control,M,44
28638,1998,DM,merriami,17,Control,M,35
28640,1998,DM,merriami,17,Control,F,38
28643,1998,DM,merriami,17,Control,M,45
28644,1998,DM,merriami,17,Control,F,25
28645,1998,DO,ordii,17,Control,M,51
28647,1998,DM,merriami,17,Control,F,40
28648,1998,DO,ordii,1,Spectab exclosure,M,50
28650,1998,DM,merriami,1,Spectab exclosure,M,36
28652,1998,DO,ordii,1,Spectab exclosure,M,54
28653,1998,DO,ordii,1,Spectab exclosure,M,57
28658,1998,DS,spectabilis,2,Control,M,120
28660,1998,DM,merriami,2,Control,M,37
28661,1998,DO,ordii,2,Control,M,50
28663,1998,DM,merriami,2,Control,M,44
28669,1998,DO,ordii,12,Control,M,49
28671,1998,DM,merriami,12,Control,M,45
28672,1998,DO,ordii,12,Control,M,52
28673,1998,DM,merriami,12,Control,F,47
28674,1998,DM,merriami,12,Control,M,44
28675,1998,DM,merriami,12,Control,M,36
28677,1998,DM,merriami,12,Control,M,44
28678,1998,DM,merriami,12,Control,F,45
28681,1998,DM,merriami,17,Control,M,35
28683,1998,DM,merriami,17,Control,M,47
28685,1998,DM,merriami,17,Control,F,37
28686,1998,DM,merriami,17,Control,F,40
28687,1998,DM,merriami,17,Control,F,32
28688,1998,DM,merriami,17,Control,M,41
28718,1998,DM,merriami,22,Control,M,42
28719,1998,DM,merriami,22,Control,F,48
28720,1998,DM,merriami,22,Control,M,34
28723,1998,DM,merriami,22,Control,F,47
28745,1998,DM,merriami,4,Control,F,37
28746,1998,DM,merriami,4,Control,M,39
28747,1998,DM,merriami,4,Control,M,47
28748,1998,DM,merriami,4,Control,M,46
28749,1998,DM,merriami,4,Control,F,43
28750,1998,DM,merriami,4,Control,M,36
28760,1998,DM,merriami,8,Control,F,41
28762,1998,DO,ordii,8,Control,M,54
28763,1998,DO,ordii,8,Control,F,47
28765,1998,DM,merriami,8,Control,M,38
28766,1998,DM,merriami,9,Spectab exclosure,F,41
28767,1998,DM,merriami,9,Spectab exclosure,F,39
28769,1998,DM,merriami,9,Spectab exclosure,M,43
28772,1998,DO,ordii,11,Control,M,45
28773,1998,DO,ordii,11,Control,M,53
28774,1998,DM,merriami,11,Control,M,37
28776,1998,DM,merriami,11,Control,F,41
28778,1998,DM,merriami,11,Control,F,43
28779,1998,DM,merriami,13,Short-term Krat Exclosure,M,40
28786,1998,DM,merriami,14,Control,F,45
28787,1998,DM,merriami,14,Control,F,36
28793,1998,DO,ordii,1,Spectab exclosure,M,56
28794,1998,DO,ordii,1,Spectab exclosure,F,51
28795,1998,DM,merriami,1,Spectab exclosure,M,38
28797,1998,DO,ordii,1,Spectab exclosure,M,58
28798,1998,DM,merriami,2,Control,M,46
28799,1998,DM,merriami,2,Control,F,34
28800,1998,DS,spectabilis,2,Control,F,112
28801,1998,DO,ordii,2,Control,M,52
28802,1998,DO,ordii,2,Control,M,42
28807,1998,DM,merriami,12,Control,F,42
28808,1998,DO,ordii,12,Control,F,55
28810,1998,DM,merriami,12,Control,F,34
28811,1998,DO,ordii,12,Control,F,46
28812,1998,DM,merriami,12,Control,F,46
28813,1998,DO,ordii,12,Control,M,56
28814,1998,DM,merriami,12,Control,M,46
28815,1998,DM,merriami,12,Control,M,39
28816,1998,DM,merriami,12,Control,M,40
28817,1998,DM,merriami,12,Control,M,47
28819,1998,DM,merriami,12,Control,M,38
28820,1998,DM,merriami,12,Control,M,39
28821,1998,DM,merriami,12,Control,M,35
28822,1998,DM,merriami,17,Control,M,42
28823,1998,DM,merriami,17,Control,M,44
28824,1998,DM,merriami,17,Control,M,49
28825,1998,DM,merriami,17,Control,F,42
28826,1998,DM,merriami,17,Control,F,38
28827,1998,DM,merriami,17,Control,M,33
28828,1998,DM,merriami,17,Control,F,41
28829,1998,DO,ordii,17,Control,M,52
28846,1998,DM,merriami,21,Long-term Krat Exclosure,M,45
28848,1998,DM,merriami,21,Long-term Krat Exclosure,M,47
28854,1998,DM,merriami,22,Control,M,45
28855,1998,DM,merriami,22,Control,M,36
28857,1998,DM,merriami,22,Control,F,43
28858,1998,DM,merriami,22,Control,M,51
28873,1998,DM,merriami,4,Control,F,38
28874,1998,DM,merriami,4,Control,M,43
28875,1998,DM,merriami,4,Control,M,40
28876,1998,DM,merriami,4,Control,F,46
28877,1998,DM,merriami,4,Control,M,48
28878,1998,DM,merriami,4,Control,M,48
28879,1998,DM,merriami,4,Control,M,38
28880,1998,DM,merriami,4,Control,F,46
28890,1998,DO,ordii,8,Control,M,44
28891,1998,DM,merriami,8,Control,M,42
28892,1998,DM,merriami,8,Control,M,39
28894,1998,DO,ordii,8,Control,M,50
28896,1998,DO,ordii,8,Control,M,59
28897,1998,DM,merriami,8,Control,M,37
28898,1998,DM,merriami,9,Spectab exclosure,F,44
28899,1998,DM,merriami,9,Spectab exclosure,F,40
28900,1998,DM,merriami,9,Spectab exclosure,M,44
28902,1998,DM,merriami,11,Control,F,43
28903,1998,DO,ordii,11,Control,M,49
28904,1998,DM,merriami,11,Control,M,39
28905,1998,DM,merriami,11,Control,F,47
28906,1998,DM,merriami,11,Control,M,42
28908,1998,DM,merriami,13,Short-term Krat Exclosure,M,55
28909,1998,DM,merriami,13,Short-term Krat Exclosure,M,48
28914,1998,DM,merriami,14,Control,F,41
28915,1998,DM,merriami,14,Control,F,45
28919,1998,DM,merriami,1,Spectab exclosure,F,39
28920,1998,DO,ordii,1,Spectab exclosure,M,57
28921,1998,DM,merriami,2,Control,M,47
28922,1998,DO,ordii,2,Control,F,43
28926,1998,DM,merriami,2,Control,F,36
28927,1998,DS,spectabilis,2,Control,F,119
28929,1998,DM,merriami,12,Control,M,37
28930,1998,DM,merriami,12,Control,M,38
28931,1998,DM,merriami,12,Control,F,48
28932,1998,DM,merriami,12,Control,F,39
28933,1998,DM,merriami,12,Control,F,45
28934,1998,DM,merriami,12,Control,M,37
28935,1998,DM,merriami,12,Control,M,33
28936,1998,DM,merriami,12,Control,M,39
28937,1998,DO,ordii,12,Control,M,61
28938,1998,DO,ordii,12,Control,F,54
28948,1998,DM,merriami,17,Control,M,37
28949,1998,DM,merriami,17,Control,F,39
28950,1998,DM,merriami,17,Control,M,37
28951,1998,DM,merriami,17,Control,F,42
28952,1998,DM,merriami,17,Control,M,46
28954,1998,DM,merriami,17,Control,F,46
28955,1998,DM,merriami,17,Control,F,40
28956,1998,DM,merriami,17,Control,M,45
28963,1998,DM,merriami,22,Control,M,44
28966,1998,DM,merriami,22,Control,F,45
28968,1998,DM,merriami,22,Control,M,38
28980,1998,DM,merriami,4,Control,F,39
28981,1998,DM,merriami,4,Control,M,51
28982,1998,DM,merriami,4,Control,M,47
28983,1998,DM,merriami,4,Control,M,44
28984,1998,DM,merriami,4,Control,M,41
28985,1998,DM,merriami,4,Control,M,40
28990,1998,DM,merriami,11,Control,M,41
28991,1998,DM,merriami,11,Control,M,43
28992,1998,DM,merriami,11,Control,F,44
28993,1998,DM,merriami,11,Control,M,47
28994,1998,DM,merriami,9,Spectab exclosure,F,42
28995,1998,DM,merriami,9,Spectab exclosure,F,40
28997,1998,DM,merriami,9,Spectab exclosure,M,55
28998,1998,DM,merriami,9,Spectab exclosure,M,45
28999,1998,DM,merriami,9,Spectab exclosure,F,48
29000,1998,DO,ordii,8,Control,M,45
29001,1998,DM,merriami,8,Control,F,42
29002,1998,DM,merriami,8,Control,M,38
29003,1998,DM,merriami,8,Control,M,40
29006,1998,DM,merriami,13,Short-term Krat Exclosure,M,49
29009,1998,DM,merriami,13,Short-term Krat Exclosure,F,39
29011,1998,DM,merriami,14,Control,M,50
29012,1998,DM,merriami,14,Control,M,48
29013,1998,DM,merriami,14,Control,F,50
29015,1998,DM,merriami,14,Control,M,50
29016,1998,DM,merriami,14,Control,M,41
29017,1998,DM,merriami,14,Control,M,59
29020,1998,DM,merriami,5,Rodent Exclosure,F,45
29024,1999,DM,merriami,1,Spectab exclosure,F,41
29025,1999,DM,merriami,1,Spectab exclosure,F,52
29026,1999,DM,merriami,1,Spectab exclosure,M,52
29027,1999,DO,ordii,1,Spectab exclosure,M,55
29028,1999,DO,ordii,1,Spectab exclosure,F,53
29029,1999,DO,ordii,2,Control,M,50
29032,1999,DO,ordii,2,Control,F,46
29033,1999,DO,ordii,2,Control,F,51
29036,1999,DM,merriami,2,Control,M,44
29037,1999,DM,merriami,2,Control,M,47
29038,1999,DS,spectabilis,2,Control,F,136
29041,1999,DM,merriami,12,Control,F,41
29043,1999,DM,merriami,12,Control,F,46
29044,1999,DM,merriami,12,Control,M,38
29045,1999,DO,ordii,12,Control,M,61
29046,1999,DM,merriami,12,Control,F,41
29047,1999,DM,merriami,12,Control,M,46
29048,1999,DM,merriami,12,Control,M,41
29049,1999,DM,merriami,12,Control,M,39
29061,1999,DM,merriami,17,Control,F,40
29062,1999,DO,ordii,17,Control,M,57
29063,1999,DM,merriami,17,Control,M,46
29064,1999,DM,merriami,17,Control,F,46
29065,1999,DM,merriami,17,Control,F,46
29066,1999,DM,merriami,17,Control,F,39
29067,1999,DM,merriami,17,Control,M,41
29068,1999,DM,merriami,17,Control,M,44
29069,1999,DM,merriami,17,Control,M,36
29070,1999,DM,merriami,17,Control,F,42
29072,1999,DM,merriami,22,Control,M,40
29073,1999,DM,merriami,22,Control,M,48
29077,1999,DM,merriami,22,Control,F,46
29098,1999,DM,merriami,4,Control,F,45
29099,1999,DM,merriami,4,Control,M,50
29100,1999,DM,merriami,4,Control,M,37
29101,1999,DM,merriami,4,Control,F,42
29102,1999,DM,merriami,4,Control,M,45
29104,1999,DM,merriami,4,Control,M,40
29105,1999,DM,merriami,4,Control,F,41
29106,1999,DM,merriami,4,Control,F,43
29107,1999,DM,merriami,4,Control,M,48
29115,1999,DO,ordii,11,Control,F,53
29117,1999,DM,merriami,11,Control,M,42
29118,1999,DM,merriami,11,Control,F,41
29120,1999,DM,merriami,11,Control,M,43
29121,1999,DM,merriami,11,Control,M,41
29122,1999,DM,merriami,9,Spectab exclosure,M,45
29123,1999,DM,merriami,9,Spectab exclosure,M,52
29124,1999,DM,merriami,9,Spectab exclosure,M,41
29125,1999,DM,merriami,9,Spectab exclosure,M,53
29126,1999,DO,ordii,9,Spectab exclosure,F,54
29127,1999,DM,merriami,9,Spectab exclosure,M,43
29128,1999,DO,ordii,9,Spectab exclosure,F,60
29129,1999,DM,merriami,9,Spectab exclosure,F,40
29130,1999,DM,merriami,8,Control,M,40
29131,1999,DO,ordii,8,Control,M,46
29132,1999,DM,merriami,8,Control,F,43
29133,1999,DO,ordii,8,Control,F,59
29134,1999,DM,merriami,8,Control,M,40
29138,1999,DM,merriami,13,Short-term Krat Exclosure,F,49
29139,1999,DM,merriami,13,Short-term Krat Exclosure,F,44
29143,1999,DM,merriami,13,Short-term Krat Exclosure,F,41
29144,1999,DM,merriami,14,Control,F,44
29149,1999,DM,merriami,5,Rodent Exclosure,M,58
29150,1999,DM,merriami,5,Rodent Exclosure,F,49
29151,1999,DM,merriami,5,Rodent Exclosure,F,48
29152,1999,DM,merriami,5,Rodent Exclosure,M,40
29153,1999,DM,merriami,5,Rodent Exclosure,M,46
29157,1999,DM,merriami,1,Spectab exclosure,F,41
29158,1999,DM,merriami,1,Spectab exclosure,F,38
29159,1999,DM,merriami,1,Spectab exclosure,F,44
29160,1999,DM,merriami,1,Spectab exclosure,M,47
29161,1999,DO,ordii,1,Spectab exclosure,F,57
29162,1999,DO,ordii,1,Spectab exclosure,F,54
29163,1999,DM,merriami,1,Spectab exclosure,F,46
29164,1999,DO,ordii,1,Spectab exclosure,F,65
29165,1999,DM,merriami,1,Spectab exclosure,M,51
29166,1999,DO,ordii,1,Spectab exclosure,M,57
29167,1999,DS,spectabilis,2,Control,F,140
29168,1999,DM,merriami,2,Control,M,50
29169,1999,DO,ordii,2,Control,F,49
29175,1999,DM,merriami,12,Control,F,52
29176,1999,DM,merriami,12,Control,M,47
29178,1999,DM,merriami,12,Control,F,45
29179,1999,DM,merriami,12,Control,M,46
29180,1999,DO,ordii,12,Control,M,62
29181,1999,DM,merriami,12,Control,F,42
29182,1999,DM,merriami,12,Control,M,53
29183,1999,DM,merriami,12,Control,M,46
29184,1999,DM,merriami,12,Control,M,42
29186,1999,DM,merriami,12,Control,F,41
29193,1999,DM,merriami,19,Long-term Krat Exclosure,M,25
29202,1999,DM,merriami,17,Control,M,47
29204,1999,DM,merriami,17,Control,F,39
29205,1999,DM,merriami,17,Control,F,41
29206,1999,DO,ordii,17,Control,M,56
29208,1999,DM,merriami,17,Control,M,39
29209,1999,DM,merriami,17,Control,F,47
29211,1999,DM,merriami,17,Control,M,44
29217,1999,DM,merriami,21,Long-term Krat Exclosure,M,45
29219,1999,DM,merriami,21,Long-term Krat Exclosure,M,50
29221,1999,DM,merriami,21,Long-term Krat Exclosure,M,47
29223,1999,DM,merriami,22,Control,F,46
29225,1999,DM,merriami,22,Control,F,45
29226,1999,DM,merriami,22,Control,M,50
29228,1999,DM,merriami,22,Control,M,39
29239,1999,DM,merriami,3,Long-term Krat Exclosure,M,48
29240,1999,DM,merriami,4,Control,M,50
29242,1999,DM,merriami,4,Control,F,39
29243,1999,DM,merriami,4,Control,F,46
29244,1999,DM,merriami,4,Control,M,45
29245,1999,DM,merriami,4,Control,M,42
29246,1999,DM,merriami,4,Control,M,45
29247,1999,DM,merriami,4,Control,M,38
29248,1999,DM,merriami,4,Control,M,49
29249,1999,DM,merriami,4,Control,F,42
29250,1999,DM,merriami,4,Control,F,42
29252,1999,DM,merriami,6,Short-term Krat Exclosure,F,46
29254,1999,DM,merriami,6,Short-term Krat Exclosure,M,33
29259,1999,DM,merriami,11,Control,M,40
29260,1999,DM,merriami,11,Control,F,47
29261,1999,DO,ordii,11,Control,F,49
29262,1999,DM,merriami,9,Spectab exclosure,M,48
29263,1999,DM,merriami,9,Spectab exclosure,F,45
29264,1999,DM,merriami,9,Spectab exclosure,M,42
29265,1999,DO,ordii,9,Spectab exclosure,F,54
29266,1999,DM,merriami,9,Spectab exclosure,F,47
29267,1999,DM,merriami,9,Spectab exclosure,M,49
29268,1999,DM,merriami,9,Spectab exclosure,M,53
29269,1999,DO,ordii,8,Control,M,47
29270,1999,DM,merriami,8,Control,M,42
29272,1999,DM,merriami,8,Control,F,40
29273,1999,DO,ordii,8,Control,F,52
29274,1999,DM,merriami,8,Control,F,51
29275,1999,DO,ordii,8,Control,M,32
29281,1999,DM,merriami,13,Short-term Krat Exclosure,F,42
29282,1999,DM,merriami,13,Short-term Krat Exclosure,M,54
29284,1999,DM,merriami,13,Short-term Krat Exclosure,M,49
29285,1999,DM,merriami,13,Short-term Krat Exclosure,M,49
29286,1999,DM,merriami,13,Short-term Krat Exclosure,F,44
29287,1999,DM,merriami,13,Short-term Krat Exclosure,M,53
29288,1999,DM,merriami,14,Control,F,46
29290,1999,DM,merriami,14,Control,F,48
29291,1999,DM,merriami,5,Rodent Exclosure,M,56
29293,1999,DM,merriami,5,Rodent Exclosure,M,47
29299,1999,DO,ordii,1,Spectab exclosure,F,63
29302,1999,DM,merriami,1,Spectab exclosure,F,46
29304,1999,DM,merriami,1,Spectab exclosure,F,43
29305,1999,DM,merriami,1,Spectab exclosure,F,40
29308,1999,DM,merriami,2,Control,M,51
29311,1999,DM,merriami,2,Control,M,27
29312,1999,DO,ordii,2,Control,F,52
29313,1999,DS,spectabilis,2,Control,F,153
29315,1999,DM,merriami,12,Control,F,45
29316,1999,DO,ordii,12,Control,F,49
29317,1999,DM,merriami,12,Control,M,48
29318,1999,DM,merriami,12,Control,M,41
29319,1999,DO,ordii,12,Control,M,50
29320,1999,DM,merriami,12,Control,F,44
29323,1999,DM,merriami,12,Control,M,46
29325,1999,DM,merriami,12,Control,F,45
29326,1999,DM,merriami,12,Control,M,49
29327,1999,DM,merriami,12,Control,M,53
29329,1999,DM,merriami,12,Control,M,47
29339,1999,DO,ordii,17,Control,M,52
29341,1999,DM,merriami,17,Control,F,41
29342,1999,DM,merriami,17,Control,M,48
29344,1999,DM,merriami,17,Control,M,43
29345,1999,DM,merriami,17,Control,F,46
29346,1999,DM,merriami,17,Control,F,41
29351,1999,DM,merriami,21,Long-term Krat Exclosure,M,51
29352,1999,DM,merriami,21,Long-term Krat Exclosure,M,48
29356,1999,DM,merriami,21,Long-term Krat Exclosure,M,48
29357,1999,DM,merriami,21,Long-term Krat Exclosure,M,46
29359,1999,DM,merriami,22,Control,F,47
29361,1999,DM,merriami,22,Control,F,47
29363,1999,DM,merriami,22,Control,M,50
29365,1999,DM,merriami,22,Control,M,50
29366,1999,DM,merriami,22,Control,M,38
29376,1999,DM,merriami,4,Control,F,47
29377,1999,DM,merriami,4,Control,M,48
29378,1999,DM,merriami,4,Control,F,40
29379,1999,DM,merriami,4,Control,M,50
29380,1999,DM,merriami,4,Control,F,46
29381,1999,DM,merriami,4,Control,M,45
29382,1999,DM,merriami,4,Control,F,42
29384,1999,DM,merriami,4,Control,M,51
29387,1999,DM,merriami,6,Short-term Krat Exclosure,F,42
29389,1999,DM,merriami,11,Control,M,45
29390,1999,DM,merriami,11,Control,F,45
29391,1999,DM,merriami,11,Control,M,46
29392,1999,DM,merriami,11,Control,F,43
29393,1999,DO,ordii,11,Control,M,39
29394,1999,DO,ordii,11,Control,M,58
29395,1999,DO,ordii,11,Control,M,37
29396,1999,DO,ordii,11,Control,M,34
29399,1999,DM,merriami,9,Spectab exclosure,F,46
29400,1999,DM,merriami,9,Spectab exclosure,M,46
29401,1999,DM,merriami,9,Spectab exclosure,F,45
29402,1999,DM,merriami,9,Spectab exclosure,M,52
29403,1999,DM,merriami,9,Spectab exclosure,M,52
29404,1999,DM,merriami,13,Short-term Krat Exclosure,F,45
29408,1999,DM,merriami,13,Short-term Krat Exclosure,M,52
29411,1999,DM,merriami,14,Control,F,47
29412,1999,DM,merriami,14,Control,F,42
29415,1999,DM,merriami,5,Rodent Exclosure,M,57
29417,1999,DM,merriami,5,Rodent Exclosure,M,47
29419,1999,DM,merriami,5,Rodent Exclosure,M,49
29421,1999,DM,merriami,5,Rodent Exclosure,M,45
29426,1999,DM,merriami,1,Spectab exclosure,F,41
29427,1999,DM,merriami,1,Spectab exclosure,F,41
29428,1999,DO,ordii,1,Spectab exclosure,F,73
29429,1999,DO,ordii,1,Spectab exclosure,F,34
29430,1999,DO,ordii,1,Spectab exclosure,M,46
29431,1999,DM,merriami,2,Control,M,48
29432,1999,DO,ordii,2,Control,M,51
29433,1999,DS,spectabilis,2,Control,M,87
29434,1999,DM,merriami,2,Control,F,31
29436,1999,DS,spectabilis,2,Control,F,131
29438,1999,DO,ordii,2,Control,F,47
29440,1999,DM,merriami,12,Control,M,44
29441,1999,DM,merriami,12,Control,M,47
29442,1999,DM,merriami,12,Control,M,46
29443,1999,DM,merriami,12,Control,F,41
29445,1999,DM,merriami,12,Control,M,43
29446,1999,DO,ordii,12,Control,M,58
29450,1999,DM,merriami,12,Control,M,43
29451,1999,DM,merriami,12,Control,F,44
29463,1999,DM,merriami,17,Control,F,40
29464,1999,DM,merriami,17,Control,M,19
29465,1999,DM,merriami,17,Control,F,40
29466,1999,DM,merriami,17,Control,F,46
29468,1999,DM,merriami,17,Control,M,42
29469,1999,DM,merriami,17,Control,M,47
29470,1999,DM,merriami,17,Control,F,39
29471,1999,DM,merriami,17,Control,M,43
29473,1999,DM,merriami,21,Long-term Krat Exclosure,M,44
29478,1999,DM,merriami,21,Long-term Krat Exclosure,F,29
29481,1999,DM,merriami,22,Control,M,33
29484,1999,DM,merriami,22,Control,F,34
29485,1999,DM,merriami,22,Control,M,45
29486,1999,DM,merriami,22,Control,M,47
29487,1999,DM,merriami,22,Control,F,44
29500,1999,DO,ordii,3,Long-term Krat Exclosure,M,36
29504,1999,DM,merriami,4,Control,M,47
29505,1999,DM,merriami,4,Control,F,43
29506,1999,DM,merriami,4,Control,M,47
29507,1999,DM,merriami,4,Control,M,48
29508,1999,DM,merriami,4,Control,M,45
29509,1999,DM,merriami,4,Control,F,46
29510,1999,DM,merriami,4,Control,M,30
29511,1999,DM,merriami,4,Control,F,43
29512,1999,DM,merriami,4,Control,F,45
29513,1999,DM,merriami,4,Control,M,45
29523,1999,DM,merriami,11,Control,F,40
29524,1999,DM,merriami,11,Control,M,40
29525,1999,DO,ordii,11,Control,M,37
29526,1999,DO,ordii,11,Control,M,34
29527,1999,DO,ordii,11,Control,M,42
29528,1999,DM,merriami,11,Control,F,44
29529,1999,DO,ordii,11,Control,M,52
29530,1999,DM,merriami,9,Spectab exclosure,M,42
29531,1999,DM,merriami,9,Spectab exclosure,M,45
29532,1999,DM,merriami,9,Spectab exclosure,M,41
29535,1999,DM,merriami,9,Spectab exclosure,F,45
29536,1999,DM,merriami,9,Spectab exclosure,M,49
29537,1999,DM,merriami,9,Spectab exclosure,F,42
29538,1999,DO,ordii,8,Control,M,39
29540,1999,DO,ordii,8,Control,F,53
29541,1999,DO,ordii,8,Control,M,38
29543,1999,DO,ordii,8,Control,M,44
29544,1999,DO,ordii,8,Control,M,56
29545,1999,DM,merriami,8,Control,F,39
29550,1999,DM,merriami,13,Short-term Krat Exclosure,F,45
29551,1999,DM,merriami,13,Short-term Krat Exclosure,M,49
29552,1999,DM,merriami,14,Control,F,46
29553,1999,DM,merriami,14,Control,M,22
29554,1999,DM,merriami,14,Control,F,41
29558,1999,DM,merriami,5,Rodent Exclosure,F,47
29559,1999,DM,merriami,5,Rodent Exclosure,M,55
29561,1999,DM,merriami,5,Rodent Exclosure,M,45
29564,1999,DO,ordii,1,Spectab exclosure,M,37
29566,1999,DM,merriami,1,Spectab exclosure,F,41
29567,1999,DM,merriami,1,Spectab exclosure,F,47
29568,1999,DM,merriami,1,Spectab exclosure,F,41
29570,1999,DO,ordii,2,Control,M,40
29573,1999,DS,spectabilis,2,Control,M,96
29577,1999,DM,merriami,2,Control,M,46
29578,1999,DM,merriami,12,Control,F,38
29580,1999,DM,merriami,12,Control,M,44
29582,1999,DM,merriami,12,Control,F,47
29584,1999,DM,merriami,12,Control,F,35
29596,1999,DM,merriami,17,Control,F,45
29597,1999,DM,merriami,17,Control,M,26
29599,1999,DO,ordii,17,Control,M,36
29601,1999,DM,merriami,17,Control,F,43
29602,1999,DM,merriami,17,Control,F,41
29603,1999,DM,merriami,17,Control,F,44
29613,1999,DM,merriami,21,Long-term Krat Exclosure,F,37
29614,1999,DM,merriami,22,Control,M,37
29615,1999,DM,merriami,22,Control,F,46
29616,1999,DM,merriami,22,Control,F,48
29617,1999,DM,merriami,22,Control,M,51
29622,1999,DM,merriami,22,Control,M,47
29638,1999,DM,merriami,4,Control,M,39
29639,1999,DM,merriami,4,Control,M,39
29640,1999,DM,merriami,4,Control,F,46
29642,1999,DM,merriami,4,Control,M,43
29649,1999,DO,ordii,11,Control,M,40
29650,1999,DM,merriami,11,Control,M,42
29651,1999,DM,merriami,11,Control,F,43
29652,1999,DO,ordii,11,Control,M,30
29653,1999,DM,merriami,9,Spectab exclosure,M,42
29654,1999,DM,merriami,9,Spectab exclosure,M,26
29655,1999,DO,ordii,9,Spectab exclosure,M,34
29656,1999,DM,merriami,9,Spectab exclosure,F,43
29657,1999,DM,merriami,9,Spectab exclosure,M,47
29658,1999,DM,merriami,9,Spectab exclosure,M,27
29659,1999,DM,merriami,9,Spectab exclosure,M,37
29660,1999,DO,ordii,8,Control,M,41
29661,1999,DM,merriami,8,Control,M,53
29663,1999,DO,ordii,8,Control,M,53
29664,1999,DO,ordii,8,Control,M,38
29666,1999,DM,merriami,8,Control,M,47
29668,1999,DO,ordii,8,Control,M,37
29669,1999,DO,ordii,8,Control,F,49
29670,1999,DM,merriami,8,Control,M,25
29678,1999,DM,merriami,14,Control,M,21
29679,1999,DM,merriami,14,Control,F,44
29680,1999,DM,merriami,14,Control,F,49
29692,1999,DM,merriami,5,Rodent Exclosure,M,44
29693,1999,DM,merriami,5,Rodent Exclosure,F,45
29694,1999,DM,merriami,5,Rodent Exclosure,M,29
29695,1999,DM,merriami,5,Rodent Exclosure,M,57
29697,1999,DM,merriami,1,Spectab exclosure,F,44
29699,1999,DO,ordii,1,Spectab exclosure,F,55
29700,1999,DM,merriami,1,Spectab exclosure,M,49
29703,1999,DO,ordii,2,Control,M,41
29704,1999,DM,merriami,2,Control,F,42
29706,1999,DS,spectabilis,2,Control,M,102
29708,1999,DM,merriami,12,Control,F,44
29709,1999,DM,merriami,12,Control,F,36
29710,1999,DM,merriami,12,Control,F,45
29712,1999,DM,merriami,12,Control,M,47
29713,1999,DO,ordii,12,Control,M,57
29714,1999,DM,merriami,12,Control,M,22
29736,1999,DM,merriami,17,Control,F,46
29737,1999,DM,merriami,17,Control,F,41
29739,1999,DM,merriami,17,Control,M,31
29741,1999,DM,merriami,17,Control,F,44
29742,1999,DO,ordii,17,Control,M,36
29743,1999,DM,merriami,17,Control,F,42
29751,1999,DM,merriami,21,Long-term Krat Exclosure,F,39
29755,1999,DM,merriami,22,Control,M,40
29756,1999,DM,merriami,22,Control,M,37
29757,1999,DM,merriami,22,Control,F,43
29758,1999,DM,merriami,22,Control,M,46
29760,1999,DM,merriami,22,Control,M,53
29776,1999,DM,merriami,4,Control,F,43
29778,1999,DM,merriami,4,Control,F,53
29780,1999,DM,merriami,4,Control,M,49
29781,1999,DM,merriami,4,Control,M,29
29785,1999,DM,merriami,11,Control,F,45
29786,1999,DO,ordii,11,Control,M,41
29789,1999,DM,merriami,9,Spectab exclosure,M,44
29792,1999,DM,merriami,9,Spectab exclosure,F,46
29793,1999,DM,merriami,9,Spectab exclosure,M,34
29794,1999,DO,ordii,9,Spectab exclosure,M,36
29795,1999,DM,merriami,9,Spectab exclosure,M,43
29797,1999,DM,merriami,9,Spectab exclosure,F,44
29798,1999,DM,merriami,9,Spectab exclosure,M,48
29799,1999,DO,ordii,8,Control,M,44
29800,1999,DO,ordii,8,Control,M,53
29801,1999,DO,ordii,8,Control,M,38
29804,1999,DO,ordii,8,Control,F,48
29809,1999,DM,merriami,14,Control,F,50
29813,1999,DM,merriami,5,Rodent Exclosure,M,58
29843,1999,DM,merriami,9,Spectab exclosure,M,50
29849,1999,DM,merriami,14,Control,M,54
29850,1999,DM,merriami,14,Control,M,48
29860,1999,DO,ordii,1,Spectab exclosure,M,59
29866,1999,DM,merriami,12,Control,M,41
29867,1999,DM,merriami,12,Control,F,46
29868,1999,DM,merriami,12,Control,M,41
29869,1999,DM,merriami,12,Control,M,38
29870,1999,DM,merriami,12,Control,F,42
29885,1999,DM,merriami,17,Control,M,48
29888,1999,DO,ordii,17,Control,F,46
29889,1999,DM,merriami,17,Control,M,48
29912,1999,DM,merriami,11,Control,F,49
29914,1999,DM,merriami,11,Control,M,57
29916,1999,DM,merriami,9,Spectab exclosure,F,55
29917,1999,DM,merriami,9,Spectab exclosure,F,41
29918,1999,DM,merriami,9,Spectab exclosure,M,51
29919,1999,DM,merriami,9,Spectab exclosure,M,51
29920,1999,DO,ordii,8,Control,M,35
29922,1999,DO,ordii,8,Control,F,59
29925,1999,DO,ordii,8,Control,M,30
29930,1999,DM,merriami,14,Control,M,46
29931,1999,DM,merriami,14,Control,M,53
29932,1999,DM,merriami,14,Control,M,34
29944,1999,DO,ordii,1,Spectab exclosure,M,47
29971,1999,DM,merriami,17,Control,M,31
29974,1999,DO,ordii,17,Control,M,49
29975,1999,DM,merriami,17,Control,M,48
29976,1999,DM,merriami,17,Control,M,49
30013,1999,DM,merriami,11,Control,M,62
30014,1999,DM,merriami,11,Control,M,55
30017,1999,DM,merriami,11,Control,M,51
30018,1999,DM,merriami,11,Control,M,55
30019,1999,DM,merriami,11,Control,M,27
30020,1999,DM,merriami,11,Control,F,61
30023,1999,DM,merriami,9,Spectab exclosure,F,45
30024,1999,DM,merriami,9,Spectab exclosure,F,40
30026,1999,DM,merriami,9,Spectab exclosure,M,51
30027,1999,DM,merriami,9,Spectab exclosure,M,19
30028,1999,DO,ordii,8,Control,M,46
30044,1999,DM,merriami,14,Control,M,45
30045,1999,DM,merriami,14,Control,M,53
30046,1999,DM,merriami,14,Control,M,39
30047,1999,DM,merriami,14,Control,M,49
30048,1999,DM,merriami,14,Control,F,45
30062,1999,DO,ordii,1,Spectab exclosure,F,69
30063,1999,DO,ordii,1,Spectab exclosure,M,53
30074,1999,DO,ordii,12,Control,M,54
30075,1999,DO,ordii,12,Control,F,47
30087,1999,DO,ordii,17,Control,F,54
30088,1999,DM,merriami,17,Control,M,41
30105,1999,DM,merriami,22,Control,M,45
30126,1999,DM,merriami,11,Control,M,24
30131,1999,DM,merriami,11,Control,M,42
30132,1999,DM,merriami,9,Spectab exclosure,M,34
30133,1999,DM,merriami,9,Spectab exclosure,M,42
30135,1999,DM,merriami,9,Spectab exclosure,M,50
30136,1999,DM,merriami,9,Spectab exclosure,M,41
30137,1999,DM,merriami,9,Spectab exclosure,M,49
30147,1999,DM,merriami,14,Control,M,42
30149,1999,DM,merriami,14,Control,M,27
30160,2000,DO,ordii,1,Spectab exclosure,M,53
30162,2000,DM,merriami,1,Spectab exclosure,M,50
30167,2000,DO,ordii,1,Spectab exclosure,M,41
30171,2000,DO,ordii,2,Control,M,52
30173,2000,DO,ordii,2,Control,F,54
30177,2000,DO,ordii,12,Control,F,54
30179,2000,DM,merriami,12,Control,M,60
30180,2000,DO,ordii,12,Control,M,42
30181,2000,DO,ordii,12,Control,M,55
30182,2000,DO,ordii,12,Control,M,63
30196,2000,DM,merriami,17,Control,M,52
30197,2000,DM,merriami,17,Control,F,43
30199,2000,DO,ordii,17,Control,F,54
30210,2000,DM,merriami,22,Control,M,56
30215,2000,DM,merriami,22,Control,F,28
30227,2000,DM,merriami,4,Control,M,45
30241,2000,DM,merriami,11,Control,M,43
30242,2000,DM,merriami,11,Control,M,44
30243,2000,DO,ordii,11,Control,M,51
30244,2000,DM,merriami,11,Control,M,44
30246,2000,DM,merriami,11,Control,F,54
30248,2000,DM,merriami,9,Spectab exclosure,M,50
30249,2000,DM,merriami,9,Spectab exclosure,M,43
30250,2000,DM,merriami,9,Spectab exclosure,M,27
30251,2000,DM,merriami,9,Spectab exclosure,F,46
30252,2000,DM,merriami,9,Spectab exclosure,M,52
30254,2000,DM,merriami,9,Spectab exclosure,M,43
30261,2000,DO,ordii,8,Control,M,49
30271,2000,DM,merriami,14,Control,M,41
30273,2000,DM,merriami,14,Control,M,37
30284,2000,DO,ordii,1,Spectab exclosure,M,53
30289,2000,DO,ordii,1,Spectab exclosure,F,48
30290,2000,DO,ordii,1,Spectab exclosure,F,65
30292,2000,DM,merriami,1,Spectab exclosure,F,46
30293,2000,DM,merriami,1,Spectab exclosure,M,50
30294,2000,DO,ordii,1,Spectab exclosure,F,49
30295,2000,DO,ordii,1,Spectab exclosure,M,59
30303,2000,DO,ordii,2,Control,F,52
30305,2000,DO,ordii,2,Control,M,54
30313,2000,DM,merriami,12,Control,F,47
30314,2000,DO,ordii,12,Control,M,54
30316,2000,DM,merriami,12,Control,F,33
30318,2000,DO,ordii,12,Control,F,56
30328,2000,DM,merriami,17,Control,F,42
30329,2000,DO,ordii,17,Control,F,54
30331,2000,DM,merriami,17,Control,M,36
30341,2000,DM,merriami,22,Control,F,32
30344,2000,DM,merriami,22,Control,M,57
30347,2000,DM,merriami,22,Control,F,42
30366,2000,DM,merriami,4,Control,F,42
30369,2000,DM,merriami,4,Control,M,50
30379,2000,DM,merriami,11,Control,F,46
30382,2000,DM,merriami,11,Control,M,46
30384,2000,DM,merriami,9,Spectab exclosure,M,32
30386,2000,DM,merriami,9,Spectab exclosure,F,46
30387,2000,DM,merriami,9,Spectab exclosure,M,45
30388,2000,DM,merriami,9,Spectab exclosure,M,47
30391,2000,DM,merriami,9,Spectab exclosure,M,49
30396,2000,DO,ordii,8,Control,M,51
30399,2000,DO,ordii,8,Control,M,51
30401,2000,DO,ordii,8,Control,M,57
30409,2000,DM,merriami,14,Control,M,53
30422,2000,DO,ordii,1,Spectab exclosure,F,46
30423,2000,DO,ordii,1,Spectab exclosure,M,46
30425,2000,DO,ordii,1,Spectab exclosure,F,35
30427,2000,DM,merriami,1,Spectab exclosure,F,49
30442,2000,DO,ordii,2,Control,F,66
30453,2000,DM,merriami,12,Control,F,33
30470,2000,DM,merriami,17,Control,F,41
30471,2000,DM,merriami,17,Control,F,44
30472,2000,DM,merriami,17,Control,M,49
30473,2000,DM,merriami,17,Control,M,33
30475,2000,DM,merriami,17,Control,M,49
30477,2000,DM,merriami,17,Control,M,40
30509,2000,DM,merriami,4,Control,F,41
30510,2000,DM,merriami,4,Control,F,40
30529,2000,DM,merriami,11,Control,M,50
30533,2000,DM,merriami,9,Spectab exclosure,M,47
30534,2000,DM,merriami,9,Spectab exclosure,F,46
30535,2000,DM,merriami,9,Spectab exclosure,M,50
30538,2000,DM,merriami,9,Spectab exclosure,M,30
30540,2000,DO,ordii,8,Control,F,43
30543,2000,DO,ordii,8,Control,M,50
30548,2000,DO,ordii,8,Control,F,43
30556,2000,DM,merriami,14,Control,M,26
30557,2000,DM,merriami,14,Control,M,49
30558,2000,DM,merriami,14,Control,M,53
30560,2000,DM,merriami,14,Control,F,43
30563,2000,DM,merriami,14,Control,F,48
30564,2000,DM,merriami,14,Control,M,47
30565,2000,DM,merriami,14,Control,F,41
30576,2000,DO,ordii,16,Rodent Exclosure,M,41
30578,2000,DO,ordii,16,Rodent Exclosure,M,41
30582,2000,DO,ordii,1,Spectab exclosure,M,53
30583,2000,DO,ordii,1,Spectab exclosure,F,49
30602,2000,DO,ordii,17,Control,M,39
30603,2000,DO,ordii,17,Control,M,38
30604,2000,DM,merriami,17,Control,F,33
30605,2000,DM,merriami,17,Control,M,52
30606,2000,DM,merriami,17,Control,F,29
30612,2000,DO,ordii,2,Control,F,42
30614,2000,DM,merriami,12,Control,F,40
30615,2000,DM,merriami,12,Control,M,18
30621,2000,DM,merriami,12,Control,F,45
30622,2000,DO,ordii,12,Control,M,51
30630,2000,DM,merriami,22,Control,M,56
30647,2000,DM,merriami,17,Control,M,46
30648,2000,DM,merriami,17,Control,F,46
30649,2000,DO,ordii,17,Control,F,59
30662,2000,DM,merriami,9,Spectab exclosure,F,52
30665,2000,DM,merriami,9,Spectab exclosure,F,44
30666,2000,DM,merriami,9,Spectab exclosure,M,50
30667,2000,DM,merriami,9,Spectab exclosure,F,39
30676,2000,DM,merriami,4,Control,F,47
30681,2000,DM,merriami,11,Control,M,49
30683,2000,DM,merriami,11,Control,F,55
30688,2000,DO,ordii,8,Control,M,23
30689,2000,DO,ordii,8,Control,F,47
30693,2000,DO,ordii,8,Control,M,60
30696,2000,DO,ordii,8,Control,M,49
30697,2000,DO,ordii,8,Control,F,45
30700,2000,DO,ordii,8,Control,M,51
30711,2000,DM,merriami,14,Control,M,44
30712,2000,DM,merriami,14,Control,M,28
30713,2000,DM,merriami,14,Control,M,40
30714,2000,DM,merriami,14,Control,M,48
30725,2000,DM,merriami,1,Spectab exclosure,M,49
30727,2000,DO,ordii,1,Spectab exclosure,F,50
30728,2000,DO,ordii,1,Spectab exclosure,M,54
30739,2000,DO,ordii,2,Control,M,31
30742,2000,DM,merriami,12,Control,F,47
30743,2000,DM,merriami,12,Control,M,32
30748,2000,DO,ordii,12,Control,M,47
30752,2000,DO,ordii,12,Control,M,53
30767,2000,DM,merriami,17,Control,F,38
30768,2000,DM,merriami,17,Control,M,43
30769,2000,DO,ordii,17,Control,M,24
30772,2000,DM,merriami,17,Control,F,43
30776,2000,DO,ordii,17,Control,F,55
30792,2000,DM,merriami,22,Control,M,54
30823,2000,DM,merriami,4,Control,M,23
30826,2000,DM,merriami,4,Control,M,46
30845,2000,DM,merriami,11,Control,M,35
30848,2000,DM,merriami,11,Control,M,47
30850,2000,DM,merriami,11,Control,M,48
30854,2000,DM,merriami,9,Spectab exclosure,M,46
30857,2000,DO,ordii,9,Spectab exclosure,M,44
30858,2000,DM,merriami,9,Spectab exclosure,M,45
30864,2000,DO,ordii,8,Control,M,35
30867,2000,DO,ordii,8,Control,M,50
30869,2000,DO,ordii,8,Control,F,52
30870,2000,DO,ordii,8,Control,M,32
30880,2000,DM,merriami,14,Control,M,43
30881,2000,DM,merriami,14,Control,M,24
30882,2000,DM,merriami,14,Control,F,47
30900,2000,DM,merriami,1,Spectab exclosure,M,38
30906,2000,DO,ordii,1,Spectab exclosure,F,53
30921,2000,DO,ordii,12,Control,M,62
30925,2000,DM,merriami,12,Control,M,39
30926,2000,DM,merriami,12,Control,M,28
30931,2000,DO,ordii,12,Control,M,56
30969,2000,DM,merriami,17,Control,M,48
30970,2000,DO,ordii,17,Control,M,51
30974,2000,DM,merriami,17,Control,F,43
30978,2000,DM,merriami,17,Control,M,45
30979,2000,DM,merriami,17,Control,F,43
30981,2000,DO,ordii,24,Rodent Exclosure,F,46
31000,2000,DM,merriami,4,Control,M,33
31003,2000,DM,merriami,4,Control,M,39
31021,2000,DM,merriami,11,Control,M,43
31024,2000,DM,merriami,11,Control,M,53
31027,2000,DM,merriami,9,Spectab exclosure,F,45
31028,2000,DM,merriami,9,Spectab exclosure,M,48
31033,2000,DM,merriami,9,Spectab exclosure,M,51
31042,2000,DM,merriami,9,Spectab exclosure,M,40
31046,2000,DM,merriami,8,Control,M,53
31049,2000,DO,ordii,8,Control,M,39
31054,2000,DO,ordii,8,Control,F,50
31070,2000,DM,merriami,14,Control,M,45
31074,2000,DM,merriami,14,Control,M,47
31076,2000,DM,merriami,14,Control,F,29
31101,2000,DM,merriami,1,Spectab exclosure,M,39
31112,2000,DO,ordii,12,Control,M,58
31113,2000,DM,merriami,12,Control,M,39
31115,2000,DM,merriami,12,Control,M,36
31119,2000,DM,merriami,12,Control,F,49
31134,2000,DM,merriami,17,Control,F,42
31136,2000,DM,merriami,17,Control,M,46
31137,2000,DM,merriami,17,Control,M,45
31138,2000,DO,ordii,17,Control,M,47
31141,2000,DM,merriami,17,Control,F,51
31190,2000,DM,merriami,4,Control,M,32
31191,2000,DM,merriami,4,Control,M,40
31195,2000,DM,merriami,1,Spectab exclosure,M,42
31196,2000,DO,ordii,1,Spectab exclosure,M,51
31215,2000,DM,merriami,2,Control,F,43
31217,2000,DM,merriami,12,Control,F,49
31218,2000,DM,merriami,12,Control,M,45
31221,2000,DO,ordii,12,Control,M,55
31245,2000,DM,merriami,22,Control,M,56
31260,2000,DM,merriami,17,Control,M,43
31261,2000,DM,merriami,17,Control,M,47
31263,2000,DM,merriami,17,Control,F,38
31267,2000,DM,merriami,17,Control,F,45
31269,2000,DO,ordii,24,Rodent Exclosure,M,59
31288,2000,DM,merriami,4,Control,M,43
31289,2000,DM,merriami,4,Control,M,44
31314,2000,DM,merriami,11,Control,M,53
31315,2000,DM,merriami,11,Control,F,41
31317,2000,DM,merriami,9,Spectab exclosure,F,44
31318,2000,DM,merriami,9,Spectab exclosure,M,46
31320,2000,DM,merriami,9,Spectab exclosure,F,39
31322,2000,DM,merriami,9,Spectab exclosure,M,51
31323,2000,DM,merriami,9,Spectab exclosure,M,46
31325,2000,DO,ordii,9,Spectab exclosure,M,46
31329,2000,DM,merriami,8,Control,M,37
31334,2000,DO,ordii,8,Control,M,51
31335,2000,DO,ordii,8,Control,M,49
31349,2000,DM,merriami,14,Control,M,31
31351,2000,DM,merriami,14,Control,F,39
31352,2000,DM,merriami,14,Control,M,45
31353,2000,DM,merriami,14,Control,M,45
31356,2000,DM,merriami,14,Control,M,25
31357,2000,DM,merriami,14,Control,F,39
31369,2000,DM,merriami,1,Spectab exclosure,F,38
31370,2000,DM,merriami,1,Spectab exclosure,M,39
31374,2000,DM,merriami,1,Spectab exclosure,M,42
31375,2000,DO,ordii,1,Spectab exclosure,M,50
31386,2000,DM,merriami,2,Control,F,45
31393,2000,DM,merriami,12,Control,M,41
31396,2000,DM,merriami,12,Control,F,47
31397,2000,DO,ordii,12,Control,M,51
31411,2000,DM,merriami,17,Control,F,42
31412,2000,DM,merriami,17,Control,M,43
31413,2000,DM,merriami,17,Control,F,43
31415,2000,DM,merriami,17,Control,F,34
31416,2000,DM,merriami,17,Control,M,42
31419,2000,DM,merriami,17,Control,M,47
31420,2000,DM,merriami,17,Control,M,47
31427,2000,DM,merriami,22,Control,M,52
31432,2000,DM,merriami,22,Control,M,42
31450,2000,DM,merriami,4,Control,M,46
31451,2000,DM,merriami,4,Control,M,43
31452,2000,DM,merriami,4,Control,M,41
31453,2000,DM,merriami,4,Control,M,29
31454,2000,DM,merriami,4,Control,F,39
31465,2000,DM,merriami,11,Control,F,41
31469,2000,DM,merriami,9,Spectab exclosure,F,41
31471,2000,DM,merriami,9,Spectab exclosure,M,46
31472,2000,DM,merriami,9,Spectab exclosure,M,42
31476,2000,DM,merriami,8,Control,M,43
31478,2000,DO,ordii,8,Control,M,46
31479,2000,DO,ordii,8,Control,M,51
31480,2000,DO,ordii,8,Control,M,46
31487,2000,DM,merriami,14,Control,F,42
31488,2000,DM,merriami,14,Control,F,46
31492,2000,DM,merriami,14,Control,F,42
31493,2000,DM,merriami,14,Control,M,49
31506,2000,DO,ordii,1,Spectab exclosure,M,51
31507,2000,DO,ordii,1,Spectab exclosure,NA,51
31509,2000,DM,merriami,1,Spectab exclosure,M,40
31512,2000,DM,merriami,1,Spectab exclosure,M,41
31515,2000,DM,merriami,2,Control,F,43
31522,2000,DM,merriami,12,Control,F,47
31526,2000,DM,merriami,12,Control,M,38
31527,2000,DM,merriami,12,Control,M,44
31528,2000,DO,ordii,12,Control,M,55
31536,2000,DM,merriami,17,Control,M,47
31538,2000,DM,merriami,17,Control,M,45
31539,2000,DM,merriami,17,Control,F,42
31540,2000,DM,merriami,17,Control,F,42
31541,2000,DM,merriami,17,Control,F,42
31542,2000,DM,merriami,17,Control,M,49
31566,2000,DM,merriami,4,Control,M,43
31567,2000,DM,merriami,4,Control,F,44
31568,2000,DM,merriami,4,Control,M,43
31571,2000,DM,merriami,4,Control,M,44
31576,2000,DO,ordii,6,Short-term Krat Exclosure,F,50
31578,2000,DM,merriami,11,Control,F,37
31582,2000,DM,merriami,9,Spectab exclosure,F,39
31583,2000,DM,merriami,9,Spectab exclosure,M,42
31584,2000,DM,merriami,9,Spectab exclosure,F,43
31588,2000,DM,merriami,9,Spectab exclosure,M,42
31591,2000,DO,ordii,8,Control,M,45
31593,2000,DO,ordii,8,Control,M,49
31594,2000,DO,ordii,8,Control,F,49
31600,2000,DM,merriami,14,Control,M,47
31601,2000,DM,merriami,14,Control,M,40
31603,2000,DM,merriami,14,Control,F,39
31604,2000,DM,merriami,14,Control,M,35
31605,2000,DM,merriami,14,Control,F,41
31613,2000,DM,merriami,16,Rodent Exclosure,F,38
31616,2000,DO,ordii,1,Spectab exclosure,M,52
31620,2000,DM,merriami,1,Spectab exclosure,M,38
31621,2000,DM,merriami,1,Spectab exclosure,M,41
31622,2000,DM,merriami,1,Spectab exclosure,F,42
31624,2000,DM,merriami,1,Spectab exclosure,M,43
31632,2000,DM,merriami,2,Control,F,44
31636,2000,DO,ordii,12,Control,M,54
31637,2000,DM,merriami,12,Control,M,45
31645,2000,DM,merriami,17,Control,M,50
31646,2000,DM,merriami,17,Control,F,42
31647,2000,DM,merriami,17,Control,F,43
31648,2000,DM,merriami,17,Control,M,47
31650,2000,DM,merriami,17,Control,M,48
31652,2000,DM,merriami,17,Control,M,45
31673,2000,DM,merriami,4,Control,M,54
31674,2000,DM,merriami,4,Control,M,48
31685,2000,DM,merriami,11,Control,F,39
31686,2000,DM,merriami,11,Control,M,50
31688,2000,DM,merriami,9,Spectab exclosure,M,43
31690,2000,DM,merriami,9,Spectab exclosure,M,44
31691,2000,DM,merriami,9,Spectab exclosure,M,43
31692,2000,DM,merriami,9,Spectab exclosure,F,41
31697,2000,DO,ordii,8,Control,M,47
31698,2000,DO,ordii,8,Control,M,46
31704,2000,DM,merriami,14,Control,M,52
31705,2000,DM,merriami,14,Control,F,39
31712,2001,DM,merriami,1,Spectab exclosure,M,43
31714,2001,DO,ordii,1,Spectab exclosure,M,53
31718,2001,DM,merriami,2,Control,F,44
31722,2001,DO,ordii,12,Control,M,54
31723,2001,DM,merriami,12,Control,F,49
31725,2001,DM,merriami,12,Control,M,43
31731,2001,DM,merriami,17,Control,M,49
31732,2001,DM,merriami,17,Control,M,48
31733,2001,DM,merriami,17,Control,F,43
31734,2001,DM,merriami,17,Control,F,41
31736,2001,DM,merriami,17,Control,F,41
31748,2001,DO,ordii,7,Rodent Exclosure,M,47
31760,2001,DM,merriami,4,Control,M,48
31768,2001,DM,merriami,11,Control,M,45
31769,2001,DM,merriami,11,Control,M,54
31770,2001,DM,merriami,11,Control,M,46
31771,2001,DM,merriami,11,Control,F,41
31772,2001,DM,merriami,9,Spectab exclosure,M,42
31773,2001,DM,merriami,9,Spectab exclosure,F,44
31774,2001,DM,merriami,9,Spectab exclosure,M,48
31775,2001,DM,merriami,9,Spectab exclosure,M,49
31780,2001,DM,merriami,14,Control,F,36
31781,2001,DM,merriami,14,Control,F,41
31782,2001,DM,merriami,14,Control,M,47
31783,2001,DM,merriami,14,Control,F,42
31784,2001,DM,merriami,14,Control,F,40
31785,2001,DM,merriami,14,Control,M,50
31792,2001,DM,merriami,2,Control,F,45
31802,2001,DM,merriami,17,Control,F,58
31805,2001,DM,merriami,17,Control,F,41
31806,2001,DM,merriami,17,Control,F,40
31822,2001,DM,merriami,4,Control,F,45
31824,2001,DM,merriami,4,Control,M,50
31828,2001,DM,merriami,11,Control,M,39
31829,2001,DM,merriami,11,Control,M,55
31832,2001,DM,merriami,9,Spectab exclosure,F,58
31833,2001,DM,merriami,9,Spectab exclosure,M,50
31834,2001,DM,merriami,9,Spectab exclosure,M,51
31836,2001,DM,merriami,9,Spectab exclosure,M,50
31837,2001,DM,merriami,9,Spectab exclosure,M,54
31838,2001,DM,merriami,9,Spectab exclosure,F,45
31840,2001,DM,merriami,8,Control,M,52
31844,2001,DM,merriami,14,Control,M,53
31845,2001,DM,merriami,14,Control,M,49
31846,2001,DM,merriami,14,Control,F,44
31847,2001,DM,merriami,14,Control,F,44
31855,2001,DM,merriami,1,Spectab exclosure,F,47
31858,2001,DM,merriami,2,Control,M,53
31859,2001,DM,merriami,2,Control,F,60
31860,2001,DM,merriami,2,Control,M,47
31861,2001,DM,merriami,2,Control,M,48
31865,2001,DM,merriami,12,Control,F,58
31871,2001,DM,merriami,17,Control,F,55
31874,2001,DM,merriami,17,Control,F,48
31875,2001,DM,merriami,17,Control,M,48
31877,2001,DM,merriami,17,Control,M,45
31878,2001,DM,merriami,17,Control,F,56
31879,2001,DM,merriami,17,Control,F,45
31894,2001,DM,merriami,4,Control,M,51
31898,2001,DM,merriami,11,Control,F,51
31899,2001,DM,merriami,11,Control,M,53
31902,2001,DM,merriami,9,Spectab exclosure,F,47
31903,2001,DM,merriami,9,Spectab exclosure,M,51
31904,2001,DM,merriami,9,Spectab exclosure,M,52
31905,2001,DM,merriami,9,Spectab exclosure,M,51
31918,2001,DM,merriami,14,Control,M,50
31919,2001,DM,merriami,14,Control,M,48
31922,2001,DM,merriami,14,Control,F,54
31924,2001,DM,merriami,14,Control,M,54
31927,2001,DM,merriami,14,Control,F,59
31939,2001,DM,merriami,1,Spectab exclosure,M,49
31943,2001,DO,ordii,1,Spectab exclosure,F,68
31945,2001,DM,merriami,2,Control,F,47
31948,2001,DM,merriami,2,Control,M,52
31950,2001,DO,ordii,12,Control,M,54
31952,2001,DO,ordii,12,Control,F,60
31954,2001,DM,merriami,12,Control,F,57
31956,2001,DO,ordii,24,Rodent Exclosure,F,76
31962,2001,DM,merriami,17,Control,F,50
31965,2001,DM,merriami,17,Control,M,49
31966,2001,DM,merriami,17,Control,M,49
31968,2001,DM,merriami,17,Control,M,37
31970,2001,DM,merriami,17,Control,F,50
31971,2001,DM,merriami,17,Control,M,50
31972,2001,DM,merriami,17,Control,M,50
31987,2001,DM,merriami,22,Control,M,53
31994,2001,DM,merriami,4,Control,M,53
31995,2001,DM,merriami,4,Control,F,55
32003,2001,DM,merriami,11,Control,F,49
32005,2001,DM,merriami,11,Control,F,49
32011,2001,DM,merriami,9,Spectab exclosure,M,52
32013,2001,DM,merriami,9,Spectab exclosure,F,47
32014,2001,DM,merriami,9,Spectab exclosure,F,53
32015,2001,DO,ordii,8,Control,M,59
32016,2001,DO,ordii,8,Control,F,59
32018,2001,DM,merriami,14,Control,M,53
32019,2001,DM,merriami,14,Control,M,49
32021,2001,DM,merriami,14,Control,M,56
32022,2001,DM,merriami,14,Control,F,46
32023,2001,DO,ordii,14,Control,F,52
32025,2001,DM,merriami,14,Control,F,55
32038,2001,DO,ordii,1,Spectab exclosure,M,55
32040,2001,DM,merriami,1,Spectab exclosure,M,48
32042,2001,DO,ordii,1,Spectab exclosure,F,68
32047,2001,DO,ordii,12,Control,M,49
32048,2001,DO,ordii,12,Control,F,27
32049,2001,DM,merriami,12,Control,M,48
32063,2001,DM,merriami,17,Control,M,52
32064,2001,DM,merriami,17,Control,M,48
32066,2001,DM,merriami,17,Control,M,46
32067,2001,DM,merriami,17,Control,F,41
32068,2001,DM,merriami,17,Control,M,47
32070,2001,DM,merriami,17,Control,F,47
32071,2001,DM,merriami,17,Control,M,49
32084,2001,DO,ordii,24,Rodent Exclosure,M,51
32093,2001,DM,merriami,4,Control,F,51
32094,2001,DM,merriami,4,Control,M,52
32095,2001,DM,merriami,4,Control,F,36
32096,2001,DM,merriami,4,Control,F,49
32107,2001,DM,merriami,11,Control,M,55
32109,2001,DM,merriami,11,Control,F,48
32111,2001,DM,merriami,11,Control,M,50
32112,2001,DM,merriami,11,Control,F,48
32114,2001,DM,merriami,9,Spectab exclosure,F,52
32116,2001,DM,merriami,9,Spectab exclosure,M,50
32117,2001,DM,merriami,9,Spectab exclosure,M,50
32118,2001,DM,merriami,9,Spectab exclosure,F,40
32119,2001,DM,merriami,9,Spectab exclosure,M,49
32123,2001,DO,ordii,8,Control,F,59
32131,2001,DM,merriami,14,Control,M,25
32132,2001,DO,ordii,14,Control,M,56
32134,2001,DM,merriami,14,Control,F,58
32135,2001,DM,merriami,14,Control,F,47
32136,2001,DM,merriami,14,Control,F,50
32138,2001,DM,merriami,14,Control,F,36
32139,2001,DM,merriami,14,Control,M,55
32140,2001,DM,merriami,14,Control,M,46
32141,2001,DM,merriami,14,Control,F,41
32154,2001,DO,ordii,1,Spectab exclosure,F,54
32158,2001,DO,ordii,1,Spectab exclosure,M,26
32170,2001,DM,merriami,12,Control,F,30
32171,2001,DO,ordii,12,Control,M,43
32173,2001,DO,ordii,12,Control,F,53
32174,2001,DM,merriami,12,Control,M,48
32176,2001,DM,merriami,12,Control,F,33
32189,2001,DM,merriami,17,Control,M,29
32191,2001,DM,merriami,17,Control,F,51
32192,2001,DM,merriami,17,Control,M,47
32193,2001,DM,merriami,17,Control,M,40
32195,2001,DM,merriami,17,Control,M,46
32196,2001,DM,merriami,17,Control,F,43
32197,2001,DM,merriami,17,Control,M,50
32198,2001,DM,merriami,17,Control,M,50
32199,2001,DM,merriami,17,Control,M,30
32200,2001,DM,merriami,17,Control,F,46
32206,2001,DM,merriami,22,Control,M,56
32267,2001,DM,merriami,4,Control,F,49
32292,2001,DM,merriami,11,Control,F,47
32293,2001,DM,merriami,11,Control,M,42
32295,2001,DM,merriami,11,Control,F,59
32298,2001,DM,merriami,9,Spectab exclosure,M,49
32299,2001,DM,merriami,9,Spectab exclosure,F,48
32302,2001,DM,merriami,9,Spectab exclosure,F,43
32304,2001,DM,merriami,9,Spectab exclosure,F,25
32305,2001,DM,merriami,9,Spectab exclosure,F,42
32306,2001,DM,merriami,9,Spectab exclosure,F,25
32312,2001,DO,ordii,8,Control,M,53
32317,2001,DO,ordii,8,Control,M,46
32319,2001,DO,ordii,8,Control,F,61
32334,2001,DM,merriami,14,Control,F,25
32335,2001,DM,merriami,14,Control,F,47
32336,2001,DM,merriami,14,Control,M,47
32337,2001,DM,merriami,14,Control,F,54
32338,2001,DO,ordii,14,Control,M,45
32342,2001,DM,merriami,14,Control,F,48
32368,2001,DO,ordii,1,Spectab exclosure,F,50
32373,2001,DM,merriami,1,Spectab exclosure,M,39
32374,2001,DO,ordii,1,Spectab exclosure,F,54
32376,2001,DO,ordii,1,Spectab exclosure,M,57
32380,2001,DM,merriami,2,Control,F,49
32386,2001,DM,merriami,2,Control,M,46
32394,2001,DM,merriami,12,Control,F,50
32396,2001,DO,ordii,12,Control,M,58
32399,2001,DM,merriami,12,Control,M,47
32401,2001,DO,ordii,12,Control,M,57
32422,2001,DM,merriami,17,Control,M,41
32424,2001,DM,merriami,17,Control,F,50
32427,2001,DM,merriami,17,Control,M,49
32429,2001,DM,merriami,17,Control,F,36
32431,2001,DM,merriami,17,Control,M,44
32433,2001,DM,merriami,22,Control,M,43
32490,2001,DM,merriami,4,Control,F,51
32494,2001,DM,merriami,4,Control,F,48
32520,2001,DM,merriami,11,Control,M,49
32521,2001,DM,merriami,11,Control,M,28
32524,2001,DM,merriami,11,Control,F,44
32525,2001,DM,merriami,11,Control,M,46
32531,2001,DM,merriami,11,Control,M,50
32532,2001,DM,merriami,9,Spectab exclosure,M,45
32533,2001,DM,merriami,9,Spectab exclosure,F,49
32534,2001,DM,merriami,9,Spectab exclosure,F,41
32535,2001,DM,merriami,9,Spectab exclosure,F,44
32538,2001,DM,merriami,9,Spectab exclosure,M,24
32544,2001,DO,ordii,8,Control,M,59
32555,2001,DO,ordii,8,Control,F,64
32568,2001,DM,merriami,14,Control,F,51
32570,2001,DM,merriami,14,Control,F,38
32571,2001,DM,merriami,14,Control,M,31
32572,2001,DM,merriami,14,Control,F,45
32573,2001,DM,merriami,14,Control,M,33
32575,2001,DM,merriami,14,Control,M,46
32576,2001,DM,merriami,14,Control,F,44
32578,2001,DM,merriami,14,Control,F,51
32589,2001,DM,merriami,1,Spectab exclosure,M,42
32592,2001,DO,ordii,1,Spectab exclosure,M,58
32601,2001,DM,merriami,2,Control,M,24
32604,2001,DM,merriami,2,Control,M,47
32605,2001,DM,merriami,2,Control,F,43
32607,2001,DM,merriami,2,Control,M,50
32613,2001,DO,ordii,12,Control,M,58
32615,2001,DM,merriami,12,Control,F,45
32616,2001,DM,merriami,12,Control,M,49
32617,2001,DO,ordii,12,Control,M,60
32639,2001,DM,merriami,17,Control,M,44
32643,2001,DM,merriami,17,Control,F,57
32644,2001,DM,merriami,17,Control,M,48
32645,2001,DM,merriami,17,Control,F,26
32647,2001,DM,merriami,17,Control,M,49
32651,2001,DM,merriami,17,Control,F,21
32680,2001,DM,merriami,22,Control,M,56
32683,2001,DM,merriami,22,Control,M,50
32704,2001,DO,ordii,3,Long-term Krat Exclosure,F,53
32711,2001,DO,ordii,4,Control,F,57
32713,2001,DM,merriami,4,Control,F,47
32715,2001,DM,merriami,4,Control,F,24
32716,2001,DM,merriami,4,Control,F,52
32720,2001,DM,merriami,4,Control,M,23
32733,2001,DM,merriami,11,Control,F,52
32739,2001,DM,merriami,11,Control,F,51
32744,2001,DM,merriami,9,Spectab exclosure,F,47
32745,2001,DM,merriami,9,Spectab exclosure,F,51
32746,2001,DM,merriami,9,Spectab exclosure,F,41
32749,2001,DM,merriami,9,Spectab exclosure,M,42
32751,2001,DM,merriami,9,Spectab exclosure,M,47
32762,2001,DO,ordii,8,Control,M,53
32764,2001,DO,ordii,8,Control,M,60
32777,2001,DM,merriami,14,Control,M,27
32778,2001,DM,merriami,14,Control,F,45
32780,2001,DM,merriami,14,Control,M,52
32782,2001,DM,merriami,14,Control,F,39
32783,2001,DM,merriami,14,Control,M,21
32784,2001,DM,merriami,14,Control,F,30
32786,2001,DM,merriami,14,Control,F,43
32788,2001,DM,merriami,14,Control,M,26
32808,2001,DO,ordii,1,Spectab exclosure,M,58
32809,2001,DM,merriami,1,Spectab exclosure,M,44
32827,2001,DM,merriami,2,Control,F,47
32828,2001,DM,merriami,2,Control,M,46
32831,2001,DO,ordii,12,Control,M,52
32832,2001,DM,merriami,12,Control,M,49
32835,2001,DO,ordii,12,Control,M,59
32838,2001,DM,merriami,12,Control,F,47
32854,2001,DM,merriami,17,Control,M,43
32855,2001,DM,merriami,17,Control,NA,34
32859,2001,DM,merriami,17,Control,F,45
32862,2001,DM,merriami,17,Control,F,51
32864,2001,DM,merriami,22,Control,M,47
32871,2001,DM,merriami,22,Control,M,57
32907,2001,DO,ordii,3,Long-term Krat Exclosure,F,55
32910,2001,DM,merriami,4,Control,F,60
32913,2001,DM,merriami,4,Control,M,39
32914,2001,DO,ordii,4,Control,M,37
32917,2001,DM,merriami,4,Control,M,53
32918,2001,DM,merriami,4,Control,F,48
32920,2001,DO,ordii,4,Control,F,50
32927,2001,DM,merriami,4,Control,M,37
32949,2001,DM,merriami,11,Control,F,42
32950,2001,DM,merriami,11,Control,M,59
32955,2001,DM,merriami,11,Control,M,41
32956,2001,DM,merriami,11,Control,F,50
32957,2001,DM,merriami,9,Spectab exclosure,F,48
32958,2001,DM,merriami,9,Spectab exclosure,F,22
32959,2001,DM,merriami,9,Spectab exclosure,F,38
32961,2001,DM,merriami,9,Spectab exclosure,M,41
32962,2001,DM,merriami,9,Spectab exclosure,M,48
32963,2001,DM,merriami,9,Spectab exclosure,F,41
32967,2001,DM,merriami,9,Spectab exclosure,F,44
32969,2001,DM,merriami,9,Spectab exclosure,M,22
32970,2001,DO,ordii,8,Control,M,57
32971,2001,DO,ordii,8,Control,M,53
32972,2001,DO,ordii,8,Control,F,59
32975,2001,DO,ordii,8,Control,F,34
32976,2001,DO,ordii,8,Control,M,55
32980,2001,DO,ordii,8,Control,F,47
32982,2001,DM,merriami,8,Control,M,40
32995,2001,DM,merriami,14,Control,M,37
32996,2001,DM,merriami,14,Control,F,48
32997,2001,DM,merriami,14,Control,M,36
32998,2001,DM,merriami,14,Control,M,50
33000,2001,DM,merriami,14,Control,F,49
33001,2001,DM,merriami,14,Control,F,45
33002,2001,DM,merriami,14,Control,F,30
33021,2001,DO,ordii,1,Spectab exclosure,M,59
33024,2001,DM,merriami,1,Spectab exclosure,M,42
33026,2001,DO,ordii,1,Spectab exclosure,F,33
33027,2001,DM,merriami,2,Control,M,48
33030,2001,DO,ordii,2,Control,F,46
33035,2001,DM,merriami,2,Control,F,47
33042,2001,DO,ordii,12,Control,F,46
33043,2001,DO,ordii,12,Control,F,54
33044,2001,DM,merriami,12,Control,F,45
33045,2001,DO,ordii,12,Control,M,55
33048,2001,DO,ordii,12,Control,M,61
33069,2001,DM,merriami,17,Control,F,48
33070,2001,DM,merriami,17,Control,M,44
33071,2001,DM,merriami,17,Control,F,44
33072,2001,DM,merriami,17,Control,M,50
33098,2001,DM,merriami,22,Control,M,50
33117,2001,DM,merriami,3,Long-term Krat Exclosure,M,52
33129,2001,DM,merriami,3,Long-term Krat Exclosure,F,42
33131,2001,DO,ordii,3,Long-term Krat Exclosure,F,51
33132,2001,DM,merriami,4,Control,F,31
33133,2001,DO,ordii,4,Control,M,39
33134,2001,DM,merriami,4,Control,F,45
33135,2001,DO,ordii,4,Control,M,45
33139,2001,DO,ordii,4,Control,F,36
33140,2001,DM,merriami,4,Control,M,40
33141,2001,DM,merriami,4,Control,F,30
33142,2001,DM,merriami,4,Control,M,43
33144,2001,DM,merriami,4,Control,M,48
33145,2001,DM,merriami,4,Control,F,49
33161,2001,DM,merriami,11,Control,F,44
33162,2001,DO,ordii,11,Control,F,42
33163,2001,DO,ordii,11,Control,M,51
33165,2001,DM,merriami,11,Control,M,35
33166,2001,DM,merriami,11,Control,M,59
33170,2001,DM,merriami,11,Control,M,43
33173,2001,DM,merriami,9,Spectab exclosure,F,43
33174,2001,DM,merriami,9,Spectab exclosure,F,38
33175,2001,DM,merriami,9,Spectab exclosure,F,48
33177,2001,DM,merriami,9,Spectab exclosure,M,46
33178,2001,DM,merriami,9,Spectab exclosure,F,45
33185,2001,DO,ordii,8,Control,M,52
33186,2001,DO,ordii,8,Control,M,54
33187,2001,DM,merriami,8,Control,M,38
33189,2001,DO,ordii,8,Control,F,42
33190,2001,DO,ordii,8,Control,M,58
33202,2001,DM,merriami,14,Control,F,36
33204,2001,DM,merriami,14,Control,F,45
33206,2001,DM,merriami,14,Control,F,45
33207,2001,DM,merriami,14,Control,M,41
33213,2001,DM,merriami,16,Rodent Exclosure,M,55
33217,2001,DO,ordii,16,Rodent Exclosure,F,46
33221,2001,DO,ordii,1,Spectab exclosure,M,59
33222,2001,DO,ordii,1,Spectab exclosure,M,46
33223,2001,DM,merriami,1,Spectab exclosure,M,44
33224,2001,DO,ordii,1,Spectab exclosure,M,41
33230,2001,DO,ordii,2,Control,M,45
33232,2001,DM,merriami,2,Control,F,45
33233,2001,DO,ordii,2,Control,M,52
33234,2001,DM,merriami,2,Control,M,48
33239,2001,DM,merriami,12,Control,M,39
33240,2001,DO,ordii,12,Control,F,52
33241,2001,DO,ordii,12,Control,M,60
33242,2001,DM,merriami,12,Control,F,46
33243,2001,DO,ordii,12,Control,M,55
33264,2001,DM,merriami,17,Control,F,46
33265,2001,DM,merriami,17,Control,M,51
33268,2001,DM,merriami,17,Control,F,46
33269,2001,DM,merriami,17,Control,M,43
33276,2001,DM,merriami,22,Control,M,51
33321,2002,DM,merriami,1,Spectab exclosure,M,44
33322,2002,DO,ordii,1,Spectab exclosure,M,58
33325,2002,DO,ordii,1,Spectab exclosure,M,29
33329,2002,DM,merriami,2,Control,M,47
33330,2002,DO,ordii,2,Control,M,51
33335,2002,DO,ordii,2,Control,F,46
33336,2002,DM,merriami,2,Control,F,45
33340,2002,DO,ordii,12,Control,M,24
33342,2002,DO,ordii,12,Control,F,26
33343,2002,DO,ordii,12,Control,F,47
33344,2002,DM,merriami,12,Control,M,40
33345,2002,DO,ordii,12,Control,M,55
33347,2002,DM,merriami,12,Control,F,45
33365,2002,DM,merriami,17,Control,M,49
33367,2002,DM,merriami,17,Control,F,47
33369,2002,DM,merriami,17,Control,F,48
33370,2002,DM,merriami,17,Control,M,42
33372,2002,DM,merriami,22,Control,M,51
33398,2002,DO,ordii,1,Spectab exclosure,F,35
33400,2002,DO,ordii,1,Spectab exclosure,M,60
33401,2002,DM,merriami,1,Spectab exclosure,M,47
33402,2002,DO,ordii,1,Spectab exclosure,M,40
33406,2002,DO,ordii,2,Control,F,49
33407,2002,DO,ordii,2,Control,M,52
33410,2002,DM,merriami,2,Control,F,46
33417,2002,DM,merriami,3,Long-term Krat Exclosure,M,48
33419,2002,DM,merriami,3,Long-term Krat Exclosure,M,54
33423,2002,DM,merriami,3,Long-term Krat Exclosure,M,49
33424,2002,DM,merriami,3,Long-term Krat Exclosure,F,47
33425,2002,DO,ordii,3,Long-term Krat Exclosure,F,51
33426,2002,DM,merriami,3,Long-term Krat Exclosure,M,52
33431,2002,DO,ordii,3,Long-term Krat Exclosure,M,49
33434,2002,DO,ordii,3,Long-term Krat Exclosure,F,53
33435,2002,DM,merriami,3,Long-term Krat Exclosure,M,52
33439,2002,DM,merriami,12,Control,F,46
33440,2002,DO,ordii,12,Control,F,52
33441,2002,DO,ordii,12,Control,M,58
33442,2002,DM,merriami,12,Control,M,44
33445,2002,DM,merriami,17,Control,F,49
33449,2002,DM,merriami,17,Control,M,50
33450,2002,DM,merriami,17,Control,F,46
33451,2002,DM,merriami,17,Control,M,46
33469,2002,DM,merriami,22,Control,M,52
33472,2002,DM,merriami,22,Control,F,40
33492,2002,DM,merriami,4,Control,M,53
33493,2002,DM,merriami,4,Control,F,51
33494,2002,DM,merriami,4,Control,M,42
33495,2002,DM,merriami,4,Control,F,50
33496,2002,DO,ordii,4,Control,F,45
33506,2002,DO,ordii,6,Short-term Krat Exclosure,F,53
33507,2002,DO,ordii,6,Short-term Krat Exclosure,M,56
33512,2002,DM,merriami,11,Control,M,55
33513,2002,DM,merriami,11,Control,F,48
33514,2002,DM,merriami,11,Control,M,39
33515,2002,DO,ordii,11,Control,F,46
33516,2002,DM,merriami,11,Control,F,45
33517,2002,DM,merriami,11,Control,M,42
33518,2002,DO,ordii,11,Control,M,55
33519,2002,DM,merriami,9,Spectab exclosure,F,42
33520,2002,DM,merriami,9,Spectab exclosure,F,53
33521,2002,DM,merriami,9,Spectab exclosure,M,46
33522,2002,DM,merriami,9,Spectab exclosure,M,46
33523,2002,DM,merriami,9,Spectab exclosure,F,42
33524,2002,DO,ordii,8,Control,M,55
33529,2002,DO,ordii,8,Control,M,52
33530,2002,DO,ordii,8,Control,F,60
33531,2002,DM,merriami,8,Control,F,41
33532,2002,DO,ordii,8,Control,F,51
33534,2002,DO,ordii,8,Control,M,59
33543,2002,DM,merriami,14,Control,M,48
33545,2002,DM,merriami,14,Control,F,39
33547,2002,DM,merriami,14,Control,F,44
33548,2002,DM,merriami,14,Control,F,46
33559,2002,DM,merriami,16,Rodent Exclosure,M,38
33560,2002,DO,ordii,16,Rodent Exclosure,F,51
33562,2002,DO,ordii,10,Rodent Exclosure,F,50
33563,2002,DO,ordii,10,Rodent Exclosure,M,52
33564,2002,DO,ordii,10,Rodent Exclosure,M,51
33566,2002,DM,merriami,7,Rodent Exclosure,M,42
33567,2002,DO,ordii,7,Rodent Exclosure,M,62
33568,2002,DO,ordii,7,Rodent Exclosure,F,55
33569,2002,DO,ordii,7,Rodent Exclosure,F,47
33570,2002,DO,ordii,7,Rodent Exclosure,F,54
33571,2002,DO,ordii,1,Spectab exclosure,M,46
33572,2002,DO,ordii,1,Spectab exclosure,M,52
33574,2002,DM,merriami,1,Spectab exclosure,M,50
33575,2002,DO,ordii,1,Spectab exclosure,F,46
33577,2002,DO,ordii,1,Spectab exclosure,M,63
33579,2002,DM,merriami,2,Control,F,43
33580,2002,DM,merriami,2,Control,M,55
33581,2002,DM,merriami,2,Control,M,50
33582,2002,DO,ordii,2,Control,M,56
33587,2002,DO,ordii,2,Control,F,55
33589,2002,DO,ordii,12,Control,M,57
33591,2002,DO,ordii,12,Control,F,63
33592,2002,DO,ordii,12,Control,M,32
33593,2002,DM,merriami,12,Control,M,44
33608,2002,DM,merriami,17,Control,M,50
33609,2002,DM,merriami,17,Control,M,50
33611,2002,DM,merriami,17,Control,F,47
33614,2002,DM,merriami,17,Control,M,47
33616,2002,DM,merriami,17,Control,M,46
33617,2002,DM,merriami,17,Control,F,45
33618,2002,DM,merriami,17,Control,M,46
33620,2002,DM,merriami,22,Control,F,47
33624,2002,DM,merriami,22,Control,F,40
33626,2002,DM,merriami,22,Control,M,52
33644,2002,DO,ordii,3,Long-term Krat Exclosure,M,56
33646,2002,DM,merriami,3,Long-term Krat Exclosure,F,50
33650,2002,DO,ordii,3,Long-term Krat Exclosure,M,53
33652,2002,DM,merriami,3,Long-term Krat Exclosure,M,51
33655,2002,DO,ordii,4,Control,F,31
33656,2002,DO,ordii,4,Control,M,30
33658,2002,DM,merriami,4,Control,F,50
33661,2002,DO,ordii,4,Control,F,46
33663,2002,DO,ordii,4,Control,M,54
33664,2002,DM,merriami,4,Control,F,52
33665,2002,DM,merriami,4,Control,M,53
33676,2002,DO,ordii,6,Short-term Krat Exclosure,F,53
33681,2002,DO,ordii,6,Short-term Krat Exclosure,M,59
33682,2002,DM,merriami,11,Control,M,49
33683,2002,DM,merriami,11,Control,F,42
33684,2002,DM,merriami,11,Control,M,47
33685,2002,DM,merriami,11,Control,F,45
33686,2002,DM,merriami,11,Control,M,51
33688,2002,DM,merriami,11,Control,M,59
33689,2002,DM,merriami,11,Control,M,48
33690,2002,DO,ordii,11,Control,M,63
33693,2002,DO,ordii,11,Control,M,54
33694,2002,DO,ordii,11,Control,F,54
33695,2002,DM,merriami,9,Spectab exclosure,F,46
33696,2002,DM,merriami,9,Spectab exclosure,M,47
33697,2002,DM,merriami,9,Spectab exclosure,F,49
33698,2002,DM,merriami,9,Spectab exclosure,M,52
33702,2002,DM,merriami,8,Control,F,42
33704,2002,DO,ordii,8,Control,M,61
33707,2002,DO,ordii,8,Control,F,58
33709,2002,DO,ordii,8,Control,M,55
33710,2002,DO,ordii,8,Control,M,61
33712,2002,DO,ordii,8,Control,F,53
33718,2002,DM,merriami,14,Control,F,48
33721,2002,DM,merriami,14,Control,F,36
33722,2002,DM,merriami,14,Control,M,50
33724,2002,DM,merriami,14,Control,F,42
33725,2002,DM,merriami,14,Control,M,48
33736,2002,DO,ordii,1,Spectab exclosure,M,51
33737,2002,DO,ordii,1,Spectab exclosure,F,44
33740,2002,DM,merriami,1,Spectab exclosure,F,32
33742,2002,DM,merriami,1,Spectab exclosure,M,48
33743,2002,DO,ordii,1,Spectab exclosure,M,58
33747,2002,DO,ordii,1,Spectab exclosure,M,52
33754,2002,DO,ordii,6,Short-term Krat Exclosure,M,35
33757,2002,DO,ordii,6,Short-term Krat Exclosure,M,56
33759,2002,DO,ordii,6,Short-term Krat Exclosure,F,54
33764,2002,DM,merriami,12,Control,M,45
33765,2002,DO,ordii,12,Control,F,51
33766,2002,DO,ordii,12,Control,M,48
33767,2002,DO,ordii,12,Control,M,42
33771,2002,DM,merriami,12,Control,M,44
33773,2002,DO,ordii,12,Control,M,54
33774,2002,DM,merriami,12,Control,F,46
33775,2002,DO,ordii,11,Control,M,34
33776,2002,DO,ordii,11,Control,F,46
33777,2002,DO,ordii,11,Control,M,61
33778,2002,DO,ordii,11,Control,M,34
33780,2002,DM,merriami,11,Control,F,43
33781,2002,DO,ordii,11,Control,F,56
33782,2002,DM,merriami,11,Control,M,57
33784,2002,DO,ordii,8,Control,F,62
33786,2002,DO,ordii,8,Control,M,53
33789,2002,DO,ordii,8,Control,M,55
33790,2002,DO,ordii,8,Control,M,54
33791,2002,DM,merriami,8,Control,F,40
33792,2002,DO,ordii,8,Control,M,62
33800,2002,DO,ordii,8,Control,F,64
33801,2002,DO,ordii,8,Control,F,51
33830,2002,DM,merriami,22,Control,F,46
33835,2002,DO,ordii,2,Control,F,38
33836,2002,DO,ordii,2,Control,F,50
33842,2002,DM,merriami,2,Control,F,51
33844,2002,DM,merriami,2,Control,F,30
33848,2002,DM,merriami,3,Long-term Krat Exclosure,M,50
33849,2002,DM,merriami,3,Long-term Krat Exclosure,F,43
33851,2002,DO,ordii,3,Long-term Krat Exclosure,M,47
33857,2002,DO,ordii,3,Long-term Krat Exclosure,M,53
33859,2002,DO,ordii,3,Long-term Krat Exclosure,F,56
33864,2002,DO,ordii,4,Control,F,60
33865,2002,DM,merriami,4,Control,F,47
33867,2002,DO,ordii,4,Control,M,30
33868,2002,DO,ordii,4,Control,M,56
33871,2002,DM,merriami,4,Control,M,52
33876,2002,DM,merriami,4,Control,F,55
33878,2002,DM,merriami,9,Spectab exclosure,F,57
33879,2002,DM,merriami,9,Spectab exclosure,F,50
33886,2002,DM,merriami,9,Spectab exclosure,M,48
33887,2002,DM,merriami,9,Spectab exclosure,F,45
33890,2002,DM,merriami,9,Spectab exclosure,M,56
33891,2002,DM,merriami,14,Control,M,48
33893,2002,DM,merriami,14,Control,F,43
33894,2002,DM,merriami,14,Control,F,43
33897,2002,DM,merriami,14,Control,M,49
33898,2002,DM,merriami,14,Control,M,43
33899,2002,DM,merriami,14,Control,F,47
33900,2002,DM,merriami,14,Control,M,27
33901,2002,DM,merriami,14,Control,M,50
33926,2002,DM,merriami,17,Control,M,50
33929,2002,DM,merriami,17,Control,M,56
33930,2002,DM,merriami,17,Control,F,48
33931,2002,DM,merriami,17,Control,F,47
33938,2002,DO,ordii,1,Spectab exclosure,F,51
33944,2002,DM,merriami,1,Spectab exclosure,M,47
33945,2002,DM,merriami,1,Spectab exclosure,F,35
33947,2002,DO,ordii,1,Spectab exclosure,M,37
33949,2002,DO,ordii,1,Spectab exclosure,M,52
33958,2002,DM,merriami,2,Control,F,41
33960,2002,DO,ordii,2,Control,M,52
33967,2002,DO,ordii,12,Control,M,45
33968,2002,DO,ordii,12,Control,M,47
33969,2002,DM,merriami,12,Control,F,53
33975,2002,DM,merriami,12,Control,M,44
33976,2002,DO,ordii,12,Control,F,63
33980,2002,DO,ordii,12,Control,M,51
34002,2002,DM,merriami,17,Control,M,41
34003,2002,DM,merriami,17,Control,M,54
34004,2002,DM,merriami,17,Control,F,46
34008,2002,DM,merriami,17,Control,M,51
34009,2002,DM,merriami,17,Control,F,47
34011,2002,DM,merriami,17,Control,M,46
34034,2002,DM,merriami,22,Control,M,26
34035,2002,DM,merriami,22,Control,M,49
34049,2002,DO,ordii,3,Long-term Krat Exclosure,F,55
34050,2002,DM,merriami,3,Long-term Krat Exclosure,F,48
34060,2002,DM,merriami,3,Long-term Krat Exclosure,M,55
34063,2002,DO,ordii,3,Long-term Krat Exclosure,M,52
34065,2002,DO,ordii,3,Long-term Krat Exclosure,M,32
34066,2002,DO,ordii,3,Long-term Krat Exclosure,M,29
34067,2002,DM,merriami,3,Long-term Krat Exclosure,F,50
34068,2002,DM,merriami,3,Long-term Krat Exclosure,M,48
34069,2002,DM,merriami,4,Control,F,46
34075,2002,DO,ordii,4,Control,M,50
34076,2002,DM,merriami,4,Control,F,49
34077,2002,DM,merriami,4,Control,M,51
34079,2002,DO,ordii,4,Control,F,50
34081,2002,DO,ordii,6,Short-term Krat Exclosure,M,55
34083,2002,DO,ordii,6,Short-term Krat Exclosure,F,24
34086,2002,DO,ordii,6,Short-term Krat Exclosure,F,55
34089,2002,DO,ordii,6,Short-term Krat Exclosure,M,44
34097,2002,DO,ordii,6,Short-term Krat Exclosure,M,24
34103,2002,DM,merriami,11,Control,M,46
34106,2002,DO,ordii,11,Control,M,52
34108,2002,DO,ordii,11,Control,M,37
34109,2002,DO,ordii,11,Control,M,56
34110,2002,DO,ordii,11,Control,F,45
34114,2002,DO,ordii,11,Control,F,37
34116,2002,DM,merriami,9,Spectab exclosure,M,49
34118,2002,DM,merriami,9,Spectab exclosure,M,45
34122,2002,DM,merriami,9,Spectab exclosure,F,45
34125,2002,DM,merriami,9,Spectab exclosure,M,48
34126,2002,DM,merriami,9,Spectab exclosure,F,25
34127,2002,DM,merriami,9,Spectab exclosure,F,64
34130,2002,DO,ordii,8,Control,F,60
34132,2002,DM,merriami,8,Control,M,42
34133,2002,DM,merriami,8,Control,F,43
34134,2002,DO,ordii,8,Control,F,47
34135,2002,DO,ordii,8,Control,M,49
34142,2002,DO,ordii,8,Control,M,44
34146,2002,DO,ordii,8,Control,F,44
34147,2002,DO,ordii,8,Control,M,57
34156,2002,DM,merriami,14,Control,M,36
34158,2002,DM,merriami,14,Control,M,48
34159,2002,DM,merriami,14,Control,M,47
34160,2002,DM,merriami,14,Control,M,42
34161,2002,DM,merriami,14,Control,F,37
34162,2002,DM,merriami,14,Control,M,47
34163,2002,DM,merriami,14,Control,M,48
34164,2002,DM,merriami,14,Control,F,52
34176,2002,DO,ordii,16,Rodent Exclosure,M,52
34180,2002,DO,ordii,1,Spectab exclosure,F,39
34188,2002,DM,merriami,1,Spectab exclosure,M,49
34190,2002,DM,merriami,1,Spectab exclosure,F,45
34192,2002,DM,merriami,2,Control,F,50
34199,2002,DM,merriami,12,Control,F,50
34201,2002,DO,ordii,12,Control,F,47
34204,2002,DO,ordii,12,Control,M,52
34207,2002,DO,ordii,12,Control,M,54
34245,2002,DM,merriami,17,Control,M,50
34247,2002,DM,merriami,17,Control,F,50
34248,2002,DO,ordii,17,Control,M,50
34253,2002,DM,merriami,17,Control,F,50
34255,2002,DM,merriami,17,Control,M,51
34256,2002,DM,merriami,17,Control,F,26
34288,2002,DO,ordii,3,Long-term Krat Exclosure,F,55
34290,2002,DM,merriami,3,Long-term Krat Exclosure,F,44
34297,2002,DM,merriami,3,Long-term Krat Exclosure,M,53
34304,2002,DM,merriami,4,Control,F,46
34307,2002,DO,ordii,4,Control,M,50
34308,2002,DM,merriami,4,Control,F,50
34318,2002,DO,ordii,6,Short-term Krat Exclosure,M,43
34322,2002,DM,merriami,6,Short-term Krat Exclosure,M,33
34325,2002,DO,ordii,6,Short-term Krat Exclosure,F,50
34327,2002,DO,ordii,11,Control,M,41
34328,2002,DO,ordii,11,Control,M,49
34331,2002,DO,ordii,11,Control,F,40
34332,2002,DO,ordii,11,Control,M,43
34335,2002,DO,ordii,11,Control,F,44
34339,2002,DM,merriami,9,Spectab exclosure,M,25
34341,2002,DM,merriami,9,Spectab exclosure,F,48
34342,2002,DM,merriami,9,Spectab exclosure,M,48
34343,2002,DM,merriami,9,Spectab exclosure,F,41
34346,2002,DM,merriami,9,Spectab exclosure,M,22
34349,2002,DM,merriami,8,Control,M,42
34350,2002,DO,ordii,8,Control,M,49
34351,2002,DO,ordii,8,Control,M,36
34352,2002,DO,ordii,8,Control,F,48
34355,2002,DO,ordii,8,Control,M,51
34356,2002,DO,ordii,8,Control,M,26
34360,2002,DO,ordii,8,Control,M,55
34361,2002,DO,ordii,8,Control,M,45
34366,2002,DO,ordii,8,Control,F,51
34372,2002,DO,ordii,13,Short-term Krat Exclosure,F,41
34378,2002,DM,merriami,14,Control,F,46
34379,2002,DM,merriami,14,Control,M,46
34382,2002,DM,merriami,14,Control,M,38
34383,2002,DM,merriami,14,Control,M,46
34385,2002,DM,merriami,14,Control,F,47
34386,2002,DM,merriami,14,Control,M,46
34395,2002,DM,merriami,15,Long-term Krat Exclosure,M,35
34411,2002,DO,ordii,1,Spectab exclosure,F,40
34415,2002,DM,merriami,1,Spectab exclosure,F,39
34418,2002,DM,merriami,1,Spectab exclosure,M,50
34428,2002,DM,merriami,2,Control,F,46
34431,2002,DO,ordii,2,Control,M,49
34435,2002,DM,merriami,12,Control,F,47
34436,2002,DO,ordii,12,Control,M,52
34437,2002,DO,ordii,12,Control,M,51
34449,2002,DO,ordii,12,Control,M,56
34477,2002,DM,merriami,17,Control,M,54
34480,2002,DM,merriami,17,Control,F,49
34482,2002,DM,merriami,17,Control,M,42
34488,2002,DM,merriami,17,Control,F,52
34518,2002,DM,merriami,23,Rodent Exclosure,F,48
34533,2002,DM,merriami,3,Long-term Krat Exclosure,M,54
34552,2002,DM,merriami,4,Control,F,47
34556,2002,DM,merriami,4,Control,F,54
34571,2002,DO,ordii,6,Short-term Krat Exclosure,M,51
34573,2002,DO,ordii,6,Short-term Krat Exclosure,M,39
34582,2002,DO,ordii,11,Control,M,42
34584,2002,DO,ordii,11,Control,F,45
34585,2002,DO,ordii,11,Control,M,52
34587,2002,DO,ordii,11,Control,M,54
34593,2002,DO,ordii,11,Control,F,39
34601,2002,DO,ordii,9,Spectab exclosure,F,47
34603,2002,DM,merriami,9,Spectab exclosure,M,46
34605,2002,DM,merriami,9,Spectab exclosure,F,60
34609,2002,DM,merriami,9,Spectab exclosure,M,35
34611,2002,DO,ordii,8,Control,M,52
34613,2002,DO,ordii,8,Control,F,47
34614,2002,DM,merriami,8,Control,F,52
34616,2002,DO,ordii,8,Control,M,47
34618,2002,DO,ordii,8,Control,M,53
34620,2002,DO,ordii,8,Control,M,40
34639,2002,DM,merriami,14,Control,F,40
34640,2002,DM,merriami,14,Control,M,50
34644,2002,DM,merriami,14,Control,M,47
34645,2002,DM,merriami,14,Control,M,37
34647,2002,DM,merriami,14,Control,F,41
34654,2002,DM,merriami,15,Long-term Krat Exclosure,F,42
34667,2002,DM,merriami,16,Rodent Exclosure,F,45
34670,2002,DO,ordii,1,Spectab exclosure,F,51
34672,2002,DM,merriami,2,Control,F,45
34675,2002,DO,ordii,12,Control,F,57
34676,2002,DM,merriami,12,Control,F,60
34685,2002,DM,merriami,17,Control,F,50
34687,2002,DM,merriami,17,Control,M,47
34703,2002,DM,merriami,14,Control,M,55
34704,2002,DM,merriami,14,Control,F,50
34705,2002,DM,merriami,14,Control,F,40
34707,2002,DM,merriami,14,Control,M,52
34714,2002,DO,ordii,13,Short-term Krat Exclosure,F,64
34716,2002,DO,ordii,11,Control,F,62
34721,2002,DM,merriami,9,Spectab exclosure,M,50
34722,2002,DM,merriami,9,Spectab exclosure,M,48
34730,2002,DM,merriami,8,Control,M,45
34732,2002,DO,ordii,8,Control,F,51
34740,2002,DO,ordii,4,Control,F,57
34741,2002,DO,ordii,4,Control,M,53
34758,2002,DO,ordii,1,Spectab exclosure,M,40
34770,2002,DO,ordii,1,Spectab exclosure,M,51
34789,2002,DM,merriami,17,Control,M,52
34791,2002,DM,merriami,17,Control,M,20
34792,2002,DM,merriami,17,Control,F,54
34793,2002,DM,merriami,17,Control,F,50
34819,2002,DO,ordii,12,Control,F,54
34822,2002,DM,merriami,12,Control,M,49
34823,2002,DO,ordii,12,Control,F,57
34826,2002,DM,merriami,12,Control,F,50
34835,2002,DM,merriami,22,Control,M,57
34855,2002,DM,merriami,20,Short-term Krat Exclosure,M,36
34863,2002,DM,merriami,23,Rodent Exclosure,M,55
34890,2002,DO,ordii,6,Short-term Krat Exclosure,F,48
34905,2002,DO,ordii,11,Control,M,32
34906,2002,DO,ordii,11,Control,F,50
34907,2002,DM,merriami,9,Spectab exclosure,M,50
34910,2002,DM,merriami,9,Spectab exclosure,F,41
34912,2002,DM,merriami,9,Spectab exclosure,M,51
34916,2002,DM,merriami,9,Spectab exclosure,M,50
34917,2002,DO,ordii,8,Control,M,61
34922,2002,DO,ordii,8,Control,F,56
34924,2002,DO,ordii,8,Control,M,60
34926,2002,DM,merriami,15,Long-term Krat Exclosure,F,46
34936,2002,DM,merriami,15,Long-term Krat Exclosure,M,45
34939,2002,DM,merriami,14,Control,F,44
34940,2002,DM,merriami,14,Control,M,52
34941,2002,DM,merriami,14,Control,M,54
34942,2002,DM,merriami,14,Control,M,55
34943,2002,DM,merriami,14,Control,M,33
34944,2002,DM,merriami,14,Control,M,52
34945,2002,DM,merriami,14,Control,M,32
34950,2002,DM,merriami,14,Control,F,43
34952,2002,DM,merriami,14,Control,F,46
34958,2002,DO,ordii,13,Short-term Krat Exclosure,M,60
34961,2002,DO,ordii,13,Short-term Krat Exclosure,F,64
34981,2002,DO,ordii,1,Spectab exclosure,M,51
34985,2002,DM,merriami,2,Control,M,55
34987,2002,DM,merriami,2,Control,M,45
34996,2002,DM,merriami,17,Control,M,47
34997,2002,DM,merriami,17,Control,M,44
35004,2002,DM,merriami,17,Control,M,46
35029,2002,DO,ordii,12,Control,F,54
35030,2002,DO,ordii,12,Control,M,38
35034,2002,DM,merriami,12,Control,F,51
35079,2002,DO,ordii,6,Short-term Krat Exclosure,F,61
35082,2002,DO,ordii,6,Short-term Krat Exclosure,M,46
35084,2002,DM,merriami,11,Control,M,32
35085,2002,DM,merriami,11,Control,M,32
35093,2002,DO,ordii,11,Control,M,62
35096,2002,DO,ordii,11,Control,F,56
35098,2002,DM,merriami,9,Spectab exclosure,F,41
35100,2002,DM,merriami,9,Spectab exclosure,M,49
35114,2002,DO,ordii,4,Control,M,41
35116,2002,DO,ordii,4,Control,M,40
35118,2002,DO,ordii,4,Control,F,60
35120,2002,DO,ordii,4,Control,M,50
35133,2002,DM,merriami,9,Spectab exclosure,M,47
35134,2002,DM,merriami,9,Spectab exclosure,M,48
35137,2002,DM,merriami,9,Spectab exclosure,M,53
35142,2002,DO,ordii,8,Control,M,62
35144,2002,DO,ordii,8,Control,M,57
35147,2002,DO,ordii,8,Control,M,63
35149,2002,DO,ordii,8,Control,M,43
35153,2002,DO,ordii,13,Short-term Krat Exclosure,M,57
35160,2002,DO,ordii,13,Short-term Krat Exclosure,F,65
35164,2002,DM,merriami,14,Control,F,45
35165,2002,DM,merriami,14,Control,M,53
35166,2002,DM,merriami,14,Control,M,52
35167,2002,DM,merriami,14,Control,F,43
35168,2002,DM,merriami,14,Control,M,50
35170,2002,DM,merriami,14,Control,M,51
35171,2002,DM,merriami,14,Control,F,44
35175,2002,DO,ordii,15,Long-term Krat Exclosure,F,42
35181,2002,DO,ordii,16,Rodent Exclosure,F,56
35186,2002,DO,ordii,16,Rodent Exclosure,M,42
35191,2002,DO,ordii,1,Spectab exclosure,F,24
35195,2002,DO,ordii,1,Spectab exclosure,M,42
35196,2002,DO,ordii,1,Spectab exclosure,F,30
35197,2002,DO,ordii,1,Spectab exclosure,F,45
35200,2002,DO,ordii,1,Spectab exclosure,M,49
35210,2002,DM,merriami,2,Control,M,48
35214,2002,DM,merriami,17,Control,M,46
35217,2002,DM,merriami,17,Control,M,46
35218,2002,DM,merriami,17,Control,M,40
35219,2002,DM,merriami,17,Control,F,44
35240,2002,DM,merriami,19,Long-term Krat Exclosure,M,46
35241,2002,DO,ordii,12,Control,F,52
35242,2002,DM,merriami,12,Control,M,33
35243,2002,DO,ordii,12,Control,M,48
35245,2002,DM,merriami,12,Control,F,46
35253,2002,DM,merriami,22,Control,M,41
35297,2002,DO,ordii,4,Control,M,33
35298,2002,DO,ordii,4,Control,M,45
35303,2002,DO,ordii,4,Control,M,54
35304,2002,DO,ordii,4,Control,F,52
35310,2002,DO,ordii,6,Short-term Krat Exclosure,F,50
35319,2002,DO,ordii,6,Short-term Krat Exclosure,M,49
35324,2002,DM,merriami,11,Control,F,41
35326,2002,DO,ordii,11,Control,F,53
35327,2002,DM,merriami,11,Control,M,38
35335,2002,DO,ordii,11,Control,F,59
35338,2002,DM,merriami,9,Spectab exclosure,M,48
35339,2002,DM,merriami,9,Spectab exclosure,M,52
35340,2002,DM,merriami,9,Spectab exclosure,M,49
35341,2002,DM,merriami,9,Spectab exclosure,F,42
35344,2002,DM,merriami,9,Spectab exclosure,M,50
35346,2002,DO,ordii,8,Control,M,63
35347,2002,DO,ordii,8,Control,M,60
35348,2002,DO,ordii,8,Control,F,51
35350,2002,DO,ordii,8,Control,M,57
35351,2002,DO,ordii,8,Control,M,44
35359,2002,DO,ordii,13,Short-term Krat Exclosure,M,39
35362,2002,DO,ordii,13,Short-term Krat Exclosure,F,56
35364,2002,DM,merriami,14,Control,F,49
35365,2002,DM,merriami,14,Control,F,48
35366,2002,DM,merriami,14,Control,M,50
35367,2002,DM,merriami,14,Control,M,53
35368,2002,DM,merriami,14,Control,F,41
35369,2002,DM,merriami,14,Control,F,47
35370,2002,DM,merriami,14,Control,M,50
35389,2002,DO,ordii,1,Spectab exclosure,F,53
35390,2002,DO,ordii,1,Spectab exclosure,M,52
35391,2002,DO,ordii,1,Spectab exclosure,F,52
35392,2002,DO,ordii,1,Spectab exclosure,F,40
35397,2002,DM,merriami,2,Control,F,34
35410,2002,DM,merriami,12,Control,F,48
35411,2002,DO,ordii,12,Control,M,58
35412,2002,DM,merriami,12,Control,M,36
35413,2002,DO,ordii,12,Control,F,49
35414,2002,DO,ordii,12,Control,M,51
35436,2002,DM,merriami,17,Control,F,32
35437,2002,DM,merriami,17,Control,M,42
35440,2002,DM,merriami,17,Control,F,44
35441,2002,DM,merriami,17,Control,M,47
35444,2002,DM,merriami,17,Control,F,47
35445,2002,DM,merriami,17,Control,M,39
35469,2002,DM,merriami,22,Control,M,41
35482,2002,DO,ordii,16,Rodent Exclosure,M,47
35483,2002,DO,ordii,16,Rodent Exclosure,M,61
35485,2002,DO,ordii,16,Rodent Exclosure,F,46
35497,2002,DO,ordii,4,Control,F,53
35498,2002,DO,ordii,4,Control,M,47
35501,2002,DO,ordii,4,Control,M,48
35503,2002,DO,ordii,6,Short-term Krat Exclosure,M,32
35516,2002,DO,ordii,11,Control,F,52
35517,2002,DM,merriami,11,Control,F,42
35518,2002,DO,ordii,11,Control,M,38
35519,2002,DM,merriami,9,Spectab exclosure,M,49
35521,2002,DM,merriami,9,Spectab exclosure,M,48
35522,2002,DM,merriami,9,Spectab exclosure,F,45
35523,2002,DM,merriami,9,Spectab exclosure,F,44
35527,2002,DO,ordii,13,Short-term Krat Exclosure,F,43
35532,2002,DM,merriami,14,Control,F,43
35533,2002,DM,merriami,14,Control,F,48
35534,2002,DM,merriami,14,Control,M,56
35535,2002,DM,merriami,14,Control,M,53
35536,2002,DM,merriami,14,Control,F,42
35537,2002,DM,merriami,14,Control,F,46
35548,2002,DO,ordii,7,Rodent Exclosure,M,51
