species_id,weight
DM,40
DM,48
DM,29
DM,46
DM,36
DO,52
PF,8
OX,22
DM,35
PF,7
DM,22
PF,9
DM,42
PF,8
DM,41
DM,37
DM,43
DM,41
DM,40
PF,9
DM,45
PP,15
DM,29
DM,39
DM,42
DM,43
DM,46
DM,41
DM,41
DM,40
DM,45
DM,46
DM,40
DM,30
DM,39
DM,34
DM,42
DM,42
PF,8
DM,31
DM,40
DM,37
DM,48
DM,42
DM,45
PP,16
DM,36
DM,42
DM,44
DM,41
PF,8
DM,40
DM,34
DM,40
OX,20
DM,44
DM,44
DM,36
DM,33
DM,46
DM,35
DM,46
DM,37
DM,34
DM,45
PF,7
DM,51
DM,39
DM,29
DM,48
DM,46
DM,41
DM,45
DM,42
DM,53
DM,49
DM,46
PF,9
PP,15
PF,4
DM,48
DM,51
DM,50
DM,44
DM,44
DM,45
DM,45
PE,19
OX,22
DM,44
DM,42
DM,39
DM,47
OT,21
DM,42
DM,49
DM,39
DM,43
DM,50
DM,41
DM,47
DM,37
DM,41
DM,36
DM,45
PE,20
DM,40
DM,49
DM,55
DM,46
DM,38
DM,44
OL,21
DM,41
OL,21
DM,46
DM,36
DM,44
DM,53
DM,41
DM,48
DM,47
DO,33
DM,42
DO,50
DM,41
OT,21
DM,49
DM,44
DM,31
DM,40
DM,40
DM,23
DM,42
RM,13
DM,42
DM,31
DM,39
DM,48
DO,48
DM,29
DM,45
DM,39
OL,23
DO,31
DM,43
DM,43
PF,8
DM,45
DM,40
DO,41
DM,41
DM,39
DM,25
DM,45
DM,36
DM,40
DM,44
DM,47
DM,40
DM,44
DO,44
DS,117
PF,7
DM,40
DM,39
DM,40
DS,121
DM,46
DM,35
DS,115
PF,7
DM,39
DM,40
DM,40
DM,35
DM,36
DM,44
PF,6
PF,7
DS,120
DO,48
DM,44
DM,38
DS,118
DM,40
DS,126
DM,37
DS,132
DM,39
DS,113
PF,7
DS,122
DS,107
DM,43
DM,40
RM,7
DS,115
DM,39
DM,40
DS,116
PF,6
DM,38
DS,137
DM,42
DS,126
DS,112
DO,39
DM,41
DM,48
DS,121
DM,42
DM,42
DM,52
DM,38
DM,45
DM,37
DO,40
DM,38
PF,7
DM,44
PF,7
DM,33
DM,38
DM,47
DM,39
PF,7
DM,42
DM,36
DM,44
DS,116
DM,43
DO,45
DS,116
DM,42
DM,38
DS,114
DM,41
DM,40
DS,134
DS,139
DS,118
DO,41
DM,37
PF,6
DS,127
PF,6
DS,120
DS,115
DM,40
DS,114
DM,37
DM,46
DS,149
DM,38
DS,127
DM,36
DM,41
DM,44
DS,138
DS,110
DS,110
DM,37
PF,7
DS,121
DM,43
DM,43
DM,44
DM,36
PF,8
DM,38
DS,122
PF,7
DO,42
DM,46
PE,22
DM,38
DM,48
PF,7
DM,43
DM,35
DM,43
DM,36
DS,117
DM,37
DS,122
DM,43
DM,42
PF,7
DM,45
DM,40
DM,37
DS,117
DM,40
DM,40
DS,132
DM,36
DS,150
DM,44
DM,40
DS,126
DS,122
DS,136
DS,116
DM,38
DM,39
DS,135
DM,46
DS,133
DS,136
DS,141
DM,38
DM,35
DS,135
DM,33
DM,51
DS,122
DM,33
DM,47
DM,49
DM,46
DM,45
DM,41
OT,24
DS,157
DM,51
NL,218
DM,38
PF,7
DM,45
DM,52
DM,50
DM,51
DS,126
DM,39
OT,24
OT,23
DM,40
DM,41
DM,46
OT,25
PE,25
DM,39
DM,42
DM,39
OT,23
DS,124
DS,114
DM,44
DM,48
DM,44
DS,132
DS,137
DM,39
DM,56
OL,35
NL,197
OT,22
OT,25
DS,154
DM,49
DM,44
DM,35
DM,36
DM,39
DS,133
DM,50
DM,43
DM,40
DM,45
DM,44
NL,228
DS,144
DM,46
DM,48
PF,7
DM,45
PF,8
DS,133
DM,40
NL,232
DS,128
DS,153
OT,22
OT,21
DM,53
PF,8
OT,25
DM,43
DM,43
OL,38
DM,42
OT,26
DS,146
OT,25
PE,28
PF,8
PE,29
DS,122
DS,137
DS,131
DS,125
DM,43
DS,69
DS,141
DS,138
DM,43
DS,124
DM,43
DM,45
DM,46
DM,43
DM,49
DM,47
OT,26
DS,152
DM,44
DM,48
OT,29
DM,44
DM,49
DM,45
DM,51
DO,57
DS,134
DM,44
OL,30
OT,35
DM,48
DS,146
DM,37
DM,46
DS,110
DM,26
DM,44
DM,48
DM,39
DM,44
DM,45
OT,27
DM,36
DM,51
DM,45
DM,47
DS,90
OT,23
DM,49
DS,131
DS,114
DM,42
DS,148
DS,76
DS,141
DM,42
DS,121
DM,44
DO,55
DS,133
DS,142
DS,142
DM,46
DM,50
DS,142
DS,84
DM,42
DS,142
DS,118
DM,43
DS,132
DS,75
DM,49
DS,168
DM,43
DS,84
DS,87
DS,117
DM,42
DM,41
DS,140
DM,40
DM,45
NL,225
OT,18
DM,47
DM,48
DS,89
DM,51
PF,8
DM,47
DS,149
DS,124
DS,73
DM,48
DS,139
DM,41
DS,123
DM,41
DS,114
DS,59
NL,204
DS,90
DM,45
NL,212
DM,43
DS,91
DS,50
DM,44
DS,113
DM,36
DS,90
DM,50
OT,9
OL,29
DS,137
DS,57
DS,121
DM,31
DM,41
DM,37
DS,83
NL,174
DS,116
DS,74
DS,130
DM,40
NL,212
DM,41
DS,83
DM,48
DM,41
DS,118
PM,22
DS,102
DM,42
NL,182
DM,29
DM,23
DS,138
DS,131
DM,41
DS,115
DS,121
DM,38
DS,126
DS,120
PP,15
DM,29
DM,43
DM,41
DS,68
DS,83
DS,97
DM,21
DM,21
DM,44
DO,18
DM,40
DM,41
DS,129
DS,148
DM,42
DM,41
OT,24
DS,108
DS,160
OT,30
DO,54
PF,7
DS,125
DS,100
DM,21
DM,49
DM,35
DO,37
DS,64
DS,131
DS,54
DM,44
DS,90
DM,39
PP,13
DS,114
DS,90
DM,46
DS,110
DS,119
DM,29
DM,48
DS,124
DS,84
DM,43
DM,43
DM,40
DS,120
DO,55
OL,29
DM,26
DS,115
DM,45
DS,70
DS,123
DM,16
DM,42
DS,125
DM,19
DO,55
DS,117
DS,133
DM,36
DS,71
DM,29
DS,99
PF,7
PF,8
DM,39
NL,135
DS,94
DS,100
DS,98
DM,43
PF,8
DO,23
OT,12
DM,26
DS,124
PP,15
DS,84
DM,24
DS,122
NL,200
PP,17
DM,46
DS,149
DM,23
PF,8
DS,136
DS,102
DS,122
DM,40
DS,71
DM,42
SS,130
DS,160
DS,82
DS,134
DM,38
DM,40
DM,37
OT,29
DS,107
DS,100
DS,32
DO,38
DS,73
DS,134
DS,119
DM,50
DM,43
DS,59
DM,48
DS,58
DM,41
DS,81
DS,93
DM,28
OL,44
OT,28
DM,24
NL,232
DS,127
PP,16
DM,44
DM,35
DM,17
DS,122
DS,122
DM,32
DM,48
DS,95
DM,45
DO,51
DM,47
DS,119
DS,124
DS,87
DS,85
DM,36
DS,123
DS,111
DM,39
DM,27
DS,105
DS,132
DM,45
DS,96
DM,40
DS,120
DM,43
DM,46
DM,43
DS,86
PF,8
DM,34
DS,106
OT,22
OL,29
DS,98
DO,33
DM,46
PP,12
DS,130
PP,10
DS,106
DM,39
NL,113
DM,45
NL,115
DM,36
DM,24
DS,120
NL,190
PP,10
DM,48
DM,29
DS,131
DM,34
DS,101
DM,37
DM,47
DS,133
DS,63
DM,46
DS,81
DS,71
DS,65
DS,80
DS,130
DM,47
DS,118
DS,91
DS,120
PE,19
DM,45
PE,14
DS,122
DM,37
DM,36
OT,19
DS,95
PP,18
OL,17
DS,123
NL,189
DM,17
DM,50
DS,126
DM,44
PF,8
DM,44
PP,13
DM,39
DS,115
DO,38
DS,138
NL,179
PM,21
DS,105
DM,43
PP,14
DM,32
DM,36
DM,40
DM,36
PM,19
DS,139
OL,20
DS,108
OT,12
DM,39
NL,149
DM,43
DM,48
DM,33
DS,165
DM,41
DS,112
DM,35
DS,100
DM,34
DS,88
DM,31
DS,123
PF,6
DS,137
NL,199
DS,96
DM,41
NL,196
DS,100
DM,40
DS,130
DS,98
DM,34
OL,29
DM,36
DM,36
DM,49
DM,30
DS,83
PP,14
DS,88
DM,47
DM,43
DS,136
DS,82
OL,33
DS,70
DS,119
DS,115
OL,33
NL,158
DM,46
DS,107
DS,126
PP,19
PE,24
DM,45
NL,189
DS,122
DM,39
DM,31
DM,30
DS,124
DO,54
DS,133
DS,122
DS,110
PF,7
DM,52
DM,49
PF,8
PE,19
DM,43
NL,181
PP,14
OT,24
DS,128
DS,136
DS,100
DM,44
PP,13
DM,40
DM,41
PF,6
DS,127
PF,7
OL,24
DS,134
OT,20
PP,15
DS,125
DS,100
PE,13
DM,37
DM,40
DS,114
DS,110
DM,41
PF,8
DM,47
NL,141
DM,46
DM,40
OL,36
DS,107
DM,39
OT,27
PP,13
DM,47
DS,134
NL,197
DM,39
DS,86
PP,15
PF,6
DS,158
DS,118
DS,123
DM,41
DM,49
DS,124
DM,42
DS,106
PF,7
DM,38
DM,47
DS,114
DS,140
PF,6
PE,20
DO,45
NL,118
OT,28
DS,112
OT,20
DM,47
DM,38
DS,77
DS,126
PP,19
PE,16
DS,138
DS,125
DS,106
DM,43
DM,38
PE,17
DM,37
DS,120
DM,38
DS,125
DM,51
DM,41
OT,18
DM,45
OL,30
DS,118
DS,108
OL,30
DM,45
PP,15
DM,35
DO,50
DM,41
DS,112
DM,41
DS,129
DS,131
DO,45
DM,41
DM,40
DS,134
DS,132
DM,42
DS,121
DS,120
DS,98
DS,124
DS,129
DM,48
DS,118
DM,37
DS,99
PF,6
DM,38
DM,41
DM,35
PF,6
DM,36
OT,20
OT,19
DM,37
PF,7
DS,131
DM,37
DS,113
DS,112
DS,121
DS,149
DS,110
PP,16
DM,38
DM,39
DS,115
PF,7
DS,135
PP,20
DS,102
PP,16
DM,45
PF,6
OT,25
DM,42
DM,46
DS,106
OL,24
PF,7
DS,120
DM,37
OT,25
OL,34
DM,45
DM,39
PE,18
DM,42
DM,37
DS,120
DS,116
PF,6
DS,124
DM,39
DS,133
DS,125
OT,23
DM,38
DM,32
DM,40
DO,54
OL,33
DS,126
DS,136
OL,28
DS,137
DM,37
DM,39
DM,42
DO,45
DM,39
OT,21
OT,22
DS,130
DS,101
DO,45
DS,129
DM,45
PF,6
DM,45
DS,130
DM,39
DS,108
OL,28
DM,49
DM,39
SH,89
OT,24
DM,43
DM,36
DM,41
DM,40
OT,21
DM,37
DM,36
DS,111
DM,45
DS,132
DS,107
DS,119
DS,121
NL,218
DS,111
OL,37
DM,37
OL,26
DM,38
DS,105
DM,41
DM,38
OT,22
DS,121
DM,38
NL,153
DM,43
PE,22
DM,40
DM,41
DM,37
OT,23
OT,28
OL,28
RM,8
OL,34
OL,29
OL,28
DM,37
DS,128
DM,40
DM,44
DM,37
DS,119
DM,39
NL,223
OL,33
DM,38
OT,25
RM,7
OL,32
DM,41
DS,136
DM,46
DS,101
DO,52
DS,122
DS,118
DS,116
OL,30
DO,44
OL,44
OL,27
DS,132
DM,42
NL,181
DM,40
DM,38
DM,42
OL,32
DM,46
DS,120
DS,113
DM,42
DM,44
DM,37
DS,126
DS,124
DS,111
DM,42
DM,38
NL,169
DS,118
OL,29
OT,23
DM,40
DM,43
DM,38
DS,142
DM,45
DM,49
DS,111
OT,28
OL,38
OL,32
OL,36
OT,26
OT,21
DM,45
DM,37
DS,128
DM,42
DM,37
DM,48
DM,45
DM,42
DO,52
OL,35
DM,50
OL,46
DM,43
DM,47
OL,35
DM,43
OL,31
OL,39
DM,45
DM,43
DM,42
DM,49
DM,44
DM,47
DM,42
DS,125
DM,38
OT,30
OT,27
DM,45
DM,49
DS,137
DS,126
DM,50
DM,41
DS,153
DM,42
OT,26
DM,42
DM,41
OL,39
OL,32
DM,44
DM,44
DS,142
DM,41
PE,26
DM,48
DM,37
DM,45
DM,52
DM,43
DM,40
DM,48
OL,40
OL,37
DM,50
DM,47
DM,44
OL,32
DO,61
DM,48
DS,123
OL,36
DS,109
DM,46
DM,44
DS,127
DO,48
DS,125
DM,42
DM,45
DM,47
DS,124
DS,131
DM,44
OT,26
OL,30
DS,142
DM,43
DS,139
OT,30
DM,43
DS,132
PM,26
DM,48
DS,119
DS,137
PM,24
DS,130
DS,60
DS,127
DM,44
OL,35
DM,46
OL,34
DM,39
DM,40
DM,44
DM,43
OL,39
PM,26
DS,86
DM,23
DS,82
DM,37
PE,23
DM,54
DM,53
DS,132
DM,50
DS,71
DS,142
DM,46
DS,71
DS,125
DS,73
PF,7
DO,29
PF,7
DS,141
DS,78
DM,49
DM,45
DS,144
DS,123
DS,141
DS,115
DS,140
DS,127
DM,54
DO,49
DM,46
DM,53
DS,129
DS,112
DS,71
DO,50
DO,54
DS,58
DM,55
DM,31
DM,46
DS,112
DS,129
DM,45
DM,47
DS,73
DS,75
DS,140
NL,86
DM,50
NL,239
DS,127
DS,144
DM,46
DS,71
DS,76
DS,51
DS,130
DS,143
DS,49
DS,124
DS,46
DM,34
DS,71
DS,119
PE,19
DS,143
DS,85
DS,63
DO,51
OT,28
NL,166
PP,15
DO,48
DS,67
PE,13
DS,143
OT,23
NL,126
DS,97
PM,18
DS,61
DM,43
DM,65
DS,99
DM,45
DS,135
DS,92
DS,95
DM,27
NL,101
DS,136
NL,66
DS,91
NL,72
DM,43
DS,96
DS,73
DM,47
PP,20
DM,43
DS,75
DS,76
DS,62
DS,114
DS,119
DS,63
NL,70
DS,147
DS,136
DS,60
DS,71
DS,63
DM,47
DS,135
NL,40
DM,46
DO,41
DS,47
DO,29
DS,66
DM,46
DS,147
DM,53
NL,184
OT,24
DM,19
DS,128
OT,15
DS,113
DM,20
DO,44
DS,88
DS,114
DS,101
DO,40
DM,40
DS,112
DM,45
DM,21
DS,105
DS,140
DS,107
DS,123
DM,50
DS,132
DS,93
PP,20
DM,44
DM,36
DM,53
DM,45
DM,57
DS,105
OT,18
OT,27
PF,8
DS,116
DM,41
DS,120
PF,9
DS,96
DS,143
NL,94
DS,128
DS,91
DS,156
DM,44
DO,38
DS,86
PF,7
PF,8
PE,27
DS,43
DM,32
DM,48
DS,99
OL,21
DM,34
NL,206
DS,60
PP,14
DM,27
DM,50
DS,120
DS,59
DS,112
DS,138
DS,95
DM,53
PP,16
DS,70
DS,110
PP,10
DO,53
DS,79
DM,44
DM,41
PE,24
OT,27
DM,32
PF,10
DM,40
DS,141
DS,165
NL,116
DS,93
PF,9
DS,78
PE,8
DS,80
PF,6
OT,25
DM,45
DM,44
DS,99
NL,151
DS,133
OT,19
DM,31
DO,46
DS,108
DS,126
DS,145
DS,93
DS,98
DO,42
DS,125
PP,16
OL,36
OT,25
DS,108
PP,16
DM,44
PP,17
DM,44
OL,31
DM,40
OL,35
PP,11
PP,11
DS,59
DS,94
DS,68
DS,111
DM,23
OT,20
OL,45
DS,124
OT,17
DS,94
NL,136
DS,148
OL,24
OL,35
DM,41
DM,53
DS,132
DS,106
DS,128
DM,46
DS,119
DS,125
OL,27
OT,27
NL,72
DM,35
DS,94
DM,45
OT,17
DS,106
PP,15
DO,45
DS,144
DM,47
DM,40
NL,105
DO,45
OT,28
OT,30
DS,93
DS,93
DS,124
DS,103
OT,27
DS,81
DM,48
DS,142
DM,53
DS,87
DS,144
DS,117
OT,20
OT,19
PP,14
DM,49
OT,18
OL,29
DM,47
PE,23
DS,131
OT,31
DM,35
DS,118
OT,20
NL,152
DS,138
DM,37
OT,21
DM,41
DM,50
OT,27
DS,153
DS,122
DS,106
DM,49
PE,24
OT,19
PP,14
DM,40
OL,34
OL,34
OL,46
DM,45
PP,16
OT,21
DM,49
OT,23
PF,7
OL,40
DM,46
OT,29
DS,119
DS,129
OT,22
OT,24
DM,35
DM,46
PF,7
DS,124
DM,53
DM,46
DM,43
OT,25
OL,31
DS,120
OT,26
DM,51
PP,14
DO,26
DO,52
DS,137
NL,92
DO,50
DS,151
NL,211
DO,47
DM,45
PP,16
DM,46
DM,40
DS,145
DM,43
OL,25
DM,28
DM,29
PE,19
DS,143
DS,156
DS,123
OT,27
DS,120
DS,123
PE,24
OT,21
DM,45
NL,133
OL,27
OT,22
DO,49
DS,102
NL,171
OT,18
OT,19
OL,32
DS,122
OL,36
DS,133
PE,19
PF,7
DS,130
OT,23
OT,19
DM,35
DM,49
DM,50
DS,135
DS,126
PP,16
DM,49
OT,26
DM,47
DM,47
OT,23
NL,274
DS,127
RM,7
OT,21
DM,49
PE,24
DM,30
OT,20
DM,40
OT,22
DM,49
OT,22
PF,6
PE,17
DM,48
RM,7
OT,22
DM,26
OT,23
RM,9
OL,31
OT,23
OT,21
OT,24
DS,124
DM,50
DS,130
DS,136
OL,34
PF,7
DM,30
OT,21
PF,7
DS,128
OL,33
DM,51
PM,25
OT,28
OL,34
NL,109
DM,48
DM,50
DS,141
OL,35
PF,8
DM,52
DM,49
DM,25
OL,36
NL,186
RM,7
DO,51
OL,41
DM,27
DM,21
PE,20
NL,153
PM,23
DM,53
DM,43
OT,22
DM,44
DM,45
DM,50
DO,54
DM,43
DS,110
DS,118
DM,41
DM,49
OT,22
DM,36
DO,42
OL,19
OT,22
NL,122
OL,29
DM,44
DM,51
DS,118
NL,168
DM,36
DM,46
DM,43
DM,46
DM,45
DM,42
OT,19
DM,43
DM,46
OL,29
DS,134
OL,31
DM,40
DM,53
NL,122
DM,48
DM,54
DM,45
OT,20
OT,24
DM,48
OT,23
OT,22
OT,23
DM,42
DM,41
DS,134
DM,48
OL,36
DO,44
NL,217
DO,50
PF,8
DS,154
DS,141
DM,42
OL,35
DS,143
RM,9
DM,39
DS,133
RM,11
DM,39
PP,16
DM,46
DM,50
PE,18
DS,103
DM,46
DM,49
PE,21
DM,36
DO,53
PF,10
DM,33
DM,37
DO,29
DS,132
PF,8
OT,23
DM,36
OT,21
OL,29
DM,49
OL,23
OL,32
OL,24
DM,47
OT,22
RM,12
DS,150
DM,49
OL,34
DM,40
DS,132
DM,25
OL,36
DO,50
DM,45
DM,47
DM,46
DM,29
DS,136
DM,45
RM,9
OL,27
NL,214
OT,20
OT,25
DM,40
OL,30
DM,48
NL,114
DS,131
PF,8
OL,32
RM,9
RM,9
DO,51
PE,17
DM,26
DO,32
OT,25
DS,114
OL,31
DM,49
DO,50
DS,142
RM,10
PF,9
NL,187
DO,50
DM,52
DM,44
DM,43
DM,42
OT,23
DM,46
DM,37
DM,42
DM,44
DS,113
DM,48
DM,39
OT,21
NL,239
DM,42
OT,20
DM,46
NL,241
OT,21
DM,43
DM,48
DM,47
DM,39
DM,36
DM,39
DM,49
DM,45
DM,40
NL,168
DO,32
DO,29
DM,44
DM,51
DM,46
OT,22
DO,43
OL,26
DM,37
OL,36
OT,20
OL,36
DM,45
DM,40
DM,37
RM,10
PF,7
DS,120
DS,131
OL,38
DO,53
DM,49
DS,68
DM,51
DM,43
DM,38
OL,34
OT,20
PF,7
DM,40
NL,120
DS,141
DM,40
DM,40
DM,44
DM,42
DM,37
DM,36
DM,54
PF,7
PF,7
NL,184
OT,22
DM,48
DM,61
DO,54
DM,41
OT,25
OT,27
PF,7
DM,50
DS,142
DM,47
OL,35
RM,10
RM,12
OL,39
DO,50
DS,128
RM,16
OT,25
OL,32
DO,47
DM,43
DO,44
DS,133
RM,8
DM,40
DM,47
PE,21
DM,42
PF,9
PE,19
DS,103
OL,37
RM,10
OL,35
DM,36
DO,52
DO,46
OL,35
DM,23
DM,24
DM,40
DM,51
DS,147
DM,43
DM,48
PE,23
DO,55
DO,52
DM,46
DS,147
DM,48
DS,155
DS,129
DM,38
DM,50
DM,40
OT,29
DS,126
DM,37
DO,52
DM,37
DS,81
DS,79
DM,46
DM,47
DM,40
DM,49
DS,143
DM,36
DM,41
DM,38
DM,51
DM,39
DM,45
DM,48
DM,47
DM,56
DM,39
DM,41
DM,46
DM,42
DM,44
DM,49
DM,46
DM,51
DM,46
NL,170
DS,134
DS,136
DS,87
DM,46
PF,7
OL,33
DM,47
PF,5
OT,26
OT,26
RM,8
DM,42
DM,51
RM,11
RM,11
PF,7
DS,105
PF,7
DM,46
RM,9
DS,71
DS,143
DM,42
NL,147
RM,9
DS,142
DM,45
OL,37
DM,43
OT,24
RM,8
PE,21
OL,41
OL,40
PF,8
DM,42
PF,7
RM,10
DO,49
DO,54
PF,7
OT,24
OT,26
DM,50
DM,41
DS,70
DS,126
DM,44
PF,6
DM,41
DM,49
DM,40
DM,55
OL,38
DS,114
DM,42
DM,39
DM,48
NL,74
DM,40
DM,49
DS,145
DO,55
DO,47
PP,15
OL,36
DM,39
OL,34
DM,50
DM,40
DM,48
PE,24
RM,14
DO,49
DM,29
PF,7
DS,108
DM,49
DM,49
OT,25
RM,11
DM,47
PF,8
DM,43
DO,54
DM,50
DM,53
DM,50
DM,46
DS,146
PF,5
DM,50
OT,28
DO,44
PF,8
DM,43
DM,46
OT,27
DM,51
DM,38
DS,111
OT,27
DO,53
DM,43
DM,52
DO,55
DS,121
DM,43
DM,52
OL,36
DS,136
DO,51
DM,58
DS,86
DM,38
PF,7
OT,21
DM,52
DS,126
DO,42
DM,43
RM,10
DS,67
RM,16
DM,42
OL,39
DS,124
DM,49
DO,50
DM,44
DO,57
DM,44
DM,49
DM,52
PF,7
OL,38
DM,43
RM,8
DO,44
DS,147
DM,37
DM,43
DS,132
RM,9
RM,10
DM,48
DM,42
OL,38
OL,40
DM,42
RM,10
DM,51
DS,135
DM,46
DS,114
DS,118
DM,42
PF,9
DS,147
DM,46
DM,47
DS,147
OL,37
DM,52
DM,46
DM,46
DM,47
DM,53
OT,22
DM,45
DM,48
RM,12
OT,24
DM,43
DM,52
DM,51
DM,42
OT,24
DM,42
DS,131
DO,56
DS,85
RM,14
DM,41
DS,89
OL,35
DS,160
DS,131
DS,134
DM,45
DM,50
NL,177
DM,45
DS,104
OT,24
DS,110
DM,49
DM,56
DM,50
DM,43
DM,46
DM,27
DM,47
DO,55
OT,26
PE,23
DS,82
DS,114
DM,50
OT,24
OL,33
DM,43
DM,44
PF,6
DO,51
OL,36
DM,43
DO,39
DM,42
DS,141
DM,43
PF,7
PF,7
DM,40
NL,212
DM,44
PE,21
DS,104
DM,42
DM,29
OT,25
DM,45
DM,45
DM,44
NL,243
DM,44
DO,45
DM,39
DS,134
OL,42
OL,35
DM,48
DM,47
NL,97
OL,40
PF,7
RM,5
RM,13
DM,51
DM,44
RM,12
DM,45
DS,160
DS,61
RM,9
DS,91
DS,165
RM,5
DS,92
DS,134
DM,45
DO,51
PE,21
DS,113
RM,9
DS,113
PE,21
DM,53
OL,36
DS,65
DS,117
DS,144
DM,50
DM,51
DM,54
OT,33
DM,44
DM,59
DM,47
DM,49
RM,10
OT,31
DS,97
DS,184
RM,10
DM,49
DS,80
PF,8
DS,131
DM,42
PF,5
DS,127
DS,133
DS,138
PF,11
DM,49
OT,28
PF,8
DS,81
DS,90
DM,45
DM,44
DS,82
DS,78
OT,30
OL,37
DM,50
OL,37
PF,7
DM,44
OT,25
RM,7
DM,45
DM,51
DM,23
DS,135
OL,36
OT,15
DS,155
DM,19
RM,10
PF,7
OT,10
DS,132
DS,145
DM,43
DS,114
DS,95
DS,130
DM,49
RM,9
DO,30
DS,143
DM,43
RM,12
DM,55
DS,140
DO,49
OL,33
PP,12
DS,122
OT,10
DS,108
DS,92
PF,8
DM,48
DS,125
OL,32
DS,104
DM,51
DM,43
DM,49
DS,141
PF,8
PF,7
RM,10
DM,48
DS,131
PF,8
DS,74
PE,21
OL,35
PF,8
PF,8
DM,50
PF,8
OT,36
DM,44
DM,51
OT,22
DS,146
DM,43
RM,12
DS,160
OL,42
DS,135
RM,9
DM,20
DS,88
DS,102
DS,115
PF,7
PF,6
DM,53
DM,48
OL,38
NL,110
PF,8
DM,43
DM,45
DS,92
DS,160
DS,104
DM,46
DM,43
DM,44
OL,36
DM,34
DS,130
DM,43
DS,105
OL,38
PE,33
DM,49
DO,51
DS,108
DS,45
DS,154
NL,109
PF,8
DS,133
DM,41
DS,148
NL,119
DS,127
DS,144
DS,140
DM,40
DS,78
DS,104
DS,72
DS,142
DM,53
PP,17
DS,113
DS,73
OT,28
DS,120
DS,102
DM,29
DS,138
DO,53
DM,27
NL,207
PP,19
DS,78
DM,30
DM,31
DS,97
DS,84
DM,45
DS,68
DM,49
PF,7
PF,7
OL,24
DS,154
DM,48
DS,104
DM,43
OL,39
PF,6
DM,43
DS,72
DM,30
OL,39
DS,79
DS,133
DM,56
DS,138
DS,99
DS,134
DS,102
DS,134
DM,43
DM,48
PF,8
PF,7
DM,47
NL,189
DO,43
NL,73
DS,86
DS,105
DM,45
DS,123
NL,98
NL,87
NL,75
NL,174
DM,50
DS,135
DS,142
DM,54
DO,54
DS,153
DS,105
DS,149
DS,115
DS,78
DM,43
DS,123
DS,125
DS,91
DS,95
DS,88
DS,53
DS,103
DS,54
DM,41
DM,49
DS,122
DM,43
DS,105
OT,33
DS,112
DS,130
DM,44
NL,135
DM,45
DS,102
DM,46
DM,46
DM,53
DS,126
DS,122
OL,28
DM,51
DS,69
OL,35
DM,41
DS,151
DS,109
DS,93
DS,82
PE,22
DO,56
DM,45
DM,46
DO,26
DM,48
DS,109
DS,103
DS,136
NL,187
PF,7
DO,51
PP,11
DS,101
DS,54
DS,133
DO,58
DS,141
DS,144
DS,123
DS,118
PE,18
DS,80
DO,49
NL,209
DM,37
DS,97
DS,102
DS,105
DO,44
DM,40
DS,90
DM,52
OL,32
DM,31
NL,241
DS,132
NL,150
DM,48
DS,77
PP,7
DM,38
DS,135
OT,26
DS,124
PP,17
DM,39
DM,42
PF,7
DS,96
DM,43
DS,124
DS,106
DM,29
DS,111
DM,53
DM,28
DM,25
DM,20
DS,106
DS,111
OT,33
PF,7
OT,26
DM,42
DS,131
DM,40
OT,30
NL,75
DM,45
DS,90
PE,24
PE,35
PF,7
DS,113
DO,24
OT,32
NL,191
DS,104
DM,47
DS,135
DS,143
DS,143
DS,93
DS,108
DM,41
DO,34
DO,49
NL,207
DO,47
DS,122
DO,47
DS,71
DO,44
DM,42
DM,54
DM,43
NL,80
PF,7
DM,48
DS,134
DS,95
DM,32
DM,46
DM,50
PP,14
DS,136
PF,7
DM,29
DS,128
PF,8
OT,18
DS,114
DS,92
DM,45
DM,19
OL,33
DM,43
DM,43
DO,39
DM,46
DS,121
PF,8
DO,32
DS,140
NL,108
DS,99
DS,134
DS,115
OL,34
DS,118
DO,46
DS,134
DS,102
DO,51
DM,43
DS,149
DS,113
OL,35
DM,29
NL,83
NL,154
NL,173
PP,13
DM,55
DM,50
PF,9
PF,10
DS,137
DM,44
DS,131
DM,53
DS,138
PF,10
DM,35
PF,6
DM,41
OT,30
PP,18
DM,42
OT,25
DM,42
DS,143
DM,42
PF,10
DS,136
DM,28
DS,120
DS,111
DM,45
DM,48
NL,139
DM,54
DS,115
DM,34
DM,35
PP,9
OT,18
DM,51
DS,131
DS,108
PP,16
DS,124
DS,111
DS,114
DS,120
OL,35
DS,150
DS,145
DS,124
NL,143
PF,9
DS,122
PF,8
DM,33
DS,134
DM,49
DO,52
OT,21
DS,118
PE,27
PF,8
DS,110
PF,8
NL,205
OT,16
DM,41
PF,8
PP,16
OT,16
DS,141
PF,10
DM,52
NL,172
PP,13
DM,45
DS,139
DM,55
DM,47
DM,55
PF,6
DS,138
DS,109
OT,21
DM,44
PF,8
DM,51
DM,39
PP,14
DS,130
DS,129
DM,47
PF,6
OT,29
DS,144
OL,38
PP,16
DS,119
OL,15
RM,13
OT,35
DS,128
OT,20
DS,151
DM,38
OT,24
DS,128
DM,43
OT,22
NL,171
OT,24
DM,39
DS,149
DM,52
DS,124
DM,39
DM,46
NL,212
PF,7
OL,18
OL,18
DS,150
DS,130
DS,142
OT,26
DO,49
PF,8
PE,18
DM,41
DM,39
DS,140
OT,26
OL,32
OT,22
DM,45
NL,200
DM,47
OT,26
OT,11
DS,140
DS,121
DS,137
DS,126
PF,7
DS,116
DM,48
DS,110
PF,8
DS,137
DM,45
DM,49
DS,120
DM,44
DM,61
OL,36
OT,25
DM,42
OT,13
OL,16
OT,23
DM,62
OT,25
DM,47
PP,14
DM,40
OT,22
DM,40
DM,40
DS,131
PE,21
DS,149
OT,25
NL,193
DS,136
OT,24
OT,22
PF,7
DO,52
DS,154
DM,43
OT,33
DS,155
DM,40
DS,115
DS,121
NL,124
DO,47
DM,52
NL,153
OL,34
DM,35
DS,122
DS,144
DS,121
PF,7
PF,7
DO,50
DO,48
OL,27
NL,191
DM,48
DM,42
DS,133
OL,37
DS,127
DM,38
DM,39
DS,145
DO,50
DM,38
DO,53
DM,45
DS,146
DM,45
OT,20
DM,48
OT,28
DS,121
DM,39
DM,43
DM,46
DS,129
DS,106
DM,40
DS,124
DM,46
DS,111
DS,104
DS,121
DO,47
DM,40
DM,43
DM,40
DM,40
DS,127
DM,46
DM,49
OT,20
DM,47
DM,38
DM,32
DM,46
OT,22
DS,125
DM,47
DM,39
DM,40
DS,146
DM,49
DM,47
DM,48
DO,41
DM,40
DM,45
DM,46
DO,50
DM,43
OT,22
DM,44
DS,131
PF,6
OL,15
DM,48
DS,133
OL,17
NL,193
DS,134
DS,127
DM,39
DM,51
OT,23
OL,38
DM,47
DS,138
DS,122
DM,44
DS,111
DM,45
PF,7
DM,42
DS,126
DS,135
OT,21
OL,33
DM,46
DM,51
DM,47
DS,117
DM,56
OL,21
DM,47
DM,41
PF,7
OL,31
PF,7
DM,40
DM,35
OT,30
DO,56
DO,51
DS,147
DM,48
DM,43
DM,46
DM,46
DM,35
NL,198
OT,35
OL,33
DS,148
OL,26
NL,174
PF,7
DO,50
OL,39
OT,23
OL,25
DM,49
DS,154
DM,47
DM,51
OT,26
DM,33
DS,149
OL,40
DM,47
DS,152
OT,22
DS,139
DM,44
DS,120
PF,7
DS,139
DM,42
DM,41
DO,66
DM,46
DO,49
DM,35
OT,21
DM,46
PF,7
DS,123
DM,45
DS,127
DM,48
DO,49
DO,52
DM,51
DM,44
DS,126
DM,43
DM,32
DM,47
DS,129
DM,54
DM,40
DM,49
DS,135
DS,145
DM,51
DO,56
DM,43
DM,46
DM,41
DM,48
DM,41
DM,49
DS,118
DS,119
DO,50
DS,131
DS,134
DM,43
DM,52
DO,52
DM,43
DM,41
DM,48
DM,45
DM,44
DS,133
DS,151
DM,37
DM,45
DS,142
DM,49
DM,56
DM,29
PM,21
DM,52
DM,44
DS,130
DS,131
DM,48
DM,47
OT,22
PF,7
NL,120
NL,189
DM,40
DO,54
DS,137
OL,36
DM,52
DM,48
DM,51
DM,40
DM,43
DS,120
PF,8
DS,127
DS,120
DM,60
DS,150
DS,147
OT,23
DS,140
NL,189
DS,129
DS,130
DO,59
OT,30
DM,31
PF,7
DM,52
OL,33
NL,116
DM,46
DM,59
PE,19
DM,44
DM,52
DM,34
PE,19
DM,49
DS,140
DM,46
NL,118
DM,38
NL,192
DO,49
DS,130
DO,57
DM,49
RM,11
OL,37
OT,24
PF,9
OL,34
PP,14
DS,130
RM,12
DS,158
DO,57
DS,116
DM,34
OT,24
DS,131
DS,136
OL,37
OT,24
DS,148
DM,48
DO,46
OT,28
DM,46
OL,36
DS,139
DS,120
OT,28
DM,43
OL,33
DO,39
DM,51
DM,45
DM,47
DO,45
OT,27
DM,50
DS,136
DS,121
DM,46
DM,40
DM,37
NL,200
DM,55
DM,48
DM,41
DM,47
DS,127
OT,24
DS,132
DS,123
DM,49
DS,148
DO,57
DS,124
DO,59
DM,47
DM,40
DM,48
PE,25
PM,26
DS,130
DS,128
DM,49
DM,32
DM,50
DM,47
DS,138
DM,55
DM,53
DO,37
NL,173
DS,150
OL,37
RM,11
DM,54
DM,47
PF,7
DS,156
NL,199
DM,53
OL,32
DS,135
DM,41
PF,8
DM,50
DS,144
DO,49
DM,33
DM,61
DO,43
DM,53
OL,39
DM,56
DS,142
DS,153
DM,52
OL,34
DM,44
DM,33
DM,46
DM,47
OL,42
DO,41
DM,42
PE,25
NL,195
OL,35
NL,135
PE,25
DS,137
PE,24
DS,132
DS,143
OL,37
DS,139
DM,38
DS,130
DS,122
PF,9
OL,42
DM,35
PF,7
RM,12
PP,15
DO,59
DS,158
DS,142
DS,147
DS,137
NL,218
DM,55
RM,9
DM,53
DS,126
DM,37
DM,60
OL,41
OT,28
OL,40
DM,49
DS,133
DM,55
DO,33
DM,47
DM,46
DM,48
DS,47
DM,46
PF,8
DM,43
DS,135
DS,147
PF,8
DM,48
DO,52
DS,136
DM,41
DM,39
DS,140
DO,51
DO,44
DS,130
DO,55
DM,50
DM,53
DO,52
DM,51
DO,57
DS,133
DM,47
DS,153
DO,47
DM,50
NL,174
DO,41
DM,48
DO,59
DS,136
DS,120
OL,34
DM,36
DO,57
DS,153
DM,49
DM,49
DM,44
DM,39
DM,39
DO,49
PF,7
DS,130
DM,49
OT,29
RM,10
OL,36
DM,47
DS,142
RM,13
OT,11
DS,138
DM,39
OT,10
DS,141
DM,44
DO,28
DM,54
PF,6
DM,39
DS,150
PF,9
OT,31
DS,126
DM,56
DS,120
DS,135
DM,38
DM,42
DS,66
DS,141
NL,223
DO,44
DM,52
OT,11
DS,136
DS,72
OT,11
DM,51
OT,31
PM,16
DM,51
OL,51
DM,43
DM,49
DO,50
DS,151
DS,82
DM,50
DM,47
OT,25
DM,45
DS,148
DS,131
DM,49
DM,58
DM,51
DO,37
DS,124
DM,29
DM,43
DM,45
DM,48
DS,129
DS,128
DM,50
DM,56
DS,159
OT,28
OT,27
DS,89
DS,75
DM,22
DM,51
DS,77
DS,114
PF,6
DM,45
DS,136
DM,42
PE,18
PF,9
OL,33
DM,50
DM,60
DS,81
OL,39
DS,151
DS,136
OT,12
DS,79
NL,177
DM,30
DS,137
PF,6
DS,150
PF,7
DS,139
DM,40
DM,39
DM,49
DM,39
DM,44
DS,137
DM,50
DM,43
DS,126
DM,52
DM,44
DS,153
PF,9
DM,43
DM,49
DM,50
DO,60
OL,34
DM,43
DO,47
PF,7
DS,115
DM,47
DM,46
DS,120
DM,40
DM,52
DM,49
DO,54
OL,39
DS,147
DM,47
DM,38
DM,45
DM,52
DM,46
DM,43
OT,17
PE,30
DM,49
DO,55
DM,47
DO,58
DM,44
DM,40
DM,47
OL,44
PF,4
NL,231
DM,43
DM,45
PP,14
OT,23
PE,22
DM,48
DM,54
DO,50
DS,132
DS,125
DO,48
DM,43
DM,47
DM,48
DM,44
DM,24
DM,44
DS,100
DS,131
DM,52
DS,138
DS,135
DS,140
DS,104
OT,29
DM,50
DO,58
DS,93
DS,129
DM,43
DS,155
DO,49
DS,141
OL,36
DS,120
DM,43
DM,50
DS,98
DS,82
DM,42
DM,44
DM,54
PM,23
DM,53
DO,47
DM,47
PM,20
DO,49
DM,43
DM,51
DS,128
OL,43
DO,49
DS,129
DS,101
DS,147
PF,5
DS,122
DO,47
DM,38
DS,69
RM,17
DS,89
DM,47
DM,41
OL,37
DS,137
DM,59
DS,136
DS,141
DS,100
DS,134
NL,55
DM,48
DS,101
PE,26
DM,39
DS,128
DS,121
DM,46
DM,36
DM,49
DM,47
DS,127
DS,125
DM,36
DM,42
DM,45
DM,49
DM,41
DM,51
DM,48
DS,122
DS,135
DM,45
DM,50
DS,136
NL,192
DM,49
DS,142
DM,42
DM,48
DS,98
DO,51
DS,149
DS,90
DM,43
DM,38
DM,40
DM,40
DM,45
DM,45
DM,46
DM,43
DM,49
PF,8
DM,46
DM,40
DM,41
DM,42
OT,37
PF,8
DM,45
OT,32
DS,109
DS,139
DO,42
DS,135
DM,45
DM,48
DS,131
DS,138
DO,45
DO,46
DM,46
DM,48
DM,43
DS,143
DM,50
DM,34
DS,125
DS,119
PF,8
DS,147
DS,126
DS,77
DM,43
DS,118
DM,44
DM,41
DO,52
DS,138
DM,27
DO,54
DO,36
DS,86
DM,40
DS,129
OL,38
DO,50
DS,95
DS,133
DM,45
DO,53
DS,145
DM,44
DM,42
DM,48
DM,60
DS,130
OT,24
DO,45
DS,81
DM,39
DM,51
DM,50
DM,46
DO,32
OL,35
DM,54
DM,44
DM,44
DS,138
DM,35
OT,31
DM,43
DS,137
DS,133
DO,49
DM,47
DM,46
DM,39
PM,19
DM,47
DM,46
DO,51
DS,126
DM,48
DS,122
DO,49
DS,123
DS,109
DO,58
OL,34
DM,44
DM,52
DM,50
DM,44
DM,42
DM,45
DS,94
DS,88
DM,42
DM,34
DM,46
DO,46
DS,122
DO,48
DS,123
DS,133
DM,46
PF,5
DM,45
PE,25
DM,46
DO,54
DO,50
PF,4
DM,44
DS,131
DM,42
PP,15
DS,130
DM,48
DO,55
DM,47
DS,140
DS,133
NL,220
DM,46
DS,131
DM,41
DS,115
DS,124
DM,46
DM,44
OL,38
DM,46
PP,14
DM,46
OT,25
DM,49
DM,51
DO,46
DO,50
DM,46
OT,25
DO,49
DS,81
PE,22
DM,42
DM,44
DM,46
DM,41
DM,49
DO,48
DS,136
DM,37
DM,46
DS,125
DM,48
DS,119
DM,42
DM,42
DS,78
DM,49
DM,43
DS,125
DO,52
DM,48
DS,137
DM,49
DM,34
DS,117
DM,46
DS,84
DM,21
DS,110
DO,40
PF,7
OL,41
DM,60
PE,21
DM,53
PE,18
DS,147
DM,44
PE,18
PP,12
DS,120
DM,45
NL,251
DS,94
PM,25
DM,42
DS,129
DS,145
RM,15
DM,31
DM,29
DM,43
DM,46
DS,122
DS,136
DS,114
DM,41
DM,56
DM,42
DS,151
DS,134
DS,161
NL,56
DS,142
DM,31
DS,120
DM,46
DO,47
PF,9
DM,44
DS,95
OT,38
DM,45
OT,29
DM,43
NL,208
DM,46
DS,135
DO,58
DM,50
DM,46
DM,45
DM,46
DM,38
DM,41
OT,26
DO,48
DM,47
DM,48
DM,45
DO,60
DS,120
DM,42
DO,56
DS,119
DS,108
DM,44
DM,41
DM,46
DS,101
DM,48
DS,96
OL,30
DM,39
DS,133
DM,47
DS,144
DM,41
DS,146
DS,74
PF,7
DS,136
DM,17
DM,17
DM,48
DM,41
DO,52
PF,7
DM,47
DO,52
DS,133
DS,135
PF,6
DO,48
DS,96
DS,82
DO,21
DS,123
PF,8
DS,148
DM,35
DO,63
DO,55
DS,119
DS,132
DM,41
PF,7
DS,137
DM,46
DS,152
DS,95
DS,71
DS,130
DM,44
DM,45
PF,9
DM,48
DM,50
DM,46
DS,103
PM,20
DM,48
DM,41
DM,53
PF,6
DM,28
DS,133
DM,46
DM,38
DO,52
NL,87
DO,51
DS,123
DS,103
DS,128
DS,62
DS,64
DO,47
DM,49
NL,91
DS,143
OL,30
PP,10
DS,140
DO,33
DS,148
DS,78
DM,24
DO,52
DM,38
DO,25
DS,121
DS,128
DS,90
PP,11
PF,6
PF,7
PP,15
DS,159
RM,12
OT,15
OL,36
DS,97
DS,138
NL,85
DM,48
DS,101
DM,43
PM,20
DS,100
DM,46
DM,39
DS,128
DM,42
DM,36
DM,44
DM,44
DM,26
PE,23
DS,119
DM,42
DM,36
NL,105
DM,40
DM,45
DM,53
DS,133
PP,18
PE,21
NL,136
PF,7
DM,33
DM,22
DM,45
DS,138
DS,67
DS,141
DS,157
OT,27
DS,144
DS,133
DS,74
DM,46
OT,27
NL,123
RM,12
DS,136
DS,123
DS,132
DO,38
DS,114
DM,22
DM,61
DM,47
DM,37
DM,43
DO,50
DM,45
DM,46
PP,11
DM,48
NL,126
DM,39
DM,52
DM,50
DM,44
DO,41
DM,44
DM,48
DM,47
DS,120
DM,44
DM,31
DM,47
NL,137
DS,144
DM,46
PP,18
DS,141
DS,146
NL,125
OT,25
DS,141
DS,89
DS,96
DO,53
DM,34
DM,46
DO,35
PF,6
DM,26
DS,109
DM,58
DO,49
DM,38
DM,40
PM,23
DM,48
DS,85
DM,45
DS,144
NL,158
DO,33
DM,31
DM,50
DM,49
DS,135
DS,65
PF,6
PF,5
DS,84
PF,8
PF,7
PF,8
DM,27
DS,130
DS,123
DO,48
NL,130
DS,95
DS,131
DS,90
DS,133
DM,47
DS,86
DM,44
DS,122
NL,76
DM,43
DO,51
DM,28
DS,85
DM,48
DM,45
DS,93
DM,47
DM,45
PF,6
DM,54
DS,99
DM,41
NL,174
DM,45
DS,114
OT,18
PF,8
OL,39
DS,73
DS,135
DS,92
DM,47
DS,128
DS,101
DM,37
DM,46
DS,100
OL,31
DO,57
DS,100
DM,42
NL,175
DM,45
PP,18
PP,15
OT,29
DM,53
DM,39
DM,46
OT,15
DM,32
DM,41
DS,125
DS,144
OT,36
DO,61
DM,44
DM,45
DM,56
DM,43
DM,44
DM,42
DS,129
PP,10
PP,11
DM,44
DM,54
DS,148
PP,11
DM,36
DM,46
DO,29
OL,22
PF,6
DO,51
DM,41
NL,193
DM,58
DM,44
NL,162
DM,45
DM,44
DS,117
DO,59
DS,112
DM,47
DM,46
DS,131
DS,137
DM,19
DS,158
DM,27
DM,35
DS,145
DO,54
DM,33
DM,21
DO,53
DM,47
PP,16
DS,141
NL,172
DO,53
DM,42
DM,46
DM,46
DO,51
DM,42
DM,37
DS,126
DM,47
DS,119
DM,53
NL,173
PF,9
DM,49
DM,49
DS,123
NL,156
OT,23
DO,56
DM,42
DM,44
DS,146
DM,47
DO,57
PE,14
DM,50
DM,45
DM,43
DM,46
DS,156
OT,37
DS,145
DM,47
DM,57
DM,32
DM,27
OL,23
OT,20
NL,165
OL,21
DM,51
DM,48
OT,24
NL,185
NL,155
DS,145
DM,42
DM,58
DM,47
DS,140
DM,44
DM,52
NL,160
PE,16
PE,16
OT,30
DM,48
DS,144
DM,42
DM,38
OT,22
PE,20
DS,146
DS,151
NL,208
RM,14
DS,125
DO,62
DS,153
DS,152
DS,137
DS,155
OL,21
DM,49
PE,19
DM,46
OL,24
SS,57
NL,235
DM,47
PE,20
DM,48
DM,41
OL,24
DM,39
DM,43
DM,43
DM,42
DM,27
DM,25
DS,137
OL,26
DM,26
OT,19
DM,44
PM,18
PE,24
DM,44
OT,15
PE,17
OL,18
OT,19
OL,19
DM,43
NL,165
OT,25
DM,22
OT,24
DM,51
DS,112
DM,46
OL,25
NL,162
OT,19
OT,24
PE,19
DM,49
DM,45
PE,18
DS,135
DM,54
NL,157
PF,6
PF,8
DM,40
DM,39
DS,158
OL,28
DM,42
DM,40
DM,45
DM,49
DS,138
NL,177
DM,43
PP,17
DO,54
OT,21
NL,195
DM,42
PF,9
DO,59
DS,78
PP,14
DS,125
DO,43
DS,172
NL,187
DS,145
DM,47
DM,38
DM,51
DM,49
DS,165
OT,22
DS,136
OT,22
PE,20
OT,35
DM,38
NL,264
DM,23
DM,50
DS,139
RM,10
PE,21
PF,8
DM,45
PE,10
OT,24
DM,46
NL,186
DS,161
DM,44
DM,50
DM,44
OT,27
DS,146
DM,49
DS,154
OT,31
PE,19
NL,169
OL,26
DM,56
NL,220
DM,54
PM,24
OL,24
DM,35
OL,24
DS,151
DM,54
DS,170
OT,26
DM,49
DS,166
OT,22
DM,48
DM,48
PM,24
RM,10
DM,44
RM,11
DS,144
DM,51
OL,41
DM,55
DM,51
OT,23
DM,52
OT,22
PF,6
DM,43
DM,44
NL,186
DS,142
DS,104
DS,141
DM,34
RM,9
DM,32
DO,49
DO,52
DM,47
NL,157
DM,54
DM,22
DM,21
DO,59
NL,194
DS,139
DO,58
DM,36
DM,47
DS,161
DM,47
NL,192
OL,34
DM,36
DM,49
DS,142
PF,8
DM,38
DS,129
DM,39
PF,7
OL,26
DO,70
RM,9
DM,44
DS,144
DM,45
PF,7
DM,51
DM,43
DM,44
PE,19
DM,42
DM,50
PE,19
DS,139
PE,19
DM,43
DS,137
DS,147
PE,23
PF,8
RM,10
PM,10
DS,124
PE,16
DM,44
PF,7
RM,10
RM,9
PE,18
DM,40
RM,10
DS,137
RM,11
RM,14
PE,20
DS,162
DM,24
PF,8
DS,150
RM,9
DM,37
RM,12
NL,212
PE,23
PM,9
DM,39
DS,117
DM,22
PF,7
PM,22
RM,9
PE,24
NL,83
NL,134
DM,37
DM,39
DS,112
DS,110
DM,40
RM,8
DM,54
DM,34
DS,110
NL,157
DM,26
DO,38
PE,23
DM,49
PF,7
PE,23
NL,180
DM,45
PF,7
OL,38
DM,25
PE,21
DS,135
DM,34
RM,14
DS,140
DS,140
DM,46
DM,43
OT,27
PE,21
DM,45
DM,50
DO,49
OT,23
DO,38
DS,153
DM,44
DM,47
DM,45
DO,49
DM,42
RM,11
NL,193
RM,10
NL,163
DS,78
PF,6
DM,49
DM,45
DS,117
DM,49
DS,124
DS,168
DS,160
DS,83
PM,24
DM,40
RM,9
DO,61
PE,25
DO,38
NL,206
DM,51
RM,15
DM,51
PE,21
DM,56
DM,42
OL,27
RM,16
DO,55
RM,11
DM,34
PE,24
DM,38
DM,53
NL,152
PE,25
DS,155
DM,47
DM,48
PE,22
NL,220
PF,7
DM,33
DO,38
DO,42
DO,48
DM,44
DM,48
RM,9
RM,8
PE,22
DS,149
PM,24
DS,120
RM,13
NL,168
DM,48
DM,44
DM,46
RM,7
PE,21
DM,51
DM,30
RM,11
RM,12
DS,133
DO,44
DS,151
PM,20
DM,44
PM,19
DM,48
DM,39
DO,45
RM,10
RM,14
DS,190
RM,11
RM,10
DM,27
DM,33
DM,39
PF,6
DM,38
DO,58
OT,25
DM,46
PE,23
DO,42
DM,41
DM,56
OT,25
OT,24
DM,38
RM,10
DM,45
NL,195
DM,50
PE,30
DS,89
OT,23
PE,18
DM,35
OL,42
NL,194
DM,56
DM,44
PE,23
PF,7
PE,24
DS,82
DM,54
DM,38
DM,40
DM,38
DM,42
DM,44
DM,41
PF,7
PF,8
OL,42
DM,49
PE,22
RM,13
DS,126
OL,43
PF,11
NL,165
PF,7
PE,23
DM,56
DS,134
OT,24
OL,44
RM,12
DM,41
OL,40
DM,46
OL,30
RM,10
RM,11
DM,36
DM,52
DM,37
DM,51
DM,54
PE,22
PE,29
DM,46
PE,22
DS,150
RM,9
RM,9
PM,23
PF,6
DM,43
DM,38
DO,46
DM,38
DS,122
NL,226
PE,22
DM,32
DS,130
RM,13
PE,21
NL,100
PE,22
PF,4
DS,135
DM,48
NL,226
PM,22
PE,24
RM,9
DS,158
DM,46
RM,9
RM,10
RM,10
PF,8
DM,38
PF,8
DM,49
DO,48
DS,154
DO,45
DM,47
DM,51
DS,80
DM,39
PE,26
DM,43
NL,88
RM,11
PF,7
RM,10
RM,8
RM,11
RM,12
RM,11
DM,41
RM,10
DM,46
RM,11
DM,42
PE,19
DM,46
NL,145
PF,8
DM,41
DM,42
DM,41
DS,108
RM,13
DM,43
PF,8
PF,7
OL,38
NL,248
NL,198
RM,11
NL,211
PE,21
DM,47
PE,23
DM,46
OL,45
RM,9
RM,9
DO,35
DM,36
DS,133
DM,49
DO,56
DM,43
RM,10
DM,49
DM,48
DM,56
DM,44
RM,11
RM,7
DM,39
DS,128
DM,46
DS,107
PE,21
PF,6
RM,10
DS,76
RM,10
OL,36
PF,8
OL,26
RM,11
DM,41
RM,15
RM,9
DS,138
DM,54
DM,51
DM,44
DM,44
RM,13
RM,7
DM,51
DM,54
DM,41
DS,76
DM,49
RM,11
OT,24
OL,36
DM,41
NL,235
DM,52
DM,45
DM,45
DM,46
OT,27
PE,22
RM,8
DS,93
PE,19
RM,9
DS,133
DS,102
DS,160
PE,20
DS,54
DO,59
DS,160
RM,8
DS,132
PE,21
DM,44
DO,51
DM,44
PE,17
NL,202
DS,137
PE,23
RM,9
PE,20
DS,59
DO,52
PE,23
DS,155
OL,46
DM,47
RM,10
DM,49
DS,130
OT,34
RM,9
OL,36
DM,41
OL,32
PE,22
RM,11
OL,43
DO,37
DS,106
PF,7
DS,142
DM,39
DM,40
NL,164
DS,116
OT,24
RM,10
DM,46
RM,12
DS,94
RM,9
RM,11
RM,10
RM,9
PM,18
RM,12
DM,44
DS,151
DM,48
PE,22
RM,10
PE,24
PM,22
DS,143
PF,6
RM,9
RM,9
PE,23
RM,11
PF,9
PE,22
DO,49
DM,46
RM,11
NL,212
OL,39
DM,45
DM,47
PF,7
DM,49
NL,211
DS,136
PE,24
RM,10
PE,23
DM,45
RM,10
RM,14
RM,10
PM,10
PF,8
DM,46
DO,52
DM,48
PM,12
DO,53
DM,42
PM,18
PM,12
RM,8
PM,17
RM,12
PM,11
RM,11
NL,120
DM,21
DO,63
PF,6
DS,73
PF,8
DM,46
DM,43
RM,12
DM,38
RM,11
DS,154
RM,10
PM,27
PP,18
DM,44
DM,40
PE,21
DM,53
RM,11
DM,40
DS,160
DM,42
NL,190
DO,37
DO,48
DM,54
DO,54
NL,103
DM,44
PF,6
DM,46
DM,26
DM,45
PF,9
DM,41
DM,57
DS,88
DM,38
DS,123
DS,90
DM,50
OT,26
OT,31
DM,48
DS,129
PE,22
DM,48
NL,109
DM,44
DS,76
DS,101
OL,39
PM,34
OL,32
DS,106
DS,159
RM,14
DM,48
RM,10
RM,10
RM,9
DO,55
DM,26
DS,91
PF,8
PP,20
DM,54
RM,12
OT,28
RM,12
PM,28
DM,42
DS,140
RM,9
DS,85
DM,45
DS,138
DM,48
RM,11
RM,10
DM,53
DM,51
DM,46
DM,26
DS,76
OT,23
DM,44
DM,51
DS,140
RM,6
DS,90
DM,52
PE,21
DO,59
DM,45
PM,17
OL,38
OT,29
RM,9
DS,56
PM,13
DM,51
PP,16
PE,21
RM,9
DS,128
PE,20
PM,17
DM,41
DM,44
DO,41
DS,114
NL,217
DO,51
DS,94
DS,102
PP,13
DS,130
PF,9
DM,41
DM,41
PE,11
RM,10
DM,41
PM,32
DM,45
PE,11
PF,8
DM,46
DS,116
PE,26
DO,59
RM,11
PE,21
DS,87
DM,46
DM,42
DO,36
DM,42
PM,19
DM,47
RM,11
OT,27
DM,50
DS,110
PE,24
NL,146
PM,19
DS,54
RM,10
DM,48
DM,44
PE,26
DO,44
DM,43
RM,9
DO,49
DM,51
DM,46
DM,44
DM,42
RM,5
DS,129
PP,19
DM,47
PM,19
RF,12
DS,102
DM,49
DS,149
NL,106
DS,134
RM,9
NL,203
DS,146
DM,53
PM,18
DS,74
DS,90
DS,78
DM,32
PM,17
PF,7
RM,8
NL,114
DM,44
DS,72
RM,9
DS,90
DS,120
DO,58
DS,153
PM,20
PE,12
DO,43
DO,54
NL,129
DS,125
DS,72
DS,82
RM,16
OL,42
DS,94
DS,84
DM,43
DM,33
RM,15
RM,10
DS,125
DS,87
DM,39
DM,43
PF,6
DO,40
DM,44
DM,44
DS,153
DS,130
PE,23
DS,98
DM,46
PF,7
DM,35
DS,131
DS,51
DM,42
PF,7
PE,23
PM,23
OT,26
DS,113
DS,103
PF,7
NL,183
NL,102
NL,127
DM,44
DM,32
RM,11
DM,37
PE,26
DM,42
DS,110
NL,252
SH,106
DS,115
PF,7
RM,10
DM,42
DS,123
DO,45
DS,128
DM,21
DS,62
DS,98
DS,133
DS,59
DS,121
PM,23
PF,8
DM,43
DO,40
DS,63
DM,41
DM,41
DM,25
NL,152
DM,46
PP,19
DS,67
PE,15
DM,42
DS,72
DM,39
DM,44
RM,10
DM,40
DS,135
PM,20
NL,164
RM,10
DM,49
PM,24
DS,84
RM,10
DS,65
DM,42
PE,22
DM,34
PE,21
DM,24
DM,44
NL,140
DS,110
OT,28
DM,45
OT,28
PP,18
OT,23
DM,43
RM,9
OL,32
DM,40
DS,141
PF,7
PE,21
DM,45
PE,23
DM,30
NL,164
DS,98
NL,210
PF,9
RM,10
DO,51
OT,14
DS,103
NL,205
DS,127
DM,36
DS,127
DS,138
DM,25
DS,67
DS,132
NL,136
OL,33
DO,53
DM,29
PE,11
PF,8
DO,46
OL,26
DM,32
DS,75
DM,43
DS,84
DS,98
DS,87
DM,52
DO,41
DM,45
PE,10
DS,145
DM,36
DS,150
DM,44
DS,56
PE,24
PE,22
PF,8
RM,5
NL,40
PP,17
DS,132
OT,24
DM,42
DM,40
DM,40
OL,45
DM,43
DS,135
DM,52
DS,99
DM,35
DM,49
OL,48
NL,173
OL,44
DM,42
RM,12
RM,13
DM,36
PE,23
PF,7
PF,6
PF,7
DM,33
RM,12
OT,30
NL,237
DS,125
DO,47
NL,183
DS,125
DS,127
PM,29
DS,102
DS,120
DS,97
DM,32
DM,53
DS,85
NL,83
PF,9
DM,29
RM,10
PF,7
DM,50
DS,143
PE,16
NL,222
DM,37
NL,143
NL,100
DS,114
PF,8
DM,49
DS,95
PF,8
DM,42
PF,8
PM,23
DM,49
DS,118
DM,46
PE,22
NL,120
DS,110
PE,30
DS,80
DS,149
DM,26
PE,24
DS,104
NL,112
DM,44
PF,6
DO,42
DM,34
DS,130
DM,45
RM,11
DS,126
DM,38
DM,46
OT,17
NL,181
DM,36
NL,124
DS,91
DM,49
DO,52
RM,9
OT,16
PP,18
OT,30
DS,105
PF,8
DM,41
PE,21
DO,43
PE,25
DM,39
RM,10
DS,115
DS,120
PE,14
PP,20
SH,52
RM,11
DS,136
DM,29
DS,92
DS,86
DM,55
PM,18
DM,39
PM,21
PE,14
RM,8
DM,46
DS,91
DM,32
DM,39
DM,42
DS,90
DO,38
PM,24
RM,9
DO,40
DS,91
NL,95
DS,94
DM,48
DM,51
OT,21
NL,99
DS,135
DM,46
NL,182
DS,85
DS,116
DM,39
DM,33
NL,146
OL,39
PF,7
DS,106
PP,13
DM,42
DM,33
DS,111
DM,31
PF,7
PF,7
DM,41
DM,47
DS,96
DM,44
PE,17
PM,34
PP,18
DS,90
DS,121
DS,113
DM,44
DM,30
DO,52
OT,20
DM,42
OL,36
DM,41
OL,43
DO,45
PP,19
DS,83
DS,164
OL,56
OL,33
DM,43
DS,123
PP,15
OT,21
PE,16
DO,49
OL,34
DM,34
OT,27
DS,133
OT,26
DM,44
DS,94
NL,219
PF,6
PP,15
DM,38
NL,195
OT,28
OT,25
DS,147
DM,51
DS,84
PF,8
OT,13
PF,8
DS,109
DM,32
DO,57
PF,6
DM,38
PE,18
NL,145
DM,46
DS,103
OL,35
DM,43
DS,132
DM,36
DS,98
PF,8
DM,49
DM,39
DS,123
DO,46
DS,119
OL,45
PF,8
PF,15
DO,50
DM,39
DS,129
DM,41
PE,24
PE,24
DM,45
DS,86
RM,9
DM,44
NL,139
DS,104
DM,39
DO,50
NL,60
DM,49
PM,24
DM,43
OT,25
PP,14
DM,43
DS,90
DS,116
DS,92
DM,55
PM,22
NL,204
DM,28
DM,34
NL,223
NL,184
DS,117
DS,106
PP,24
PF,7
DM,40
PF,5
DO,41
DM,41
PP,18
DM,34
PF,8
PM,21
RM,12
DM,46
DM,21
PF,6
DM,49
DM,40
DM,48
DM,40
DM,22
NL,181
DM,21
OT,23
PF,7
PF,9
DM,42
NL,139
DM,33
DM,21
DS,115
DO,24
DM,40
DM,42
DS,78
PM,16
DS,105
NL,150
NL,114
PF,6
NL,123
OT,23
DS,98
PM,22
DM,45
DM,34
DM,46
DM,38
NL,109
PM,24
PP,17
DO,45
NL,99
RM,11
DS,97
DS,136
DS,134
DS,122
PM,25
PF,6
DS,99
PF,8
PF,7
DS,98
DM,41
NL,108
PE,23
NL,120
NL,184
PF,8
OT,31
PE,21
PE,22
DS,112
DM,43
OT,20
PM,22
DS,122
PE,20
DS,121
DM,33
PM,18
OT,28
PM,23
DS,105
DM,40
DM,43
DO,47
DS,126
DM,45
PE,22
PP,15
DS,95
DO,51
PP,19
DM,51
PF,6
PF,7
PM,22
OT,33
DM,34
DS,98
DS,120
PF,8
NL,136
DM,49
OL,37
DM,36
PP,16
DM,41
DM,35
PM,23
DM,28
DS,105
DM,43
DM,29
OL,34
RM,11
DM,38
DM,44
DS,112
DM,47
PP,14
OT,26
PF,7
DM,51
NL,116
DS,105
DS,125
OT,26
NL,146
DM,46
DO,30
PM,18
PF,6
RM,10
DM,37
OT,21
DS,110
DM,27
NL,142
PF,7
DS,112
DM,51
PM,25
DM,42
DM,40
DM,47
DS,139
DM,48
PE,22
DS,94
DO,48
PM,27
DS,125
DM,41
DS,112
RM,16
OT,30
DM,37
PE,21
PF,6
NL,172
DM,44
DM,39
PF,6
DO,49
PF,7
PE,16
DM,40
PP,12
DS,94
NL,202
DS,129
DM,46
PM,23
DM,41
DS,124
PP,14
DM,50
DS,127
RM,14
DM,29
DM,55
DS,119
DM,40
PF,7
PE,21
DM,45
PE,21
PF,5
DS,101
PF,5
PF,8
DM,36
DM,40
PF,5
PF,9
PP,13
DO,42
DO,56
DM,35
DM,47
DM,39
DM,32
DM,28
DS,145
DM,40
DM,34
NL,178
DS,127
DO,50
NL,112
RM,14
DM,47
DM,31
PM,21
DM,34
PF,7
DS,121
DS,152
NL,137
PF,7
NL,117
DS,103
DM,43
DM,41
PE,20
DS,111
DM,44
DM,49
NL,152
DM,41
RM,13
DS,130
DS,118
PP,16
OL,46
PF,8
OL,40
RM,11
DM,47
OT,17
OT,23
NL,159
DM,39
DM,34
PF,6
OL,27
DM,40
DM,34
PF,7
DM,38
PP,14
DM,37
DS,106
OT,24
DM,45
DS,131
DM,42
DS,110
DM,34
DM,43
DS,102
OT,23
PE,19
DS,105
DM,42
DS,112
DM,47
NL,213
OL,11
OT,28
DM,36
DM,33
DM,33
DS,127
DO,54
DM,44
DM,40
DM,39
NL,189
OL,34
DM,48
DS,109
DM,45
DS,125
DS,117
OT,28
PM,23
OL,39
DM,34
DM,52
DM,49
DS,123
DS,116
DS,123
DS,125
DS,114
OT,27
PF,8
DM,48
PP,12
DM,43
OT,29
DO,51
OT,23
DM,44
DS,126
DM,36
DM,42
DM,35
DS,139
DO,47
DM,42
PF,6
DM,47
OT,28
OL,15
DM,40
DM,40
DM,48
PM,21
DO,54
OT,25
DM,28
PE,18
DM,45
OX,24
DM,47
DM,39
OT,25
OT,29
PP,11
DM,34
OL,26
PM,23
PF,6
DS,149
PF,8
DO,46
DM,43
DO,52
DM,49
PE,20
DM,41
PF,6
PF,6
DM,37
DM,49
OT,28
PF,7
NL,150
PP,14
DM,38
PM,23
DM,43
DO,48
PF,7
NL,184
OT,25
DS,137
DM,42
DS,120
DM,41
OT,23
DS,118
PF,6
PM,19
OL,36
DM,53
PP,15
OT,29
DM,47
OL,29
OL,31
DM,40
DM,42
DM,38
OT,27
NL,205
DM,47
DS,142
DM,43
DM,44
DM,41
DM,43
OL,36
DM,45
DS,116
DM,47
PF,6
DM,46
PF,7
OT,22
PF,6
OL,43
DM,51
DS,148
DO,59
PM,23
NL,219
OL,20
OT,27
DO,49
OT,23
DM,42
DM,42
DS,126
DO,50
OL,31
DM,39
OL,44
DM,40
DM,43
PF,7
PF,7
DM,41
OL,42
OT,25
RM,12
DM,42
DM,48
DM,45
DM,36
DS,108
PF,7
DM,46
PF,6
DM,46
DM,45
DM,47
DO,49
OL,48
DM,46
DM,39
DM,38
DM,44
DM,43
DM,47
DM,36
DS,118
DS,127
PM,19
PF,7
DM,36
DO,55
OL,26
DM,49
PF,5
PF,7
DO,53
NL,97
DS,108
PE,24
PF,6
DM,42
DM,38
DM,49
DM,36
OL,29
DM,33
DM,47
DS,123
PF,8
DS,113
DM,34
PF,5
DS,121
NL,185
OL,39
OT,18
DM,46
PF,7
DO,44
OL,37
DS,123
DS,113
DO,52
DS,120
DS,130
PF,6
OT,23
OT,24
PM,21
PF,6
OL,33
OL,30
DM,41
DM,36
DM,39
DS,119
DM,40
DM,37
DO,49
PF,7
DS,127
DM,43
DM,45
DM,37
DM,38
DS,150
DM,41
OT,20
DM,43
OL,42
OL,33
OT,24
PM,26
DS,111
PM,19
DO,52
DM,40
PE,23
OL,27
DM,41
PE,27
DO,49
OT,24
PE,22
DO,45
OT,27
DM,41
DM,32
DS,125
DS,120
DO,47
DM,47
OL,28
DS,139
DM,36
DM,41
DO,53
DM,34
DM,52
DS,126
DM,43
DM,44
DM,44
DS,129
DM,42
DM,38
DM,48
OL,41
DM,40
PM,23
DM,42
DM,43
DS,133
DM,36
DS,122
RM,8
OT,19
OT,28
DM,42
PE,19
DS,116
DS,110
DM,42
DS,122
DS,118
DS,112
OT,26
DO,43
DM,51
DM,40
DS,135
DS,130
DM,41
DM,46
PF,8
DM,41
DS,117
DS,124
DM,40
PF,7
PF,9
DS,127
RM,10
DS,130
DM,42
DM,38
DM,35
DS,123
OT,20
DS,132
DM,40
DS,158
OT,24
DM,38
DM,43
DS,151
NL,147
RM,10
DS,122
DM,35
DM,39
DS,129
PF,6
DM,36
DM,37
OT,25
DS,146
PF,6
OT,22
DM,49
DM,43
OT,30
DM,42
DS,135
OL,36
DS,126
DM,37
OT,24
OT,27
DO,46
DS,107
DM,44
OL,37
PE,17
DM,52
OT,23
DO,44
DS,128
DM,38
DM,40
DS,115
DS,111
DM,40
DM,40
DM,45
DS,128
OL,35
DM,41
DM,40
DM,42
DM,52
DM,47
OT,28
OT,27
PF,7
PE,19
DM,48
DS,142
DM,41
DS,109
OL,28
DM,44
DM,46
DM,44
OT,22
DM,43
DM,44
DM,43
DM,39
DO,48
DM,43
DS,112
DO,50
DS,131
DM,41
DS,126
DO,45
OL,34
OT,24
DM,41
RM,9
DS,125
OL,29
DM,44
NL,160
DM,41
DM,44
OL,39
PF,5
DM,41
OL,31
RM,10
DO,47
DS,94
DM,48
DM,39
PE,24
RM,10
DO,51
DM,41
OT,26
DM,43
DS,116
DS,126
PM,22
PF,6
DM,47
DM,36
DS,109
OT,24
OT,31
DM,41
OL,25
DM,38
PE,16
DM,42
DM,43
DM,45
DM,44
PF,6
RM,11
PF,6
PF,6
PM,28
DM,39
PF,6
DM,47
PF,7
DM,47
DS,140
DM,40
DM,36
RM,11
DM,32
PF,6
DS,112
DS,124
DM,43
RM,12
DM,38
RM,11
NL,143
RM,10
DM,40
DM,38
NL,143
DO,54
DS,138
PM,15
OL,40
RF,11
NL,162
RM,10
DM,50
DM,41
DM,44
PF,6
PF,7
PF,6
PF,6
DO,46
DS,106
DS,155
DS,136
DM,36
DO,38
PF,5
DS,126
DO,47
NL,118
DS,118
DS,134
NL,235
DM,33
NL,200
OT,27
NL,176
DM,40
DM,39
DM,42
PF,7
DO,56
DS,133
DM,34
DO,48
DO,51
DM,38
DS,123
PF,6
DO,46
DM,37
OL,24
DO,48
DM,38
RM,11
DM,43
DM,37
PM,24
DM,34
RM,8
PF,4
PF,6
OL,39
PE,23
DM,44
DM,44
PE,17
PF,6
RM,9
PF,7
DM,41
DS,111
DM,41
DM,44
DM,42
DO,50
DM,41
DM,44
OL,39
OL,31
DM,39
DM,38
DS,132
DO,50
PF,7
DS,130
PF,6
PF,6
DO,49
DS,119
DS,111
OL,26
DO,45
DM,45
OL,39
DO,43
DM,46
DS,106
PF,6
DM,35
PF,6
DS,122
DM,41
OL,43
DM,36
DS,102
DM,48
OT,27
DM,45
DM,35
OT,24
DM,41
DO,48
DM,39
DM,36
PM,19
DM,42
NL,239
DM,42
DM,38
NL,208
DM,31
DM,39
PF,5
DS,121
PM,23
RM,8
DS,132
DO,51
RM,9
DO,39
OL,41
OL,28
DS,137
OL,27
RM,9
OL,36
DS,117
DM,31
RM,10
DM,41
DM,37
DM,36
OL,36
DM,39
OT,29
DM,38
RM,8
OL,34
DM,42
DM,37
DM,43
PM,24
DS,130
PM,19
DM,44
RM,8
DS,125
DM,40
RM,8
OT,25
DM,39
RM,8
NL,145
PF,6
DO,48
RM,7
RM,8
DM,38
DM,41
PF,5
DM,36
PF,7
DM,38
OL,40
RM,12
RM,8
PM,21
DM,38
DS,132
DS,110
DM,39
DM,38
RM,9
RM,9
DM,46
DM,36
DM,42
DM,47
RM,8
DS,118
RM,11
OT,25
OL,36
RM,8
DM,39
DM,48
RM,12
DM,46
DM,40
OL,33
DO,46
DM,37
DO,48
DM,40
RM,9
DM,41
DO,44
OL,38
DO,51
DO,49
DO,54
PF,6
DM,39
DM,46
DM,34
DO,52
DM,39
DS,148
DO,48
DO,58
DO,44
DM,43
DM,41
PF,6
DM,39
DS,113
DM,42
OT,26
DM,37
DM,37
PF,5
DM,40
PF,5
PF,6
DO,55
DM,42
DM,42
DO,36
DO,47
DM,33
DS,107
DM,38
DM,49
DO,56
DS,131
DM,43
DM,38
DM,39
DM,43
DM,36
DM,44
DM,42
DM,45
DM,34
DM,47
DS,131
PF,5
DS,120
DO,48
OL,34
DM,35
DM,46
DM,40
DM,41
DM,41
PE,21
PM,24
DS,108
DM,43
DM,33
DO,51
RM,8
OT,29
DM,43
DO,48
OL,28
DM,39
RM,8
OL,41
DM,36
DM,38
OT,22
DO,38
DO,53
DM,43
DS,128
OT,26
OT,23
RM,10
RM,9
DM,39
OL,34
DM,40
DO,53
OL,31
DM,42
RM,11
DM,43
PF,5
DO,47
DM,41
OT,26
DM,37
DS,122
PM,25
DM,39
NL,235
DM,44
DO,53
RM,7
DM,38
DM,41
DM,49
RM,10
DM,43
DM,42
PE,20
OL,46
RM,9
DS,117
DO,54
RM,8
DO,54
DM,42
OL,14
DO,49
DS,141
DM,38
DO,53
DM,48
DO,56
RM,9
DM,43
DM,40
RM,12
DM,43
RM,8
RM,14
DM,47
PF,7
DM,38
DS,143
DM,46
DM,48
RM,11
DO,52
DM,42
DO,46
DM,44
DS,122
OL,33
DO,57
DO,47
DM,46
DM,42
OT,25
DM,50
DM,45
PM,18
DO,38
PF,6
DS,121
PE,22
DM,48
DM,40
DM,42
PF,7
OL,31
RM,7
DM,49
DM,44
DS,128
DM,41
RM,8
DM,47
DM,36
PF,6
DM,48
OL,45
DM,43
DS,117
DM,40
OT,18
PE,23
DM,46
DM,39
DM,42
DM,38
DO,54
DM,35
RM,10
DS,130
DM,48
RM,10
DM,37
DM,48
RM,8
RM,9
DM,47
RM,10
DS,127
RM,8
PF,6
DS,104
RM,8
DM,38
DM,41
PF,5
DM,44
RM,9
RM,9
RM,10
DS,141
DM,36
DS,124
PF,7
RM,10
DO,49
RM,9
PM,26
RM,9
OL,29
RM,11
DM,51
DO,50
PF,7
RM,8
DM,42
DM,41
PF,5
DM,42
DM,46
DO,52
DM,40
PE,20
DS,160
DM,45
RM,11
DM,37
DM,44
DM,45
OT,28
RM,7
DM,42
OL,36
DM,41
OL,36
OT,29
RM,14
PF,7
DM,42
RM,8
DM,42
RM,11
DM,44
DS,118
PF,6
RM,8
DM,47
DM,44
DM,49
DO,48
DM,52
RM,8
DM,46
DS,122
RM,8
DM,45
DS,118
DM,48
RM,10
DO,53
DS,128
DM,46
OT,26
DM,45
DM,48
DM,46
DO,53
OL,43
PF,6
PF,6
PF,6
DM,43
DM,42
DO,47
OL,48
OT,27
DM,36
DO,53
DO,54
DM,44
DO,53
DO,52
DS,91
DO,47
DO,49
PF,7
PF,7
RM,11
RM,12
OL,27
PF,9
DS,107
DS,115
DM,43
DM,38
OL,34
PE,26
DO,57
DS,129
PF,7
DM,45
RM,11
DO,52
RM,11
DM,50
DS,138
PF,5
DO,45
OL,43
PF,6
DM,42
PF,7
DM,39
PF,5
PF,6
DS,144
DM,44
DM,43
PF,5
DO,58
DS,153
OL,27
PE,24
DM,42
DO,52
OL,36
DM,47
DM,44
DM,43
RM,11
PF,6
DS,146
DM,46
PF,6
DM,43
DM,46
DM,38
DM,48
DM,49
DS,113
DM,34
OL,33
DM,41
OT,26
DM,45
RM,9
DM,52
DM,48
PE,26
RM,11
DO,56
DS,117
PF,8
PF,8
DM,52
PP,16
DO,57
NL,94
DS,130
RM,12
OL,32
NL,44
PF,7
DM,44
DO,49
RM,12
DO,52
DS,143
DS,116
RM,7
DS,123
RM,11
PF,6
DO,52
PF,7
DM,43
DS,122
DM,48
DS,130
DS,74
DS,120
DM,47
RM,10
DM,42
DM,53
DM,44
DS,116
PM,25
DM,39
DM,43
DM,52
DM,43
DS,96
DM,44
DS,128
DM,37
RM,12
PE,26
OL,31
NL,125
RM,13
RM,9
DM,42
RM,9
DM,46
DM,41
DS,73
PF,8
DM,45
DM,45
PF,7
OL,37
DM,45
DM,46
PF,6
PE,24
PF,7
PF,6
DM,45
DS,125
DS,103
PE,18
DM,42
DO,56
DM,45
PE,22
DO,35
PF,5
DS,102
DS,101
DS,77
RM,14
DM,39
PF,8
PF,8
PF,7
DM,51
DS,86
PE,24
DS,91
DM,42
DO,55
DS,76
DO,54
DM,41
PF,8
DM,50
DS,128
RM,11
DS,78
DS,108
PE,19
DM,49
DM,40
PF,7
DM,46
PF,7
PF,7
DS,133
PF,7
DO,61
PF,7
DS,123
DS,125
DM,55
PF,8
PM,25
DO,34
RM,10
PP,12
DS,109
PM,26
DM,43
DM,50
PF,6
DS,67
PF,9
DS,71
DM,55
PF,6
DS,140
DS,94
RM,11
DM,41
PF,6
RM,11
DS,150
OL,33
DO,51
DS,139
DM,37
PF,7
DS,143
PE,22
DM,49
PM,19
PF,6
DS,127
RM,11
DM,47
DS,101
DM,42
DO,66
DM,46
DM,47
PP,17
DS,119
PF,6
RM,11
PE,24
RM,13
DM,40
PE,16
DS,140
PE,21
DS,126
RM,8
PP,15
DS,123
DM,46
DM,45
OT,16
DS,128
DS,91
PF,7
PF,6
DO,56
DM,49
DS,125
DM,46
RM,14
PF,7
OT,16
DO,73
PE,30
DM,49
DS,127
PE,11
DS,113
DS,118
PM,35
DM,26
DM,41
PM,11
OT,29
DM,49
OT,16
DM,46
RM,9
DS,137
DM,35
RM,14
DS,86
NL,151
DM,46
NL,142
PE,24
DM,45
PE,24
RM,8
DO,36
NL,100
PE,19
DS,124
DS,133
DM,47
RM,15
DM,37
PF,8
PM,24
DM,22
PE,31
RM,14
PP,16
DM,54
OT,27
DS,126
DS,133
DM,46
DO,52
PE,24
DM,49
PF,7
PF,10
DM,49
PF,7
PE,24
DS,96
DM,40
OT,28
DS,135
DS,95
DM,48
PF,8
DS,125
DS,139
DM,46
PP,19
OT,17
DM,48
NL,110
DM,45
PE,14
DS,130
PF,8
PF,7
NL,116
DS,120
DS,125
DS,114
PF,9
RM,8
PF,8
PP,19
DO,45
OT,19
DS,104
DS,118
DM,46
DM,47
DM,44
DM,49
RM,11
DS,152
DM,51
DM,46
RM,13
DM,36
RM,10
RM,13
OT,14
DS,118
DM,26
PF,7
DM,52
DM,46
DM,38
DO,53
DO,42
PP,20
DS,111
DS,131
DS,117
PM,20
DO,42
PM,21
DS,122
DM,43
DO,41
DO,31
NL,30
DM,20
DS,118
DO,43
DO,19
RM,11
NL,88
DS,126
DM,44
PE,13
NL,162
PE,14
DM,47
DO,39
DS,135
PM,26
DM,43
PF,7
NL,150
OT,22
DM,48
OT,15
DO,15
DM,47
OT,30
DM,45
DO,46
DS,64
PF,7
DM,40
DM,16
DM,49
DS,134
RM,15
OT,23
PF,7
DM,47
DS,132
DM,46
NL,180
OT,21
PP,17
DM,44
OL,37
DS,127
DS,136
NL,150
DM,29
DS,128
DS,133
DM,43
PF,7
DM,51
DM,48
DO,46
DO,33
OT,19
PF,6
DO,47
OT,30
DS,98
PP,18
DS,122
NL,126
DM,49
PF,7
PF,7
PF,8
DO,49
DS,114
DM,44
DS,121
OL,45
NL,117
PF,9
DS,119
DS,125
PF,9
DS,150
DM,46
DM,54
DS,91
DS,140
OL,30
DO,48
DS,128
DM,45
DO,46
DM,35
OL,41
DS,94
DM,48
DM,50
DM,28
PP,19
DM,47
OT,23
PF,8
DM,32
NL,172
NL,118
DS,130
DM,30
DO,42
PM,27
DM,37
DO,47
DS,135
DM,40
DS,114
DM,47
RM,11
NL,98
DM,52
DM,42
DM,41
PF,7
NL,118
PM,24
DO,47
OT,28
DM,27
PM,18
DM,46
OT,30
DS,123
RM,11
DO,50
PM,19
PF,5
DO,32
DO,45
DS,131
DM,41
DM,36
DM,51
PP,13
DS,76
OT,24
PF,9
DS,108
NL,110
DS,137
DM,25
DM,49
NL,168
OT,29
NL,216
DM,31
DM,44
OL,49
DM,46
RM,10
DO,38
DM,52
DM,42
OT,13
DO,46
DS,122
DM,34
DM,38
DM,43
OT,29
PF,7
NL,135
OL,31
DS,117
PP,13
DM,47
PF,8
PP,13
DM,47
DO,53
OL,27
PP,18
NL,132
DM,37
DS,122
NL,134
OL,32
DO,48
DM,53
OT,27
DM,48
RM,11
DM,48
DS,122
DS,99
DM,46
PM,24
DM,34
DS,132
DS,125
PP,15
NL,148
PP,19
NL,128
DM,33
DO,50
NL,124
DS,133
DM,37
DS,123
DM,44
OT,25
DS,121
DM,37
NL,157
DS,125
OT,24
DM,44
DM,48
DM,38
DM,37
DO,41
DM,40
DO,46
DM,33
DO,50
PM,22
DM,34
DM,47
DM,49
DO,38
NL,113
DM,32
DM,34
PP,15
DM,30
PE,15
DM,40
DM,30
DM,45
PP,14
DM,49
OT,21
OT,45
NL,171
DM,37
DO,48
DS,146
OT,24
DS,133
NL,208
NL,187
PP,14
OL,37
DO,42
DM,38
PF,7
DO,48
OL,31
PF,8
DS,152
PF,7
RM,14
DM,34
DS,120
PF,7
OT,26
DS,131
NL,120
DM,38
DM,38
OT,22
DM,44
DM,40
DM,38
PF,8
DS,130
DM,34
DS,129
OT,25
DM,31
PM,20
DM,26
NL,185
DM,35
DS,124
DS,127
PP,12
DM,46
PF,8
PP,18
OT,26
PF,10
DS,150
PP,11
DM,28
DM,21
PP,18
NL,147
DM,29
NL,145
DM,30
DS,127
DM,36
DM,45
DS,129
NL,141
DS,128
DM,25
DM,41
PM,24
NL,158
DO,49
NL,148
DS,122
DO,45
PP,14
DM,43
NL,152
DM,42
NL,146
NL,139
DM,37
DS,138
NL,156
DO,50
DS,128
NL,248
PF,7
DM,37
DO,51
DM,45
DM,48
PE,20
DO,43
DS,126
DS,102
DM,36
DM,48
RM,13
DS,130
PE,19
DM,36
DM,36
NL,168
DM,38
DM,43
DM,33
DM,44
NL,180
NL,71
DO,37
NL,151
PM,21
DM,40
DM,51
OT,25
DS,146
DO,48
DM,42
DM,40
OT,18
NL,177
PF,7
DM,38
OL,26
DO,50
OL,32
DS,132
DS,130
DS,118
DS,145
RM,9
DM,40
PP,13
PP,13
DO,43
PF,7
DO,42
DS,149
DM,51
NL,196
DS,132
DM,42
DS,126
DM,37
DO,49
NL,146
DM,48
DM,43
DM,38
RM,13
DS,79
DM,44
DS,137
OT,24
DS,128
DO,43
DM,38
NL,139
RM,13
NL,205
DM,32
OL,34
DS,124
PF,7
PF,7
DS,144
NL,138
DS,94
DS,122
OT,24
DM,37
DO,50
PM,20
NL,161
DM,36
DM,30
PF,8
NL,141
DM,37
PP,14
DO,39
DM,39
PP,17
PP,18
DO,55
NL,148
DM,48
OL,28
NL,175
DS,122
DS,146
DM,43
DS,112
DM,41
DS,125
DM,39
DS,130
PM,22
DS,122
OL,33
PF,6
NL,164
PF,7
DS,136
NL,256
RM,6
DS,135
DM,41
DO,33
DM,40
DM,42
DS,119
DS,126
DM,39
DO,44
DS,105
OL,38
DM,43
RM,8
DO,51
DM,36
DS,125
OT,26
OT,25
OT,29
DS,127
PM,23
DM,38
DM,38
DM,39
NL,233
DM,38
DM,40
OT,23
DM,42
DM,43
PF,7
DO,46
DO,53
PE,17
PE,20
DS,150
DS,132
DM,46
NL,131
DM,45
DM,43
OT,25
DS,144
NL,226
DO,34
DM,37
DM,37
NL,184
DS,91
DS,105
NL,207
DM,35
OT,28
OT,26
DS,136
DO,54
DO,46
DM,37
DS,127
DM,38
NL,165
DS,112
DS,151
OT,27
DM,36
NL,188
DO,40
DM,37
DO,47
OT,24
DM,47
DM,37
DM,38
DS,134
DS,126
DM,38
DS,131
NL,151
DS,137
NL,158
DM,37
DM,42
RM,9
DM,40
DO,53
DM,43
DM,40
DS,125
DM,34
PM,25
OT,26
DS,118
DO,34
DO,38
DM,42
DM,35
DS,119
DO,44
DM,36
DM,36
DM,36
DS,134
DS,91
DS,142
DS,129
NL,175
PP,12
OL,33
DM,44
DM,39
DM,31
DS,151
DO,50
DS,122
DM,44
DM,37
NL,161
DM,33
DM,40
OT,25
OT,27
PF,6
DS,123
NL,169
DS,118
DM,38
NL,195
DM,37
OT,28
DS,132
DS,126
DM,38
OT,24
DS,105
DM,33
DM,37
RM,9
OT,23
PM,23
DO,47
OL,37
DO,42
OT,23
RM,9
DO,49
OT,28
DS,103
PM,21
RM,8
DO,42
DO,50
DM,42
OL,31
DS,116
DO,47
RM,10
DM,36
DM,38
OT,29
DM,40
DM,40
DO,48
DS,129
DM,34
OL,33
DO,46
DM,38
DM,37
OT,28
DS,128
DO,38
DM,38
RM,11
DM,37
PF,6
DO,44
DS,123
DM,43
OT,24
DM,31
DM,43
DM,39
DM,42
NL,199
DS,123
DS,125
NL,178
PF,6
DS,152
DS,132
RM,9
DM,52
DS,138
DM,37
DS,98
OT,23
DO,37
DM,37
NL,218
OL,39
DS,100
DM,38
DM,39
DS,121
PM,21
PM,21
PP,13
DO,49
DS,115
PM,17
DO,46
OT,24
DM,33
NL,171
DM,34
DS,124
OL,36
DM,37
NL,158
DM,42
DS,126
DM,37
DM,34
DO,47
DS,120
RM,7
RM,9
DM,38
DM,33
NL,148
DM,37
OT,25
DM,34
DM,36
DS,115
NL,164
DO,36
PM,21
DM,43
OL,31
DM,30
DS,117
DS,129
DO,48
DM,30
DM,37
OT,29
DS,130
PM,22
DS,127
DO,51
RM,8
PE,17
OT,23
DM,37
PE,17
NL,170
OL,46
DO,39
OL,34
OL,34
DS,119
RM,7
DM,44
DS,130
DM,37
DM,33
OT,24
OL,32
RM,7
DM,37
DO,47
OT,28
DM,38
DS,124
DM,38
DO,53
PM,15
DM,36
DS,108
DS,121
DM,32
DM,38
DS,130
DM,44
DM,36
DO,48
DS,129
DM,34
NL,176
OT,25
PF,7
DM,45
RM,4
DM,38
RM,9
NL,144
DM,36
RM,11
NL,172
DM,40
DS,133
DM,45
PM,22
DS,145
DO,48
DM,34
DS,129
DS,96
DM,37
OL,36
NL,150
OT,20
DM,40
DS,110
DS,114
DO,39
DS,94
DS,121
DM,41
OL,30
DM,37
DO,47
DO,49
NL,162
DS,123
DM,37
DO,53
DM,46
DM,33
DM,36
OT,24
DO,50
DM,40
NL,148
OL,34
PM,22
DM,33
NL,178
DM,34
OT,22
DM,40
DS,101
RM,10
DS,119
OT,27
DM,31
DS,115
DS,132
DO,43
DS,112
PE,21
DM,37
DM,37
DS,135
DM,37
DO,43
DM,36
RM,11
DM,45
OT,28
DM,45
DM,39
DM,32
RM,7
DS,122
OT,25
DO,44
RM,7
DM,37
DM,36
DM,38
DM,37
RM,10
RM,8
RM,7
OT,21
DM,46
OT,20
DM,41
DM,42
DS,113
PM,27
RM,9
DS,107
OL,28
DM,41
DS,116
DS,144
DM,42
DS,124
DS,141
DM,37
DM,39
DS,140
DM,37
DS,119
RM,10
DO,49
RM,10
DM,40
RM,7
RM,8
DO,48
DM,49
DS,132
RM,10
DM,40
DO,49
DM,43
NL,164
DM,53
DS,122
OL,30
DM,34
DS,124
RM,7
RM,8
OL,33
DM,45
DS,116
DM,43
NL,259
NL,241
DM,48
DO,40
DM,46
DS,96
DO,53
RM,8
DM,40
OL,34
RM,7
DM,41
DM,39
DS,120
DM,33
DO,46
DM,37
DO,46
DO,44
DM,41
DM,33
DM,47
DO,51
DM,45
DM,37
DS,100
DM,38
DO,52
RM,8
DM,36
DS,135
OL,32
DM,38
DM,36
OL,33
DM,37
DS,122
DM,33
DM,37
OL,43
DS,118
DM,38
RM,11
PM,19
OT,23
DM,44
DM,40
DM,40
DO,54
DS,136
RM,11
DS,122
DM,52
RM,12
DS,133
DM,46
DM,47
DS,131
DO,51
DS,128
DO,54
DS,126
PM,24
DM,41
DM,41
DM,44
DM,44
DM,47
DO,48
DM,36
DS,141
DM,51
DS,138
DM,39
OL,42
OL,34
DM,50
DM,46
DM,43
DS,125
DS,115
DM,38
DM,43
DO,52
DM,38
DM,52
NL,182
DS,138
DS,128
DO,52
PP,14
PP,11
DM,42
DO,56
DM,46
DM,40
OL,41
DM,44
DO,48
DM,40
DS,136
DS,101
OL,41
DS,136
NL,122
DM,47
DS,128
OT,33
PM,24
DM,51
RM,14
PM,21
DS,130
NL,205
DM,58
DS,121
PF,7
DO,46
NL,58
DO,48
DM,44
DS,130
DM,49
DM,45
RM,9
DS,114
DS,134
NL,95
DS,138
RM,11
DS,115
DM,44
DM,42
PF,8
DS,135
DM,40
DM,42
PP,14
DS,127
DO,56
NL,217
DM,47
DM,42
OT,31
NL,250
DS,127
PM,17
DM,41
DM,42
DM,51
DS,109
DO,63
OL,42
DM,43
DO,52
PP,13
PP,15
OT,22
OL,39
PP,17
DS,128
NL,157
DS,125
DM,41
DM,43
PE,16
DM,49
OL,36
DO,53
DM,51
PF,7
DM,48
DM,47
DM,47
DS,132
DM,43
DM,48
DM,46
DS,130
PE,17
OT,25
DO,51
DM,52
NL,104
DS,119
DO,59
DM,46
DO,38
DM,50
DM,41
DO,45
DM,42
DM,40
DM,39
DM,41
DM,54
PE,26
DM,44
OT,26
RM,11
DM,36
DM,38
DM,40
DM,47
DM,44
DS,117
OL,38
NL,120
DS,110
PE,11
DM,38
DO,40
DM,47
DM,45
DM,41
DM,33
DO,54
OT,17
DO,59
DO,51
DM,26
DM,49
PE,13
PP,13
DM,41
DS,126
DM,49
OL,38
DO,28
DM,51
DO,56
DM,41
DM,48
DM,47
NL,220
DM,49
DM,49
PM,17
DM,44
OL,20
DM,46
DM,38
DO,67
DM,43
NL,125
DM,44
DM,47
DM,27
DS,122
OL,42
DM,63
RM,9
DM,47
DO,25
DO,60
DS,123
OL,33
DM,44
OL,43
DS,133
DO,51
DM,46
DM,25
DO,50
PP,16
RM,11
PM,17
DM,45
DO,54
RM,14
DM,47
DM,45
DM,39
DO,51
DO,56
DS,133
DM,40
DM,47
DS,126
DM,52
DM,48
DM,51
DO,56
DS,120
DM,46
DO,56
DM,45
DM,23
DM,46
DM,45
DM,48
DO,55
DM,43
DM,18
DO,46
DM,49
OT,33
DM,47
DM,43
DO,53
DM,44
DO,36
DM,42
OL,38
DM,43
PE,18
NL,195
OT,29
DO,43
OT,15
DM,44
NL,129
DO,24
DS,119
OX,18
DM,24
DM,50
DM,50
OT,21
OL,18
DO,43
RM,12
OL,36
DM,24
NL,130
NL,94
DM,23
DM,20
DS,117
DM,43
DO,49
DM,21
NL,98
DM,24
RM,9
DM,24
DM,45
RM,9
OL,39
DM,44
RM,9
DM,42
DM,25
OL,32
OL,34
DS,121
PP,19
PM,22
PP,18
PP,23
DM,33
DM,26
DO,55
NL,142
NL,224
DO,56
OL,24
DM,43
PF,7
DM,45
DM,29
DO,28
OT,19
NL,134
DM,43
DM,44
NL,125
DM,48
RM,16
DO,49
DM,49
DM,29
OL,28
OT,27
PP,20
DM,44
DM,25
DM,32
DM,29
OL,39
PE,26
DM,47
RM,10
OL,28
DM,33
DM,33
DS,115
DM,45
NL,126
DO,45
DM,43
OT,23
PE,24
NL,116
RM,8
RM,9
NL,216
DM,40
OT,24
DM,33
RM,11
OT,19
DM,34
DM,46
DM,31
OL,29
DM,38
DM,46
DM,36
DO,45
DO,51
PP,18
RM,12
DM,42
PE,20
DM,37
DM,41
DM,38
DO,57
RM,11
OL,41
DM,45
DO,57
RM,13
DO,59
OL,19
OL,26
OL,37
NL,135
NL,118
OT,17
DM,50
RM,10
NL,130
OT,24
PP,15
DM,46
DM,19
DM,50
DM,38
PP,14
DM,44
OL,34
NL,50
OL,38
DM,27
PP,10
DO,20
DM,50
DM,38
DM,35
PE,26
RM,12
OT,23
DM,49
RM,14
OT,18
NL,198
DM,42
PM,13
NL,132
DM,35
OL,28
OL,38
RM,11
DM,43
DM,46
NL,105
DM,37
DM,40
NL,139
DM,47
DM,32
OT,22
DO,48
NL,123
DM,46
DM,41
OT,22
NL,118
RM,11
NL,107
DM,39
PE,22
NL,93
NL,166
DS,123
PE,25
DO,52
PP,16
PP,9
NL,140
PE,21
DM,39
PP,17
OL,28
DO,54
DS,132
NL,206
OL,40
DM,46
DM,39
DM,40
OL,30
RM,11
OL,26
PE,15
DM,32
OT,23
NL,135
PP,17
OT,23
PP,15
DM,42
NL,160
OT,23
DS,121
DM,39
DM,39
DM,43
DM,43
DM,38
OT,12
OT,21
PF,7
NL,195
PE,22
OT,20
NL,143
NL,135
RM,15
OT,12
OT,26
DM,42
PE,24
DM,41
OL,39
DM,38
PP,15
DM,44
NL,109
PH,31
NL,108
DM,39
RM,11
DM,43
OT,21
RM,14
DM,37
DM,43
DM,48
DO,55
DM,45
OL,28
DM,43
NL,211
DM,51
DM,45
DM,37
NL,131
PH,29
DM,40
OL,35
NL,216
DO,54
DM,33
DO,52
DM,43
OL,35
NL,151
DM,45
DO,36
DM,49
DM,45
DM,40
NL,186
DM,37
NL,146
RM,11
DM,42
DM,29
DM,44
PF,8
DO,54
OL,28
DM,35
DM,40
OL,43
DM,45
DM,25
DM,36
DM,41
RM,16
DO,47
OT,22
DS,115
NL,147
PP,15
DM,34
DM,39
DM,45
DM,41
DM,41
NL,127
DM,49
PP,17
RM,15
DM,40
DM,37
OT,23
OT,19
DM,44
DM,42
NL,140
OT,25
PE,18
DO,40
DS,90
DO,52
PP,15
DM,40
DM,39
DM,41
DM,34
NL,222
DO,40
DO,46
PH,28
DM,34
DO,65
DM,40
DM,44
DM,55
DM,28
DM,38
DM,28
RM,13
DO,47
DM,38
DO,49
DM,49
DM,45
DM,33
DM,35
DM,46
OL,40
DM,25
OL,38
DM,39
DM,35
DM,38
DM,40
NL,173
DM,22
DM,44
DM,47
DM,39
DM,40
DM,43
OL,35
DS,130
DM,37
OL,30
DM,39
DM,47
DM,48
DM,35
DO,36
DM,47
PP,12
OL,26
RM,11
DM,42
RM,12
DM,41
DM,38
DM,39
PH,25
DM,42
OL,28
DM,39
DM,35
DM,41
DM,42
DM,36
DO,44
DM,40
OT,23
DM,42
OT,25
OL,15
NL,152
DO,46
RM,20
OT,24
PF,8
PH,23
DO,52
NL,135
OT,25
DM,44
DM,47
DM,38
DM,36
DM,39
OL,30
DM,40
OL,29
DM,38
DS,98
DO,48
DM,42
DO,46
OL,30
DM,39
DM,40
DM,34
DO,26
DM,38
DS,138
DM,40
DM,33
DM,40
OL,18
DO,46
DO,43
DO,46
DM,36
DO,46
DM,22
DM,40
DM,40
DM,42
DM,33
DM,39
DO,49
OL,16
DM,35
OL,15
DM,42
OL,38
DM,30
DM,44
DM,38
NL,126
OL,36
DM,37
OL,16
DM,39
DM,42
RM,9
DM,40
OL,21
DM,48
OL,45
DO,61
DM,45
DM,46
DO,54
DM,46
DM,41
DM,45
DM,44
OL,46
DO,50
DM,49
DM,51
PH,32
DM,51
RM,17
DM,46
DM,40
RM,16
DM,47
DM,54
DO,64
DO,60
DM,46
DM,52
DO,51
RM,16
OL,34
RM,20
OT,28
DM,30
DM,33
DO,51
DM,27
DO,38
DO,42
DO,56
DM,35
DS,142
DM,32
DM,36
DM,38
DM,33
OT,21
DM,46
DM,34
OT,25
DM,33
DM,32
DO,40
DM,30
OT,19
PM,14
DO,35
DM,35
PE,20
DO,33
DM,33
PE,20
DM,44
OT,16
DM,34
DM,45
DO,45
DM,33
DM,51
DM,35
OT,21
RM,4
OT,16
DO,48
DO,40
RM,4
DO,48
DM,35
DM,45
DM,38
RM,4
DM,45
PE,12
RM,5
DM,32
DM,30
DO,41
DM,37
DM,33
OL,32
OT,20
OT,18
OL,19
PM,7
DO,30
DM,37
DO,48
DM,39
DO,44
DM,30
OL,45
DM,43
DM,39
DO,51
RM,4
DO,44
DM,35
DO,41
DM,37
DM,41
DM,35
DM,37
DM,36
PM,22
OT,23
DM,34
DM,38
OL,31
DO,43
OL,32
DO,55
DM,39
DM,27
DM,39
OT,20
OL,31
DO,34
DM,40
OT,20
DO,39
DM,36
DM,35
DO,39
RM,4
DM,34
DM,37
RM,8
OT,22
DM,36
PM,16
DM,40
PE,16
DM,33
DO,48
DM,36
DM,33
DM,37
DM,34
RM,5
DM,38
DM,30
DO,37
DM,25
DM,32
DM,33
DM,47
DM,44
DO,41
PE,20
DM,30
DO,43
DM,38
DM,39
DO,55
DO,39
DO,48
DS,106
DM,30
DM,33
OL,31
DM,36
DM,30
DO,50
DM,39
DM,35
DM,41
OL,31
DM,42
DO,48
DM,44
DO,48
DM,38
RM,4
DO,52
DM,30
DS,147
DO,44
DO,32
RM,7
DM,40
DM,37
DM,43
DM,36
DM,36
DM,31
DO,33
DM,33
DM,33
RM,5
DM,36
OL,31
DM,37
DM,38
DM,33
OL,30
PE,40
OL,45
DM,40
DO,40
RM,4
DM,39
DM,38
DO,41
DO,52
DM,43
DO,43
DM,30
OL,36
DM,49
RM,6
RM,5
DM,41
DM,42
OL,32
DM,41
DM,38
DM,33
DO,47
DM,40
DM,38
DO,53
OL,34
DO,40
DM,42
OL,35
RM,5
DO,42
DO,47
DM,45
DM,42
DO,43
DM,41
DM,39
PE,23
DO,43
DM,27
DM,42
DM,37
DS,120
DM,36
DS,81
DM,39
DM,40
DM,33
DM,44
DM,36
DM,39
OL,26
NL,141
DM,36
DO,45
DM,33
DS,150
DM,35
DM,44
PE,16
RM,5
DM,39
DO,51
DM,33
DM,37
DM,41
DM,42
PM,19
DM,36
OT,19
DO,51
DM,33
DO,36
DO,46
OL,36
DO,35
DM,32
DM,33
PE,18
RM,11
DM,34
DM,44
OL,29
OT,10
DO,59
RM,7
DM,49
DM,41
DM,38
OL,33
OL,43
DM,37
DM,32
DO,50
DM,40
DM,43
DM,37
DM,43
DM,41
DM,33
PE,17
DM,46
DM,42
OL,34
OL,31
DM,50
DM,35
OL,35
OL,44
DM,47
OT,20
DM,44
PM,14
OT,17
DO,43
DM,34
DO,54
OL,38
DM,39
DM,43
DM,43
DM,38
DM,40
DO,42
DM,40
RM,16
OL,34
DM,43
DO,47
OT,22
DO,45
DM,47
OT,21
PM,21
DO,20
DO,46
RM,5
DM,45
DM,33
PE,15
DM,42
NL,153
DO,40
PE,26
DS,125
DO,48
PM,16
OL,32
DM,38
DM,49
DO,12
DM,48
DM,42
PE,18
OL,15
DS,154
DM,33
PM,11
DO,41
DO,45
DO,37
DS,96
DS,104
DM,39
OL,33
DM,43
DM,41
DM,43
DM,40
RM,5
DM,39
DM,40
DM,43
DM,42
OL,27
RM,4
DO,49
DM,40
DM,50
DO,46
DM,37
DM,39
OL,24
DO,37
DM,43
DO,37
DM,43
DM,41
OL,28
RM,9
DM,40
OL,26
DM,52
DM,47
DM,51
DO,50
DO,53
DS,145
DM,48
DO,46
DM,47
OL,30
DM,48
DM,46
DO,63
DM,47
DM,36
DM,25
DM,51
DM,35
DO,46
DM,50
DS,127
DM,52
DO,55
DM,45
DM,41
PP,14
DM,38
DM,48
DM,49
DS,128
DO,45
DM,37
DM,43
DM,39
DO,44
NL,138
DM,43
OL,39
PP,16
DM,51
DM,47
DM,43
DM,49
PM,16
PM,21
DM,48
DM,33
DO,31
PE,21
PM,24
DM,50
OL,35
DM,46
DM,46
DO,49
OT,29
DM,46
DM,50
DM,42
DS,134
OT,20
DM,43
DM,48
DM,47
DM,45
DM,47
DO,60
DM,47
OL,29
DM,51
DO,55
DM,49
DM,31
DO,59
DM,46
DO,53
DM,41
PE,15
DM,52
DO,54
OL,37
PM,27
DM,44
DM,42
DM,48
DM,47
DO,38
DM,45
DO,60
DM,39
OL,28
DM,43
OL,24
DM,39
DM,50
RM,5
DM,46
DM,50
DO,46
DM,49
OL,27
RM,6
DM,45
DM,53
DS,56
DM,46
DM,44
DM,51
DO,63
PE,19
DM,44
DS,142
DM,27
OL,32
DM,40
OL,35
DM,49
PP,21
DO,51
DO,54
DO,53
DO,50
DO,67
DM,47
DO,54
RM,12
DS,147
DO,52
DM,54
DS,133
OL,25
PP,10
DM,47
DM,21
DM,44
DM,44
DO,46
DO,53
DO,62
DM,41
NL,103
PM,19
DM,40
DM,39
OL,37
DO,44
DM,40
DM,41
DM,44
DM,29
DM,29
DM,48
DS,139
OL,25
PP,8
OL,30
DS,106
DS,135
DM,48
DO,67
DM,43
DM,42
DM,48
DO,57
PM,21
OL,33
DO,41
DO,39
DM,55
DM,44
DM,46
DM,37
DS,100
PP,12
DS,157
DM,36
DM,43
DO,43
DM,40
DS,102
DM,22
DM,46
DO,52
DM,46
DM,43
DM,43
DO,73
OT,19
DM,38
OT,20
DM,39
DO,52
RM,7
DM,52
DO,68
DM,51
DM,50
DM,47
DM,46
DO,50
DM,46
DM,46
DM,46
DM,47
OT,20
DM,53
DM,44
DM,53
DM,43
DM,43
OT,27
DO,59
DM,39
DM,47
DM,44
DO,52
DS,120
DM,40
DM,45
DM,40
DM,45
DM,43
PE,27
DM,39
DM,46
DM,17
DM,52
DM,51
DM,40
DO,60
OL,35
DM,42
NL,116
DM,44
DM,44
PE,12
OT,17
RM,6
DO,58
NL,190
OL,34
DM,40
PE,14
DO,44
PM,24
DM,43
DM,49
DM,43
DM,46
DO,51
RM,6
DM,45
DM,35
DO,45
DO,29
PP,13
OT,19
DM,46
DO,50
NL,136
DM,34
DM,44
DM,36
DM,33
DM,34
DM,33
PP,12
DO,47
DM,40
OL,29
DO,46
RM,5
DM,46
DM,39
RM,11
DS,118
DM,27
DM,33
DS,131
DS,86
DO,44
DM,17
DM,39
DS,107
PP,14
DM,48
OL,29
DM,41
DM,42
OT,22
RM,4
DS,157
DS,111
PP,17
DM,40
DS,139
DO,47
DM,43
DM,38
RM,12
DM,37
DM,40
PE,28
RM,8
NL,166
RM,10
DO,50
DM,41
DO,41
DM,29
DM,46
DM,45
DM,53
DM,51
NL,183
DM,36
RM,9
DM,42
DM,47
DM,32
DM,34
DO,40
DM,42
DO,51
DO,51
DM,46
DM,27
DM,41
DM,36
DM,48
DS,85
DM,49
DO,44
DM,43
DS,95
DM,44
PP,19
DM,39
DO,30
OL,33
DM,42
RM,6
DM,37
DS,84
DM,47
RM,12
DM,40
DS,115
OL,40
PP,19
RM,14
PP,19
DM,27
DS,128
DO,54
DS,76
DM,15
DM,40
DO,53
DS,120
DM,43
DS,123
DM,47
DM,40
RM,10
DS,69
DM,47
DO,52
DS,157
DS,126
DO,50
DM,30
DO,52
DM,40
DM,44
NL,111
NL,123
DO,45
RM,11
DM,49
DM,40
OL,56
DM,40
DM,44
PM,24
OT,24
DM,37
DO,54
DM,31
DM,50
PE,20
DM,38
DM,50
RM,12
DO,51
OT,22
DM,47
OT,20
DM,50
DO,44
DM,44
OL,40
DM,45
DM,43
DM,43
DM,26
DM,34
DO,50
OL,18
DM,40
NL,177
RM,11
DM,24
DM,39
PP,14
DS,137
DO,45
DO,34
DM,38
DS,119
DM,44
PE,23
NL,125
PP,15
DM,43
DS,132
DM,45
DM,41
DM,46
DM,40
DO,47
DM,17
DM,54
DS,113
DM,37
DS,106
DS,138
NL,91
DM,44
DM,40
DM,32
DM,42
DM,44
DO,46
DO,56
PP,16
NL,186
DM,46
DS,140
DS,166
DM,36
DM,40
DM,33
DM,21
DO,31
DS,94
NL,174
DM,30
NL,124
DM,42
OT,11
DM,42
DM,50
DM,44
DM,40
OT,25
DM,52
DM,38
DM,50
DM,49
RM,14
OL,28
DM,50
DM,46
DM,48
NL,181
PP,16
OL,35
DM,34
DM,25
OL,35
DO,56
DO,46
DO,55
NL,101
DM,43
DO,50
DM,48
NL,139
DM,34
DM,46
DO,52
DM,46
PP,20
DM,42
DM,46
NL,113
OT,28
DO,51
NL,165
DO,62
DM,33
NL,131
PP,14
DO,51
DM,44
DO,48
DM,44
DM,48
DM,53
DO,47
PP,18
OT,25
NL,157
DM,44
DM,24
DO,33
DM,45
DO,42
DS,129
DS,130
DS,150
DS,140
DM,49
DM,43
DM,49
DO,54
DO,50
DM,18
DO,54
DM,49
DM,42
DM,45
PP,28
DO,44
PP,15
DS,121
DM,38
DS,98
OT,29
DM,39
NL,106
DM,46
DM,47
DM,46
OT,22
DM,49
PP,17
DM,41
DM,46
OL,32
DM,39
DM,50
DM,44
PP,16
DM,56
PP,17
OL,38
DO,57
DM,54
NL,155
DM,46
DM,40
DM,50
DM,41
OT,24
DO,51
DM,36
DM,20
OT,26
DM,38
DM,43
DM,48
PP,17
DM,40
DM,22
DM,53
PH,30
DM,44
NL,162
DO,59
DM,38
DM,34
DO,54
DM,46
OL,34
PP,20
DM,48
DS,126
RM,11
NL,168
PE,22
DM,46
DM,53
DO,44
DO,49
DM,46
DM,36
OL,37
DS,136
PE,18
PP,16
PP,15
OT,28
DO,37
DS,130
DM,40
OT,24
DM,39
DO,50
DM,43
PE,28
DM,42
DM,59
DS,135
DM,41
DM,48
DM,53
DM,48
DM,46
PE,38
DO,54
DM,42
DM,43
DM,52
DO,47
DM,52
DM,52
DS,117
RM,10
DM,43
DM,49
OT,25
OL,28
DO,40
DM,50
OT,22
PP,16
DS,125
DM,44
DS,152
DM,46
DM,40
DM,50
PE,20
OL,36
OT,23
DM,49
DO,49
PE,19
PE,24
DM,51
DM,46
NL,178
DO,50
PP,9
DM,42
DM,44
PP,15
DM,40
DM,36
OL,29
OL,42
DO,39
PM,21
RM,13
DM,40
OT,22
DM,40
OT,26
DM,40
NL,119
DO,55
DM,23
DM,48
DM,42
DM,46
OT,23
DM,42
OL,37
DM,37
DO,50
OL,28
OL,20
DM,47
RM,11
DM,41
DM,39
DM,49
DS,122
NL,162
PE,18
DS,102
DO,45
DM,39
RM,13
DM,57
DM,36
DO,48
DM,47
PE,18
DO,58
DO,59
DM,42
DM,44
DS,123
DO,49
DM,38
DM,32
DO,46
PE,19
DM,48
DM,45
OL,25
PE,18
DS,136
DO,42
DM,41
DS,119
OT,26
DS,145
DM,40
DM,48
DS,138
NL,136
DO,51
DM,50
PE,25
OL,37
DS,125
DM,44
DM,42
OT,30
DS,152
OL,26
DM,45
OL,28
DM,44
DM,40
DS,128
OL,35
DM,45
DM,47
DM,41
OL,35
OT,28
DS,123
DM,51
NL,148
DM,42
DO,52
DM,32
OT,20
DM,41
OL,35
OT,26
DM,42
PE,21
PE,19
DS,122
DM,52
NL,192
OT,17
PE,19
DM,48
RM,9
DO,46
DM,41
DM,38
DM,43
DM,36
OL,30
DM,43
DM,39
RM,14
OT,25
DM,46
DM,46
DM,39
DM,39
DM,48
OT,21
DM,37
DO,50
NL,129
DM,39
DM,42
DO,51
DM,38
DM,52
DS,118
DM,40
DO,50
DM,38
DM,41
DM,40
PH,34
NL,168
DO,50
OT,16
DM,43
DM,43
NL,146
DM,46
PP,12
DM,37
DM,43
DM,41
PE,19
DM,37
OL,34
DM,44
PE,20
DM,53
DO,46
OT,25
DO,48
DM,41
DO,53
DS,142
DM,42
OT,22
DM,47
DO,51
DS,108
DS,132
DO,54
DM,43
RM,10
DM,42
DS,132
DM,41
DM,43
DM,42
DS,120
OL,30
DM,43
DM,40
DM,46
DM,39
DS,126
DM,43
RM,11
DO,59
DM,43
PE,19
RM,9
DM,44
DM,41
DM,46
DO,45
RM,11
OL,30
DM,41
DO,50
DS,130
DM,40
PE,17
DS,125
DM,46
OL,29
DM,47
RM,8
OL,32
OT,21
DS,120
OT,21
DM,40
PE,20
PE,22
DM,38
DM,38
DO,55
DM,44
PE,20
OL,37
DM,39
DS,126
DM,48
PE,19
DM,36
DM,37
DM,47
DM,42
OL,30
DM,40
DM,46
RM,10
RM,13
OT,23
DM,39
DM,45
DM,46
DM,38
RM,7
OT,23
PE,19
OT,19
DM,48
DM,46
OT,26
DM,39
DO,51
RM,9
DM,45
OL,34
DM,42
OT,18
DM,38
DM,52
DO,51
DM,38
PE,13
DO,53
NL,174
OT,22
RM,10
RM,9
OL,20
DM,51
PH,34
RM,9
DM,40
DM,43
RM,8
OT,24
DM,43
DM,44
OL,32
DM,47
NL,150
DM,51
DM,44
DS,126
DM,37
DM,44
DM,37
RM,11
OT,25
DM,39
DM,42
DO,47
PE,26
DO,54
DM,41
RM,9
DM,42
DS,148
DM,45
DO,47
RM,10
DM,40
NL,225
DM,43
RM,9
DS,130
DS,155
RM,6
DS,153
DO,55
DM,42
DM,43
DM,40
DM,42
DM,48
DM,45
DO,50
DM,50
DO,48
PE,22
DM,38
DM,39
OL,30
DM,44
DS,129
DM,42
OL,29
DM,39
PE,19
PP,16
DO,56
DM,38
PE,19
DS,120
DO,52
DM,40
DM,45
DS,121
DM,44
NL,160
RM,9
OL,34
DM,39
DM,41
DO,56
DM,40
DM,49
PE,18
DM,47
DS,119
DO,56
RM,11
RM,9
NL,170
DM,52
DM,48
RM,10
DM,46
RM,10
DM,38
OT,26
DS,130
DO,52
DM,48
OL,37
OL,31
PE,25
DM,39
DM,47
OL,34
DM,46
DM,41
DM,43
DO,53
DO,49
DM,45
DM,49
DM,39
OT,23
DO,51
OL,27
DO,54
DM,51
NL,188
OT,23
PE,19
DM,52
DM,37
DM,45
RM,9
DM,53
DM,48
DM,37
DO,59
DM,49
DO,55
PE,20
PH,39
NL,185
DS,12
RM,10
DM,44
DO,44
DS,126
DM,42
DO,52
DM,40
DM,45
PP,15
DS,131
DO,54
DM,48
DM,47
DM,46
RM,7
DS,116
NL,173
DS,156
DM,48
DM,49
DM,44
DM,48
DO,68
RM,11
RM,9
OL,38
DS,130
RM,10
PE,19
DM,38
DO,56
PE,19
DM,46
DS,124
DM,41
DS,131
DM,42
DS,147
RM,10
DM,43
DM,50
DM,51
NL,240
DM,45
RM,10
DS,134
DM,43
DM,47
PE,24
PE,22
DM,40
RM,12
DO,49
DM,52
DM,43
DO,55
PM,18
DM,39
DS,120
DM,45
DM,48
RM,10
RM,10
DM,40
DO,57
DM,52
NL,180
DM,52
PE,21
DM,30
DM,42
OL,38
DM,47
DM,48
DO,53
OL,27
NL,192
DM,43
NL,99
DM,54
DM,46
DM,42
PE,27
DS,125
PP,17
DM,53
DM,47
DS,120
DS,130
DO,57
DM,41
DS,150
PM,26
DO,58
DM,42
DM,42
DM,26
DM,42
OL,39
DS,74
NL,176
OL,34
DO,50
NL,102
DS,157
DS,125
DM,52
DM,46
DM,48
DM,22
DM,42
OL,41
DO,54
DM,49
DM,49
DS,135
DM,49
DS,125
DM,43
DM,45
DS,129
DO,24
DS,124
DM,52
DM,44
DM,52
PP,19
OT,15
DO,51
DS,125
DO,26
DM,45
DM,49
DM,42
DM,40
DM,26
PP,17
DM,45
DM,46
NL,91
DM,45
DM,44
DM,39
PE,29
NL,98
PE,26
DM,44
DM,39
DS,118
RM,10
NL,205
PM,18
DO,48
DM,39
OT,33
PM,21
DM,26
DM,52
DM,50
DM,37
DM,50
RM,11
DO,46
RM,13
OT,26
PP,16
DM,50
PM,22
RM,13
DM,37
OL,29
DO,52
DO,52
DM,50
OL,33
NL,180
DO,53
DM,42
DM,45
DM,46
DM,42
PE,21
PE,23
DM,43
PE,23
PM,15
DS,114
DM,44
RM,11
DM,50
DS,115
DS,144
NL,123
NL,163
DO,59
NL,82
DS,134
NL,138
DM,43
DM,45
DM,46
DS,128
DO,50
DS,121
DM,46
DM,52
DM,43
PP,19
PM,20
DM,37
DM,43
DS,84
DS,129
PE,21
DS,103
DM,43
OT,21
DS,152
DO,38
DM,44
DS,123
DO,39
NL,198
DM,45
DM,47
OT,9
DM,24
DM,46
RM,7
PE,20
DM,47
RM,9
RM,18
NL,138
DM,49
DM,32
DM,50
PM,26
DM,38
NL,185
DS,119
DM,41
DM,42
OT,19
DM,35
PM,19
DO,52
DO,61
DM,40
OT,27
NL,68
OL,36
DM,24
DM,50
DO,55
DM,44
NL,98
PE,23
OT,19
DM,36
PM,23
DM,26
DM,52
DM,43
NL,183
PM,24
DM,43
DO,45
DM,41
DM,46
NL,182
DM,40
DM,47
DM,44
NL,174
PP,18
DO,52
DO,58
PP,14
DM,42
NL,123
DO,49
DS,121
DM,47
DM,47
DO,59
DM,50
RM,10
DM,36
PP,16
DM,41
DO,22
DM,45
PE,23
DS,152
DM,53
DM,39
DS,129
NL,110
DS,116
DM,48
DM,42
OL,29
RM,11
DM,32
DM,46
RM,10
DM,46
DO,57
PP,14
DM,45
OT,21
DO,44
NL,227
DM,45
DM,43
DM,48
PP,18
DM,46
DM,50
DO,45
DM,37
DM,39
RM,10
DO,45
RM,11
DS,123
PE,23
DO,42
PM,22
DM,36
DM,42
NL,188
NL,134
DM,44
DM,48
DM,55
DM,34
DM,50
DM,30
DO,54
PF,7
DO,53
NL,214
DM,41
OT,14
DM,35
PM,20
RM,9
NL,70
DM,45
DM,39
PP,17
DO,54
DM,43
DM,42
PM,26
DS,64
PM,12
DM,50
DM,24
DM,48
DM,47
RM,12
DO,46
DM,52
DM,29
DO,53
DO,29
NL,182
DM,40
DO,51
DS,157
DM,43
DM,46
DM,24
RM,13
DM,44
RM,8
RM,11
DM,45
DO,58
NL,113
OL,42
DM,45
DM,45
DS,125
NL,184
DM,24
DS,134
PP,16
OL,35
DM,40
DM,49
DS,129
DM,44
PE,17
DM,43
DM,30
DM,36
RM,10
OT,30
DM,41
DM,35
PP,20
PP,16
DM,47
DO,44
OL,30
DM,29
DM,44
DS,156
DM,41
DO,48
DM,50
DM,47
DM,41
PP,10
DS,126
NL,101
NL,180
DO,44
DM,49
DM,48
DM,55
DM,43
DM,46
DM,32
NL,184
DM,47
DS,80
DM,44
DM,41
OL,30
DO,60
DM,51
NL,116
DO,56
DM,42
DM,46
DO,63
DM,50
DM,34
DS,150
DM,46
DS,94
PP,18
OL,28
DM,66
DM,31
PP,18
DS,130
DS,98
DM,40
DM,27
DM,45
DM,42
DM,49
DM,48
DM,45
DM,40
DM,47
DM,45
DM,49
DM,51
DO,50
DM,46
DM,55
DM,44
OL,27
DM,49
DM,44
PP,17
OT,21
DM,25
DM,42
DM,42
PF,9
DM,44
DO,50
DM,46
DM,40
OT,20
DM,53
DM,44
DO,52
OL,26
DO,35
DM,44
PP,20
NL,196
DM,49
DM,23
DM,44
DM,42
DM,20
DM,31
NL,131
DM,46
DM,52
OL,30
DS,137
DO,50
DM,46
NL,172
PP,21
OT,22
DM,45
DS,151
DM,46
DM,48
DM,45
DS,128
DM,39
OL,26
DM,45
DM,49
PP,17
DM,41
DS,118
DS,118
DM,45
DO,55
DS,150
DM,46
DM,43
DS,127
DM,54
NL,202
DO,51
NL,135
DM,47
PP,17
DM,20
DM,47
DM,42
DM,46
NL,177
OT,23
PM,21
DM,49
DM,34
DM,43
DM,41
OL,35
SH,55
DM,48
DM,45
PM,25
DO,54
DM,46
DO,63
DM,31
DM,54
NL,183
DM,32
DM,47
DM,49
DM,26
DM,46
NL,142
DM,45
OT,21
DM,31
DM,53
PP,12
DS,102
DS,134
DO,62
DM,53
DM,27
DO,51
NL,180
DM,40
DS,131
OL,14
DS,148
DM,43
NL,94
OL,20
DM,49
OT,20
DM,46
DM,41
DO,49
DS,124
DM,42
PE,22
DM,42
DM,50
DM,49
DM,37
PE,22
OL,24
NL,176
DM,51
DM,51
NL,221
DS,136
DM,43
DM,48
DM,45
OL,32
DM,43
DM,36
OL,25
DM,49
DM,48
DM,42
PM,27
DM,49
DO,46
DM,41
DO,38
DM,42
OL,26
RM,12
RM,11
OL,36
DO,34
DM,37
PM,21
DM,48
DM,35
DM,51
DM,49
DM,45
DM,51
OT,24
DM,49
DM,52
OL,26
DM,29
DM,44
DO,38
DO,18
DM,43
DM,33
NL,167
DM,40
OT,10
OL,36
DM,44
DO,69
OL,29
DO,54
DM,46
PM,24
DM,37
DM,49
DM,46
DO,62
DM,49
OL,22
DO,49
OL,34
DO,48
DO,48
DS,133
DS,117
DS,141
DS,170
DM,48
DM,52
OL,32
PM,18
DM,33
DM,31
DM,47
DM,47
DM,56
DM,42
PM,21
DS,144
DM,37
DM,47
RM,11
PM,18
DS,135
DM,37
DM,32
PM,20
DO,56
DM,31
DO,63
DM,50
RM,14
OL,28
DO,62
DS,130
DS,130
RM,9
DM,53
DM,44
DM,44
NL,144
DO,56
DM,45
PM,20
DO,50
DO,40
DM,40
DM,32
DO,44
OT,25
DM,42
DM,47
DM,36
DM,48
DM,43
DO,49
DM,42
PE,25
DM,43
DO,41
RM,12
OL,35
NL,210
DM,41
DM,52
DO,29
DO,54
DO,30
DM,43
PM,25
DM,43
RM,13
DO,55
DM,44
DM,38
PM,24
DM,42
DO,43
DM,51
DO,51
DM,42
OT,24
NL,204
NL,216
DM,37
OL,25
DM,50
DM,48
RM,12
OL,42
DO,50
DM,51
DO,30
PM,22
DM,37
DM,44
RM,9
DM,27
NL,177
PM,25
PE,25
DS,143
DO,39
DO,58
DO,51
DS,165
DS,135
DM,44
DM,54
DS,164
DM,40
DS,138
DM,24
DM,51
DS,159
DM,49
DM,39
DM,45
DM,52
DO,39
PM,25
DM,37
RM,9
RM,14
DO,48
DM,40
DO,54
DS,142
PM,23
DO,56
DM,46
RM,13
DM,38
RM,10
DO,32
DS,145
DM,28
PM,22
DM,47
OL,29
PM,23
DM,44
PE,24
DO,52
DM,58
RM,12
DM,47
RM,11
DM,45
OL,38
DM,49
PE,25
RM,11
DM,41
RM,7
OL,32
DM,38
DM,43
OT,24
RM,10
OL,25
DM,39
NL,164
DM,48
DM,43
PE,27
RM,14
RM,12
RM,9
RM,11
RM,15
RM,9
DM,26
RM,8
PM,26
DO,47
NL,80
DO,36
DM,44
PM,25
DM,39
DO,52
DO,45
DM,35
DM,39
OL,39
RM,6
NL,184
NL,75
DM,39
OL,38
RM,11
DM,51
RM,12
DO,43
PM,18
DO,56
DM,49
DM,57
DO,58
PM,28
RM,12
NL,202
DM,43
DM,40
RM,12
RM,10
RM,13
DM,45
DM,51
OL,39
OT,26
RM,11
DO,59
DO,54
DM,50
DO,52
OT,16
DM,43
DM,53
PM,10
PE,24
DM,45
DM,54
DS,136
DM,47
OL,28
DS,148
DM,46
OL,31
DO,43
RM,12
RM,9
DM,50
RM,10
DS,87
PM,29
DO,41
DS,117
DM,46
DS,148
DO,51
DM,37
DM,44
PE,23
DM,46
DS,126
DM,47
DM,37
PE,22
DO,39
DM,48
DO,36
RM,13
DM,48
DM,50
DO,59
NL,152
DM,45
NL,253
DO,59
DO,37
DM,40
DS,136
PM,24
DO,39
PE,21
DM,54
PM,9
DM,46
PE,19
OL,32
PM,19
PE,20
DM,46
PM,8
DM,41
DM,45
DM,41
DO,50
RM,11
OL,29
DO,52
DM,46
RM,12
RM,13
DM,49
RM,11
RM,14
RM,10
DO,42
RM,10
RM,9
OL,28
RM,11
DM,46
PM,30
RM,11
PM,25
DM,31
RM,9
DM,46
PE,26
DO,50
OL,25
OL,31
DM,46
OL,27
DO,54
DO,55
DM,47
DO,57
DO,58
RM,10
DM,46
DM,44
DM,46
DM,42
DO,58
RM,11
RM,9
DM,32
RM,10
RM,14
DM,40
DO,41
DM,48
NL,115
PM,31
DO,52
DO,46
DO,39
PM,27
DM,52
DO,56
DO,54
NL,204
DM,41
DO,53
DM,45
DM,51
RM,9
DM,47
NL,176
DM,52
RM,9
DO,46
DM,38
DM,48
DS,115
DO,57
DM,42
DM,49
DO,57
RM,10
DO,55
RM,10
DS,131
RM,9
DM,42
RM,10
DM,45
DS,129
DS,167
PM,31
DO,62
OL,28
DM,50
DO,48
PE,25
DM,49
OL,33
DS,127
RM,11
OL,39
DM,45
DM,48
DO,48
DO,39
DS,144
PM,24
DM,40
RM,11
DS,178
DO,57
DM,40
DM,49
RM,10
DS,128
DM,40
RM,17
NL,170
DM,46
DM,42
DS,128
DO,52
OL,27
DS,129
DM,55
RM,9
RM,12
PM,27
PE,38
PM,27
DO,51
DM,46
DM,47
NL,259
PE,27
DO,57
DM,43
RM,12
RM,11
OL,30
RM,12
DO,43
DM,46
DM,49
RM,12
RM,11
PM,26
DM,52
OT,28
DM,49
DM,46
PE,27
NL,196
DM,52
DO,58
DO,56
NL,162
DO,66
DO,57
DM,41
RM,12
DM,46
OT,25
DM,46
DO,47
DO,52
RM,11
DM,47
PM,24
DM,47
DM,50
PM,33
DO,57
DM,51
PM,11
DM,46
DO,38
DO,26
OT,11
NL,210
DO,55
PM,11
RM,11
DO,47
DM,49
NL,128
DM,41
DO,55
PE,25
DO,50
DM,47
RM,12
DO,54
DO,37
RM,12
PE,26
PE,24
DS,124
DM,43
RM,10
DO,42
DM,49
DO,62
DM,46
DM,44
DM,42
DM,42
RM,11
DS,135
RM,13
DO,48
DO,56
DS,94
DM,45
RM,13
DM,49
PP,19
DO,36
NL,199
DM,52
RM,9
DO,66
OL,38
DS,144
DM,24
DS,137
DM,49
DS,164
DS,156
DO,46
DO,39
RM,10
DO,57
DM,50
DM,46
DM,42
PE,25
OL,32
DM,48
OL,36
DS,131
PM,25
PM,26
DM,41
NL,99
DS,142
DS,73
DS,125
DS,126
PE,16
DM,21
DM,48
PE,21
PE,22
PM,26
DM,42
PE,27
DM,53
PM,32
PP,19
DM,50
NL,260
DO,59
PM,25
OL,40
DO,52
PE,31
DM,46
RM,10
OL,29
OL,22
PM,27
DM,44
PM,24
PE,11
NL,148
DM,42
OL,42
PE,22
DO,50
DO,55
NL,234
RM,16
DO,59
PP,17
DM,49
DM,46
PE,15
DM,49
DM,46
PM,13
RM,11
OL,27
DO,57
PE,18
PE,18
PE,15
NL,211
DM,45
DO,49
DO,58
DM,45
PE,17
DM,48
DM,48
DM,30
DO,36
DO,53
DM,46
DM,42
DO,44
DO,41
RM,12
DM,50
DO,50
PE,13
DO,50
DO,56
DM,52
DS,126
DO,53
DM,56
NL,171
DO,54
DM,43
PM,24
NL,69
OL,29
PE,30
DM,46
PM,14
NL,79
DM,33
PP,21
PE,31
DS,62
DO,56
DS,157
DM,49
PP,20
DS,134
DM,54
DS,79
NL,117
DS,69
PP,18
DO,49
DM,50
DM,44
DM,46
DS,127
RM,12
DS,150
DO,50
NL,63
DS,136
DO,42
DO,58
DO,53
NL,72
PE,26
DS,137
PP,19
DM,40
DS,152
PM,21
DS,50
PP,17
PM,14
DM,47
DS,102
PE,23
NL,247
PE,18
PM,21
PE,28
DM,47
DM,49
DS,139
DM,48
NL,270
DM,45
PE,21
DM,47
DM,52
DM,44
DM,44
PE,20
OL,30
NL,192
DM,46
PM,18
PM,20
DO,51
PM,31
DO,36
NL,150
DO,52
DM,44
PM,14
RM,8
NL,115
DM,47
DO,32
NL,99
PM,14
OT,24
DO,45
RM,12
PM,17
NL,153
DM,45
PM,23
DM,44
DM,46
PE,25
DM,47
PM,25
RM,12
OL,35
DS,164
OL,29
DS,159
PE,18
PE,23
DM,44
DM,45
PM,22
DM,54
RM,13
PM,18
RM,11
OL,29
DM,45
DO,55
DS,139
DO,48
DO,59
DM,53
NL,169
DM,51
DM,47
PE,27
PM,20
DS,124
DM,47
DO,42
RM,8
DM,50
DO,45
DS,80
DM,44
PP,22
NL,75
PE,17
DM,30
DM,46
OL,33
DM,47
DM,45
DS,142
NL,220
DS,134
PE,24
DM,41
DM,45
PM,27
OL,30
DM,37
RM,9
DO,58
RM,11
RM,7
DM,48
DM,43
PE,21
RM,13
PP,19
DM,46
PP,20
DM,47
DM,24
NL,179
DM,45
DO,55
DM,47
DO,44
PM,24
PE,18
DO,50
DO,53
DO,40
PE,18
RM,8
PM,25
DM,45
PE,19
DM,48
DM,46
DM,47
PM,12
DM,51
DS,143
NL,278
DS,138
NL,177
NL,55
PM,19
DS,125
OL,27
DM,40
DM,54
RM,10
DO,43
DM,25
PM,20
PE,23
DM,33
DM,28
RM,12
PM,25
PE,20
DM,50
DM,36
DO,53
RM,6
OL,31
DO,38
PP,15
DM,44
DM,46
PE,17
DM,43
DM,41
DM,32
OT,23
PE,24
RM,12
DM,43
OT,25
RM,11
DM,51
DM,48
PE,15
DM,45
DO,55
PM,23
DM,49
DS,100
RM,8
NL,80
PM,22
NL,105
RM,8
OT,16
PP,21
DM,44
NL,72
RM,11
DO,51
DM,45
PE,24
DM,47
DO,58
PE,21
DM,39
DM,53
DO,46
DM,21
PE,20
DM,42
NL,190
DM,50
PM,11
RM,13
DO,45
PM,26
DM,48
DS,120
DM,42
PM,24
OL,32
PM,12
DO,54
PP,24
DM,52
OT,24
DM,47
OT,29
NL,171
OL,29
DS,150
DM,25
DS,143
PP,23
DM,26
PM,21
RM,6
DM,26
DO,58
DS,130
DM,46
DM,43
RM,10
DS,125
RM,12
RM,5
DS,92
RM,14
NL,100
RM,12
DS,39
DO,44
DM,54
PM,23
PM,21
NL,136
DM,45
RM,12
DO,60
DS,121
DM,50
DM,44
DO,50
DM,45
DM,43
PE,21
DM,28
DS,141
DM,47
DM,49
DM,37
OL,30
DS,45
DO,52
DM,49
DM,38
PM,25
DM,55
DO,53
NL,260
PP,17
RM,11
DO,52
RM,14
RM,10
NL,118
DM,29
DM,47
DM,48
DO,57
PM,13
PP,20
PP,13
RM,11
DM,27
PM,22
DM,35
DM,35
DM,38
RM,10
PM,18
DM,42
DM,44
PE,21
OL,28
DO,44
NL,230
RM,10
RM,8
RM,11
OT,19
DM,13
DM,35
DM,41
PM,13
DM,28
RM,9
DO,60
DM,44
DO,41
DM,52
DO,20
DM,49
DM,37
DM,45
DM,36
DM,42
DO,40
DS,130
DO,56
DM,42
DM,39
RM,8
DO,49
DM,41
PE,13
DM,44
PM,24
PE,18
DM,44
DM,30
RM,10
DO,24
OL,26
NL,68
NL,84
DM,37
PE,25
PM,24
RM,9
PP,14
RM,10
PE,20
DM,39
PE,24
OL,27
DM,45
PE,20
NL,134
DO,50
PP,19
PM,25
RM,10
NL,269
PP,20
RM,10
PE,23
RM,11
OL,26
OL,33
DM,38
PM,27
DS,130
OT,18
RM,11
DM,41
PE,22
DM,35
DS,88
DM,15
DS,151
DM,39
DS,153
DO,55
RM,9
DM,51
DM,45
DM,49
RM,14
PM,33
DM,32
DM,40
NL,79
NL,120
PE,17
DM,50
PM,25
RM,10
DS,133
RM,10
PM,25
SH,77
PE,22
DM,20
PM,22
DM,46
DM,48
DM,35
PP,19
DO,50
DO,52
DM,46
DM,32
PE,22
NL,128
PM,24
DO,53
DM,47
PP,11
DM,38
DS,116
NL,187
RM,11
DM,55
PP,11
PM,15
DS,135
NL,108
PM,25
DO,57
OL,30
PP,21
DM,43
NL,139
DM,46
DM,48
RM,10
DM,34
OL,26
DO,48
PP,18
NL,196
DM,49
PE,23
DM,38
DM,46
DM,47
DO,51
PE,24
DM,38
OT,23
PM,25
RM,11
PE,25
DM,25
OT,20
DM,30
DM,42
DO,24
RM,15
PE,29
PE,29
DM,34
DM,48
DM,44
DM,40
OT,5
RM,11
DS,136
DO,54
OL,28
PM,22
DM,44
DO,54
NL,110
PM,17
NL,96
OL,34
DM,44
PE,19
PP,15
RM,9
NL,142
DO,54
DM,40
DM,47
NL,150
DO,44
PM,8
DM,48
DM,43
PP,15
DO,52
DM,42
DM,40
PM,16
SH,78
DM,45
DS,156
NL,120
RM,12
NL,186
OT,22
OL,36
DO,50
DO,54
DM,44
OL,31
DO,49
NL,90
PM,25
PP,20
OT,26
DO,45
PE,15
RM,11
PM,30
DS,100
PP,14
DM,51
DO,54
DM,45
DM,45
DM,38
PE,19
DS,120
DM,41
PM,28
DO,53
NL,133
OT,24
DM,29
DM,46
DM,35
DO,56
DS,68
RM,12
NL,170
DM,38
PM,22
DM,45
PM,28
DM,54
PP,20
PE,33
DM,46
PE,19
PE,19
PM,29
DM,30
DM,45
RM,11
OL,25
PP,15
DM,44
DM,42
RM,15
DM,44
PE,23
DM,52
DO,39
NL,146
DS,144
DM,44
OL,39
PE,27
RM,12
DS,115
NL,162
PP,16
DM,27
PM,26
RM,13
OL,33
DO,53
DO,57
NL,100
DO,63
DM,39
NL,218
NL,182
DO,51
RM,12
OT,21
DM,48
PM,25
OL,22
DM,43
DM,40
NL,205
PM,23
DO,51
DM,41
DM,40
DM,38
DM,45
OT,27
DM,49
NL,192
DM,47
DM,43
DM,42
NL,204
DO,54
OT,26
PM,22
DM,42
PM,19
DO,49
OL,34
NL,107
DS,130
OL,42
DM,52
PP,16
OT,20
NL,106
PP,15
PE,25
DO,56
PE,23
DO,54
DM,40
DM,45
DM,41
DM,50
DM,49
OT,25
NL,139
DM,40
PM,24
PM,17
DM,47
OT,23
OL,27
DM,48
NL,160
PE,24
DM,38
PP,19
DM,40
OT,23
PP,21
DS,132
PP,21
OT,22
PP,16
NL,179
DO,58
PM,25
DM,47
PE,20
NL,140
DM,50
DO,48
DS,116
DS,149
NL,197
NL,179
OT,25
DS,132
OT,25
DM,46
PE,19
DO,54
PM,25
PE,17
NL,53
PP,16
NL,154
DM,41
DO,57
DS,129
DO,51
DM,44
DM,35
DO,55
OL,39
NL,170
PM,24
PE,20
DS,161
NL,167
DM,52
OT,16
PM,19
NL,191
DM,29
PP,16
DS,133
OT,24
PP,18
NL,146
DM,46
DM,42
PE,15
DM,53
DM,48
DM,44
PE,18
OT,24
PP,16
DM,36
DM,45
PE,19
OL,24
PM,9
SH,104
PE,21
NL,202
NL,169
PE,21
NL,135
PE,25
PE,29
OL,25
DM,35
PE,21
NL,176
DM,46
PM,10
DO,54
PE,24
OL,30
NL,136
OL,24
DM,45
DM,43
DO,51
DM,39
DM,46
RM,12
RM,9
PE,24
PE,22
DO,53
NL,190
DM,40
RM,10
OL,31
PM,10
DM,44
OT,25
DM,40
DM,48
RM,13
RM,7
DO,47
PM,25
NL,132
DM,44
DO,46
DS,128
PM,16
RM,12
RM,12
DM,40
OL,29
RM,19
PM,10
PM,26
NL,212
NL,146
RM,14
PM,33
RM,15
DO,55
DM,41
DM,42
PM,24
DO,53
NL,142
PM,28
DO,53
PE,21
PE,22
DM,38
PE,17
NL,180
NL,190
PE,22
DM,38
OT,27
OL,40
DM,44
NL,188
PP,19
PM,27
DM,43
DO,56
RM,10
PM,27
PE,20
PE,22
DO,47
PE,18
DS,128
OT,27
DM,45
DO,48
DS,160
PE,23
PM,33
PF,8
DM,41
DM,45
DS,51
DM,43
DM,37
DS,148
DS,133
SH,58
DS,128
RM,9
NL,136
OT,23
DO,51
DM,44
DM,42
PE,20
DM,44
PE,23
DM,45
NL,203
PM,29
DO,50
PM,27
DO,54
OL,37
DM,45
DO,46
PE,22
NL,194
DM,38
RM,7
OT,29
NL,176
DM,37
PM,20
DM,39
DM,47
RM,13
OT,24
DM,42
DM,53
RM,10
PF,7
OT,33
DM,38
DO,49
PE,17
RM,9
DO,50
DO,51
DM,38
OL,31
RM,11
PM,23
DO,53
PE,19
SH,52
PE,22
RM,7
RM,14
DM,46
DM,41
PE,21
PE,20
DM,41
NL,150
DM,35
NL,239
RM,9
DM,43
OT,28
RM,10
PE,21
DM,41
RM,11
DM,38
PE,25
OL,23
DM,40
RM,8
PM,25
DO,52
PE,19
DO,45
NL,135
DS,114
RM,10
OL,31
DM,43
DO,52
RM,12
DM,42
PM,19
DM,40
RM,12
DO,49
NL,185
PE,14
PE,20
OL,37
PM,18
DM,44
RM,8
PE,21
RM,7
RM,8
RM,12
RM,8
OL,23
PM,26
RM,8
RM,13
PM,23
NL,153
DM,42
DM,40
DM,42
OT,23
PM,20
NL,145
RM,12
DM,45
RM,12
DM,32
DM,38
RM,8
NL,161
DO,53
DO,41
OL,24
RM,9
RM,7
PE,22
DM,44
DM,49
OL,27
PE,17
PM,26
DO,43
OL,35
NL,214
RM,11
DO,59
PE,23
DM,43
OT,24
RM,10
DO,48
DM,44
PM,27
PM,28
DM,43
RM,11
DS,159
DM,42
PE,23
PM,24
DM,39
DM,43
DO,50
NL,186
PE,18
DM,41
DM,44
PF,8
RM,7
RM,13
DM,45
PE,18
DM,47
PE,22
PE,18
NL,169
PM,25
DS,145
PM,25
DO,57
PE,19
DM,36
DM,47
PE,20
DM,48
PE,23
DM,44
NL,168
RM,7
NL,150
PE,18
RM,10
DM,35
OL,28
DO,53
DM,45
RM,8
DS,128
DM,42
DM,43
RM,11
PF,7
DO,46
RM,9
DM,41
RM,7
OL,27
NL,190
PE,23
OL,29
PE,20
DM,45
RM,12
DM,38
DM,27
DM,35
PE,24
NL,204
DO,40
PE,27
DM,43
PE,22
DS,134
PM,27
DM,40
DM,52
DM,35
DM,38
DM,45
RM,11
DO,57
DM,39
RM,8
RM,9
DM,38
PE,24
OT,25
SH,60
DM,45
PM,28
RM,10
DO,54
RM,9
RM,11
RM,9
DO,46
DO,48
DO,48
RM,12
RM,9
DM,34
DM,45
RM,9
RM,9
RM,11
DM,43
PE,24
RM,10
DM,46
DO,53
DM,41
DM,42
DM,46
RM,11
RM,10
RM,10
DO,49
DM,40
RM,13
DM,43
DS,144
RM,9
RM,10
RM,10
DO,50
DM,38
PM,24
RM,9
RM,8
PE,18
DO,49
NL,161
NL,190
PE,24
PM,23
DM,43
DO,58
RM,8
PM,15
PE,26
OT,27
RM,8
RM,8
PM,20
DM,35
PE,22
NL,148
DO,50
PE,22
PE,21
DM,38
DO,47
DM,41
PE,25
RM,10
RM,9
DO,45
RM,10
PM,19
DO,55
DM,43
DO,53
PE,22
DM,47
DO,50
DS,155
DO,55
SH,51
NL,209
PM,20
RM,10
DM,38
NL,198
DM,50
RM,13
DM,41
DM,45
RM,9
DM,44
DM,39
DO,56
DO,43
RM,8
DM,47
DS,148
DO,44
DS,155
PE,22
RM,11
OL,34
PE,22
PM,24
PE,26
DM,50
RM,9
RM,11
RM,11
DM,43
DM,38
DM,45
DO,56
NL,162
DM,40
NL,161
DM,44
RM,8
DM,44
RM,9
PM,27
OL,33
DM,40
PE,25
DM,43
DM,35
DM,39
DO,44
DS,136
PE,24
OT,24
RM,9
PM,26
DM,36
DO,50
DM,43
PM,17
DO,43
DM,35
RM,9
RM,8
RM,11
RM,10
RM,9
DM,44
PE,23
DO,57
PM,27
DO,56
PE,20
RM,9
OT,21
RM,8
RM,11
PM,20
DM,33
DO,49
RM,11
DO,50
RM,11
RM,9
DM,48
OL,32
RM,12
OL,33
RM,9
DO,49
PM,24
RM,10
PE,23
PE,24
DO,58
DS,136
PE,21
DM,40
DO,53
DM,45
DM,48
DM,44
RM,10
NL,135
NL,186
RM,8
DM,44
DO,44
DS,140
DO,51
RF,11
DO,50
RM,9
DM,41
RM,10
PE,20
PM,25
OL,34
RM,9
PM,20
RM,8
DO,48
DM,34
PE,23
RM,11
DM,39
PM,27
OT,27
OT,26
DO,55
RM,9
SH,39
PE,24
PE,18
SH,57
DM,40
DM,42
DO,50
RM,9
OT,27
DM,45
RM,9
DM,40
DS,138
NL,145
DM,40
RM,9
NL,186
DO,48
DO,54
PE,23
OT,24
RM,8
DM,44
DM,38
PE,21
DO,53
DM,42
PE,21
PE,24
DS,160
DM,50
SH,51
RM,11
PE,25
DS,136
PE,25
PM,24
DM,48
NL,190
DO,44
NL,200
DM,42
RM,8
RM,10
PE,21
RM,10
DO,60
RM,9
DM,55
RM,8
DM,35
RM,9
PM,21
RM,10
RM,10
DO,45
DM,44
DM,40
DO,44
PE,27
DO,51
DM,45
RM,10
OL,34
DM,46
NL,190
RM,9
DM,50
PM,25
DO,57
OL,30
DM,39
DM,44
DM,42
DM,43
PM,27
RM,8
NL,227
RM,9
DM,34
DO,54
DM,48
PE,22
DM,33
RM,11
DM,42
DM,48
PM,27
DO,61
DO,52
DM,47
RM,10
DO,33
DO,48
RM,10
DO,49
DO,52
RM,9
PE,23
RM,10
RM,9
DM,45
DO,32
SH,60
DM,37
RM,8
RM,10
DM,50
PE,23
RM,10
DM,56
RM,13
DO,50
NL,232
DM,44
RM,9
DM,48
OL,35
DM,48
RM,9
DO,50
RM,11
DS,145
OL,39
DO,59
DM,44
PE,24
RM,9
DM,45
NL,144
PM,23
NL,176
PE,26
DM,48
DO,53
DM,44
DM,45
DM,43
DM,37
RM,10
RM,8
DM,46
OT,30
PE,30
RM,10
DM,45
RF,12
DM,43
OL,35
DO,50
RM,9
PM,26
SH,70
PM,25
DM,50
RM,9
PP,20
DS,135
DM,39
PM,16
PP,18
DM,46
DO,45
PE,26
DM,43
DM,42
RM,12
DM,42
PM,11
DS,142
DM,39
NL,226
DM,50
OT,29
PE,25
OT,26
DM,45
RM,10
DS,153
RM,9
RM,10
RM,12
PE,27
RM,10
DM,42
PE,29
DM,41
DM,50
RM,10
PM,14
PE,23
PE,25
DO,50
DM,48
DM,42
RM,9
NL,192
RM,9
RM,8
DO,57
RM,10
PM,21
PM,14
OL,37
RM,9
DM,48
PM,13
DM,51
PM,12
NL,176
DM,44
DM,38
PE,25
DM,44
DM,47
DM,47
DM,45
PM,23
DO,48
DM,45
RM,10
PF,8
RM,11
PM,26
DM,45
RM,8
OT,27
PE,26
PE,28
PM,26
PE,26
NL,166
DM,48
PE,22
RM,10
DM,24
RM,10
PE,31
DS,118
DS,138
RM,10
RM,12
RF,13
PE,22
NL,178
DM,39
RM,10
OT,28
RM,17
DO,54
PE,27
SH,72
RM,11
OT,28
PM,27
PE,24
DS,150
RM,12
DS,95
RM,14
OT,9
NL,60
PM,25
DM,44
OT,30
PE,27
DM,50
RM,10
DM,46
DM,44
DO,54
DM,47
DM,27
DO,58
NL,175
DM,44
DO,54
OT,15
OT,28
NL,235
DM,43
SH,103
DO,38
DM,53
DS,128
PE,30
DO,53
PP,21
PE,23
DS,25
DM,42
OT,27
DM,46
OL,37
NL,167
SH,68
DM,41
DM,44
DO,41
DM,43
OL,12
OL,39
PE,26
PE,29
PP,21
DM,45
DO,52
PF,8
DM,44
DM,49
OL,12
DO,48
PE,27
OL,38
DO,53
NL,131
DM,43
DM,40
RM,11
PE,21
RM,11
DM,45
PP,22
PE,30
PM,23
PE,14
NL,165
DO,53
DM,45
SH,75
DM,44
DO,55
DO,43
DO,45
DM,47
DM,46
DS,116
OT,29
DO,52
DS,118
DM,45
PP,15
PE,14
DS,82
DM,43
OT,27
SH,96
DM,32
PE,27
NL,177
DO,59
PE,22
DM,42
PP,20
SH,108
PP,22
DM,48
DM,50
NL,105
DM,32
NL,112
DM,43
DM,26
PE,12
DO,52
DM,39
NL,190
DO,35
DO,50
DM,47
DS,155
DM,45
RM,14
DS,135
DM,44
PP,24
DO,51
DM,25
DO,54
PE,25
DM,44
DM,50
PM,21
PE,14
OT,30
PE,29
RM,11
NL,178
DM,55
PP,19
DS,105
DM,42
DM,45
OT,25
DM,47
DM,50
DO,56
PE,17
PE,21
NL,133
DM,48
PE,13
DO,44
NL,174
OT,23
PE,27
DO,24
NL,220
OT,15
NL,126
RM,12
NL,32
RM,9
DM,47
PE,22
DS,88
DO,46
DO,49
PE,21
PE,19
DM,46
DM,45
PM,26
DS,97
RM,11
NL,191
RM,9
PE,30
RM,10
DO,59
PE,19
PE,20
DS,115
DM,45
OT,28
DM,48
DM,42
PP,20
PE,36
PE,14
DO,54
SH,98
PP,22
OT,20
DM,52
OT,20
PE,26
DM,43
NL,172
PE,25
OL,37
DM,49
DS,141
PP,23
OL,35
DM,41
PP,22
DS,135
NL,100
OL,32
RM,10
PP,22
RF,15
DM,45
RM,11
DM,34
DM,43
DO,40
DM,49
RM,10
PE,16
SH,99
DM,51
PP,19
DM,45
PE,14
NL,195
DM,50
RM,15
PP,24
OT,24
PE,18
DM,54
PE,30
NL,100
DM,30
DO,51
DM,48
DM,46
DM,56
NL,148
PE,22
DM,49
DS,110
DM,38
DM,41
NL,148
DM,52
PE,16
DM,46
PP,13
DM,28
DM,45
PE,24
RM,11
NL,176
OT,28
DM,32
NL,230
NL,133
DO,49
RM,11
DO,49
NL,145
DO,60
PE,33
PP,21
PM,18
OL,34
DM,45
DM,44
NL,173
SH,80
PE,16
PE,33
NL,223
PE,20
PP,21
DS,103
PM,25
OT,22
DM,42
OT,24
PE,17
PE,20
DO,52
PE,21
DM,46
PP,23
SH,62
RM,8
DO,59
DM,45
PP,18
DM,42
NL,143
PE,16
DM,37
PE,21
NL,180
DO,61
DM,50
DM,37
DM,48
DS,145
DM,52
DO,55
DM,41
DM,43
DO,50
DM,20
DM,44
PP,22
PP,21
NL,137
OL,37
DM,45
NL,126
OT,22
DM,43
DM,42
OL,30
DM,45
PE,24
NL,90
DS,160
DS,97
DM,45
PP,18
OT,29
DM,46
DM,47
OT,38
PM,21
DM,39
DO,56
DO,52
DO,58
OT,18
RM,13
NL,188
PE,21
PE,23
DO,54
NL,206
PP,11
DO,51
PE,33
PE,21
OT,22
DO,58
OL,35
DO,58
RM,15
NL,118
OT,26
DO,56
PE,28
PM,20
DM,40
NL,207
DS,96
NL,109
PP,22
PE,21
DM,48
PP,10
PP,17
PP,18
NL,158
RM,11
DM,42
RM,9
PE,19
OT,22
OT,17
RM,14
PE,20
PM,21
DM,41
PP,11
SH,65
DO,53
PE,24
PP,18
PP,17
DM,24
NL,150
NL,188
DM,40
DM,27
NL,176
DM,50
DM,46
SH,110
DO,62
NL,132
DM,47
NL,188
PP,12
PE,11
DM,40
DS,157
DS,140
DM,44
PP,23
RM,11
DM,45
PE,27
DM,43
PE,27
PE,20
PP,12
PE,29
PE,18
PP,9
DM,51
OL,45
PE,20
DM,42
DM,45
DM,49
DS,114
DM,41
DM,49
DO,52
DM,49
PP,17
PP,21
DO,55
PE,17
PP,14
DM,41
DM,48
DM,39
RM,13
DM,31
SH,92
PP,11
DM,31
OT,20
PP,28
DM,39
NL,174
OT,32
OT,21
NL,190
DM,44
PE,26
PE,20
OT,26
RF,18
DM,45
PP,17
PE,18
DS,103
DM,45
NL,215
DM,51
PP,15
DO,54
NL,112
PM,21
DM,47
PE,17
NL,148
NL,155
SH,79
DO,58
OT,19
DM,45
PP,16
DM,35
OT,19
DM,39
PE,14
NL,161
PE,24
DM,48
PP,16
DO,65
DM,53
OT,21
OT,29
DM,42
DO,55
DM,46
DS,160
PP,22
PE,25
DM,47
PE,21
PP,15
OT,28
OT,27
OL,36
OL,28
DM,48
NL,94
DM,38
DM,43
RM,15
OT,20
DM,47
NL,184
PE,21
DM,60
DM,44
DM,47
PE,26
DM,53
PE,28
OT,22
PE,28
OT,23
PE,14
NL,162
PE,21
DO,54
PE,15
PE,31
SH,81
DM,39
DO,49
SH,62
OT,20
OT,21
DM,42
DS,127
DM,51
NL,168
NL,110
DO,59
OT,25
DM,49
PE,21
PE,36
DO,55
OT,27
PE,20
PP,16
PE,18
PM,17
PE,14
DM,49
PM,23
OT,28
OT,25
DM,37
OT,26
NL,128
PP,15
NL,170
DM,45
DM,53
PE,22
DM,43
DM,39
DO,62
DM,47
RM,12
DM,50
DM,48
DM,39
DS,169
NL,161
DM,33
DM,60
DM,40
DM,47
PE,19
OT,24
DM,54
DM,45
DM,35
PE,23
OT,22
DM,47
DS,125
OT,22
DM,54
PM,19
DM,50
DM,25
OT,17
OL,28
PE,19
DM,39
DM,44
DM,27
PE,23
OT,19
DM,50
NL,143
OL,35
PE,12
PE,24
OT,23
RM,10
OT,20
SH,43
NL,182
NL,110
PM,21
SH,71
PE,25
DO,52
OL,24
OT,22
PE,27
PE,18
PE,22
RM,10
RM,12
PE,22
DM,46
SH,65
RM,16
RM,10
PE,16
OT,26
RM,10
RM,13
DS,140
OT,26
DM,40
NL,131
PM,25
RM,12
DM,43
DM,47
PE,26
PE,27
RM,11
PE,21
OL,25
DO,60
PE,31
OT,24
SH,60
PE,20
OT,30
DO,45
PE,17
RM,9
DS,106
OL,30
SH,70
NL,172
NL,128
SH,67
DM,27
OT,21
DM,60
PE,24
RM,10
DM,50
OT,25
DM,51
DM,44
OL,35
OT,23
DM,49
DM,47
OL,40
RM,10
RM,12
DM,49
PE,21
PE,22
DM,27
OL,31
RM,12
DM,39
OL,21
RM,9
OL,36
DM,36
RM,11
DM,45
RM,10
DO,48
DM,44
PH,33
DS,166
RM,15
DM,44
PE,21
PE,22
NL,180
DM,37
PM,20
PE,19
OL,19
PE,21
DM,38
OT,24
PE,26
PE,24
DM,52
RF,16
RM,9
DM,35
PE,21
DO,54
OL,17
DM,45
DO,44
OL,17
NL,174
OL,18
DM,46
DM,41
DM,44
PE,19
PE,26
OL,20
DS,126
OL,20
DM,39
PE,20
NL,156
OT,22
OT,24
DM,43
PM,18
RF,13
DM,48
DM,43
OT,23
NL,177
RM,11
PE,21
PE,22
DO,52
RM,8
RM,10
RM,10
OL,32
DO,52
RM,11
DM,50
NL,141
PE,20
OL,29
RM,15
DO,57
DO,48
RM,9
OL,32
RM,11
DS,134
OT,27
DM,45
PE,29
RM,11
RF,14
RM,13
RM,11
PE,22
RM,10
RM,11
DO,54
RM,14
DM,41
RF,13
RM,10
DM,49
RM,15
DO,54
DS,113
RM,11
DM,48
DM,46
RM,11
DM,42
RM,12
DM,41
PE,26
RM,10
DM,43
RM,9
PE,21
DO,53
RM,11
DM,28
PE,19
OT,21
PE,22
RM,10
SH,85
DM,37
DM,37
RM,11
RM,12
NL,196
RM,14
DM,51
RF,14
DS,163
RM,7
OL,32
DM,38
DM,41
DM,48
OT,22
RM,10
DO,56
RM,12
RF,13
DM,46
SH,58
OT,24
RM,11
DM,44
PE,28
OT,24
DM,23
PM,24
PE,21
DS,145
DM,46
DM,47
DM,48
RM,11
DM,41
PE,24
RM,10
DM,45
DO,52
OL,24
DM,42
PE,24
RM,11
RM,11
PE,23
RM,10
DM,39
RM,8
OL,31
RM,11
DM,49
RM,11
DM,46
DO,61
PE,21
OL,26
RM,8
RM,13
RM,11
DM,41
NL,248
PE,23
DM,45
PE,23
OT,25
RM,11
DM,41
DM,42
OT,24
PM,19
DM,41
RM,10
RM,10
SH,61
RF,16
OT,27
RM,10
RM,12
RM,12
RM,11
DM,42
OT,29
OL,29
RM,13
PE,22
RM,11
RF,10
PE,21
PE,21
DM,41
RM,11
DM,46
PE,26
OL,34
RM,11
OT,23
DM,48
DM,41
PE,19
DM,48
RM,8
RM,14
NL,155
DO,57
PM,28
RM,13
RM,10
DO,57
OT,26
DM,46
RM,12
RM,12
NL,177
DO,47
RF,18
SH,66
SH,64
DO,54
OT,24
DO,59
OT,24
DO,50
OT,21
RF,13
RM,9
RM,14
DM,45
PE,23
PM,26
PE,22
RM,11
RM,11
SH,90
OL,26
SH,73
RF,12
OL,42
DM,52
NL,187
PE,25
PE,23
RM,11
RM,10
RM,10
SH,66
RM,12
RM,10
RM,12
RM,10
DM,36
DO,59
DS,159
OL,29
RM,11
PE,25
RM,9
DM,40
DM,43
RM,9
NL,198
OT,26
OL,30
DM,36
RM,11
RM,11
DM,42
DS,141
DM,43
RM,15
PE,22
OT,24
RM,8
RM,10
DM,51
DM,49
PE,22
DM,47
RM,12
DM,43
PE,21
RM,11
RM,12
DM,44
RM,10
OL,37
OT,25
DM,43
DM,55
DM,49
OT,22
PE,28
DO,57
DM,49
OL,31
RM,13
RM,14
DM,36
OL,34
RM,11
RM,13
RM,10
PE,19
NL,275
OT,30
PE,21
DM,50
RM,11
DM,50
PM,24
OT,23
RF,16
DM,39
OL,30
DM,47
RM,10
RM,9
DM,43
DM,43
RM,13
DM,50
DM,48
RM,11
DO,57
PE,22
DM,43
PE,19
RM,9
DO,53
PE,17
PM,19
RF,16
OL,41
PE,24
RM,13
PE,22
OL,27
RM,10
PM,10
SH,64
NL,155
RF,13
RM,12
RM,10
NL,104
RM,10
PE,20
RM,12
DO,53
PM,10
RF,10
RM,9
RM,10
DM,43
DM,44
OL,34
PE,21
DO,50
RM,9
DO,57
PE,17
PE,25
RM,10
DM,50
PM,26
DS,120
PE,24
RM,11
DO,57
DM,36
RF,13
RM,11
RM,9
OT,25
OL,35
DO,52
DM,47
RM,10
OT,22
PE,18
RM,11
PE,20
DO,51
DS,134
DO,49
DO,54
DM,45
DM,48
OT,21
PM,26
RM,9
RM,11
RM,8
RM,10
PE,19
RF,13
RM,9
OT,22
RM,12
DM,44
SH,61
DO,50
SH,80
DM,50
RM,11
RM,10
DM,50
RM,10
OT,23
RM,10
DM,54
DO,46
PE,21
RF,11
DM,47
RM,10
PE,20
RF,13
RM,9
RM,10
RM,11
PE,24
NL,197
PE,23
RM,11
NL,240
DS,160
RM,11
RM,12
RM,11
RM,9
RM,10
DM,43
DM,48
RM,11
PE,20
DM,43
RM,9
PE,23
DM,48
DM,47
DM,44
RF,12
RM,11
OL,25
RM,10
RM,13
OT,25
PE,29
PE,26
DM,40
RM,10
RM,9
DM,42
PE,24
OL,31
RM,11
PE,22
RM,10
DM,47
RM,12
DM,46
SH,78
RM,9
DM,47
OL,29
RM,11
OT,26
DM,48
DM,44
DO,56
RM,10
PE,21
DO,54
DM,42
OT,24
DM,49
OL,27
PE,18
OL,33
RM,11
PE,22
RM,9
DM,44
RM,5
DM,47
DM,39
DM,48
OL,33
PE,24
OL,41
OT,23
RM,11
RM,10
RM,11
OL,36
DM,41
OL,30
OL,39
RM,10
PM,20
RM,9
DM,37
DM,45
DM,44
DM,47
RM,10
NL,187
PE,27
OT,27
RM,13
OT,24
NL,123
RM,11
NL,249
PE,27
RM,11
RM,11
RM,11
PE,22
OL,31
RM,10
RM,12
RM,11
PM,21
RM,12
RM,10
DO,51
DS,101
RM,13
PE,23
RM,6
OL,40
PE,24
PM,19
PE,22
PE,22
SH,81
DS,135
RM,10
DM,46
RM,12
RM,11
PE,23
RM,11
PE,23
RM,13
PE,24
PE,26
RM,10
RF,16
RM,11
PE,28
DM,49
DM,48
RM,12
SH,90
PE,24
RM,11
RF,14
OL,34
DO,70
RM,14
OT,25
RM,9
RM,13
RM,11
PE,24
RM,13
RM,11
OT,28
PM,13
RM,11
RM,9
SH,84
RM,10
PE,25
RM,10
OT,26
DM,48
OL,31
DO,58
RM,11
RM,11
RM,11
RM,12
SH,89
RM,14
NL,183
OL,30
DO,55
PP,24
PE,27
OT,25
RM,10
DO,60
DM,47
PE,25
SH,75
PE,21
RM,10
PE,22
RF,16
OL,42
PE,23
NL,242
PE,24
RM,12
RM,11
RM,12
DM,48
SH,105
DO,54
DM,49
SH,90
DM,46
DM,49
OL,34
RM,11
RF,14
DS,133
DM,45
RM,10
RM,13
RM,13
OT,28
NL,192
DM,49
RF,12
DM,45
RM,12
PE,28
RM,10
DM,55
DS,93
PE,24
PE,25
DM,45
RM,12
DM,39
DM,41
DM,47
RM,10
DM,47
RM,11
RM,11
RM,12
RM,11
DM,50
PM,19
DM,51
DM,50
RM,10
RM,11
SH,88
PM,22
RM,12
DM,55
DM,49
SH,101
OL,29
PP,18
PE,26
DO,56
PE,25
NL,196
NL,137
SH,82
DM,49
OL,35
RM,9
DS,107
RM,13
PE,21
PE,22
RF,12
SH,93
DM,43
DM,29
RM,13
DM,40
RM,11
PE,30
DO,53
RM,10
PP,22
DM,48
PP,24
DM,46
DS,146
RM,9
DM,46
DO,54
RM,10
RM,11
RM,10
DM,45
OT,27
DM,47
RM,9
OL,38
RM,10
DM,44
OL,31
DM,48
RM,13
RM,11
OL,33
DM,40
RM,14
RF,16
RM,10
DM,40
PP,25
OL,36
PP,22
RF,12
PP,15
DO,48
RM,12
OL,36
RM,11
PP,16
DO,54
RF,12
RM,10
RM,12
PE,21
SH,86
NL,180
DM,46
DM,49
PE,25
RM,10
RM,8
PE,23
RM,10
RF,13
NL,103
PE,15
SH,102
RM,9
RM,10
RM,10
RF,11
OT,33
RM,6
RM,12
PE,24
RM,13
RM,9
RM,8
NL,106
RM,9
RM,12
RM,11
RM,11
DS,137
DO,49
SH,98
RF,11
NL,190
DM,51
RM,13
PE,27
RM,12
RM,9
RM,9
OT,27
RM,10
RM,10
RM,13
RM,9
DM,48
PM,22
PE,20
RM,12
DM,48
PP,20
DS,115
PE,23
PE,21
DM,53
RM,10
RM,10
OT,13
DM,35
RM,7
NL,177
PE,17
RM,10
RM,12
NL,100
PE,25
DO,43
OT,31
NL,188
PE,22
SH,120
NL,138
PE,22
DM,42
RF,13
DO,48
DM,45
OT,30
DS,134
PE,15
RM,9
DM,47
OT,28
DS,108
PE,22
RM,9
DO,39
DM,48
SH,73
RM,12
RM,10
OL,38
RF,13
OL,30
PM,18
DO,42
DM,34
RM,8
PE,27
DM,48
NL,78
PM,20
PE,24
DO,56
DM,47
PE,21
RM,10
SH,89
RM,8
DO,56
PE,20
RM,10
RM,11
NL,88
OT,34
RM,10
SH,26
DO,47
DM,39
PM,22
DO,56
PM,20
NL,85
OL,39
PP,22
SH,43
PP,19
RM,8
PP,19
DM,41
SH,123
DM,50
PE,21
RM,10
DM,24
RM,10
DS,108
DM,43
DM,55
DM,39
NL,203
DM,26
PE,32
RM,10
RM,11
PE,15
RM,9
PE,25
OL,36
RM,6
DM,29
OT,29
RM,10
DM,45
DM,44
PE,26
DM,47
DM,43
RF,10
RM,11
RM,10
DM,35
PE,16
DM,34
DM,48
DM,40
DM,48
SH,42
RF,11
RM,13
DM,41
RM,8
DM,52
RM,8
OT,26
SH,45
RM,9
NL,148
PE,16
DO,49
PE,21
RM,9
PM,18
PE,21
PM,20
RM,10
NL,57
NL,126
RM,8
DM,54
RM,9
RM,8
SH,114
RM,11
DO,43
RM,19
NL,121
PE,18
DM,46
RF,12
NL,178
RM,10
PM,18
DS,130
RM,10
RF,10
DO,58
RM,7
DO,41
DM,26
RM,10
RM,10
PE,22
SH,32
PM,23
PE,23
RM,10
DM,47
RM,8
RM,10
OT,28
PE,18
PE,21
OT,24
PE,21
NL,141
SH,95
DS,113
RM,8
RM,10
DM,46
RM,9
SH,67
RM,8
DM,34
DM,51
SH,111
RF,11
PE,18
SH,60
DO,44
DM,25
DS,113
RM,11
DM,41
PE,20
OL,32
PE,14
RM,10
RM,10
RM,8
DM,37
DO,54
PE,18
RM,12
DM,49
RM,10
RM,12
DM,45
DM,44
NL,104
DM,46
DM,36
OL,19
DM,47
RM,12
PP,22
RM,9
PE,14
DM,38
PE,18
DM,42
DM,40
PE,23
DM,37
OL,31
DM,52
DM,44
RM,5
PE,21
PE,21
DM,45
RM,11
RM,10
PE,20
RF,15
DO,47
SH,120
NL,207
RM,10
PM,15
RM,11
SH,61
RM,10
NL,84
NL,145
RF,11
DM,42
OX,20
RM,10
SH,80
RM,10
NL,131
RF,9
DM,48
RM,11
RM,9
PE,24
DM,44
RM,10
PM,23
NL,73
DO,47
DS,119
OL,36
OT,22
RM,9
NL,160
RF,14
PE,19
RM,10
DM,46
PE,21
SH,51
RM,10
DM,43
DM,30
DM,46
SH,105
DO,52
PE,16
DM,44
RM,9
OT,23
RM,9
RM,8
OT,25
DM,23
PE,22
DO,43
DS,102
DM,46
DM,45
DM,41
DM,46
PE,21
PP,16
SH,82
RM,13
DM,52
DM,50
DM,42
RM,10
DM,32
RM,10
SH,26
DM,46
OL,18
DO,58
RM,10
NL,116
RF,13
DM,48
RM,9
RM,11
OT,14
DM,51
PP,17
DM,47
RM,8
OT,22
OT,19
OT,18
PP,19
PE,22
DM,40
PP,10
SH,30
NL,88
DM,26
RM,16
DO,50
NL,132
DS,102
RM,11
DM,46
DM,45
RM,13
DM,49
DM,51
DO,47
NL,77
PE,21
DO,52
PP,18
PE,23
PE,14
PM,25
SH,31
PP,19
RM,11
OT,29
DO,38
PE,18
DO,42
DM,44
RM,11
PP,17
DM,51
DM,23
OT,27
RM,14
DO,42
DO,48
OL,31
DM,28
DM,51
DM,52
RM,11
DM,44
DM,41
RF,16
DM,46
DO,58
DM,40
RM,12
PP,18
DM,47
DM,43
PE,21
RM,11
PP,17
DM,47
DM,47
DM,47
PE,26
NL,151
DM,49
PP,17
DM,56
DM,48
OT,31
RM,8
DM,50
NL,97
DM,45
DM,52
RM,15
OT,22
DO,43
DM,44
DM,36
DM,42
PP,17
OL,29
OT,22
DO,66
PP,15
PF,7
DO,51
OT,24
PF,7
SH,127
PP,17
OT,27
DO,23
OT,22
DO,54
DM,58
OT,22
PE,23
DM,36
OT,30
OT,29
OT,28
DO,52
DS,121
DM,48
DM,49
OT,27
PE,28
NL,118
PP,18
DO,54
OT,25
PE,23
SH,100
DO,37
DO,49
PE,27
DM,40
DO,50
DM,46
OT,22
NL,208
DM,49
PP,16
DM,50
DM,55
PP,15
DO,45
DM,42
DM,53
SH,96
DO,56
SH,16
DM,46
OT,22
DM,42
DM,43
PP,13
DO,45
DM,47
PP,16
DM,42
OL,27
DM,44
DM,40
DM,48
NL,167
DM,50
DM,25
OT,23
DO,49
DO,46
DM,47
PE,21
OT,20
DM,47
OT,23
OT,21
OT,25
DM,55
DM,43
PE,15
DM,52
OL,36
PE,23
DO,58
DM,25
PP,15
SH,140
OT,28
DS,115
SH,38
DM,39
DM,47
RF,16
OT,22
DM,36
DO,43
RM,12
PP,18
NL,92
RM,11
RM,9
DM,42
DM,43
SH,47
DM,45
DM,48
RF,18
DM,50
OT,28
PE,20
DO,60
PP,18
DO,50
PE,27
RM,9
DM,40
NL,185
PP,15
PP,14
DM,53
OT,22
OT,22
RM,8
DO,48
PE,24
PP,14
DM,39
DM,46
PE,23
OT,23
PE,23
PF,7
PF,7
DM,48
RM,10
PF,9
DO,52
DO,56
OT,14
PE,20
PE,21
DM,35
RM,13
DM,48
DM,43
DO,56
DS,126
NL,149
DM,49
RM,7
DM,47
DO,53
OT,26
DM,45
PE,23
PE,23
RM,15
PP,15
RM,10
RM,12
RM,9
DM,50
RM,10
OT,35
BA,7
BA,6
PE,25
PF,7
OT,28
RM,10
PE,22
NL,190
RF,17
RM,8
RM,7
PE,24
DO,52
OT,32
RM,11
PE,22
RM,12
DO,45
NL,128
RM,10
OT,27
RM,7
DO,55
PE,19
NL,156
RF,12
OT,27
PH,29
RM,7
DM,38
RM,8
PF,7
DS,115
RM,8
DO,56
RM,11
RM,11
OT,27
PF,7
NL,157
OT,26
DO,53
RM,13
PE,17
DM,46
PP,15
DO,49
DO,55
RF,15
PE,23
RM,13
DO,52
PE,23
PE,24
OT,24
SF,50
DM,50
DO,51
RM,10
DM,41
DO,46
PF,8
DO,48
DM,46
RM,13
SF,46
OT,18
DM,55
OT,24
DM,39
RM,11
OL,20
PE,26
OL,33
OT,17
DM,48
OL,20
PP,14
DM,46
RM,9
RM,8
DM,47
OL,19
DM,35
OT,30
RM,8
PE,23
DM,53
DM,45
OT,23
DM,43
DM,43
SH,42
OT,25
RF,17
DS,115
OT,22
PF,7
RM,9
PP,16
OT,23
PE,25
DM,46
RM,11
DO,59
DM,45
DM,50
DM,44
RM,10
DM,30
OT,24
RM,10
PP,17
OL,33
DO,48
DO,50
DM,44
DO,53
PE,18
DM,44
RM,10
PP,15
DM,48
RM,10
RM,11
RM,8
PP,17
RM,10
RM,8
DM,47
DO,47
OL,31
PE,20
OT,19
SF,49
SF,82
PF,7
OT,24
RM,8
RF,15
DO,40
RM,6
RM,10
NL,190
RM,10
DM,49
PE,21
PE,21
DO,55
PE,27
OT,28
RM,14
DO,47
RM,10
RM,10
RM,10
RM,11
RM,12
DS,110
RM,12
PF,7
PF,7
DO,50
DO,56
RM,12
DM,43
DM,52
RM,10
RM,10
RM,9
DO,53
RM,9
RM,13
DO,56
PH,32
RM,10
RM,12
RM,13
RM,14
RM,6
RM,9
NL,158
PE,19
RM,11
RF,14
RM,10
PE,21
PE,18
OT,24
RM,9
DO,49
RM,6
RM,9
RF,14
PE,14
RM,7
RM,12
DM,40
DO,51
PE,15
PE,20
DM,39
RM,8
SF,47
RM,9
DM,43
RM,8
RM,13
DM,47
DO,51
PE,24
DO,49
RM,11
DM,43
RM,10
DO,52
DM,46
RM,13
DM,51
NL,161
DM,44
DM,25
RM,10
DM,43
DM,47
DM,27
RM,10
RM,6
DM,47
DO,62
PE,25
DM,35
OT,22
DM,34
DM,46
PE,14
RM,10
BA,8
RM,10
DM,45
DM,46
RM,8
DM,45
DM,50
DM,37
RM,12
DO,45
OT,21
DM,50
DS,123
RM,12
DM,47
RM,7
DO,47
RF,13
DO,51
RM,15
RM,9
DM,31
DM,50
DM,42
DM,35
OL,28
PF,7
RM,9
RM,10
RM,9
SF,35
SH,73
SF,44
DO,55
SF,55
OT,23
DO,53
OT,24
OT,20
SF,75
RM,11
SF,46
RM,11
DO,47
RM,10
RM,9
OL,34
RM,13
RM,11
DO,57
RM,10
RM,12
RM,11
RM,7
PE,20
DM,52
RM,8
PF,6
NL,165
RM,9
RM,10
RM,11
DO,56
RM,11
DO,55
PF,7
PE,24
OT,28
DO,49
SH,61
DM,44
RF,13
DO,41
DO,52
DO,50
DM,49
DO,49
PE,19
RF,14
DM,48
DO,52
OT,22
DM,38
DM,34
RM,11
DM,49
DM,42
DM,50
DM,34
DO,42
RM,10
BA,9
DM,50
DO,38
DM,46
PE,22
DM,43
DM,47
PP,14
DO,61
OT,23
DM,39
DM,40
RM,11
DO,43
DO,45
DM,36
DM,40
DM,57
DM,50
DM,45
DM,35
RM,9
DM,44
DM,40
RM,11
DS,126
DM,45
RM,11
PF,7
RM,9
DM,37
PE,23
PE,21
SF,48
PE,24
DM,45
NL,197
RM,9
PE,23
SF,50
PF,7
RM,9
PF,9
RF,11
DM,52
RM,10
RM,10
RM,10
DM,43
RM,10
RM,9
RF,12
OT,22
SF,46
PE,19
PF,7
PH,33
RM,10
RM,9
OT,21
RM,8
DO,52
DO,55
RM,9
OL,24
RM,13
DM,46
RM,9
OL,35
PE,19
RM,11
PE,26
DO,50
RM,10
DO,30
PF,7
DO,51
DM,39
DM,46
DO,49
DM,48
RM,8
RM,9
DO,58
RM,10
DO,50
OT,22
DM,52
DM,48
RM,12
PE,23
DO,29
RM,10
DM,42
OT,21
DM,41
DM,38
DO,60
DM,48
DO,44
DM,35
RM,9
DO,54
DM,49
DM,47
DM,40
PE,20
DM,45
DM,38
RM,12
DO,41
RM,10
DM,50
DM,51
RM,9
DM,30
RM,10
RM,8
DM,40
DM,41
DM,41
DM,38
RM,9
RF,14
DM,47
DS,132
DM,46
DM,49
RM,10
RM,10
RF,13
DM,40
DM,36
DM,38
PF,7
RM,10
PE,21
RM,10
RM,9
DM,44
RM,10
PE,22
PF,7
DO,27
SF,81
DO,59
RM,11
PF,7
SF,48
RM,12
NL,194
RM,8
OT,24
RM,8
NL,152
PE,23
RM,12
PF,8
DO,39
RM,10
RM,10
DM,50
RM,13
NL,48
PE,26
OT,23
RM,9
DO,55
DO,43
OL,33
SF,36
PH,33
PE,17
OL,36
RM,15
DO,54
RM,10
DO,29
DM,53
NL,169
RM,8
RM,8
PE,28
PE,21
RM,9
SH,80
DM,43
SH,67
OT,23
BA,7
DO,49
OT,21
DO,36
PF,7
RM,10
RM,9
DO,48
OT,23
DM,40
OT,23
PE,21
DM,49
DM,41
BA,7
RF,14
DO,50
DM,50
RM,10
RM,14
RM,9
DM,38
PE,18
DM,54
DM,48
DM,47
DM,42
DO,62
DM,50
DM,47
DM,46
DO,55
DM,40
RM,12
DO,46
DO,42
DM,37
RM,6
DO,42
DO,52
DM,37
DM,39
DM,44
RM,8
DM,47
RM,10
DM,41
DM,43
DM,30
DM,40
NL,218
DS,132
RM,12
DM,46
DM,49
RM,11
DM,38
DM,49
RM,13
DM,54
DM,41
DM,29
RM,11
DM,46
OT,23
PE,23
PF,7
DM,21
PE,23
RM,8
RM,9
DM,39
RF,12
RM,11
RM,10
DM,39
RM,11
SF,52
PF,7
PE,19
SF,58
RM,11
PE,22
PE,21
DM,48
RM,12
RM,11
RM,9
DO,47
DO,44
DO,46
RM,9
PH,34
DO,35
NL,110
OT,24
DO,55
PE,24
PE,23
RM,9
NL,170
RM,8
OT,23
DO,56
RM,12
PF,7
RM,9
DS,134
PE,20
OT,23
RM,10
RM,12
RM,14
RM,10
PE,26
PE,25
PE,26
DM,46
OL,37
SH,82
DM,41
RM,10
DM,45
RF,14
DM,45
RM,10
RM,10
DM,43
DM,43
PE,19
PF,7
RF,15
DO,52
DM,46
DM,25
DM,25
NL,243
PF,7
DM,43
DM,50
RM,11
OT,24
DO,48
DO,45
RM,11
DM,43
SH,69
DM,44
PE,21
RM,8
DM,43
RM,9
OT,23
DO,54
RM,14
DM,47
DO,50
RM,10
RM,11
DM,48
RM,10
DO,43
RM,10
DO,58
PF,7
DM,48
DM,52
PE,17
DM,24
DM,41
DO,46
DS,126
DM,52
DO,50
DM,44
DM,56
SH,77
DM,43
DM,48
DO,53
DM,44
DM,51
DM,48
DM,46
DM,44
DM,41
DM,39
RM,10
RM,10
PE,24
BA,7
OT,26
PF,7
RM,8
RF,11
DM,38
DM,49
RM,12
NL,122
RM,9
RM,9
DO,45
DO,48
DM,46
RM,10
DM,43
RM,11
DO,43
PE,20
RM,9
OL,31
PE,24
PE,24
PF,7
PH,34
RM,8
RM,9
DM,45
PE,27
RM,8
OT,27
PP,18
OT,25
PE,21
RF,12
PE,11
DO,48
RM,9
OL,30
DM,48
DO,45
PE,11
DO,58
RM,8
RM,8
DO,44
NL,158
DO,54
OT,27
DM,43
DO,54
SH,85
DM,40
OT,26
PP,18
PP,17
OL,10
SF,47
SF,54
PP,18
DM,39
DM,39
DM,40
DM,53
DM,43
RM,13
DM,23
DM,41
DM,18
DM,24
PF,7
DM,47
DM,34
DM,50
DO,45
DM,44
DM,48
DM,50
DM,44
DO,56
DM,49
RM,8
RM,12
PF,7
DS,125
RM,9
DM,49
RM,8
DM,26
DM,50
RM,10
DM,40
DM,43
DO,28
DM,47
DM,49
DO,54
DO,52
RM,10
DM,50
DM,46
DM,53
DM,28
RM,10
BA,7
DM,40
RM,9
DM,43
DM,48
PF,6
PE,22
SF,68
DM,48
OT,24
RM,9
DO,51
PE,21
RM,12
RM,14
NL,143
PE,21
PH,34
DO,48
DM,50
PF,7
PE,20
RM,11
DO,48
SF,51
DO,51
DM,32
DM,45
DO,49
DO,47
OT,27
DM,42
DM,50
RM,10
DM,42
DM,30
DM,47
DO,58
DM,50
DM,30
DM,49
NL,86
DM,45
RM,8
DO,49
RM,10
DM,48
DO,35
DM,45
DO,41
DM,35
DM,49
OT,25
DM,43
NL,104
DM,48
DO,54
DM,23
SH,98
DM,43
PP,19
DM,45
RM,8
DM,41
DM,41
OT,25
PP,19
DM,27
DM,40
DM,30
DM,44
BA,10
PF,7
DS,116
DM,31
DM,22
DO,54
OT,24
RM,8
RM,10
DM,52
DM,46
RM,8
RM,9
RM,9
OT,25
PP,11
PF,7
DO,40
SF,53
PE,21
OT,27
DO,60
DO,49
RM,8
DS,128
PP,16
DO,54
DO,47
NL,139
DO,53
PF,7
PE,20
RM,8
DM,43
DM,35
DM,46
DM,43
RM,10
DO,55
RM,10
DM,42
DM,35
DM,37
DM,25
DO,41
PF,7
RM,9
DM,19
BA,8
DM,21
DM,18
DO,50
DM,50
DM,40
DO,42
PF,8
DO,48
DM,35
DO,51
DM,43
DM,46
DM,40
DM,48
RM,9
OT,24
DM,40
DM,40
RM,10
DM,16
PF,8
DM,42
DM,43
RM,9
DM,51
DO,46
DM,33
PP,18
DM,48
DO,53
DM,19
DM,44
DM,20
OT,26
DS,124
DM,46
DM,42
PE,24
DM,43
DM,24
DO,46
OL,42
RM,9
DM,41
NL,66
DO,58
DM,45
PE,22
DM,46
OT,18
OT,29
DO,55
OT,39
DO,53
PP,20
PP,9
DO,53
RM,11
PF,8
PP,9
OT,24
PP,10
PH,32
RM,10
DM,46
PH,18
PP,17
DM,39
DO,59
RM,12
DO,58
DM,46
DO,33
DO,47
DM,24
DM,38
DM,38
OT,14
PP,18
DO,54
OT,28
RM,11
DM,32
DM,44
DM,20
DM,40
DM,42
DM,19
OT,20
DM,27
DM,41
DM,43
DM,49
DS,134
DM,51
DM,50
DM,46
DM,31
DM,48
OL,27
DM,44
DM,50
PF,8
DO,55
DM,32
DM,40
DM,33
DM,40
DM,30
DM,42
PP,10
NL,98
OL,32
PP,14
OT,26
DM,43
RM,16
PP,18
DM,30
DO,43
PP,20
DM,45
DM,44
DO,60
DO,50
DO,50
DS,107
RM,11
DM,38
DM,43
DO,54
PP,20
DO,57
DM,37
DO,53
PE,29
PF,7
OT,22
PF,7
OT,34
DM,41
DO,47
PP,20
OT,27
BA,9
DO,49
DM,40
OT,14
DO,47
DO,53
OT,13
DM,43
PF,8
DO,40
DM,27
DM,38
OT,21
DM,42
DM,24
DM,41
DM,42
DM,46
RM,9
DM,50
PF,7
PE,21
DM,41
DM,50
PF,7
DM,52
DM,47
DM,47
DM,47
DM,45
DM,47
DM,40
DM,48
DS,132
DM,35
DM,40
DO,48
DM,20
PP,17
DM,40
DM,23
PE,19
RM,13
OL,30
PP,18
PE,34
NL,145
PF,7
DM,48
PP,16
DO,52
NL,180
DM,48
DS,107
DO,56
PP,16
PP,12
OL,32
DO,58
DM,42
DM,42
NL,170
DO,49
PE,27
DO,57
DM,30
PP,17
DO,35
DM,39
DM,43
DM,45
OT,25
DM,40
DM,45
DO,50
DM,44
DM,51
DM,43
PE,23
DM,40
DM,42
DM,49
DM,53
DM,47
DM,51
OT,25
PP,18
DM,40
DM,50
DM,38
DM,39
PP,16
DO,33
NL,176
DM,40
DO,57
PP,17
DM,54
PE,23
DM,42
DO,46
PF,7
OT,24
RM,14
RM,12
RM,12
PE,21
DM,38
DM,45
OT,27
PF,6
NL,138
DO,55
OL,36
DM,41
RM,10
DS,106
RM,9
DO,56
DM,39
PF,7
DM,45
DM,32
DM,38
RM,12
DM,49
DM,40
DM,44
DM,45
RM,10
DM,44
OT,24
DM,42
PP,14
DO,47
DM,49
DM,27
PP,18
DM,47
DM,37
DM,44
DO,22
RM,12
DM,46
DM,42
DM,48
DO,44
DM,52
BA,8
DM,47
DM,40
DM,40
DO,45
DM,44
NL,195
PP,13
DM,39
DM,40
DM,42
DM,26
DM,22
NL,191
OL,29
DM,42
DM,44
PE,22
OT,26
DM,40
DM,37
DM,48
OT,24
RM,14
DM,42
OT,24
DM,44
PF,7
DM,39
OT,22
RM,16
DM,49
DM,41
DO,53
OT,27
RM,13
DM,39
DM,47
OT,28
DM,40
DM,43
DM,40
RM,8
DO,56
DO,42
RM,11
NL,160
RM,11
RM,14
PF,7
OT,21
RM,13
DM,44
RM,10
PE,19
DO,48
DM,34
PE,25
RM,15
DO,53
OT,22
DS,104
RM,9
OT,20
DM,46
DO,45
DO,26
RM,14
DO,56
DM,44
RM,14
DO,26
NL,180
DO,56
RM,9
DM,45
DM,39
OT,21
DM,35
PE,25
DM,40
RM,11
DM,44
OT,18
DM,42
RM,8
DM,48
OT,28
DM,35
RM,15
DO,54
DM,40
OT,21
DM,48
DM,39
DM,38
RM,11
DM,43
DM,38
DM,46
DM,46
DM,35
DM,42
RM,12
DM,45
PF,7
RM,10
RM,14
DM,40
OL,32
DM,48
DM,38
DM,45
RM,8
PE,20
OT,24
DM,45
DM,40
PF,7
RM,9
DM,27
RM,10
DM,42
DM,38
DM,54
DM,40
DM,42
DM,42
DO,46
DO,47
PE,23
PF,8
RM,8
RM,8
RM,11
DM,50
DM,47
DM,48
RM,8
RM,14
DM,44
RM,12
RM,9
OL,31
BA,8
DO,44
DM,40
RM,12
DO,54
DO,40
PE,23
PF,7
DS,106
OT,26
RM,12
DM,44
PE,12
DO,44
RM,8
RM,14
DM,44
RM,8
DO,40
DO,55
OL,30
OL,35
DM,41
DO,39
NL,193
RM,8
DM,44
DO,52
DM,40
PF,7
DM,45
OT,22
RM,14
NL,164
OT,21
DM,40
PE,18
OT,20
OL,30
DM,35
DM,44
OL,34
RM,13
DM,40
DM,44
RM,9
BA,8
RM,10
DM,40
OT,27
DM,51
DM,43
DO,55
PF,7
RM,15
PE,20
OL,30
DM,44
PE,16
DM,44
RM,10
DM,47
DO,52
DM,50
DM,37
RM,11
DM,36
RM,13
RM,9
DM,37
RM,12
DM,39
DM,52
DM,44
PF,7
DM,40
DM,43
DM,45
DM,42
PE,24
DM,45
DM,38
RM,10
RM,12
DM,39
OT,20
RM,14
DM,39
PE,16
OT,22
DM,43
OT,24
OL,32
DM,43
DM,42
DM,37
DM,40
DM,45
DM,45
DM,43
RM,8
DM,38
RM,8
RM,11
OL,31
RM,9
DM,48
DO,36
RM,11
DM,43
OL,31
OL,32
PE,21
DM,51
OL,35
PF,8
RM,14
DM,40
RM,8
RM,11
DO,53
OL,25
DO,54
RM,12
RM,7
DO,47
RM,14
RM,9
RM,10
PE,16
DO,52
DO,44
RM,10
DO,59
PF,7
RM,8
RM,10
RM,10
OT,22
DM,39
OT,24
DO,55
OT,25
RM,11
RM,11
DS,108
RM,10
RM,8
RM,11
RM,9
NL,188
RM,11
OT,24
RM,15
OT,25
DO,45
OT,20
DO,46
PE,25
NL,162
RM,9
PF,7
BA,9
PF,7
RM,10
DM,46
PE,17
DM,41
RM,11
OL,32
RM,13
DM,38
DM,40
DM,47
DM,43
RM,10
DM,42
DM,46
DM,45
DM,36
RM,10
DM,43
RM,9
DO,55
RM,10
DM,42
DM,49
OT,25
DM,37
DM,37
RM,10
RM,8
RM,10
DM,40
DM,42
DM,51
RM,9
DM,25
PP,15
DM,41
DM,47
DM,40
RM,11
DM,41
DM,48
DM,39
DM,38
DM,46
DM,42
DM,49
PE,24
DM,42
DO,55
OT,22
DM,37
RM,8
PE,17
RM,11
DM,37
RM,13
DM,41
DM,43
DM,41
RM,11
DO,59
DM,36
OL,30
DM,44
RM,9
RM,11
BA,18
RM,12
DM,45
RM,9
DO,53
DO,51
OL,27
RM,10
PF,8
DO,53
DM,40
RM,9
DM,49
OT,23
RM,11
DO,41
RM,11
RM,9
RM,12
DM,39
OT,27
DM,48
DS,112
NL,190
OT,24
RM,9
NL,171
DO,54
DO,58
RM,11
RM,11
DO,47
RM,9
RM,11
RM,12
RM,10
PE,22
DO,52
RM,10
OL,34
NL,185
OT,23
RM,10
OT,24
RM,12
RM,11
DM,46
PF,7
RM,11
DO,50
OT,24
PE,27
DO,48
RM,9
DO,55
RM,7
RM,10
RM,12
DM,45
DO,39
RM,10
RM,10
OT,28
DM,39
RM,12
OL,30
RM,10
DM,44
DM,44
DM,39
RM,10
RM,12
DM,46
DM,44
DM,35
DM,52
DO,52
DM,44
DM,45
RM,11
RM,9
RM,10
RM,13
DM,40
DM,48
DM,48
RM,11
DM,47
DM,49
RM,10
DM,50
DM,43
DM,40
DM,46
DM,50
DM,40
DM,45
RM,13
DM,50
DM,46
DM,43
OT,24
DM,47
DM,47
DM,49
RM,10
RM,9
OL,31
DM,49
DM,47
DM,32
DM,43
DM,45
DM,46
RM,11
DM,40
RM,8
RM,10
DO,59
RM,9
RM,11
RM,8
OT,27
DO,46
DM,47
PF,7
RM,13
DM,45
DM,46
NL,192
DO,46
DO,47
RM,10
RM,10
RM,12
RM,10
RM,8
OT,29
DM,42
DO,47
RM,12
DS,128
DM,49
RM,12
SF,64
RM,10
DO,49
DM,41
DM,47
DO,27
RM,9
RM,14
OL,32
DO,49
NL,174
DM,47
PF,9
DO,57
PE,25
RM,10
DM,50
RM,12
RM,10
DM,45
RM,14
OT,28
RM,14
DO,44
RM,10
DO,57
RM,10
RM,10
DM,49
BA,8
DM,46
DM,39
RM,10
RM,12
RM,10
DM,41
RM,8
DM,51
DM,47
RM,17
DM,22
DM,47
PE,18
DM,50
DM,46
DM,40
DM,24
DM,40
DM,47
DM,47
DM,45
DM,46
DM,43
RM,10
RM,10
DM,45
RM,8
DM,42
DM,45
OT,28
DM,45
RM,13
DM,56
RM,9
DM,48
DM,52
RM,10
DM,44
DM,41
DO,55
OL,36
RM,16
DM,39
DM,44
DM,51
RM,11
RM,10
OT,21
OL,40
RM,13
PP,19
NL,146
DO,47
DM,51
NL,76
RM,11
DS,125
BA,12
RM,12
NL,69
RM,12
DO,38
NL,148
NL,168
DM,46
RM,7
DO,59
PP,16
DO,63
RM,15
RM,10
PF,10
RM,13
DM,55
RM,12
RM,7
DM,51
DM,56
RM,13
DM,41
PP,23
DM,46
RM,8
BA,10
OL,26
PE,34
DM,49
RM,13
RM,14
DM,45
DM,43
DM,49
DM,36
DM,51
DM,46
DM,49
DO,55
DM,50
DM,24
DO,56
OL,17
DM,54
DM,44
DM,21
DM,50
DO,55
DM,45
OL,26
DO,39
DM,51
DM,46
DO,55
DO,53
RM,12
NL,126
DM,24
DM,49
PE,20
DM,51
DM,45
DM,23
PP,15
DM,43
DM,42
RM,14
OT,34
RM,12
DM,54
RM,14
DO,40
PE,15
DO,53
DS,110
DM,50
PP,15
DO,51
OT,28
BA,7
DM,42
RM,12
DO,40
RM,15
DO,44
NL,195
DO,53
PF,8
DO,55
DO,46
NL,81
PE,23
NL,185
RM,12
OT,17
DO,54
PP,24
DM,52
BA,8
PP,19
PP,16
DM,45
OL,29
DM,44
DM,22
DM,41
DM,49
DM,49
RM,10
PP,16
OT,11
RM,13
OT,11
DM,51
DM,47
RM,13
DM,49
RM,11
DM,31
DM,43
OL,37
DM,44
DM,41
DM,46
DM,46
PE,36
DO,56
DM,49
OT,11
RM,13
PF,9
PP,16
PP,16
DM,36
PP,28
DM,29
DM,41
DM,54
DM,50
PP,23
DM,46
OT,28
OL,30
PE,16
RM,11
DO,44
RM,10
DM,51
DM,44
OL,18
PP,18
PF,7
RM,8
RM,13
DM,24
RM,11
RM,15
OL,37
PE,26
DM,24
NL,174
DM,25
RM,12
DO,45
PE,21
DO,45
BA,9
RM,11
DO,44
DO,56
OT,30
DM,25
DM,46
DM,39
BA,9
PP,16
NL,126
DM,46
RM,8
OL,32
DM,44
DM,33
DO,43
DM,44
DM,42
DM,50
OL,24
DM,40
DM,30
PE,32
DM,29
DM,48
DM,49
DM,43
OL,12
DM,55
DM,36
DM,38
DM,40
DM,47
DM,45
DM,45
DM,51
PP,12
DO,65
RM,12
NL,113
PE,26
DM,45
PP,16
NL,99
RM,10
DM,51
PP,24
DM,32
BA,11
RM,13
PP,16
PP,17
PP,14
DM,34
SF,100
DS,113
PF,9
DO,46
DO,45
OT,21
RM,13
PP,16
DO,48
PE,19
RM,12
RM,10
NL,154
DO,55
PP,15
DO,53
DM,46
NL,160
DO,37
BA,13
DM,35
OT,16
DM,32
PP,13
DM,41
OT,26
PP,19
RM,8
RM,7
PP,17
RM,9
DM,31
DM,26
DM,27
RO,11
RM,11
OT,24
PP,16
DM,42
NL,71
DM,41
PE,17
RM,12
DM,29
PE,18
PF,6
RM,11
PP,5
DM,54
DM,43
DM,39
DM,50
DM,47
PP,15
DM,42
DM,48
PP,19
PP,16
PP,14
DM,58
SF,52
PP,19
DM,35
PP,19
OT,21
DM,44
DM,34
DM,38
DM,39
DM,49
DM,43
OT,31
OT,20
PF,7
RM,12
OT,28
PE,14
PF,10
PP,18
PP,14
PF,8
PP,24
DS,110
DO,52
OT,46
PP,18
SF,199
RM,13
DO,57
NL,124
PF,9
BA,10
DO,46
DM,37
DM,38
PE,11
DO,51
PE,22
SF,84
DO,49
OT,29
DM,65
DO,44
PP,16
NL,178
DM,47
PP,15
DO,58
PE,26
DM,36
PE,18
DM,33
PP,17
DM,54
PP,16
RM,12
PP,9
PP,14
DM,45
DM,37
OT,24
DM,29
RM,11
DM,39
DM,22
PP,20
DM,45
OT,30
DM,48
RM,9
OT,25
DM,36
OT,26
PP,15
DM,26
PP,16
DM,38
DM,43
DM,42
DM,45
OT,24
OT,26
PP,16
OT,22
DM,49
DM,40
DM,40
DM,53
PP,10
OT,45
OT,21
DM,40
RM,5
DM,41
DM,39
PP,18
PP,18
DM,53
RM,10
DO,48
OT,21
BA,11
OT,29
OT,22
DO,53
OT,24
PE,23
PP,22
DM,42
PE,12
DO,52
DM,41
PE,11
PP,16
OT,27
DO,48
DO,57
DS,108
NL,180
DM,36
DO,54
PF,6
DO,46
PP,15
PF,7
OT,18
PE,16
OT,29
DM,37
RM,12
DM,48
OT,20
DM,34
SH,63
PP,19
PP,17
PP,14
PF,8
OT,25
DM,42
PP,14
DM,45
OT,27
DM,41
DO,42
DM,50
DM,41
DM,47
OT,37
DM,51
DM,42
DM,36
DM,55
PE,23
DM,44
DM,44
PP,28
DM,55
PE,19
DM,43
OT,26
PP,16
DM,43
PP,17
DM,44
RM,14
PE,19
PF,9
PP,26
DM,51
DM,48
PF,7
DM,45
PP,15
PF,8
OT,20
PF,7
DM,41
PE,24
RM,9
PP,16
PF,9
PF,8
DM,53
PE,23
DO,50
PP,30
BA,6
PE,20
DM,42
DM,46
PF,6
DS,106
PF,7
DM,37
DM,40
RM,13
PF,7
RM,7
BA,6
DO,53
DM,52
OT,24
SO,80
PP,14
OT,25
DO,50
DO,55
DO,53
PP,12
DO,48
DM,43
PE,17
PP,26
OT,21
PF,8
DO,59
OT,22
DM,38
PE,18
DM,40
OT,22
PP,28
PP,14
PP,15
PF,7
PP,14
DO,55
DM,43
DM,43
RM,11
OT,22
DM,44
DM,50
OT,24
DM,43
OT,22
DM,47
DM,37
PF,7
OT,23
RM,12
PP,25
PP,29
DM,54
DM,45
PF,8
DM,46
RM,7
DM,51
DM,48
DM,46
PP,16
PP,14
RM,8
DM,43
DM,40
OT,24
PP,15
DM,41
OT,20
PF,8
PE,20
DM,44
DM,43
DM,44
PF,15
PF,8
PE,25
DM,43
RM,11
RM,12
RM,11
RM,12
RM,19
PE,18
OT,21
DO,48
PF,14
OT,26
PF,8
RM,14
RM,9
DO,51
DM,51
OL,25
DM,52
SO,42
RM,9
BA,10
DO,56
OT,26
OT,24
RM,9
RM,12
RM,10
DM,45
DM,43
OT,24
DM,44
PF,12
DS,110
OT,24
RM,14
RM,10
RM,8
OT,25
RM,9
RM,7
DM,41
RM,12
DM,36
NL,165
PF,7
OT,22
RM,12
BA,8
PE,23
OT,25
SF,60
PE,21
DO,50
DM,38
BA,9
DM,37
RM,9
DM,51
BA,7
RM,10
PE,24
DM,42
DM,38
PF,7
OT,24
OT,24
RM,12
SO,78
RM,12
RM,11
RM,13
BA,8
PE,24
PP,27
RM,9
OT,35
DM,45
SO,38
PF,7
RM,10
SO,27
SO,26
DO,50
PE,25
RM,16
RM,10
RM,8
OL,22
PE,23
DO,49
RM,10
DM,42
RM,11
RM,9
RM,7
RM,9
SO,82
DM,43
PF,6
RM,10
DM,41
RM,10
DO,50
SO,49
DM,41
PP,30
DM,43
DM,42
RM,7
DM,42
RM,7
RM,10
DM,39
RM,11
DM,39
RM,9
DM,42
PE,23
DM,39
PE,24
DM,41
PP,15
PF,7
RM,8
DM,50
PE,24
OT,26
DM,50
DM,45
RM,11
PF,7
PF,7
DM,34
OT,24
PF,7
OT,24
RM,9
RM,12
RM,14
DM,47
DM,37
PF,7
RM,9
RM,9
RM,12
DM,47
RM,9
RM,9
RM,8
PF,8
RM,12
OT,25
RM,9
RM,8
DM,54
DM,42
RM,8
PP,29
PF,7
OT,26
RM,11
DM,47
RM,12
PE,21
DM,38
RM,9
OT,21
OT,26
DM,48
PF,7
BA,9
RM,11
RM,9
RM,10
RM,13
RM,11
RM,10
RM,9
RM,9
DM,54
DO,49
DM,50
RM,11
PE,20
RM,9
RM,10
RM,8
RM,9
PE,27
RM,11
DO,53
RM,10
PE,23
RM,9
RM,9
DO,51
RM,13
BA,9
OL,24
DO,51
OT,25
RM,9
DM,42
SO,80
RM,12
OL,26
DO,30
PF,7
DO,29
DO,48
PE,23
DM,41
PE,24
PE,20
DO,52
DM,41
RM,9
RM,12
RM,12
OT,23
OT,24
PE,22
OT,24
OT,27
PE,22
DM,51
RM,14
RM,9
DO,54
DM,41
RM,9
RM,10
RM,10
DM,44
PP,30
DO,58
RM,9
RM,8
RM,10
DO,47
RM,8
DM,40
DM,37
SO,47
OL,26
PF,7
RM,11
OL,24
DM,43
DM,40
OL,24
OT,22
DM,44
SO,44
RM,7
BA,8
PE,22
PF,7
RM,7
DM,42
RM,7
RM,9
OT,22
RM,10
OT,36
PP,15
DM,36
OT,23
DM,49
DM,37
DO,30
RM,9
RM,11
PF,7
RM,9
RM,9
PF,7
DM,42
BA,8
NL,166
DM,40
RM,10
DM,42
DM,37
RM,10
DM,48
DM,50
DM,40
OT,23
DM,49
DO,47
RM,11
OL,34
BA,8
RM,11
DM,43
PF,8
RM,10
DM,40
RM,9
DM,45
DM,44
RM,10
DM,38
RM,8
RM,11
DM,39
DM,48
OT,21
DM,53
OL,23
OL,24
DO,48
RM,11
RM,11
RM,11
DM,42
PE,20
DM,53
RM,8
BA,9
RM,9
DO,46
SF,35
RM,12
RM,12
RM,10
DO,31
DO,47
DM,35
DO,49
RM,12
DO,58
DM,36
PF,7
OT,20
DM,47
PE,22
OT,23
DM,50
DO,48
DO,30
BA,8
DM,41
DO,45
DM,38
OT,20
PP,15
RM,6
OT,22
RM,9
RM,9
RM,8
PE,19
RM,9
RM,10
DO,51
BA,7
PE,24
RM,8
DM,38
RM,8
PH,29
DM,42
NL,166
PE,20
OL,24
PP,17
OT,23
DM,41
RM,8
DM,36
DM,39
DM,45
RM,10
DM,38
DO,47
DM,42
RM,8
DM,49
RM,9
DM,39
RM,10
OT,23
DM,45
DM,46
DM,41
DM,48
RM,10
DM,45
RM,9
DM,46
DM,40
OT,22
DM,50
OT,26
OT,23
DM,42
RM,13
OT,35
OT,23
SO,38
OT,23
RM,11
PE,23
OT,20
DO,46
OL,23
OT,33
RM,9
DO,36
OL,34
DO,50
PF,7
RM,7
DO,57
DM,44
RM,9
PF,7
RM,8
SO,51
DM,52
PE,22
OL,23
DO,52
DO,47
PE,19
DS,124
DM,46
PE,26
DO,46
RM,8
DO,55
DM,38
PE,22
PE,21
PE,18
DM,41
RM,13
RM,9
RM,8
PE,20
DM,44
NL,174
DM,38
DM,49
DM,36
OT,24
DM,49
OT,24
DM,50
SO,77
PE,21
PE,23
DM,47
RM,11
PP,17
DM,46
DM,33
BA,7
SO,49
OT,28
PP,12
RM,9
RM,10
DM,38
DM,43
DO,42
RM,12
DO,44
RM,9
DO,52
DM,46
OT,22
DM,48
DM,47
RM,12
DO,46
DO,48
DM,37
PE,25
DO,43
DM,38
DM,38
OL,21
DM,37
DO,55
PE,22
SO,37
SO,39
DM,48
RM,10
DM,38
DM,45
OT,22
PE,24
PE,25
RM,10
RM,10
RM,10
PH,29
OL,37
DO,47
DM,36
RM,11
PF,7
BA,7
PE,20
DO,50
PP,14
DO,46
DM,49
RM,11
PP,16
PP,19
PF,7
RM,10
DM,46
PE,28
PE,28
DM,43
RM,10
RM,11
RM,9
RM,11
RM,8
BA,9
DM,38
RM,8
DM,32
DM,49
PE,21
DM,53
PE,28
SO,58
PF,9
DO,43
DO,52
OL,37
RM,9
DO,55
RM,9
DS,105
RM,10
RM,11
DM,47
PE,21
RM,11
RM,8
PE,23
RM,10
DO,51
DM,52
DM,41
RM,8
DM,47
DO,53
RM,11
DM,33
PP,17
RM,10
RM,10
DO,57
DM,48
RM,9
DO,41
PE,19
DM,45
RM,10
DM,42
DO,47
DM,37
RM,7
PE,32
OL,26
SO,39
DM,44
RM,8
PE,22
DO,49
OT,28
OL,35
RM,10
PF,7
RM,11
DM,43
DM,43
PE,27
DM,50
RM,10
RM,9
DM,51
DO,42
RM,10
DM,40
RM,10
RM,9
RM,9
DM,41
DM,35
OT,24
PH,29
RM,11
OT,31
RM,9
DM,46
RM,13
DO,51
DM,49
DM,49
DM,49
DO,51
DM,52
PF,8
DM,51
OL,22
PF,9
DM,52
RM,13
RM,11
DM,51
OL,33
DO,42
DM,49
DM,49
DM,47
DS,59
DS,110
PP,20
PE,25
DM,42
RM,14
RM,11
OL,35
DO,55
PE,21
DO,49
DM,52
DM,45
PH,31
DO,55
PF,8
DM,41
SO,68
DM,47
PP,19
PH,18
DM,49
PF,6
DM,49
DM,46
RM,18
DM,50
PE,29
PP,15
DO,49
PH,34
DO,42
DM,44
DM,45
DO,51
DM,52
PF,8
DM,49
DM,38
RM,14
DM,49
DM,42
PP,20
DM,43
PP,17
PF,8
PP,18
DM,45
DM,48
DM,46
DM,49
PP,13
DM,25
PP,15
DO,51
DM,50
DM,42
PP,16
PF,9
PE,27
PP,19
DM,43
DO,53
DM,49
RM,15
OT,24
RM,12
PP,16
DS,112
PP,22
SO,82
DM,50
DO,60
DO,57
DM,51
DM,42
PP,17
PH,48
RM,17
SO,28
DM,46
DM,41
PP,20
OL,31
PF,9
SO,105
DM,25
DM,47
DM,52
PP,21
DM,50
DM,45
OL,37
PP,19
DM,51
DM,56
DM,50
DM,44
OL,31
DM,55
DM,43
PF,11
DM,17
DM,52
DM,52
PP,26
DM,43
DM,47
DM,37
DM,51
PE,23
DM,25
DM,45
OT,23
DM,37
DM,43
DM,49
RM,16
OT,26
OT,16
DM,38
DO,62
OT,30
DS,110
PP,20
PP,17
PP,24
DM,27
DM,49
PE,13
DO,62
DM,49
OT,28
DM,45
DM,52
NL,220
PP,20
DO,52
RM,17
DM,29
SO,54
PF,9
DO,50
DM,47
NL,70
PP,18
RM,13
NL,66
NL,75
DS,97
DM,45
PF,9
DM,29
DM,44
DM,51
DM,44
DM,47
DM,48
DM,51
DM,51
RM,14
DM,44
DM,47
OL,36
DM,48
DM,51
DM,30
PP,20
PP,22
DM,43
SF,45
DM,60
DO,54
PF,8
RM,12
PE,22
PP,18
PP,17
NL,130
DM,42
PP,15
RM,12
PP,19
PP,15
DO,42
DS,120
PF,12
PP,13
DO,56
PP,19
DM,34
PP,16
PF,8
PP,13
PP,14
DO,52
RM,10
DO,48
DO,22
OT,23
RM,13
DM,53
OL,35
RM,9
PP,18
RM,12
PP,14
DM,45
PP,13
DM,28
PP,14
DO,61
DM,35
OT,29
DM,46
DO,31
PF,25
DM,46
RM,12
DM,38
DO,56
PP,19
PP,19
PP,22
PP,19
DS,120
DM,45
PF,8
PP,13
OL,29
DM,50
PP,22
DM,35
DM,44
RM,9
DM,39
DM,45
OT,16
DM,38
DM,42
SO,74
DM,48
PP,16
OL,36
DM,50
DM,47
DM,55
DM,33
PP,17
OL,30
PP,22
OL,21
PP,23
PF,10
PP,19
SO,41
PP,19
DM,46
PP,17
DM,47
PP,18
RM,11
DM,42
RM,14
DO,37
NL,172
PP,21
DO,54
RM,16
PP,19
DM,44
PP,17
DO,58
PP,18
NL,90
PP,19
PP,18
PP,23
PP,23
DS,120
PF,10
DO,32
PP,17
DM,52
OT,36
OT,23
PP,23
OL,38
OL,38
RM,15
RM,14
DM,52
DO,26
DM,49
DM,25
RM,15
PP,17
OT,31
DM,48
PF,8
DO,40
PP,14
DM,51
PP,12
DM,35
DM,51
RM,16
DM,48
DM,48
PP,13
DM,38
OT,34
PP,12
DM,39
DM,29
DM,55
RM,13
SO,79
PP,19
PF,9
PF,10
DO,57
PP,19
DO,46
PF,8
PF,19
PE,22
DO,54
OL,40
PP,15
PP,17
DM,49
DO,43
NL,175
PP,14
PF,9
PP,19
PP,20
RM,14
PP,18
DO,55
PP,21
SO,15
PP,18
DO,42
PP,17
PP,18
PP,17
DM,50
DM,28
PP,18
DS,112
DM,44
PF,11
RM,17
PP,14
DM,42
OL,20
OL,24
DO,44
PP,12
PF,10
DM,46
PP,18
OL,23
DS,125
DO,52
PF,10
DM,40
DM,44
PP,20
PP,17
PP,13
RM,13
DM,46
DM,37
PP,22
OL,37
DM,45
OT,19
DM,34
PP,12
DM,40
DM,43
PP,13
PP,18
DM,53
DM,46
DM,19
DM,41
OT,31
PP,17
PP,18
DM,42
PP,16
RM,10
OL,23
DO,52
PP,16
PF,6
DM,35
NL,173
PF,9
RM,14
DM,58
PP,17
PP,17
PF,7
PP,22
DM,49
DS,114
DM,58
PE,26
PP,14
RM,11
DM,55
OL,35
PP,17
NL,114
PP,18
DM,52
PF,10
PF,8
DO,55
OL,24
RM,11
DM,47
PP,18
DM,49
DO,67
PP,17
DM,50
RM,15
PE,17
PF,8
OL,32
PP,17
PP,22
RM,14
RM,12
OT,24
SO,72
DM,40
RM,11
DS,120
OL,26
PP,17
OL,24
PP,17
DM,44
PF,8
PP,16
DM,51
DM,44
PI,18
DM,44
DM,37
DM,42
DM,45
DM,44
PP,17
RM,6
RM,12
DM,38
OL,30
DM,46
DM,40
DO,39
PP,16
PP,14
DM,40
RM,11
PF,9
RM,13
SO,44
PF,8
DM,44
NL,158
PF,9
PF,8
RM,8
OT,25
PF,6
DM,40
OL,31
RM,11
DM,43
PF,10
PF,7
DO,55
OT,22
PF,8
DO,60
RM,15
OL,21
DM,48
DM,39
OT,23
DM,44
RM,12
NL,135
PF,9
DO,43
DM,38
DM,40
DM,37
PF,8
DM,40
OL,23
RM,10
PP,18
RM,12
OL,18
OL,23
DS,120
DM,47
RM,13
DO,24
DM,47
RM,11
DM,39
DM,38
DM,43
DM,41
DM,39
RM,11
PF,6
RM,8
DM,50
PF,6
DM,42
DM,44
PF,8
PF,6
PP,16
PP,15
DM,49
DM,41
OL,24
RM,14
DM,39
DM,40
OL,16
RM,10
DM,45
DM,46
DM,41
OT,25
DM,39
RM,10
RM,10
DM,51
RM,11
RM,10
NL,167
DM,55
PF,7
DO,55
RM,11
RM,10
OL,25
DS,117
PP,19
DM,45
DM,44
DM,44
DM,35
RM,12
RM,11
RM,7
RM,9
OL,21
DM,45
DM,44
DM,42
RM,11
DM,50
DM,42
DS,125
DM,43
DM,43
RM,17
RM,12
SF,49
DM,44
DM,41
DM,43
DM,43
DM,39
RM,11
DM,40
PF,9
PF,9
RM,11
RM,8
RM,9
NL,170
DM,53
PE,22
NL,233
RM,12
DM,46
RM,11
RM,9
RM,9
DM,38
DO,53
RM,11
OL,22
PF,8
DM,40
RM,10
DM,54
RM,11
DM,48
RM,12
OL,28
PE,23
DM,48
DS,127
DM,47
OL,24
DO,44
DO,57
DM,36
OT,24
RM,11
DS,129
DM,41
DM,44
DM,46
RM,9
DM,44
DM,42
RM,9
DM,46
DM,46
RM,9
PF,9
RM,10
DM,51
RM,11
PF,8
RM,11
RM,9
PP,17
OL,24
RM,12
RM,13
DM,39
DM,50
RM,11
OL,27
RM,11
PP,16
OL,26
DM,46
PF,7
RM,10
RM,10
RM,10
DM,40
DM,51
RM,12
DM,51
DO,50
DO,47
RM,12
PF,8
RM,10
DM,46
DM,47
RM,10
DS,120
OL,24
RM,12
DM,46
DM,41
DM,42
RM,12
DM,50
RM,10
OT,25
RM,13
DM,47
OT,25
RM,12
SF,61
RM,10
DM,45
RM,10
RM,10
DM,47
DM,44
PE,13
DM,42
RM,9
DM,47
PP,15
DM,44
DM,50
DM,51
PF,8
PP,20
DO,57
DM,51
PF,10
PF,11
DM,52
DM,44
PP,22
DM,47
DS,130
DM,51
DM,47
PF,10
RM,10
PF,9
DM,42
DO,52
DM,44
RM,15
RM,12
OT,26
OT,26
DM,58
DM,34
DM,40
PP,19
PF,9
DM,50
DM,45
PP,21
OL,27
RM,11
RM,12
NL,86
RM,10
RM,12
NL,93
DM,53
DS,126
OT,27
PF,9
RM,15
DM,44
DM,47
DM,43
DM,48
DM,45
DM,48
DM,25
DM,48
DM,42
DM,56
DM,43
DM,47
DM,43
DM,45
OL,31
RM,12
DM,45
OL,35
DM,23
DM,48
DM,49
DM,49
DO,54
PP,16
PP,20
PF,9
PP,20
PP,19
PE,24
PF,9
PF,9
PP,21
RM,12
RM,16
PP,21
PP,17
PF,7
DM,52
DM,44
PP,19
PP,19
PP,15
PP,19
PP,19
PP,21
PP,19
DS,112
DS,84
NL,90
NL,106
NL,83
PP,23
RM,15
OL,28
PP,16
DO,64
DM,50
PP,16
DM,33
SO,48
PP,20
PP,18
DM,46
DM,58
DM,54
PP,20
RM,11
DM,51
DM,36
DM,49
RM,12
DM,35
DM,52
OL,37
DM,47
DM,39
PP,20
OT,21
DO,50
DM,52
OL,24
DS,66
OT,17
PP,21
DS,112
DM,27
DS,70
PF,9
PP,26
DM,53
PF,7
DM,55
DM,47
PE,23
PP,21
PP,19
DO,43
DM,47
NL,62
OT,27
PP,22
OL,38
SO,76
DO,49
DM,44
OL,31
DM,47
DM,45
DO,34
PP,19
OT,27
DM,41
DM,22
DM,29
RM,9
RM,12
DM,26
DM,44
DM,48
DM,59
DM,47
DM,22
PE,11
DM,47
PF,7
PE,21
DM,51
SF,24
RM,11
PP,18
PE,22
OT,26
PE,21
PF,5
DM,49
DO,50
PP,24
DM,33
DM,16
PP,15
PP,21
DS,81
RM,8
DS,110
PP,12
PP,19
PP,19
PP,13
DS,78
PP,12
DM,51
PP,13
PP,20
PP,22
DM,44
DO,38
PP,10
DM,21
PP,11
RM,9
RM,11
NL,41
DM,45
PP,15
PP,18
DM,50
PP,19
DM,52
DM,34
DM,33
DM,30
DM,50
OL,35
DM,48
DM,29
DM,25
PP,10
PP,21
OL,25
OL,29
SO,35
DM,51
PF,8
RM,10
PF,9
RM,10
DO,48
PF,7
DM,46
OL,26
PP,20
PP,25
PP,19
PP,21
PP,19
PF,9
PP,19
DS,114
PF,9
PP,15
DM,38
DM,47
PP,19
DM,26
PP,19
PP,15
RM,9
SF,47
NL,78
PF,6
DM,26
PE,25
PP,12
DM,55
NL,126
RM,7
RM,12
DM,47
PP,18
DM,60
SO,49
PP,17
DM,19
OL,37
DM,38
RM,12
DM,51
PF,10
PP,20
DM,41
PF,8
DM,39
DM,46
DM,35
DM,45
PP,17
OL,25
PP,19
DM,49
DM,32
DM,41
OL,33
OT,14
PE,17
RM,10
PF,6
DM,36
PP,18
PP,18
DM,55
DM,48
RM,11
RM,12
RM,11
RM,13
NL,145
DM,41
DM,47
RM,12
PF,8
PF,7
PF,8
OT,11
OL,27
PF,8
DM,41
PP,17
PF,8
PP,21
DM,51
DO,45
PP,20
PP,11
DM,45
PP,18
DM,29
PP,18
OT,24
RM,10
DM,31
DM,25
DM,44
DM,40
DM,46
DM,46
DM,43
PP,19
DM,42
DM,41
PP,19
DM,48
DM,44
DM,39
OL,34
RM,10
PF,8
DM,35
PF,12
DO,53
DM,45
PF,9
PF,9
PF,6
OL,18
PF,9
PF,9
DS,114
PP,15
RM,10
DM,56
DM,51
PF,6
DM,41
PF,6
RM,11
PF,7
PF,10
NL,138
DM,48
PP,13
DM,50
PP,19
DM,52
DM,51
PP,16
NL,137
PF,8
DO,47
DM,43
DM,34
DM,49
RM,11
RM,11
DM,44
PP,19
DM,50
DM,39
RM,10
DM,50
DM,48
OL,34
PF,8
PF,9
RM,10
PF,9
RM,11
DM,41
DM,38
NL,148
OL,19
DM,42
DM,34
DM,56
RM,12
PF,8
DM,46
OL,34
PF,9
DS,110
PF,8
DM,42
OT,16
DM,42
NL,148
DM,33
DM,44
PF,9
NL,144
DO,52
DM,47
DM,42
DM,33
DM,45
DM,42
DM,38
PP,18
DM,43
DM,37
DM,52
PP,9
DM,45
OL,20
DM,21
RM,11
RM,10
DM,46
DM,46
PP,12
OL,26
DM,40
PF,8
PF,11
PE,18
DM,38
DM,39
OT,24
PF,9
OT,20
PE,10
DM,35
DM,42
DM,48
DM,49
RM,13
PF,9
SO,70
DM,42
DM,43
RM,12
RM,10
RM,10
NL,154
DM,46
DM,53
NL,160
DO,46
DM,47
RM,13
DS,111
DM,44
PF,7
DM,40
NL,150
PF,7
DM,50
RM,9
DO,50
DM,42
DM,42
DO,45
DM,40
DM,51
DM,43
NL,124
DM,44
PF,7
OT,25
RM,13
OT,24
DM,41
DM,34
DM,44
DM,48
PF,8
RM,11
DM,36
OL,20
OT,22
PF,8
RM,8
DM,47
DM,39
DS,109
DM,46
RM,11
NL,153
DM,39
RM,12
PF,9
DM,33
DO,42
DM,44
DM,44
NL,161
DM,44
RM,6
DM,45
DM,40
PF,7
DO,45
PF,6
DM,50
RM,7
DO,45
RM,8
DM,35
OT,19
DM,42
DM,42
RM,11
RM,8
DM,43
OT,22
DM,37
OL,24
OL,17
DM,41
DM,42
DM,39
DM,39
PF,8
DM,41
DM,42
OT,20
DM,42
RM,8
DM,33
DM,42
DM,47
OT,36
DM,51
DM,48
NL,165
DM,42
RM,10
DM,42
DM,47
DO,49
DM,49
DM,46
SO,57
DM,44
DM,47
OT,22
OL,17
SO,44
RM,7
PF,8
OT,26
DM,43
DM,37
DM,43
DM,43
DM,47
OL,19
OT,24
DM,46
DM,43
OT,18
DM,44
OT,18
DM,41
DM,43
DM,40
DM,42
DM,47
DM,49
DM,33
RM,9
DM,40
DM,38
DM,52
DM,43
PF,8
DM,42
PF,8
RM,8
DM,44
OT,27
DM,45
DM,49
RM,11
NL,171
PF,9
NL,170
DM,50
RM,10
DM,49
DM,37
PF,8
DM,39
DM,50
OT,27
DM,46
DM,41
DM,46
PF,8
DM,42
DM,44
DM,42
DM,43
DM,44
OT,21
RM,9
DM,50
DM,43
DM,41
DM,40
RM,12
DM,45
RM,10
DM,52
DS,115
DM,41
DM,45
DM,57
DM,37
PF,9
RM,10
OT,24
DM,47
RM,10
OT,26
RM,10
DM,43
RM,8
OT,25
RM,9
DM,54
DM,52
DM,45
DM,44
DM,46
DM,44
DM,47
DM,37
PF,7
DM,42
PF,7
DM,47
RM,13
DM,55
DM,44
DM,48
DM,44
DM,49
DM,43
OT,23
DM,47
RM,10
PP,20
PF,6
DM,57
DS,78
DM,51
DM,43
OT,31
DM,41
OT,30
DS,118
PF,8
DM,51
PP,13
RM,11
DM,45
DM,37
DM,41
PF,6
DM,44
DM,52
DM,42
NL,180
DM,31
OT,24
PP,18
DM,44
PF,10
PF,6
DM,49
PF,8
PP,18
DM,43
DM,49
PF,7
RM,9
DM,46
RM,11
DO,51
PP,19
NL,180
DM,41
DM,41
DM,43
DM,46
DM,44
DM,45
DM,44
OT,22
DM,44
DM,50
DM,47
PP,16
DM,45
DO,49
DM,23
DM,51
DM,52
RM,8
DM,46
PP,20
DM,24
DM,35
DM,43
DM,43
RM,10
DM,44
SO,86
PF,8
DM,51
PF,6
RM,10
RM,11
PP,20
PF,9
DM,51
DM,48
DM,38
DM,42
PP,15
PF,7
PF,7
DM,29
RM,9
OT,32
PP,19
PP,24
PP,21
DM,43
DM,44
DM,26
DM,51
DM,18
PF,6
DM,16
DM,42
DO,54
DM,46
DM,18
DO,52
DM,51
DM,38
DM,47
OL,19
DM,46
DM,45
OT,28
DM,44
DM,42
PF,11
DM,24
DM,40
PP,11
DO,42
DM,50
RM,9
PP,19
DS,104
DM,33
DM,45
PP,20
PF,8
DM,41
PP,19
PP,17
OL,37
DM,42
PP,22
PP,12
PP,18
OL,25
DM,29
DM,43
PP,18
DM,49
DM,44
DO,53
DM,45
OL,30
PP,19
DM,39
PP,17
DM,19
DM,26
DM,42
DM,30
DM,43
PF,11
PP,19
PP,23
DM,52
DM,34
DS,103
DM,47
DM,41
PP,18
RM,10
PF,7
PP,22
PP,16
DM,36
DM,32
PP,19
RM,8
DO,44
DM,41
PP,20
PP,20
DM,43
DO,41
DO,52
DM,43
DM,49
DM,44
RM,12
DM,41
OT,27
RM,11
DM,31
OL,29
DM,47
DM,36
DM,44
PP,17
DM,48
DS,111
PP,22
RM,10
PF,8
DM,43
DM,41
DM,31
PF,9
DM,51
PP,21
PF,8
PP,20
PF,7
DM,47
PP,15
PP,19
PP,18
PF,9
DM,26
PP,11
PP,24
OL,19
NL,183
PF,8
DM,21
DM,56
DM,46
DM,41
DM,43
PP,11
OL,16
PP,20
DM,42
RM,12
DM,48
PP,20
PP,14
OL,19
PP,17
PP,16
DM,43
PF,9
DM,40
DM,46
PF,8
DM,27
PP,22
DS,112
OL,26
PP,15
DM,46
DM,39
PP,15
PP,14
DM,42
DM,55
PF,8
PF,9
PF,8
PP,18
OL,21
OL,17
PP,16
DM,46
RM,13
PP,20
PF,9
PP,18
DM,46
RM,14
DM,45
DM,48
DM,39
OL,23
PP,17
DM,49
PP,16
DM,28
PP,17
PP,16
DM,49
DM,45
DM,52
DM,39
RM,16
PP,14
PF,8
DM,45
DM,43
DM,47
PF,9
OL,27
NL,220
DM,43
PF,7
PP,14
DM,48
DM,42
DS,112
DM,44
PP,16
DO,48
DM,41
DM,38
PF,9
DM,52
DO,52
PF,8
PP,18
DM,42
PF,7
PF,7
RM,9
DM,45
RM,14
DM,37
PP,19
DM,14
PP,14
DO,48
DO,52
DM,44
DM,39
DM,42
DM,42
DM,48
DM,44
DM,44
PP,18
PP,14
RM,15
PF,7
OL,18
PP,16
PP,14
DM,39
DM,43
DM,42
DM,48
OL,12
DM,44
DM,42
PF,7
RM,15
DO,50
DM,42
DM,44
DM,27
PE,18
PF,7
PF,8
DO,50
NL,226
DM,40
DM,41
PF,8
PF,7
DM,23
DM,36
DM,38
PF,9
DM,38
PF,9
PF,7
DM,42
DM,24
DO,47
PF,7
PF,7
DM,43
DM,42
PF,7
DM,36
DM,45
PF,6
PF,8
DM,42
DM,47
DM,41
DM,45
DO,39
DM,42
DM,39
DM,36
DM,43
PP,19
PP,14
OL,22
DM,40
DM,44
DM,44
DM,43
DM,47
PF,9
PF,8
DO,47
PE,19
PE,17
DM,44
PF,7
DM,41
PF,10
DO,49
DM,42
DM,38
DM,41
DM,42
DM,38
DM,45
PF,9
DM,38
DM,28
PF,7
DM,45
DO,46
DO,46
PF,7
DM,44
DM,52
DM,48
DM,41
DM,44
DO,37
DM,44
DM,43
DM,43
DM,43
DO,48
DM,46
PF,8
DM,40
DM,46
PF,7
DM,47
RM,16
OL,23
OL,19
DM,44
DM,43
DM,46
DM,38
DM,40
PF,7
DO,47
DO,51
PF,7
RM,10
DM,46
PF,8
DM,45
DO,41
PF,8
DM,41
DM,37
DM,49
DM,39
DM,33
DO,52
DM,44
PF,9
DM,41
DM,47
DM,47
RM,9
DM,39
OL,24
DM,44
DM,43
DM,54
DM,34
OL,19
DM,51
DM,47
DM,48
DM,41
DO,51
DO,48
DM,44
DM,37
DM,42
DM,47
DM,43
DM,45
DM,48
DM,46
RM,10
DO,33
DM,40
DO,51
DO,61
DM,46
PF,9
PF,9
OL,25
RM,11
RM,12
DM,36
DO,52
DM,53
DM,48
DM,48
PF,9
DO,62
DM,45
DM,49
DM,46
DM,45
DM,45
DM,43
DM,44
DM,48
DM,52
DM,41
DM,49
PF,9
DM,50
RM,8
RM,13
PE,20
DM,43
DM,54
RM,10
DM,47
DM,47
DM,45
OL,20
DM,45
DM,39
DM,41
DM,43
DM,49
RM,12
DO,39
OL,24
DM,46
RM,18
DM,43
PF,9
DM,47
DM,40
DM,57
DM,45
DM,47
DM,23
DO,54
PF,7
DM,22
DM,24
RM,10
PF,10
DM,48
PF,8
DO,27
DM,46
DM,50
DO,26
DO,50
PF,9
RM,16
DM,42
DM,36
PF,5
DM,45
DM,51
DM,42
PM,49
RM,14
DM,35
DO,53
DM,47
RM,16
OL,24
DM,49
DM,53
PP,16
RM,13
DM,39
DM,40
DM,46
DM,45
DM,48
RM,16
DM,45
DM,48
DO,46
PF,9
DM,53
DM,50
DM,32
PF,9
PF,10
PF,9
RM,9
DM,10
DM,43
DO,48
RM,21
DM,43
PF,7
DM,55
DM,49
PF,8
DM,56
PF,9
DM,45
PP,21
DO,38
RM,13
DM,42
RM,9
DO,55
DM,44
DM,49
DM,51
DM,55
DM,49
DM,31
DM,46
DM,46
DM,30
DO,53
DM,44
DM,46
DM,48
DM,49
DM,52
DM,50
DM,51
DM,37
DM,33
DM,49
DM,45
DM,47
PP,21
DM,46
RM,17
PP,20
RM,21
DM,47
DM,46
RM,14
DM,38
DO,55
PP,20
PE,22
RM,20
DM,43
PF,9
DM,52
PF,11
DM,57
PP,18
PP,21
RM,11
DM,48
PF,9
DO,50
PP,20
DO,55
PP,22
OT,23
DM,45
DM,49
DM,51
DO,57
DM,46
DO,56
DM,40
DM,47
DM,44
DM,53
DM,45
DM,23
DM,46
DM,47
DM,40
RM,14
RM,18
DM,44
DM,48
RX,20
DM,43
PE,17
DM,35
PF,9
DM,42
RM,9
DM,54
DM,47
PP,17
PE,19
DM,50
DM,50
DM,44
PF,10
OL,29
PF,9
DM,44
DM,47
PP,16
PP,20
DO,55
DM,57
PE,18
PE,23
PP,24
PP,9
PM,31
DM,23
DM,54
DM,30
OL,34
PP,15
DM,22
DM,53
DM,52
PP,18
DM,25
DM,21
DM,42
DM,41
PF,10
OL,27
PP,21
DM,19
DM,51
PP,22
DM,13
DM,44
DM,45
DM,39
DM,49
DM,46
DM,47
DM,41
DM,35
DM,50
DM,38
DM,51
PF,9
OL,29
DO,54
DM,48
RM,10
PP,18
DM,56
PF,10
DM,44
DM,18
PP,14
DM,22
DM,39
PP,18
PP,20
DM,27
PP,22
DM,26
RM,13
DM,49
DM,37
PP,21
DM,41
PP,18
RM,13
RM,11
PP,19
RM,12
PP,17
DO,49
PF,9
PP,21
DM,43
PM,27
DM,45
DM,36
PP,16
PP,19
DM,45
PP,15
DM,21
DM,41
DM,46
PF,5
PP,17
PF,8
DM,46
DM,46
PP,16
DM,28
DM,31
DM,48
PP,22
DM,40
DM,25
DM,47
OT,32
RM,15
DM,38
DM,50
DM,51
PP,24
DM,40
OL,35
DM,42
DM,47
PP,17
DM,35
PP,19
DM,42
DM,49
PF,12
PP,15
PP,17
DM,45
PH,42
DM,37
PP,11
PP,19
PM,23
RM,12
PP,9
PP,18
RM,9
DO,31
PP,22
PH,29
DM,50
DM,43
PP,22
DM,50
PP,22
PP,17
PP,20
DM,31
PP,19
PP,15
PP,13
PF,10
PF,8
PP,13
DO,24
DM,46
DM,31
DM,56
PP,23
PP,16
PP,21
NL,149
PP,20
PF,10
DM,40
DO,55
PP,16
PF,9
DO,55
DM,52
DO,56
PP,13
PF,7
DM,43
PP,9
OT,28
DM,47
DM,20
DM,48
OL,27
DM,48
DM,21
PP,14
DM,57
PF,7
DM,48
PP,17
PF,11
DM,21
PP,8
RM,13
DM,49
PP,20
PP,24
DM,50
PP,18
DM,56
PP,20
PP,18
PP,18
DM,56
PP,17
DM,34
PP,12
PP,20
DM,50
PP,14
PF,12
DM,34
OL,32
RM,14
DM,46
DM,53
DM,45
PP,13
PP,18
PP,19
RM,10
DM,57
PP,17
PP,18
PP,19
PP,21
DM,46
PP,14
PF,8
PF,10
RM,11
DM,26
PP,20
PP,19
PP,18
DM,42
OT,29
PP,19
RM,13
DM,60
DM,41
DM,39
PP,15
DO,45
PP,17
PF,10
OT,19
DM,50
DM,58
PP,18
PP,20
DM,44
DM,53
PP,16
PP,17
PP,18
PP,21
PF,8
PF,9
PP,16
PP,24
PP,12
PP,17
OL,34
DM,45
PP,19
DM,34
PP,19
PP,18
RM,14
PP,12
OL,35
PF,10
PP,14
PF,7
PP,18
PP,17
RM,15
PP,20
DM,41
DM,45
PF,8
DM,52
DM,46
PF,7
PP,18
OT,19
PP,19
PP,20
PP,12
PP,16
DM,41
DM,56
RM,12
PP,18
PP,21
DM,47
OT,25
DM,48
PP,18
DM,50
DM,56
PP,17
OL,27
PP,17
PP,11
DM,49
DM,36
PP,14
DM,54
PP,19
DM,53
PP,18
PP,12
PP,15
PP,19
OL,27
DM,46
PP,17
PE,27
PP,13
PP,17
PP,18
OT,27
PP,19
DM,43
DM,48
PP,19
PP,17
OT,23
DM,47
PP,18
DM,42
PP,11
PF,11
OL,22
RM,17
RM,19
RM,13
PP,17
RM,17
PP,13
PP,16
PP,15
PP,15
PF,7
PP,17
PH,35
PF,9
PP,15
RM,10
PP,16
PF,10
PF,8
PP,18
PF,11
RM,15
DO,59
DM,43
DM,53
PP,20
PP,14
PP,17
PF,9
PF,8
PP,17
DM,50
PP,14
PP,18
RM,13
DO,47
DM,53
PP,14
PF,9
PF,8
DM,42
DM,28
PB,30
PP,17
DM,46
PP,16
PF,9
RM,11
DM,43
DM,53
OT,27
DM,39
PP,23
PP,18
OT,31
PP,19
PP,18
PF,11
PP,16
NL,165
PF,10
PP,17
DM,51
DM,56
PP,19
PP,23
PP,17
PF,7
PP,17
PF,10
DO,61
PE,17
PF,7
PP,17
PP,18
DM,49
PP,15
DM,51
PP,19
PP,17
PP,17
PF,9
PP,15
PP,26
OL,26
PP,22
PP,15
DM,51
PP,21
PP,15
DM,53
DM,51
DO,50
PP,18
PP,15
OT,26
PF,10
PP,15
PP,20
PF,9
PP,14
DM,44
PP,17
PP,15
PP,16
DM,51
DM,55
PF,8
PP,16
PF,7
OT,35
PP,17
PF,8
PP,17
DM,60
OT,23
DM,51
PF,10
OT,20
DM,47
RM,16
PP,18
DM,51
OL,28
PP,16
PP,18
DM,53
PF,9
PF,10
PP,15
DM,55
PP,20
PP,16
DM,49
OL,30
PF,12
DM,50
PP,13
PP,16
PP,15
PL,25
DM,47
PF,9
PP,19
OL,26
PP,17
PP,14
PP,15
PP,16
OT,24
PP,15
RM,13
PP,14
PF,9
PF,9
DM,40
PF,8
PP,16
PF,10
PF,10
PE,26
PP,17
PE,17
DM,50
DM,44
PP,15
PP,16
DM,52
NL,138
PP,15
PF,9
PP,16
PP,14
PP,18
DM,44
OT,22
PF,9
PF,7
PP,17
PF,8
PF,9
PF,10
DM,48
PP,19
DM,51
DO,62
DM,31
DM,57
PP,15
PB,31
PP,18
PB,39
PP,17
PP,16
DO,59
PF,9
PP,16
PP,17
PF,9
PP,13
RM,10
DM,44
DM,51
PP,14
DM,55
PF,11
PP,13
PF,8
PP,14
PF,9
PF,8
OT,21
RM,15
DM,52
PP,19
DM,31
OT,26
DM,62
NL,171
PF,7
PF,8
OT,23
PF,8
DM,43
PF,10
PP,14
PF,8
PF,9
PE,17
PP,17
RM,11
PF,9
OT,25
PP,17
OT,26
PP,16
DM,39
PF,10
DM,45
PP,17
PF,8
DM,44
PF,9
OL,29
OL,33
PP,16
DM,44
OT,19
RM,11
OT,27
DM,51
DM,47
PP,14
PP,18
PP,13
DM,49
PP,15
PP,15
OL,21
PF,10
PP,16
PP,14
DM,50
DM,48
PF,11
DM,45
PB,29
PF,7
PP,16
DM,48
PP,16
PF,10
DM,50
DM,50
DM,51
PP,18
PF,8
PP,15
DM,34
PP,9
DM,48
PF,8
PP,15
PP,16
PF,9
OT,23
PF,8
PP,13
PF,10
DM,43
DM,53
PP,15
PP,19
DM,44
DM,50
DM,50
PE,23
PP,15
PP,14
DM,44
PF,8
PP,14
DM,47
PP,18
DM,46
PP,15
PP,14
DM,58
DM,47
PF,7
PF,5
PF,10
PF,12
DM,50
NL,152
PF,10
PP,19
RM,10
DM,40
DM,43
PF,9
PP,14
RM,14
PB,40
PP,16
PF,9
PF,8
PF,8
DM,49
DM,43
PF,8
RM,12
PM,21
RM,11
PF,6
DM,50
RM,10
PM,21
PP,16
DM,41
DM,29
PP,16
PF,12
DM,48
PP,14
DM,49
PF,11
PP,18
PP,14
PF,9
PF,8
PF,10
OT,28
OT,23
PF,5
DM,54
DM,47
RM,13
DM,44
DM,43
RM,12
DM,22
DM,43
PF,9
DO,37
DO,55
PP,23
PF,9
PP,16
PE,30
DO,59
PF,7
DO,52
PP,15
RM,8
DM,53
RM,7
PF,9
PP,18
DM,51
PF,8
DM,51
DM,50
RM,17
DM,49
PF,7
DM,51
PP,12
OT,25
RM,10
DM,52
PF,9
DM,47
DM,50
OL,26
PP,14
DM,53
PP,15
DM,34
DM,46
DM,54
OL,24
DO,46
PF,7
DO,50
PP,17
DM,49
OT,25
OT,20
DM,40
DM,50
DM,48
DM,52
PF,9
DM,51
PP,14
DM,53
DM,31
DM,50
DM,49
RM,11
DM,63
RM,15
DM,53
DM,51
DM,48
DM,23
PF,8
DM,60
DM,42
RM,12
PP,15
NL,160
PB,39
RM,9
DM,42
DM,57
DM,56
RM,11
DM,45
PB,30
DM,57
PL,21
DM,27
OT,27
RM,12
DM,30
DM,49
DM,36
PF,8
PP,17
DM,42
PF,6
PM,23
PL,21
PF,8
PF,10
DO,54
OT,22
DM,61
PP,16
PF,9
DM,52
DM,47
DM,31
PF,10
PF,9
PF,7
DM,54
DO,60
OT,23
OT,29
PF,9
RM,9
OT,31
DM,44
DM,46
RM,12
DO,57
OT,27
DM,51
PF,11
DM,49
OT,22
OT,20
DO,47
DM,52
PF,9
DM,55
DM,48
PF,9
DM,50
DM,50
RM,10
DM,45
PM,24
DO,49
DM,48
DM,49
DM,49
DM,43
DM,42
DM,34
PP,12
DM,48
PP,14
DM,21
DM,27
PP,14
DO,39
PF,7
DM,27
DM,25
DM,25
PL,21
DM,47
PF,9
DM,27
DO,66
DM,49
DM,54
PB,38
DM,51
PP,16
PF,9
DM,51
DM,43
DM,44
DM,45
DM,42
DO,42
DM,46
DM,56
PB,46
PF,6
PE,23
DO,54
DM,49
RM,10
DM,56
PM,31
DO,54
PP,16
DO,48
PF,6
PF,10
DM,40
DM,58
PL,24
DO,53
RM,17
DM,50
PE,25
DM,47
PE,25
PF,9
OT,25
DM,44
DM,55
DO,64
PF,9
PE,19
DO,52
PP,17
DM,37
PF,7
DM,53
DO,52
PF,9
DM,54
DO,60
PF,11
PF,9
DM,55
DM,50
PF,5
PF,8
PF,9
PF,9
PP,18
RM,10
PF,11
PF,9
PF,9
DO,44
DO,50
PF,9
DM,46
DM,36
DO,44
DM,46
DM,52
DM,37
DM,54
DM,36
RM,12
DM,54
DM,62
DM,60
DM,54
DM,29
DM,62
DM,52
DO,44
OL,30
DO,55
DO,48
DO,51
PF,7
DM,30
DM,45
DM,52
DM,53
DM,48
DM,45
DM,44
DM,53
PP,15
DM,36
DM,56
DM,53
PF,7
DM,51
DO,34
DO,49
PF,7
DO,47
PF,11
DM,51
DM,43
DM,43
PL,20
DM,55
DM,45
PF,10
PE,22
DM,45
DM,49
RM,12
DM,34
DM,48
PP,21
DM,44
PF,9
PP,17
DM,58
RM,11
DM,44
DM,37
PP,16
DM,33
DM,54
DM,49
DM,51
DO,47
DM,49
RM,11
PB,42
DM,55
PF,9
PM,16
RM,14
PB,31
PF,8
DM,45
DM,46
RM,11
PF,9
PE,17
PF,7
RM,12
DM,40
DM,28
DM,34
DO,59
DM,52
PM,21
DO,49
DM,51
DM,54
DO,47
PP,20
PE,24
PM,24
OT,23
PE,24
PF,9
OT,26
PE,19
DM,46
DM,54
PF,9
DM,47
PM,22
DM,53
PF,9
RM,13
DM,53
PP,20
PP,18
PE,18
OL,26
DO,54
PF,10
DO,47
PM,21
PE,21
PP,24
PF,8
DO,50
PF,10
DM,51
PM,23
DO,62
DM,49
DO,40
PF,9
DM,53
OL,28
DO,40
OL,26
OT,23
PF,7
DM,28
DO,51
PF,8
DO,51
DM,51
PP,16
DM,42
DM,50
PP,20
PF,11
DM,35
PF,11
DM,48
PF,9
DM,37
DO,58
DM,43
DM,47
DM,52
DM,46
DM,48
RM,10
PF,10
PF,8
DM,51
PF,8
PF,9
DM,32
PF,10
DM,36
PF,10
DM,50
PF,10
PF,9
DO,50
DM,48
DM,52
PF,7
PP,15
DM,47
PF,8
PF,7
DO,37
DM,50
DM,39
PP,21
DM,49
PF,8
DM,43
DM,43
PF,10
DM,47
PF,10
DM,55
PF,10
OT,28
DO,38
DM,52
PF,9
DM,41
DM,38
DM,23
PP,18
PF,8
RM,10
PE,21
PF,10
PP,20
PF,8
DM,39
DM,43
DM,48
PF,9
PM,21
DM,53
RM,13
PM,17
PP,16
DM,48
RM,11
DO,53
DM,49
PM,18
PE,22
PF,7
PF,9
DO,50
PE,21
PF,11
PP,20
PF,8
RM,12
PF,9
PP,24
PB,49
DO,51
PP,24
PP,21
RM,12
RM,11
PF,10
PP,17
DM,45
PF,8
OL,26
PE,18
DM,58
DM,44
DM,52
PP,19
DM,41
PP,21
OT,23
OT,24
PP,20
RM,10
RM,13
PM,14
PF,7
DO,37
PF,10
PF,8
PM,20
DM,48
RM,10
DO,46
PP,18
RM,11
PM,23
PF,8
PL,19
OT,25
DM,53
DM,49
DM,50
PF,6
OT,31
OL,28
PF,8
PE,25
DM,36
RM,11
PP,19
RM,10
PP,23
DM,42
PF,10
PF,10
RM,11
PP,24
PP,22
PP,21
PP,24
PE,25
RM,11
PP,17
RM,11
RM,12
DM,42
PE,20
PE,24
PF,9
DM,49
OT,30
RM,12
PF,9
DO,48
DM,31
PP,21
PF,7
PF,8
PP,16
PM,20
DM,36
RM,11
DM,51
DM,53
PP,18
DM,48
PP,22
DO,54
DM,50
DO,56
DO,49
PM,14
DM,47
DO,43
RM,10
PP,15
DM,48
PP,18
DO,49
DM,40
RM,10
PP,25
DM,39
DM,49
PP,22
DM,47
PM,21
DO,36
PP,19
PM,17
DM,26
PF,9
PF,8
DM,40
PF,10
DM,27
PF,8
RM,10
PE,20
PF,10
PM,18
PF,9
DM,39
DM,48
RM,10
PP,20
PF,8
PP,20
PF,8
RM,15
DM,49
RM,11
PP,18
DM,49
PF,11
PF,8
PP,20
PF,7
RM,14
RM,12
DO,51
DO,52
PP,18
PF,9
RM,11
DM,45
DM,56
PF,7
DM,51
PF,9
PF,9
PP,23
DM,52
PF,9
PP,21
RM,11
PP,21
DM,44
PL,20
RM,12
PF,8
DM,49
PF,8
DM,51
DM,43
PP,26
OT,23
RM,11
OL,27
PP,18
RM,9
RM,13
DO,38
PE,25
PF,8
PP,20
PM,17
DO,37
PF,9
RM,11
RM,10
PP,25
RM,9
PP,21
PF,7
PP,18
PE,22
PE,20
PF,9
PP,20
PM,21
DM,30
PE,19
PP,22
RM,10
DM,51
PP,20
PF,8
PF,8
PF,8
PF,7
PP,25
DO,46
PP,22
DM,49
DO,41
DM,49
PP,17
DM,49
DM,19
DO,50
DO,22
OT,25
RM,12
DM,50
PM,22
PF,7
DO,46
PF,8
PF,9
DO,49
PP,15
DM,37
DO,50
DM,44
DO,42
PE,19
DO,49
DM,50
RM,11
PF,11
DO,51
DM,47
DO,48
DO,49
PF,8
RM,14
PF,9
PF,12
PP,23
PM,17
DO,30
PF,7
PP,24
PF,8
DO,29
PF,8
PM,13
PP,11
PP,20
RM,13
PP,19
PF,8
PF,8
PF,7
PF,8
DM,44
DM,35
PF,8
DO,23
DM,51
DO,49
PP,42
DM,51
OL,27
RM,11
OL,23
PP,16
PF,8
PF,7
DM,49
DM,54
PF,13
OT,29
DM,39
PF,8
DM,46
DO,48
DO,41
PF,12
DO,41
RM,11
PP,14
PP,23
DM,42
PF,7
DM,48
PP,18
DO,51
DM,47
DM,46
PP,16
PP,22
DM,47
DM,36
PF,10
PE,22
DM,49
PF,9
RM,16
PF,9
DM,38
DO,58
PF,9
PF,8
DO,59
DO,53
PF,8
PP,16
DM,53
PP,16
DM,45
PP,18
RM,10
PF,7
DM,41
PM,14
PF,9
PP,16
PP,18
PM,18
PP,20
PF,12
RM,9
PF,10
DO,34
PP,7
PF,8
PF,8
PP,18
PP,18
PF,8
DM,46
DO,45
PP,21
PP,11
NL,118
DM,41
PP,12
RM,11
DM,42
DM,53
PP,20
PM,20
DM,55
PP,21
DM,49
PF,7
DM,48
DM,54
DM,54
PP,13
DM,45
PF,8
PP,13
PP,21
PF,8
DM,53
DM,48
DO,46
DM,49
PF,7
DM,54
DM,22
PP,19
PF,9
DM,44
DM,20
DM,45
DM,47
PF,9
PF,10
PP,21
RM,11
PF,8
PF,8
DM,47
PP,12
PF,7
DM,27
DM,42
PP,18
PP,21
PP,23
PE,24
PE,21
PP,20
PF,9
DM,51
PP,20
DM,47
DO,27
DM,56
DO,35
PF,9
PP,19
PF,9
DM,49
DO,47
PF,9
DO,46
OT,26
DM,42
PF,9
PP,20
PF,11
OL,29
DM,47
PF,8
PF,9
PF,8
PP,26
DO,47
PF,8
PF,9
DO,32
PF,10
DO,47
DM,47
PF,9
DM,47
DM,41
OT,27
DM,49
DM,40
DO,31
DO,45
PF,8
PF,8
PF,9
PF,9
PF,9
PP,18
PP,21
RM,12
PF,8
PP,20
PF,9
PF,9
DM,51
DM,49
PP,10
DM,24
OT,30
DO,44
DM,61
PF,9
DM,51
PB,26
PP,12
PF,8
DM,45
PF,10
PP,20
OT,30
PP,12
PP,20
PP,19
PP,12
PF,10
DM,53
DM,42
PP,18
PF,7
PF,10
PP,18
DO,49
PP,19
PP,18
DO,43
PF,9
PP,25
PP,21
DM,48
PP,14
PP,12
PF,8
PP,16
DM,41
DM,51
PF,9
PP,17
RM,12
PF,10
PB,26
PF,7
PP,17
PF,9
PF,6
OT,24
DM,49
PP,20
PP,19
PF,9
RM,11
PF,9
DM,53
PP,23
PF,9
PP,12
PP,16
PP,21
DM,22
PP,14
DM,51
OT,25
PP,13
PM,20
PF,10
PF,10
PP,24
DO,47
DM,50
PP,13
PP,19
DM,46
RM,12
PP,19
PF,7
PF,8
PF,10
DM,38
PF,8
DM,51
DM,52
DO,49
PE,28
PF,7
DO,52
DO,48
PP,18
PF,9
DM,40
DM,41
DM,56
DO,50
DM,48
DO,48
PF,10
PP,10
DM,47
PP,14
DO,39
PP,21
PP,21
PF,5
DM,49
PF,9
PF,7
PF,10
PE,23
DO,47
DM,33
PF,9
PF,5
PP,15
PP,19
DM,43
DO,42
PP,21
DO,49
PP,15
DO,49
PF,9
PP,22
DM,50
DM,26
PM,19
PF,9
DM,43
DO,52
PF,9
PP,18
PF,8
DM,46
DM,52
OL,40
DM,44
DM,49
DO,33
DM,31
DM,48
PF,10
OT,29
PP,13
OT,26
DO,42
DM,46
PM,13
OL,21
PP,17
PP,18
PF,9
PP,23
OT,23
PF,9
PF,8
DM,44
PP,16
DM,42
RM,12
PP,14
PP,22
PP,17
PP,19
PF,8
PP,23
PP,16
PP,10
PP,18
PP,17
DM,47
PP,20
DM,49
DM,46
PP,19
PP,20
DM,49
PP,17
PP,21
PF,9
PP,21
PF,7
DM,49
PP,20
OT,28
DM,51
PP,19
PF,10
DO,58
PP,23
PP,20
PB,24
PP,12
DM,53
PF,7
PF,10
PF,7
PP,21
PP,26
PF,6
PP,19
PF,8
PF,6
PP,13
DM,49
DO,54
PP,20
PF,9
PF,10
DO,49
DM,51
DO,51
PP,23
PF,11
DM,41
DM,46
PP,25
PP,19
PP,17
PF,9
PP,23
PF,10
DM,48
DO,52
PF,8
PP,15
OT,32
OT,22
DM,47
DO,58
DO,52
DO,51
DM,55
DM,45
DM,44
PF,13
DM,55
PP,23
OT,19
DO,54
PF,9
DO,50
DM,39
DM,44
DO,53
DO,51
PP,18
DM,45
PP,19
PP,18
DM,46
PB,23
DM,42
PP,18
PP,16
PF,8
PP,15
PP,17
DM,57
PP,20
DM,47
DM,44
PP,19
PP,16
PP,22
PF,10
DO,23
PP,20
DM,44
PP,18
PP,18
PB,32
DM,44
PP,19
DM,40
PP,19
PP,18
PP,17
PP,16
DO,46
PP,15
PP,20
PP,16
PP,21
PP,18
PP,15
DM,49
PF,11
DM,46
PP,19
PP,19
PP,16
PP,21
PP,17
PF,9
DM,49
PP,16
PP,15
PP,15
PP,13
DO,48
PP,17
PP,15
DM,41
DM,45
DM,48
PF,9
DO,59
DO,55
DM,52
DM,45
PP,19
PP,18
PF,8
PF,8
PP,17
PF,8
DM,43
PP,13
PP,12
DM,45
OT,22
PP,11
OT,22
PP,15
PP,21
PP,11
PF,8
PP,17
DM,49
DM,47
PP,18
PP,17
PP,19
PF,8
DO,45
DM,41
DM,47
PP,14
PP,15
PP,13
PF,10
PP,17
PP,16
OT,24
PP,16
PF,11
OT,21
PF,9
PP,20
PP,18
DM,21
DM,48
PP,18
PP,22
DM,26
OT,23
PP,11
DM,28
PB,31
PP,16
PB,32
DM,47
DM,44
OT,27
PP,17
DM,35
NL,184
DM,41
DM,42
PP,14
PF,8
PF,8
PP,17
DM,54
OT,31
PP,17
OT,21
PF,7
DM,22
PP,20
OT,13
DM,31
OT,22
DO,41
PB,36
DM,49
PF,7
OT,27
DM,46
DM,50
PF,8
DO,52
DM,43
OT,15
PM,20
PF,8
PP,21
PF,7
PP,21
DM,52
PP,21
PB,24
OT,29
DM,50
DM,42
PB,25
DM,49
OT,27
OT,20
PP,14
PF,9
PB,40
PB,32
PF,8
PP,16
PP,16
OT,24
DM,42
DM,50
PP,20
DM,54
PP,15
PP,18
PF,10
PP,11
PP,16
PP,17
PF,9
PF,9
DO,54
OT,25
DM,43
OT,16
PF,9
DM,48
DM,51
OT,18
PF,7
OT,28
PB,26
OT,24
OT,14
PP,15
DO,61
DO,50
PF,8
PP,16
DM,49
PP,19
DM,47
PP,16
DM,49
PP,18
PP,14
PF,8
DM,57
OT,16
DM,33
DO,52
OT,21
DM,30
PF,5
OT,22
PP,20
OT,19
PF,5
DO,40
PF,8
PF,8
PF,9
DM,50
PM,19
PF,8
PP,17
DM,35
PE,26
DM,48
OT,27
PF,8
PB,29
PP,14
OT,16
OT,25
DM,45
DM,30
PP,15
DM,47
PP,19
DM,53
RM,11
PF,9
PP,15
OT,28
RM,14
OT,25
DM,45
DM,46
PF,9
DM,27
PF,8
OT,14
DM,44
PM,20
PE,19
DM,50
PP,16
DM,40
DM,36
PF,7
PE,20
DM,48
OT,22
PB,34
NL,185
DM,41
DM,20
PF,7
DM,27
PP,18
DM,35
OT,20
PF,8
PP,17
PB,26
PF,8
PP,18
DM,33
OT,17
PB,37
DM,35
DO,49
DM,48
PF,8
DO,45
DM,54
PP,20
PB,26
PF,7
DM,45
PL,23
DM,43
PB,35
PF,8
PB,31
PF,8
DM,42
NL,127
DO,38
DM,45
OT,25
DM,34
OT,30
PB,38
PF,7
PF,7
PP,16
OT,23
PF,8
OT,24
DM,41
OT,17
PP,15
DM,46
OT,21
OT,24
OT,21
DM,45
DO,55
DO,49
DO,50
PF,7
DM,26
DM,24
PF,6
DM,50
OT,26
PB,30
DO,46
PP,15
PF,7
PP,15
DM,41
PP,16
OT,22
PF,7
PF,7
DM,48
DM,47
DM,46
DM,43
DM,45
OT,28
PF,9
PF,7
DO,54
DM,47
PF,9
PF,6
OT,23
PP,16
PP,17
DM,42
DO,42
OT,22
PP,15
PP,18
DM,47
PF,9
OT,13
OT,24
PF,8
OT,22
OL,30
OT,19
DM,36
PF,7
PP,17
DM,44
PF,8
DM,40
PP,19
DM,43
DM,35
PF,7
RM,13
PM,23
DM,38
PF,7
DM,48
DM,42
DM,49
DM,40
PF,9
DM,42
DM,41
DM,43
RM,10
DM,36
OT,25
OT,25
DM,47
PM,25
NL,130
PB,34
PB,30
DM,40
DM,42
OT,21
DM,47
PM,23
OT,21
DM,35
DO,49
PF,7
PF,7
NL,148
DM,34
OT,27
DM,51
DO,46
NL,144
DM,47
OT,23
PE,24
RM,12
PF,8
PE,25
OT,20
OT,28
PB,27
PM,21
DO,45
PE,23
DM,39
DM,47
PB,29
RM,11
DM,49
PF,9
PF,7
PF,8
DM,40
DM,39
DM,24
RM,12
DO,34
PF,8
DO,41
PB,33
DM,51
DM,33
PP,15
OT,27
PM,19
DM,40
DO,54
OT,24
OT,24
RM,11
PF,7
DM,39
DM,33
OT,29
DM,43
DO,50
PF,8
DM,36
DM,39
DM,48
DM,38
DO,46
PF,7
OT,18
DM,39
DM,42
PF,7
DM,47
PF,7
PF,7
DM,38
DM,46
DM,43
DM,44
DM,39
PF,7
OT,21
DM,43
OT,23
DO,45
PF,8
PF,7
OT,22
OT,20
DO,55
DM,52
OT,25
DM,44
DM,38
PF,8
RM,10
RM,16
DM,44
PB,34
DM,48
DO,36
RM,11
DM,38
DM,47
OT,20
PF,8
PM,19
RM,11
RM,10
PF,7
OT,27
DM,47
OT,22
RM,11
DM,52
DO,38
PF,8
PM,24
PF,7
PF,8
PF,8
DM,40
PF,10
DM,35
DM,46
OT,24
DM,45
DM,36
DO,52
OT,23
DO,52
DM,45
PM,28
PF,7
DM,41
PM,24
RM,13
PF,7
DO,43
OT,27
PF,8
DM,40
RM,11
RM,14
RM,12
DM,41
RM,9
RM,12
DM,47
PB,26
DM,37
RM,9
PB,28
DM,40
PB,44
DM,46
PM,20
PB,45
DO,50
DM,50
PM,28
DM,40
DO,54
DM,47
PM,33
PM,21
PF,6
RM,9
DM,41
PM,11
DO,46
DO,57
DM,37
PM,12
DM,46
DM,50
RM,11
DO,50
DM,36
DM,42
DM,51
DM,41
DM,42
DO,53
DM,49
DM,40
DO,45
OT,25
DO,58
DO,48
PB,39
DM,43
OT,24
DM,50
DO,53
DM,40
DM,35
DM,40
DO,25
PF,7
DO,54
RM,14
OT,25
DM,38
DM,40
OT,20
OT,23
DM,36
RM,13
PF,6
DM,41
DM,45
DM,46
DM,51
DM,49
DO,44
OT,25
DM,39
DM,52
DM,42
PM,23
PM,23
DM,51
DM,39
RM,9
PB,32
PF,8
OT,22
OT,19
DM,43
DM,51
RM,11
DM,47
PF,8
RM,10
DM,53
DM,39
PB,30
DO,47
DM,49
RM,9
PM,24
DM,42
DM,44
PF,8
RM,9
DO,47
DM,44
OT,22
PF,7
DO,32
DM,50
PF,8
DO,27
PM,21
DM,40
RM,9
PE,20
DO,55
PM,23
DM,36
DM,48
PL,21
PM,30
DM,42
DO,45
RM,12
RM,11
DM,43
DM,41
PF,9
DM,42
RM,9
DM,38
PF,7
DO,51
DM,42
RM,11
PF,7
DM,50
DO,50
DM,42
DM,20
RM,11
OT,24
DM,49
DO,35
PF,9
PF,9
PM,26
PL,27
OT,29
DM,49
PB,42
PX,20
PE,22
DM,51
DM,52
PB,37
OT,28
PM,11
DO,56
PB,38
PM,21
RM,11
PM,22
DM,41
DM,40
DO,49
DM,37
PB,43
DM,45
PF,7
DO,47
RM,10
RM,11
DM,46
DM,49
DM,51
DM,40
RM,10
DM,35
RM,12
PB,39
RM,12
RM,11
RM,11
PF,10
PB,34
DM,45
DM,43
DO,50
DM,45
RM,11
PM,22
RM,10
OL,35
RM,9
DO,52
DM,51
DO,57
OT,25
RM,10
OT,25
DM,57
DM,40
DM,53
DM,52
RM,11
RM,11
DO,48
RM,12
DO,48
DM,47
DO,57
OT,25
DM,47
RM,11
RM,10
OT,23
OT,23
PL,21
DM,48
DM,39
RM,8
DO,51
DM,45
DO,46
DM,49
RM,9
DO,56
DM,43
RM,12
RM,10
DM,56
DO,55
DM,37
OT,23
DO,57
DO,49
OT,22
DM,47
OT,26
PM,19
DM,42
PF,7
PM,19
PB,35
DO,53
DM,46
DM,53
DM,54
DO,48
RM,10
RM,11
OT,24
PL,22
DM,47
PF,8
DO,46
DM,47
RM,11
DM,39
DM,37
PF,9
DM,46
DO,52
DM,49
DO,52
PF,8
DM,43
DM,45
DO,45
OT,20
RM,9
PB,36
PM,18
DM,46
DM,51
DM,39
DM,47
DM,41
PF,7
DM,47
RX,11
DM,48
PM,22
PF,7
OT,22
DO,59
DM,46
RM,10
DM,50
DM,47
DM,47
DM,43
PL,23
DM,41
DO,51
PX,18
OT,20
PF,7
DM,36
PM,16
DO,40
DM,45
DO,48
DM,40
PF,6
RM,12
OT,24
RM,11
DO,52
DM,38
PF,8
DM,43
DM,51
DM,48
DM,39
DM,49
RM,10
DO,55
PF,7
OT,25
PM,18
RM,18
DM,51
DM,51
PF,8
RM,10
RM,12
OT,27
PP,22
PM,30
DM,54
PF,8
RM,12
DM,52
DM,42
DM,40
PF,7
RM,12
RM,13
DM,46
PE,27
DM,48
RM,11
PP,18
DM,51
DO,65
DM,50
PM,22
DM,56
DM,44
RM,11
DM,48
PB,38
DM,39
RM,11
DM,53
PP,22
PM,29
DM,46
RM,10
PF,8
PF,10
DM,47
DO,54
OT,39
DM,41
DM,57
RM,10
DO,60
DM,48
PF,9
PM,25
DM,53
DM,43
PM,23
DM,50
RM,9
RM,11
DM,44
DO,58
RM,11
DM,43
PF,9
DM,44
RM,10
DM,49
PF,9
PF,9
PE,26
DM,50
DM,46
OT,32
PM,24
DM,53
DM,49
PF,9
PE,34
OT,30
DM,47
PF,8
DO,58
DM,48
RM,9
PP,20
PM,23
NL,147
OT,29
RM,12
DO,55
DM,44
PM,15
DO,54
DM,50
OT,28
PF,8
DO,50
DM,45
PF,10
PP,19
OT,27
DM,45
RM,9
RM,13
PB,40
PF,8
DM,50
DM,41
PF,10
DO,50
DM,53
DO,45
DO,50
DM,53
DM,49
PE,24
PP,21
PB,50
PE,24
DO,50
RM,12
PF,8
DO,53
DM,43
RM,11
OT,27
DO,53
DM,44
RM,11
PB,53
PF,8
DM,47
PP,21
OL,31
RM,12
DO,44
PP,21
RM,12
DM,43
PP,12
DM,53
PE,25
RM,14
DM,39
PB,34
DO,55
OT,29
DM,53
OT,31
PE,20
DM,52
DO,43
PF,9
DO,50
PF,8
OT,23
PF,8
DM,46
DM,26
DM,50
OT,24
DM,39
PP,21
PP,20
DM,48
DM,49
DM,48
PF,8
DM,44
OT,25
PB,48
DO,44
DM,40
PF,8
DM,48
OT,36
DO,52
DM,48
RM,11
OT,28
DO,47
DO,41
PM,10
DM,44
DM,47
DM,43
DM,33
RM,12
DM,42
DM,50
PF,10
DO,50
DM,47
DM,50
RM,11
PF,10
OT,24
PF,7
PF,8
DM,50
DO,46
PF,7
DO,37
DO,49
OT,26
RM,10
PM,21
OT,28
DM,50
DM,50
DM,38
DM,52
PF,8
PF,6
PB,33
DM,51
DM,47
DM,44
PM,24
DO,48
DM,46
OT,27
DM,42
PF,7
DM,48
RM,12
RM,11
DM,52
DM,43
DM,42
DM,46
DM,36
PP,17
DM,36
DM,40
PM,20
DM,44
PF,6
DM,49
PP,18
RM,10
DM,48
PF,9
PP,16
RM,14
PM,22
PM,21
PM,25
DM,49
PP,20
PP,24
PP,28
RM,15
RM,16
DM,49
DM,43
DM,31
PF,10
PP,22
DM,51
PF,9
PF,10
PM,35
PP,22
RM,10
RM,13
PP,17
PP,17
OT,31
PP,20
PM,28
RM,12
DM,49
RM,10
PM,18
DM,44
PP,23
RM,11
DM,43
PB,23
PF,9
PE,17
DM,53
PP,23
RM,14
PP,21
DM,50
PM,32
RM,15
PM,12
PP,21
PP,21
PP,19
DM,49
DO,46
PF,24
PP,23
PP,21
PM,23
RM,13
OL,32
PP,18
PP,22
DM,48
PM,17
DO,65
PP,22
RM,10
PF,10
PP,22
DM,51
DO,35
PP,22
PP,23
RM,13
OT,30
OL,37
DM,44
OT,29
PP,19
PM,19
PB,42
PB,31
PP,16
PP,20
RM,12
PE,23
PF,9
DM,45
PP,21
DM,46
PM,19
DO,59
PP,21
PF,21
PP,17
DO,57
OT,38
PP,22
DM,46
DO,55
DM,48
PF,10
RM,11
PB,26
PF,10
PM,24
DM,22
PP,21
PF,9
PP,20
RM,14
RM,11
PP,20
PP,22
DM,49
DM,51
PM,30
PP,24
DO,45
PP,25
PP,23
DM,50
PE,16
PM,32
DM,45
DM,53
PP,20
DO,51
PP,20
PM,22
PF,8
OT,31
DM,42
RM,12
RM,16
RM,8
PF,8
RM,14
PP,21
OT,30
PP,21
DO,56
PF,9
PF,9
DM,44
DO,36
DM,44
PM,28
OT,27
PP,20
PP,23
RM,10
PB,38
DO,51
OT,28
DM,50
PM,17
DO,41
DO,55
PF,7
PP,22
DO,57
DM,46
PF,8
RM,12
DM,42
PP,17
PP,19
DO,57
DM,46
PP,15
PM,22
OL,38
PF,9
DO,50
RM,8
PP,14
OT,29
PM,23
DM,48
RM,13
RM,12
OT,34
DM,31
RF,20
DO,55
RM,12
DM,52
PM,16
PE,23
RM,12
PF,7
PM,22
PF,10
DM,40
DM,48
PP,15
DM,50
PP,18
PF,11
DO,52
PM,20
PM,25
DO,33
DM,59
DM,52
OT,32
DO,49
DM,55
PM,22
PF,8
DM,40
PF,9
DM,51
PP,16
PM,26
DM,52
PP,23
PP,22
PB,26
OT,26
PF,9
PF,9
DO,49
OT,29
DO,48
PF,9
RM,15
DO,51
PP,22
RM,13
DM,49
PP,17
OT,26
DM,46
DM,50
PF,8
PP,16
PP,19
DO,55
PF,9
PF,8
PP,24
PP,19
PM,19
DO,56
PP,19
DM,33
DM,48
OT,38
DM,44
RM,13
PM,24
PP,20
PF,9
OT,27
RM,10
PP,22
DM,45
DM,50
PP,22
DM,54
PF,8
PP,23
RM,12
PP,22
PM,22
PM,16
DM,49
DM,47
PP,20
OT,29
PM,17
PM,25
OT,30
PM,29
OT,20
OT,32
OT,19
DM,48
DM,48
PE,23
PP,20
PP,20
PB,26
OT,31
PE,23
PB,42
NL,144
DM,48
SO,43
PF,8
OT,20
PM,26
PP,24
DM,37
PE,23
PB,31
PM,23
PP,22
DM,44
PM,18
PM,20
PF,10
NL,214
DM,47
PF,9
DM,49
OT,28
PM,21
OT,12
NL,62
PB,26
PP,22
PP,23
PF,10
PP,20
DM,49
PP,21
PB,25
DO,52
DM,54
PP,20
PP,20
RM,17
DM,42
RM,12
DM,50
DM,49
DO,52
PM,24
PP,21
PP,21
PP,22
PM,24
OT,22
PM,26
OT,22
PP,18
PP,20
OT,27
PP,20
PM,13
PP,18
DO,56
OT,27
PP,20
OT,11
PP,16
DO,49
NL,64
DM,33
PP,22
PM,22
PM,28
PM,13
RM,13
DM,43
PF,8
DO,50
DO,54
PE,26
PP,18
DM,36
PF,8
PM,25
PF,10
PM,21
DM,45
RM,12
OT,20
PM,13
DO,50
SO,100
NL,63
DM,42
PF,9
PP,23
DM,46
PM,28
DO,32
NL,70
PB,25
PE,28
OT,19
DM,48
PF,9
DO,47
PB,36
DM,49
PP,22
PP,23
PP,24
PM,22
PH,22
PP,13
DO,47
RM,8
PB,17
DO,50
PF,7
PB,28
RM,11
SO,21
PM,25
PM,28
PF,9
RM,11
PF,9
PM,22
PM,7
PM,7
PF,9
DM,40
PE,27
PF,7
RM,12
DO,46
PP,20
PP,20
DO,59
PP,21
OT,31
DO,44
OT,26
PF,10
OT,29
PF,10
DO,63
DM,41
OT,31
PP,18
PP,21
OL,40
DO,52
PP,22
DM,47
PB,20
PP,18
DM,48
PE,18
PF,9
PB,41
PP,21
DM,52
PP,22
DO,50
DO,67
DO,46
DO,26
PM,24
DM,44
PM,23
DO,51
PP,21
PB,22
PB,23
PP,19
PP,21
PP,16
RM,18
DO,46
DM,40
DO,45
DM,52
PM,23
PP,12
DM,36
OT,31
PB,30
PP,16
DM,44
PP,23
PM,22
PB,47
DO,50
OT,31
DM,40
DO,46
DM,50
OT,11
PF,11
DM,44
PP,22
PP,21
DO,64
PF,8
DM,58
DM,56
DM,49
PP,18
DM,50
DO,49
PF,8
PB,35
PM,23
PP,23
DM,45
PF,8
DM,49
DM,46
PM,26
PP,20
DM,49
DO,54
DM,48
PP,20
PB,29
DM,44
PP,19
OT,28
OT,33
PB,27
PB,19
OT,28
PP,32
OT,25
OT,29
DO,50
PB,21
OT,22
PB,28
OT,25
DM,46
DO,48
DM,52
DM,42
NL,147
PB,29
PF,9
PP,20
PB,31
PP,19
PP,13
PP,15
OL,16
PE,20
PF,7
PB,31
PB,38
PP,19
DO,48
PB,41
PB,28
OT,25
PB,31
PF,9
OT,11
PM,19
PM,23
DO,57
OT,18
PF,7
PM,22
DO,49
PP,22
PM,20
OT,29
DO,49
DO,45
DM,49
PB,36
DO,45
DO,49
PF,9
DM,42
DM,50
PM,17
OT,21
PP,19
PB,33
OT,28
PP,14
PP,15
PP,21
PM,19
PM,29
PM,19
PB,35
PP,9
PP,17
PB,33
OT,19
PB,28
OT,21
DO,48
OT,25
PB,28
PF,9
DM,43
PB,24
PB,29
OT,31
DM,48
DO,29
RM,10
DO,48
PB,42
PF,8
PE,24
DM,46
PB,34
PF,10
PB,37
PM,20
NL,193
DM,43
PB,28
NL,117
OT,27
DO,47
DO,47
PE,22
PM,17
DO,47
OT,21
DO,40
PP,10
PP,22
PB,24
OT,16
RM,14
DO,59
DM,42
OT,30
PM,20
NL,109
DO,52
PM,26
PP,22
OT,17
DM,36
OT,23
PP,14
PM,24
PP,19
DM,50
DM,44
DM,43
NL,92
PP,18
PP,13
PM,16
DM,45
OT,28
PP,20
PM,22
NL,186
DO,48
PP,14
PP,19
PF,10
DM,44
DM,42
PF,7
DM,47
PP,18
PM,18
DM,43
DM,49
OT,21
OT,31
OT,17
PP,15
DO,48
DM,31
RM,12
DM,38
OT,28
OT,21
PB,30
PM,24
DO,26
PP,12
OT,28
DO,52
PM,20
PP,19
DM,44
DM,36
PP,10
PP,10
DM,44
PM,27
DM,43
PP,22
PF,8
OT,33
PP,22
OT,38
PP,11
DM,48
DM,49
PM,21
PM,29
DM,49
DM,27
DM,49
DM,44
PM,19
DO,42
DM,42
OT,31
PM,17
RM,12
DM,45
DO,44
PP,21
PF,9
PP,17
DM,44
PP,17
DM,34
PE,19
PM,18
PP,20
PP,18
PP,21
PM,15
PE,18
PM,25
PP,19
RM,13
OT,20
OT,34
PP,21
PP,20
RM,10
PF,9
PM,21
PB,27
PF,10
DM,39
PP,14
DM,49
PM,15
PB,21
PM,16
PP,20
DM,47
DM,53
PM,30
PB,19
PB,30
DM,41
PP,19
PP,9
PP,12
DM,47
PM,18
DM,40
PM,30
PB,30
PE,20
PB,22
PM,19
DM,41
PB,25
NL,94
NL,198
PP,9
PB,25
PF,7
PB,17
PP,22
PM,21
PB,19
DM,44
PM,16
PF,8
PB,31
PP,18
PP,28
RM,11
PM,17
OT,25
PP,12
PB,31
DM,51
DM,39
PP,21
PB,30
PB,30
DM,43
PE,11
PB,17
PP,21
PB,29
PB,18
OT,20
PM,23
PP,17
PB,28
DM,44
PP,20
DM,46
PF,9
PF,7
PP,15
DM,47
OT,14
PP,20
DO,44
DM,41
OT,26
OT,24
PP,22
PP,15
PB,32
PP,15
PM,13
DM,48
DO,34
PP,15
PP,18
DO,50
PF,8
PE,15
PP,17
DM,37
PP,18
PP,21
DO,49
PP,19
DM,44
DO,48
RM,11
PE,20
RM,10
RM,9
DM,49
DO,34
PB,34
RM,7
DM,44
DO,28
PB,35
DM,39
PF,8
PM,12
DM,39
DM,30
OT,14
NL,155
PE,15
PP,20
PB,24
PP,16
PP,20
PP,13
PP,18
PP,12
PM,15
PP,22
DM,31
PP,13
PP,13
PM,21
DM,37
DO,36
PP,17
PF,8
PB,29
PM,30
PM,30
PP,14
PM,19
PP,15
DO,48
DS,113
PB,21
OT,27
PF,7
OT,24
DM,28
PF,9
DM,42
PB,21
PB,29
OT,28
PM,20
DM,50
DM,41
OT,26
PP,20
PB,28
DO,46
PP,12
DM,48
NL,147
PP,18
OT,22
DM,45
DM,46
DM,31
PF,6
PP,15
PB,17
PE,17
PP,24
PP,15
OT,22
PP,21
PM,21
OT,30
PP,16
PM,17
DM,48
PB,25
NL,194
DO,38
PM,27
PF,8
PL,16
PB,37
PB,39
OT,26
PF,10
OT,28
PB,32
PM,18
PB,37
PF,7
DO,47
PM,22
DM,41
DM,41
OT,30
DM,41
PM,14
PP,19
OT,22
PB,28
OT,29
OT,25
PE,16
PP,13
PP,22
PP,21
PP,22
DO,47
PP,18
PE,18
PP,20
DM,40
DM,39
DO,44
PF,9
PB,26
PM,22
PP,20
DM,42
PB,30
PP,17
PM,22
PB,35
PF,7
DO,46
PM,19
DM,40
PF,8
PM,16
DM,43
PP,12
PP,18
PF,7
PM,25
PF,10
RM,11
PB,29
OT,35
PP,15
PB,32
PB,28
PP,13
DM,47
PP,11
DO,44
PP,20
PB,30
DM,48
PL,10
PM,15
DM,47
PB,30
PL,18
PB,30
PP,15
OT,26
PM,20
PP,16
PP,14
PF,7
PP,12
DM,46
DO,32
DO,53
PP,17
PP,16
PM,19
PF,8
PB,28
PF,8
DO,49
PM,25
DO,38
PP,12
PP,18
OT,20
DM,45
PP,11
DO,42
PF,7
PM,22
PB,40
PP,15
DM,51
PB,30
DO,46
PM,19
PP,14
PB,24
PP,18
PB,23
SH,38
PB,39
PM,13
PF,7
PB,34
PF,10
DO,42
PP,21
PB,36
PP,16
PB,33
DM,42
SH,38
PP,17
PP,22
DO,40
DM,42
PP,15
OT,30
PP,14
RM,11
PB,28
PP,14
PB,30
DM,42
OT,24
PB,35
PP,15
RM,11
DO,48
DM,49
PM,22
PM,22
DM,47
DM,42
DM,46
PB,31
PM,22
PB,34
OT,28
PB,30
PP,18
PB,31
PP,17
DM,46
DM,44
DO,34
OT,23
PF,7
PF,8
OT,21
OT,24
PP,15
PP,18
DO,40
PP,15
RM,13
PP,13
PP,14
DM,41
OL,40
PP,13
PP,15
OT,19
RM,9
PB,27
DM,37
PF,6
PB,33
PP,14
DM,49
PB,30
PB,29
DM,39
DO,44
OT,20
DM,44
PB,37
PP,22
DM,49
PF,10
PF,8
PP,18
PP,14
PF,10
NL,138
PB,27
DM,32
PL,22
PP,21
PB,26
DM,51
DO,47
PE,22
DM,36
DO,42
OT,18
DM,45
DM,47
PP,18
PB,37
OT,23
DS,118
DM,34
PM,23
DM,43
PB,41
PP,18
PE,19
PF,8
RM,11
PF,7
PP,20
PM,18
RM,11
NL,208
PB,38
PP,19
OT,21
DM,42
PP,17
PB,27
PF,9
DM,49
DO,55
DM,42
PE,18
DM,56
PP,17
PP,19
DO,47
DM,38
PM,26
PM,21
DM,43
OT,28
PB,30
PP,23
PB,31
SH,80
PB,29
NL,180
OT,19
PP,15
OT,24
PP,14
PP,17
PF,8
PF,8
OT,29
DO,36
PM,22
PP,17
PB,42
PF,8
PF,9
PP,11
DM,40
PP,20
PP,10
PP,18
PP,17
PP,17
RM,10
DO,49
PF,8
PP,11
PB,32
OT,25
PP,16
SH,43
PP,16
DM,51
PF,10
NL,178
OT,22
DM,45
OT,23
PP,21
DM,47
PB,37
DM,36
PP,17
PB,30
DO,44
PB,37
PB,40
PP,15
NL,153
NL,121
PP,19
PF,7
DO,50
OT,29
DO,52
DM,33
PM,24
PE,17
DM,51
RM,9
PE,19
PP,19
PP,15
DM,45
DO,52
PB,23
PB,36
OT,34
PP,17
DO,41
PB,29
PP,17
PB,36
DM,38
PF,9
DO,38
PB,34
PF,7
DM,39
PM,21
DO,52
PP,15
NL,231
PF,10
PP,16
PM,17
PP,14
PF,10
PL,19
DO,50
DM,49
PP,14
PB,38
OT,27
PB,34
PM,24
PF,8
PF,9
OT,21
PP,15
DM,38
PM,25
PP,20
PP,22
DO,51
PM,18
OT,24
PB,32
PF,7
DM,44
DM,39
DM,49
DM,41
PP,15
DM,46
RM,14
PP,16
PB,34
DM,39
DM,43
PM,22
PP,11
PB,29
PM,23
DM,49
DM,44
PP,13
PP,15
PP,13
PB,34
DO,47
DM,49
PM,17
PP,14
DM,53
DM,47
PB,33
DM,44
PP,14
DO,38
DO,47
PF,8
PB,31
PF,8
PF,8
PB,31
PP,22
DM,44
PM,22
PP,16
DO,53
OT,28
DM,49
PM,23
DM,42
PB,37
PM,17
PF,9
NL,158
OT,24
PM,21
PM,18
PF,8
PM,22
RM,10
DM,55
PL,16
PP,15
PP,16
DM,48
PP,19
DS,113
NL,183
DM,45
PB,38
PB,28
PM,23
DO,51
DM,45
OT,29
PF,7
PF,6
PM,17
PB,23
DM,43
DM,49
DM,45
OT,34
DM,45
PE,20
PM,23
DO,47
OT,23
PB,27
PB,26
PB,33
PB,29
PB,40
DO,59
PB,28
OT,21
OT,24
OT,29
PB,28
RM,10
NL,138
PB,29
PF,8
RM,11
OT,21
DM,45
OT,22
DO,58
DO,45
PM,24
PM,22
OT,26
PM,27
DM,47
OT,26
PB,29
DO,47
PB,29
PM,26
OT,24
NL,162
OT,20
DM,40
DM,46
PP,21
RM,15
NL,136
PB,43
RM,11
NL,174
PP,16
PM,17
PB,29
DM,48
OT,27
PB,40
PB,34
PF,8
DO,53
PM,33
OT,23
PB,27
PB,38
OT,22
PM,20
PP,17
PM,15
DM,42
DM,34
DM,46
PB,33
OT,23
PF,7
OT,21
DM,54
PF,7
PP,16
DO,52
DM,50
OT,21
PL,10
DM,44
PB,31
PB,29
PB,35
PF,7
DM,43
DM,53
PB,26
PM,20
DM,39
OT,24
PM,29
PM,22
PB,30
DO,50
OT,28
OT,19
PM,19
RM,10
PB,31
PB,30
DM,50
OT,22
PB,29
DO,46
PF,8
DM,48
OT,23
DM,42
DO,46
OT,24
PL,20
DM,44
DM,51
PM,26
OT,26
PB,31
OT,18
DO,46
DO,45
DM,48
PL,19
DM,48
DO,51
PL,22
PB,29
PP,11
PM,21
PP,16
OT,26
PB,30
OT,22
PM,24
PB,34
PM,30
PM,23
DO,50
OT,24
DO,51
PE,19
PM,20
DO,51
DM,54
DM,44
PB,34
DO,47
DM,43
DM,50
DM,39
OT,24
PB,27
OT,26
PM,23
PM,26
PM,28
PL,16
PM,22
PB,37
PM,23
PF,6
NL,140
PM,15
DO,49
OT,25
RM,11
PM,22
DO,54
PM,23
PM,21
DS,108
RM,11
PM,15
DM,41
PF,8
NL,170
DM,39
PE,21
DM,42
PP,20
NL,172
DM,46
OT,23
PE,21
PB,29
DM,45
PB,26
DM,40
PE,22
PB,34
DM,38
PF,8
DM,47
OT,23
OT,24
PF,8
PB,28
PE,20
SH,43
OT,23
PM,21
PB,41
PM,24
DO,45
PB,29
PB,27
DO,45
NL,145
PB,29
DM,42
PM,24
OT,26
PB,30
DM,45
DM,47
DM,43
PM,20
RM,12
PM,17
PB,29
PB,32
PB,45
DM,42
PB,38
PM,19
PE,15
DO,45
PM,23
NL,186
DM,42
DM,46
PF,7
PM,21
OT,26
OT,22
PM,27
NL,120
PB,35
NL,122
PB,27
OT,21
PB,30
DO,54
DM,38
OT,21
OT,25
DO,52
OT,23
DM,44
PB,34
DO,47
PE,16
DO,48
PM,18
PM,23
PM,24
PM,30
OT,25
DM,34
DM,43
DO,49
PB,35
DM,36
DM,50
DM,48
DM,42
DM,44
PB,35
DM,47
DO,49
DM,40
DM,49
DO,51
DM,44
PB,28
PM,21
PM,19
DO,45
DM,49
PM,18
DM,38
OT,19
DM,43
DM,38
PB,30
DM,47
PE,20
DM,45
DM,44
PB,30
OT,27
PM,14
DO,52
DM,48
DM,46
DO,46
PM,13
OT,23
PM,25
PM,23
DM,44
PM,24
PE,20
PM,14
OT,26
RM,10
PB,30
PM,13
OT,25
OT,24
NL,220
PM,13
PM,19
DM,43
DM,38
DM,47
PM,26
DO,50
DM,47
OT,25
DM,48
PM,20
DO,47
DM,43
PB,27
DM,47
PM,15
OT,20
DO,46
PM,17
OT,21
DM,45
PM,23
PB,24
DO,50
OT,23
DM,48
PE,17
PB,35
OT,25
NL,162
DM,36
PM,16
PM,20
PB,29
DO,50
DS,103
DM,44
PM,17
PB,27
OT,21
DO,42
DM,40
PE,21
OT,21
DM,40
DM,42
RM,9
PE,22
PB,33
DM,39
PM,15
PB,38
RM,10
NL,177
PB,28
PM,30
PB,27
PL,22
DM,51
DM,44
OT,22
DM,41
DO,48
OT,24
PM,23
DM,47
DM,41
PB,35
DM,43
DO,48
DO,48
DM,42
PB,29
DM,48
DM,42
DM,45
DM,37
DM,42
PB,25
PB,28
DO,49
DM,43
OT,20
PE,21
OT,22
DM,43
PM,22
PM,10
OT,25
DO,52
OT,22
SH,57
DM,45
PE,23
PM,21
OT,23
DO,50
PB,24
DM,45
DM,46
PB,30
DM,44
PM,11
OT,23
DM,45
DO,50
OT,26
RM,10
SH,57
DM,44
DM,40
OT,23
DM,42
PM,19
DO,51
OT,26
OT,23
DM,41
OT,22
PM,20
DM,47
DM,47
OT,26
DM,44
PB,32
PB,41
PB,29
OT,23
OT,22
RM,11
DM,40
PM,21
PM,11
DM,45
OT,24
DO,45
DO,42
DM,42
PM,19
DO,44
RM,11
PM,17
PM,21
OT,25
PB,33
DM,38
PB,35
DM,45
PB,27
PB,38
NL,122
OT,21
RM,14
PE,23
DO,43
DM,52
PB,28
OT,18
PB,30
PB,30
DM,43
DM,45
PM,21
DM,49
PE,26
DM,39
DO,56
DM,44
PB,27
PB,25
DM,46
RM,11
DM,40
DM,36
DS,111
PB,27
PM,22
NL,169
PM,16
DM,44
PM,22
DM,41
RM,9
DM,42
PB,29
DM,45
PM,24
PB,28
PM,27
DO,50
DM,39
OT,22
OT,27
PB,27
NL,181
RM,8
RM,9
PM,27
RM,9
PB,38
OT,22
DM,41
PP,16
DO,43
PB,28
DM,43
PE,24
OT,22
DM,38
DM,43
OT,26
DO,49
PB,35
PM,18
PB,28
PM,20
PM,17
OT,23
PB,31
PM,17
DO,45
PM,19
OT,25
PB,28
OT,21
DM,45
DM,50
PM,22
PM,21
DO,46
PM,22
DO,49
OT,21
DM,35
PM,18
DO,48
DO,44
DM,45
DM,39
DM,42
OT,26
NL,139
PB,30
DO,53
PB,32
DM,39
RM,10
DO,44
OT,25
OT,24
OT,22
DM,40
DM,44
PL,17
DM,45
DM,37
DM,42
OT,24
DM,46
DM,45
PL,16
OT,28
DM,44
DM,36
DM,43
DO,53
DM,43
DM,44
OT,24
OT,22
DM,44
DO,43
PB,29
DM,44
OT,20
DO,45
DO,51
PE,23
PM,25
OT,24
DM,41
DM,43
DM,41
PM,21
OT,18
PM,22
PM,28
PM,20
RM,10
PB,32
DM,41
DM,39
DS,122
DM,45
PM,23
DM,41
DM,42
PM,28
DM,42
PB,31
DO,52
DM,44
DM,46
DM,43
OT,25
DO,46
NL,178
PB,30
DM,40
DM,47
DM,41
PB,36
OT,22
DM,39
RM,10
DM,42
OT,22
PB,27
PB,35
DO,57
DM,39
PB,31
OT,23
DM,42
DM,46
OT,24
PM,17
OT,22
OT,24
DM,43
OT,23
DM,42
DO,53
DM,44
OT,24
PB,29
DM,43
PB,35
PB,42
PB,39
PB,24
DM,40
OT,23
DO,48
PL,18
DM,44
PB,33
PB,36
DM,49
DM,40
DM,48
DO,52
DM,51
DO,52
PM,18
DO,56
DO,51
PM,23
PB,37
DM,42
OT,20
DO,43
OT,25
DM,45
DM,47
DM,44
DM,44
OT,22
DM,41
PM,25
DM,49
DM,43
OT,23
DM,41
DM,45
DM,49
OT,22
OT,23
OT,23
DM,40
DM,42
DM,43
PM,20
PB,28
DM,43
DM,35
DM,42
DO,50
DM,40
OT,26
PM,23
DM,43
OT,21
DM,41
DM,44
PM,23
PM,23
OT,23
DO,46
PM,21
PL,20
DM,45
DM,41
DO,41
DM,47
DM,45
DM,43
DM,46
DM,37
DM,44
PP,18
DM,47
OT,28
PB,34
PE,24
DM,38
DM,56
PB,35
PB,38
DM,49
DM,43
DM,45
DM,48
DM,44
DM,44
DM,48
PB,42
RM,12
DM,51
DM,50
PM,23
PB,38
DO,50
DM,43
DO,59
DM,43
DM,48
DM,49
DM,45
OT,30
DM,49
DM,47
PB,36
PB,35
PE,32
PP,20
PP,19
OT,23
DM,42
DM,43
DM,45
PB,42
PP,20
PB,30
NL,188
DM,40
PP,22
DM,45
PP,22
DM,43
PB,43
DO,55
DM,40
DM,50
PF,8
DM,53
DM,45
DM,50
PB,35
OT,14
PB,19
PP,22
DM,58
PP,20
PE,24
DM,41
NL,175
DM,45
DM,50
PM,27
PM,16
NL,238
PP,18
DM,53
DM,44
DM,42
PE,23
PP,19
DM,44
DM,46
DM,43
PF,11
PB,37
DM,46
DM,46
OT,35
DM,53
PB,39
OT,29
NL,200
DM,44
DM,45
DM,47
PB,38
DM,47
PP,17
OT,31
PB,31
PP,19
DM,47
PL,8
DO,30
RM,14
PP,19
PB,46
DM,45
OT,29
PM,17
PP,20
PL,22
DO,59
DM,49
PP,18
OT,28
PB,42
PP,18
PB,40
DM,46
NL,140
DM,40
DM,52
DM,44
PP,17
DO,61
PM,13
PM,21
DM,50
PP,20
PB,20
PP,20
PM,26
DM,52
DM,46
DM,48
DM,48
PP,14
PP,17
OT,13
DM,46
PE,13
DM,43
DO,57
PP,14
PP,23
OT,13
OT,26
DM,50
DM,26
PB,22
DM,48
PP,20
PP,15
DM,50
DO,57
PP,21
OT,31
PP,17
DM,50
DM,54
DM,51
PM,12
DM,44
PP,20
DO,59
OT,23
DM,44
PE,27
NL,190
PP,21
DM,51
PP,18
OT,25
DM,52
DO,59
NL,199
PB,24
PB,35
PE,13
DM,47
DM,44
DM,48
PP,18
PP,21
DM,38
DM,45
PM,20
PF,7
DM,48
PF,10
DM,42
DO,36
DM,21
PF,7
DM,46
DM,47
DM,46
PB,25
PB,34
DM,45
PF,8
OT,29
PP,21
DM,48
DM,45
NL,110
PL,20
DM,48
DM,22
DM,43
PP,19
DM,46
PP,20
OT,30
PB,20
DM,46
PP,17
DM,52
PE,16
DM,44
DM,57
PP,17
PM,9
PP,19
OT,29
DM,50
DO,56
NL,158
PB,31
DM,44
PF,10
PB,22
PB,35
DM,38
NL,103
PP,19
PM,22
DM,44
PP,20
DM,40
NL,120
DM,44
OT,28
OT,21
OT,21
DM,54
DO,46
DM,46
DM,45
DM,50
DM,49
DO,26
PP,15
OT,27
DO,57
DM,51
DO,44
DM,47
PB,40
PB,39
DM,51
DM,29
PB,35
PL,16
PM,26
PP,16
DM,45
DM,49
DM,43
PP,18
OT,24
PP,21
DM,48
PP,17
PF,23
DM,47
DM,48
DM,46
DM,39
PL,13
PB,41
DM,48
OT,18
PF,7
DM,51
DO,23
NL,140
DM,48
PB,27
PE,14
OT,21
PB,34
DM,40
PP,17
DM,50
DM,49
PM,18
PB,29
PP,18
DM,53
PM,16
PP,19
PM,18
OT,21
PP,18
DO,55
DM,44
OT,28
PB,34
DM,43
DM,48
DM,46
DO,62
DO,28
DM,46
DS,106
DM,38
PP,14
PP,14
DM,49
DM,33
PP,11
DM,47
NL,182
PB,16
DO,30
PP,25
DM,21
PP,20
PP,12
DM,44
PP,20
OT,25
NL,136
DM,45
PB,20
OT,28
PB,33
PF,8
DO,56
NL,189
OT,25
PB,33
PB,30
PB,38
OT,29
PB,34
PM,22
DM,33
OT,17
PB,35
PP,18
PE,22
PP,15
PF,6
PE,20
PP,19
PE,25
PB,27
PF,7
DM,33
DM,47
PP,15
PE,8
DM,32
PB,29
DM,44
OT,23
PP,13
DM,45
PB,32
DM,45
PP,23
NL,93
PM,23
NL,132
DO,49
PB,29
DM,42
PF,9
DM,39
OT,24
OT,23
PE,22
DM,44
PB,20
PB,21
DM,48
PP,14
PB,27
DO,59
PP,20
PP,12
DM,43
PE,11
OT,24
DM,47
PP,11
DO,36
PB,29
DO,49
PP,10
DM,49
PP,13
DM,45
PB,24
PP,13
PM,21
NL,76
DM,43
DM,44
DM,51
PB,35
DM,43
DM,44
PF,8
PP,14
DM,42
PF,4
PB,41
PF,8
DM,47
DM,46
DO,55
PB,27
DM,49
PB,30
DO,32
PP,17
PB,35
PP,11
PP,12
PB,19
PP,11
PM,19
DM,34
PM,20
DM,48
PM,24
OT,29
OT,27
PB,31
PP,19
OT,30
PB,23
PB,17
DM,43
DM,41
PB,26
PB,37
PM,25
PB,36
DO,41
DM,29
DS,113
PP,25
PF,9
PP,14
PB,22
DM,45
PP,18
PB,27
DM,46
PP,13
PF,9
DM,40
DM,49
PP,10
PP,16
PP,14
DM,52
DM,48
PB,37
DM,40
PP,17
PB,32
PB,19
PB,28
PP,11
PP,15
PP,28
PP,25
PB,37
PF,8
PB,33
PB,19
PB,22
PP,17
DM,39
PM,18
PB,21
PB,36
OT,32
OT,27
PB,29
PB,30
PB,33
PF,11
OT,32
DM,38
PB,26
PM,23
DM,44
PE,18
PE,24
PP,19
PB,28
DM,54
PB,20
DM,47
PB,18
PB,41
PP,14
PP,16
OT,24
DO,28
PP,21
PF,11
PB,20
DM,44
PP,17
DM,45
PB,22
PB,26
PP,21
DO,42
PP,12
PP,18
PP,17
PP,17
DM,23
PB,25
OT,25
PP,22
PB,46
DM,46
OT,36
PP,17
DM,44
OT,35
NL,187
PP,15
PB,32
DO,40
PB,28
DM,31
OT,30
PB,26
PM,20
PP,23
DM,41
PP,22
PB,30
PM,23
PP,16
DO,62
PP,14
PM,25
PP,21
PM,20
PM,21
DM,43
DO,43
PM,14
DM,43
DM,45
DM,52
PB,33
PP,15
OT,22
DM,43
DM,48
PP,16
PB,19
PB,35
PB,16
PP,20
DM,37
DM,28
PP,17
DM,42
DM,35
PP,20
PB,21
PP,18
PB,36
PM,25
PB,25
PM,13
PP,17
PM,18
PP,17
OT,31
PB,30
DM,52
PB,31
DO,62
DM,57
DO,49
PB,20
RM,14
DM,26
PP,15
PP,16
DO,52
DM,45
PP,18
DO,52
PB,28
PP,16
NL,143
PP,11
PB,33
PP,15
PB,27
PP,19
PB,23
PB,30
PB,23
PP,13
PP,16
DM,51
DM,42
PB,28
NL,196
PP,12
OT,22
DM,26
OT,24
DM,45
PP,15
DM,23
DM,37
PP,17
DM,45
PP,17
DM,41
PF,7
DO,43
PB,30
PP,18
PB,48
PB,34
PP,14
PP,16
OT,23
PP,15
PP,14
PB,29
PP,14
PM,21
PB,28
PB,27
PP,14
PB,27
PB,28
PP,11
PP,15
PM,9
PF,8
PF,7
PP,9
PP,17
PP,14
PB,26
PB,42
PP,16
PB,33
OT,24
PB,26
PB,29
PB,28
PB,33
OT,30
DM,42
DM,44
PB,26
DM,47
PB,28
DM,43
PB,26
PM,19
PE,26
PB,31
PP,17
PB,26
PB,25
PP,14
PB,34
PB,29
PB,20
PP,16
PB,18
PB,30
PB,26
PP,17
OT,18
DM,49
DM,40
PP,8
DM,47
PB,32
DM,46
PP,16
PM,19
PM,21
PE,18
PE,18
OT,22
PB,38
PP,17
PB,18
PB,37
OT,28
PB,29
DM,45
PP,11
PB,22
PB,29
DO,57
PP,17
DO,47
DM,29
DM,28
PP,17
DM,48
DM,39
PP,16
PP,17
DM,41
DM,37
DM,42
PP,16
PB,32
PB,29
PP,13
OT,26
PB,26
PB,34
PP,14
PB,20
PB,31
DM,42
DM,40
DM,36
OT,24
PM,19
PP,13
PM,20
PB,24
PP,16
PB,23
PP,14
PP,12
PB,25
PB,26
PB,27
PP,12
PP,13
NL,175
PP,11
PP,14
DM,46
DM,34
DM,43
DM,53
PB,19
PB,32
PP,18
PB,38
PP,16
PM,20
PP,14
PB,32
PP,14
PB,29
PB,32
PB,27
PP,14
PB,24
PP,14
PP,18
PP,12
OT,19
PF,7
PB,20
PB,35
PP,15
PB,28
PP,16
PB,32
PB,34
PB,28
PB,39
PB,31
PB,29
DM,41
DM,25
PB,28
DM,50
DM,44
PB,27
PB,41
PB,25
DM,29
PE,25
PE,17
DM,37
PB,29
OT,25
DO,53
DM,46
PP,13
PP,17
DO,61
PP,16
DO,54
DM,47
NL,178
DS,120
PP,12
DM,36
OT,20
NL,149
OT,20
DO,53
PP,16
PB,35
DM,28
PP,12
PB,26
PP,15
PB,27
PB,30
PB,39
PB,29
PB,38
PB,28
PB,23
PB,24
PB,29
DM,48
PP,17
DM,38
OT,23
DM,43
PP,17
PM,22
PB,29
PB,36
PB,25
PM,10
PM,20
PM,26
PM,17
PM,17
PP,14
DO,56
PP,13
PB,38
DO,50
PB,30
PP,11
DO,54
PP,17
DM,38
OT,26
DM,43
PP,13
PB,31
PB,27
PB,32
PB,31
PP,14
OT,25
PP,11
OT,22
DM,42
DM,39
PM,19
PP,13
DO,49
DO,48
PP,16
DM,44
DO,45
DM,20
DM,39
OT,23
DM,38
DM,30
PP,13
DM,44
NL,147
PP,14
PP,17
PB,24
PP,15
PP,16
PM,26
DM,35
OT,22
DM,38
PB,31
PP,16
DM,45
DM,25
DO,51
PP,16
DM,40
DO,50
OT,23
DM,36
PP,13
DO,54
DO,57
PM,21
PB,26
OT,23
PB,29
DS,120
OT,27
DM,37
DO,50
NL,168
DM,44
OT,28
PB,32
OT,22
PB,25
PM,25
DO,49
PP,14
DM,45
DO,52
DM,47
DM,44
DM,36
PM,19
DM,44
DM,45
OT,23
PB,25
DM,35
OT,25
DM,47
PP,15
DM,37
DM,40
DM,32
DM,41
OT,24
PM,20
PB,40
PP,19
OT,21
PB,31
PM,19
PP,15
OT,22
PB,31
PB,28
PP,15
OT,21
PB,27
PB,28
PP,15
PB,30
PP,13
OT,24
PB,32
PM,17
PB,28
PB,32
PB,28
PB,33
PB,38
DM,42
DM,48
DM,34
OT,27
PB,28
DM,47
PB,27
OT,28
PM,18
PM,22
PB,29
NL,165
PM,24
PM,14
PM,11
PM,21
OT,24
PB,37
PB,26
PB,35
PB,24
OT,20
PB,28
PB,24
PB,27
DM,37
DM,39
DM,47
DM,46
DM,43
DM,36
OT,19
PM,23
OT,27
PM,20
PM,22
PB,35
OT,22
OT,22
OT,24
DM,41
PB,38
DO,54
DO,47
PB,24
DM,38
DM,41
DM,39
DM,43
PM,20
PB,35
DO,45
DO,53
DM,37
DM,41
DM,43
DM,40
PB,32
PB,25
PB,29
PB,32
OT,26
DM,45
DM,36
PB,25
OT,19
OT,21
DO,56
DO,51
DM,38
OT,23
DO,58
DM,46
DM,34
DS,112
DO,52
DO,42
OT,23
PB,27
PM,13
DM,42
DO,55
OT,25
DM,34
DO,46
DM,46
DO,56
DM,46
DM,39
DM,40
DM,47
PB,29
DM,38
DM,39
DM,35
DM,42
DM,44
DM,49
DM,42
DM,38
DM,33
DM,41
DO,52
PB,21
OT,26
PB,34
OT,27
PB,43
PB,32
PB,27
PB,31
PB,27
PB,28
PB,30
RM,8
OT,24
RM,13
OT,25
DM,45
PB,32
DM,47
OT,27
PB,29
PB,45
PB,33
PB,30
DM,45
DM,36
PB,29
DM,43
DM,51
PB,28
PM,18
PM,23
NL,164
PM,22
PB,28
PB,26
PB,35
PB,30
OT,24
PB,41
OT,22
PB,31
PB,28
DM,38
DM,43
DM,40
DM,46
DM,48
DM,48
DM,38
DM,46
OT,20
PM,26
PE,27
RM,11
OT,24
PB,39
OT,29
OT,27
OT,23
DO,44
DM,42
DM,39
OT,26
DO,50
OT,27
DO,59
DM,37
DM,44
DM,40
DM,44
PM,25
DM,43
DO,49
DM,39
DM,47
DM,42
OT,25
DM,55
DM,48
PB,33
OT,28
PB,27
PB,31
DM,41
DM,45
PB,26
PM,24
DM,39
DO,57
DM,47
DO,43
OT,23
OT,27
OT,31
DM,36
DS,119
NL,165
DM,37
DM,38
DM,48
DM,39
DM,45
DM,37
DM,33
DM,39
DO,61
DO,54
PB,31
OT,28
PB,29
PB,33
PB,31
OT,26
PB,22
OT,27
RM,10
DM,37
DM,39
DM,37
DM,42
DM,46
DM,46
DM,40
DM,45
PM,24
OT,22
PB,31
PB,30
PB,32
DM,44
OT,29
OT,27
DM,45
PB,28
DM,38
PB,29
PM,29
PM,23
PM,23
PB,28
PB,40
PB,28
PB,32
PB,30
PB,36
DM,39
DM,51
DM,47
DM,44
DM,41
DM,40
OT,28
OT,31
PB,40
DM,41
DM,43
DM,44
DM,47
DM,42
DM,40
OT,21
DM,55
DM,45
DM,48
DO,45
DM,42
DM,38
DM,40
OT,28
OT,25
DM,49
PB,33
PB,29
DM,39
PB,33
DM,50
DM,48
DM,50
OT,25
DM,50
DM,41
DM,59
DM,45
PM,27
PM,24
RM,29
DM,41
DM,52
DM,52
DO,55
DO,53
DO,50
OT,22
OT,26
DO,46
DO,51
OT,25
PE,18
DM,44
DM,47
DS,136
NL,162
RM,11
DM,41
OT,27
DM,46
DM,38
DO,61
DM,41
DM,46
DM,41
DM,39
PB,27
PB,30
PB,29
PB,34
PB,32
PM,29
PB,33
OT,25
PB,22
PM,20
OT,24
DM,40
DO,57
DM,46
DM,46
DM,46
DM,39
DM,41
DM,44
DM,36
DM,42
NL,212
DM,40
DM,48
OT,25
PB,29
OT,20
DM,46
PB,31
OT,27
PB,30
PB,31
PB,33
RM,8
PB,33
OT,21
RM,9
OT,21
PM,25
PP,15
RM,9
PB,32
PB,29
RM,13
OT,27
PB,29
PB,43
PB,35
DM,45
DM,50
DM,37
DM,42
DM,45
OT,22
DM,40
DM,41
DM,43
DM,48
OT,21
OT,33
PB,45
OT,29
PM,21
OT,23
PM,26
DO,53
OT,25
DM,42
DM,41
OT,23
DM,43
DM,41
DM,45
DM,52
DM,41
DM,53
DO,54
DM,43
DO,60
DM,40
DM,40
DO,46
DM,43
DO,59
DM,40
PB,32
PB,33
OT,26
DM,49
DM,44
PB,30
PB,36
OT,27
DM,41
DM,44
RM,11
PM,31
PM,23
DM,58
DM,49
DM,48
DM,40
DM,46
PE,24
OT,25
DM,41
DM,38
DM,44
DM,47
DO,57
DO,54
DM,46
DO,65
DM,51
DO,57
DS,140
DM,50
DO,49
RM,13
PM,24
PM,24
NL,168
PM,17
DM,52
DM,47
OT,23
DM,45
DM,46
DO,62
DM,42
DM,53
DM,46
DM,42
PB,27
DM,41
PB,34
PB,27
OT,23
PB,29
PB,33
PB,31
DM,25
PB,32
PM,22
RM,10
RM,8
RM,11
PB,24
PB,33
RM,11
DM,47
DM,39
DM,41
DO,56
OT,27
DM,39
DM,47
OT,26
DM,44
RM,9
PM,25
RM,10
PB,33
PB,32
DM,45
PB,33
DM,50
PB,29
DM,47
PB,29
DM,46
PB,31
DM,45
DM,50
PB,35
DM,39
PM,22
OT,24
PB,28
PB,30
PB,47
PB,28
OT,25
PB,34
OT,24
PB,44
DM,48
DM,50
OT,23
DM,39
DM,46
DM,45
DM,42
DM,45
DM,38
DM,49
DM,42
DM,42
PB,49
DM,46
OT,22
DM,33
OT,28
OT,29
PM,20
RM,10
DM,40
DM,47
DO,49
DM,48
DM,45
DM,42
DO,54
DM,47
DM,49
DM,53
DO,47
DM,42
OT,24
DM,40
DO,52
DM,51
DO,32
PB,25
PB,41
PB,35
PB,30
PB,33
DM,42
DM,54
OT,30
DM,49
DM,49
DM,44
DM,53
DM,46
OT,24
DM,48
DM,56
PM,25
DM,47
PM,12
PE,24
DO,63
OT,28
PM,23
DM,46
OT,27
DM,43
DM,40
PM,22
RM,9
DM,51
PM,23
NL,153
DM,27
DO,52
DS,153
PB,28
DM,45
DO,49
DM,48
DM,41
DO,50
DM,44
NL,182
OT,26
DM,46
OT,26
DM,45
DM,49
DM,53
PB,42
DM,47
PB,33
PB,34
PB,30
PB,31
PB,35
RM,10
PB,22
OT,27
DO,52
DM,41
DM,48
OT,25
DM,43
DM,46
DM,41
RM,10
PM,27
RM,11
RM,9
DM,51
DM,48
PB,35
PB,32
PB,30
DM,48
DM,46
PB,30
DM,47
PB,44
DM,47
PB,30
DM,50
PB,34
DM,50
DM,38
PM,24
RM,12
PM,21
PB,41
PB,35
OT,25
PB,27
PB,32
PM,22
DM,47
DM,48
DM,40
DM,50
DM,46
DM,45
DM,42
OT,26
DM,51
OT,30
PB,48
DM,42
OT,25
DM,45
DM,45
DM,46
DM,43
DO,39
DO,58
DO,37
DO,34
PP,18
PP,13
DM,46
DM,46
DM,45
DM,52
DM,52
DM,45
PB,34
OT,26
PB,32
DM,52
PB,36
OT,35
DM,47
DM,42
PB,26
PM,28
DM,57
PM,24
DM,47
OT,24
DM,49
PM,29
DM,45
RM,8
DM,41
DM,41
DO,73
DO,34
DO,46
DM,48
DO,51
DS,87
DM,31
NL,220
DS,131
PP,22
DO,47
PP,14
DM,44
DM,47
DM,46
DM,41
PB,29
DM,43
DO,58
OT,25
OT,23
NL,190
DM,43
DM,44
OT,25
PB,35
PB,27
PB,32
PB,35
PB,34
PM,21
PB,26
PM,21
PB,32
DM,40
DM,19
DM,40
DM,46
OT,27
DM,42
DM,47
DM,39
DM,43
PP,19
DM,44
PB,31
PB,38
PB,36
PB,32
DM,29
PB,35
PB,33
DM,33
PB,34
PB,32
DM,34
DM,45
DM,47
DM,44
PP,17
PM,21
PM,23
PB,32
PB,35
PB,17
PB,33
PB,18
PB,28
PP,16
PB,37
DO,36
PB,26
PB,28
PB,36
DM,47
DM,43
DM,47
DM,48
DM,45
DM,46
DM,30
DM,43
DM,45
DM,45
PP,15
PP,12
OT,22
OT,27
OT,25
OT,27
PM,21
PP,17
DM,40
DM,40
DO,37
DO,34
DO,42
DM,44
DO,52
DM,42
DM,45
DM,41
OT,23
PP,20
DM,45
DM,49
DM,42
DO,39
PB,25
DO,53
DO,38
OT,29
DO,44
DO,56
DM,39
PB,36
PB,30
PB,43
OT,26
DM,45
DM,49
DM,46
DM,22
DM,41
PB,38
RM,9
PM,23
DM,47
DM,55
PM,24
DM,45
DO,37
PP,18
DM,41
DM,47
DM,41
PM,21
DO,40
PB,18
NL,154
DS,96
PP,14
PB,24
PP,29
DM,46
DM,38
PP,16
DM,44
DM,47
OT,30
DM,35
PB,30
NL,173
PM,20
PB,37
OT,37
PP,15
PB,46
PB,28
PP,17
PB,19
PB,33
DM,45
DM,26
DO,36
PP,19
DM,43
DM,41
DM,44
PP,19
PP,22
PP,19
PP,17
PB,38
PB,32
PB,30
DM,37
DM,37
DM,46
DM,48
DM,51
OT,35
PB,31
PB,30
PB,31
DM,47
PM,23
OT,34
PB,21
PB,43
PB,37
PB,35
PP,16
PB,19
PB,17
PP,16
PB,28
PB,36
OT,29
DM,39
DM,39
DM,46
PM,23
DM,43
PB,16
OT,30
PP,13
PB,43
OT,24
DO,40
DM,42
DM,43
DO,30
DM,42
DM,26
DO,34
DM,43
DM,47
DM,27
DM,37
DO,41
DM,53
DO,53
DO,38
PB,29
DM,47
PP,12
DO,37
DO,49
DM,25
OT,27
PB,34
OT,27
OT,23
PB,36
OT,28
PB,35
DM,21
DM,44
DM,49
PP,14
PP,17
PP,16
PP,19
PP,15
PP,17
RM,10
PP,19
PE,25
PP,20
OT,29
DM,44
DM,45
DM,29
DM,57
DM,44
PM,20
DO,55
DM,49
PP,18
PP,19
DO,41
DM,42
PB,25
DS,102
OT,32
DM,44
DM,36
DM,45
PB,32
DM,47
DO,57
DM,22
NL,168
PP,16
PB,35
PB,21
PB,42
PB,20
PB,40
PB,16
PB,29
PB,27
PB,36
PB,34
PP,18
PB,24
PB,22
PB,19
PB,19
PB,16
PB,17
PB,35
PP,16
DM,46
DM,41
OT,28
DM,31
PP,20
DM,44
DO,36
DM,42
PP,15
PP,9
RM,9
PP,19
PP,18
PB,39
DM,39
PB,33
PB,37
PB,29
DM,40
DM,37
DM,43
DM,46
PB,30
DM,53
PM,19
PE,24
PM,15
PP,12
PP,19
PP,11
PB,36
PB,30
PB,26
PB,24
PB,21
PB,38
PB,24
PB,18
DM,43
OT,28
DM,53
PB,22
DM,49
DM,29
PB,18
PM,18
OT,36
DM,45
DO,41
DM,44
OT,27
DM,46
DM,34
DO,36
DM,43
PP,21
DM,44
DM,48
DO,44
DO,53
DO,38
PP,14
PB,29
DO,48
PB,34
PB,24
PB,21
PB,34
DM,50
PP,11
PP,10
PM,24
DM,58
OT,27
OT,30
PP,18
PP,16
PP,16
PP,21
NL,227
PP,18
NL,200
PP,20
NL,203
PB,43
PB,38
PB,41
PP,28
PP,16
NL,189
PP,26
PB,38
NL,164
PB,29
PB,23
PB,31
PP,20
DM,50
PP,18
OT,34
PB,37
DM,54
DM,48
PP,17
PP,18
PP,22
PP,24
PB,45
DO,59
PP,17
PP,19
PP,17
PB,22
NL,194
DM,41
DM,46
DM,41
DM,38
DM,42
PP,20
PP,19
PP,19
PB,32
PB,38
PB,39
PB,30
PB,34
PB,38
PB,32
PB,33
PB,45
PP,21
DM,48
DO,46
DM,48
PB,36
PB,21
OT,29
PB,39
PE,29
PB,22
PB,26
PB,24
OT,14
PP,7
PP,9
PP,4
OT,23
PB,31
PP,14
PP,13
PP,18
DM,49
PP,21
DM,57
OT,26
DM,55
DM,41
DM,51
DM,51
DO,35
PP,13
DO,59
PP,16
PP,21
DO,30
PB,48
OT,29
PB,35
OT,22
DM,46
DM,53
DM,34
PP,24
PP,22
PP,19
PP,17
PE,34
PP,21
PB,22
PP,17
PP,17
OT,32
DO,47
PP,12
PB,38
PP,15
PP,12
PP,13
NL,195
SH,49
PP,18
PP,18
PP,12
OT,21
OT,27
PB,41
PB,37
PB,44
PB,50
PB,35
PP,18
OT,19
PB,35
PB,34
OT,27
PB,47
PB,32
PB,34
OT,28
DM,31
PP,15
PP,20
DO,49
DM,48
DM,49
PP,16
PP,14
OT,25
PP,17
PB,35
PB,37
PP,17
PB,35
PP,13
PB,21
PP,10
PB,28
PB,37
PB,34
PB,29
PP,18
NL,165
PB,23
PB,30
PB,29
PB,35
PP,13
PP,15
PP,14
PP,16
PP,14
PP,17
PP,16
OT,22
PP,16
PB,31
OT,24
PP,11
PP,17
DM,62
DM,55
OT,25
PP,18
DM,51
DM,55
DM,27
DM,61
PP,18
PB,39
DM,45
DM,40
PP,18
DM,51
DM,19
DO,46
OT,11
PP,18
PB,26
PP,12
PB,20
PP,15
PP,16
PP,12
PB,36
PB,26
PB,47
OT,33
PP,19
DM,45
DM,53
DM,39
DM,49
DM,45
OT,23
PP,13
PP,16
PP,15
PP,18
PP,21
PP,17
PB,31
PB,29
PP,17
PP,18
DO,69
DO,53
PP,18
RM,11
NL,131
NL,194
PB,38
PP,22
PB,41
PP,14
PP,14
PP,19
DO,54
DO,47
PP,23
PB,37
PB,34
PB,36
OT,16
PB,33
PB,33
PB,31
PB,21
PB,29
PB,32
DO,54
DM,41
PP,16
OT,24
PP,16
PB,38
PP,17
SH,59
PB,26
PB,28
PP,15
PB,39
PP,16
OT,19
PB,24
PB,34
PB,40
PB,32
DM,45
PB,40
PB,28
PB,36
RM,20
PB,29
PP,12
PB,39
PB,28
PB,28
PB,29
PP,16
PP,14
PB,26
PB,19
PB,18
PP,16
PP,14
OT,20
PB,30
DM,24
PP,13
OT,24
PP,16
PP,17
DM,42
DM,34
DM,42
PP,13
DM,50
DM,41
DM,49
PP,15
PB,32
PP,14
PP,18
OT,18
PB,34
PB,28
PP,14
PB,33
DM,42
PP,13
DM,27
PP,13
PP,16
PP,17
PP,18
PP,13
RM,14
PP,17
DO,53
PP,17
DM,50
PP,16
PB,27
PP,15
PP,19
DO,41
PB,24
PB,24
PP,17
DO,52
NL,137
DO,54
NL,181
NL,265
PB,27
DO,54
PP,18
DM,60
DO,42
DO,55
DO,63
PB,26
PP,14
OT,25
PB,34
PB,36
PB,23
PB,22
PB,22
PB,38
PB,33
PB,32
DM,52
DM,43
PP,16
DO,54
PB,31
PP,17
PB,24
PB,42
NL,174
PB,24
PP,13
PB,32
PP,14
PB,38
DM,56
PB,35
PB,36
PB,34
PB,22
DM,28
PB,29
RM,13
OT,25
PB,29
PB,36
PB,30
PB,28
PP,17
PB,52
DM,45
PB,30
SH,72
PB,30
PP,17
PB,24
OT,20
OT,27
PP,21
PP,16
PP,19
PB,31
PP,15
DM,43
DM,44
DO,51
DM,44
PP,16
DM,54
PP,16
DM,50
DM,43
DM,27
DM,46
DM,52
RM,16
DM,43
PP,16
PP,16
PB,24
PP,17
PB,37
PP,15
DO,49
PB,29
OT,24
PP,13
OT,22
PB,32
PB,30
PB,31
PB,28
PP,13
DM,41
PP,16
DM,37
PP,16
OT,19
PP,16
PP,14
PM,30
RM,19
PP,19
DO,53
PP,19
PP,18
PB,35
PB,27
DO,48
DO,65
OT,29
DM,46
DM,50
DO,49
DO,59
PP,24
PB,30
PB,46
PB,29
PB,42
PP,18
PP,17
DO,52
PP,18
DO,54
PP,17
NL,185
NL,144
NL,183
PP,15
PB,43
PB,24
DM,47
DO,54
PB,33
DM,33
PP,17
DO,56
PP,22
PB,35
PB,23
PB,34
PB,21
PB,30
PB,24
PB,30
DM,42
DO,54
PP,16
DM,36
PB,38
PB,26
PP,17
PB,47
PP,19
PB,23
PB,32
PB,43
PB,24
DM,32
PP,23
PB,36
DM,57
PB,31
PB,39
DM,42
PB,24
PB,29
PB,24
PB,38
PB,30
PB,32
PB,38
PB,20
OT,25
PB,51
PP,18
PB,38
PB,39
PB,26
OT,26
PB,33
PB,31
DM,42
PB,27
PB,42
DM,50
PB,35
PP,17
PP,16
OT,26
PB,37
PP,21
OT,21
PB,31
DM,46
OT,25
PB,33
DM,46
OT,27
DM,32
PB,23
DM,46
DM,45
DM,47
PP,14
PB,41
DM,49
PB,32
PB,34
PP,16
PB,33
DO,51
PB,25
PB,29
DO,51
PB,32
DO,57
OT,22
PB,29
PP,15
PB,42
PB,34
PP,15
DM,53
PP,13
PP,20
PP,14
PP,19
PP,12
PP,15
PP,14
PP,16
PP,23
DO,46
DO,46
PP,17
DO,35
PP,15
DM,49
PP,34
PP,17
PB,31
PP,21
PP,17
PB,42
PP,22
RM,13
PB,30
PB,47
PB,42
PP,19
PB,26
PB,31
DO,66
NL,184
PP,13
PP,14
PP,17
PP,22
PP,21
PP,19
PB,31
DM,33
PP,15
PB,24
PB,48
PB,44
PP,16
PB,43
PB,31
PB,26
PB,41
PB,33
PB,33
PB,30
PB,24
DM,41
DM,44
DM,49
DM,33
PP,19
DM,49
DM,40
OT,24
PB,40
PP,25
PB,35
PB,37
PB,24
PB,29
PB,34
PP,33
PB,41
PB,37
PP,16
PB,40
PB,37
PP,17
PB,45
PP,14
NL,160
NL,208
PP,16
PL,21
NL,171
PB,43
PB,29
PB,40
PB,49
OT,29
PB,32
PB,33
DM,41
DM,40
PB,40
PP,17
PB,30
PP,18
OT,25
OT,31
PB,49
OT,26
PB,24
RM,13
PB,31
PP,17
PP,18
PB,31
OT,30
PP,21
OT,26
PP,20
DM,50
SH,77
PP,19
PB,26
DM,47
DM,46
DM,50
OT,28
DM,30
PP,14
DO,43
PB,28
PP,16
DO,50
PB,31
PP,26
PP,14
PB,31
DO,43
OT,22
PP,31
PP,17
PP,21
PB,31
PB,44
OT,25
DM,26
DM,49
DM,53
PP,19
DM,43
OT,30
OT,31
DM,48
DM,47
DM,41
PP,13
OT,26
PP,13
PP,14
PP,17
PP,21
PP,22
PP,16
PP,20
DO,41
RM,11
DO,41
OT,24
DO,53
DO,49
PP,23
PP,29
PP,21
PB,35
PP,14
PP,21
PB,37
PB,38
PB,37
PB,38
PP,16
PB,34
PB,31
PP,16
PB,36
OT,29
PP,23
OT,30
DO,39
DO,38
DM,33
DM,52
DM,29
PB,45
PP,22
PP,19
PB,31
PB,41
DO,42
OT,29
DM,40
DM,18
PB,34
PP,16
PP,20
OT,35
PB,31
DM,45
DO,51
PB,22
PB,30
PB,31
PB,38
PB,39
PB,36
DM,56
PB,21
PB,21
PB,19
PB,39
PB,38
PB,23
PB,17
PP,20
PP,18
PB,34
RM,10
RM,9
PE,31
PE,21
PP,17
DM,46
DM,46
DO,59
PP,19
PB,32
PB,30
PP,20
PP,24
OT,33
PP,17
PB,29
PB,36
OT,24
PP,19
PP,20
DM,52
PB,34
PB,49
DM,44
DM,50
DM,39
PB,39
PP,21
OT,38
PP,19
PP,18
PP,16
PP,23
PB,36
DM,47
PP,20
PP,36
SH,92
PB,22
DM,49
OT,29
DM,55
PB,23
PP,19
PP,17
PP,15
DO,23
DO,47
PP,23
PB,27
PB,29
DO,60
PB,16
PP,20
DO,49
DO,45
PB,34
PB,35
DO,51
PB,31
PP,27
PB,31
PB,43
PB,35
OT,29
PP,18
PP,18
OT,29
OT,32
DM,44
DM,28
DM,40
DM,48
PP,16
PB,35
PB,27
PB,30
PB,27
PP,20
DM,49
PB,30
DO,50
DO,54
PB,28
PP,14
PB,18
PB,43
PP,10
PB,29
PB,27
PB,33
PB,40
SH,48
DO,31
PP,14
NL,158
DM,47
DM,32
OT,26
SH,82
PP,12
OT,18
DO,47
PP,18
PB,33
PB,39
DO,53
PP,20
PB,41
PP,19
PP,18
PB,29
PB,16
PB,31
OT,30
PB,27
PB,18
PB,35
SH,35
PB,30
DM,38
DM,43
DO,24
PP,22
PP,15
DM,43
PP,11
PP,18
PP,19
DO,55
PB,37
PP,11
PB,17
PP,18
PP,16
NL,170
PB,24
PB,24
PB,35
PB,26
PP,10
PB,39
PB,36
PB,25
PB,30
DM,54
PB,18
PB,36
PE,20
RM,10
PP,17
OT,32
PB,31
PB,25
PB,32
PB,22
PB,34
PP,20
PB,22
PB,21
PB,36
PB,33
PB,36
PB,20
PP,20
PP,21
PB,33
PP,14
PP,20
PP,15
DM,23
PB,31
PB,32
DM,46
PB,31
PB,28
PP,16
PP,9
PP,9
PP,9
PP,11
PB,34
PB,36
PB,20
PP,18
PP,17
PB,32
PB,21
PP,14
PP,19
PP,21
DM,35
PP,18
DM,47
DM,48
PB,25
PP,17
PB,36
DM,46
PB,18
PP,20
DO,44
DM,45
OT,26
PP,19
PP,17
OT,31
PP,21
DO,35
PP,20
DO,50
PP,8
DO,52
DO,32
PP,21
PP,18
PB,40
PB,32
PB,16
OT,35
PB,18
PP,17
PB,32
DM,43
DM,24
DM,47
PP,19
PP,13
PP,15
PP,16
PP,16
PP,12
PB,19
PB,38
PP,16
PP,15
DM,38
PP,14
PP,8
PB,20
PB,30
DO,53
PB,30
PP,21
PP,17
PB,21
PB,46
OT,23
PP,16
PB,38
PP,18
PB,35
PB,25
PB,24
PB,30
PB,19
DO,62
PB,35
PP,17
PP,18
DM,39
DM,28
PB,34
PP,14
OT,29
PP,15
DO,56
PB,29
PP,15
PB,18
PB,48
PP,17
PB,32
PP,17
PB,28
PB,36
PP,15
PB,30
PB,26
PB,24
PB,33
PB,23
PB,20
PB,21
PB,40
PB,20
PP,16
PB,44
PB,30
PB,29
PB,25
PB,29
PB,45
PB,22
PB,28
PP,11
PP,11
PB,39
PB,39
PP,13
PP,18
NL,174
DM,48
DO,51
PP,15
PP,14
PP,22
DM,43
PP,21
OT,27
PP,18
DM,45
DM,43
PP,11
DO,46
OT,21
PB,28
PP,21
NL,140
PB,31
PB,32
OT,22
PB,23
PB,40
PP,13
PB,33
PB,34
PB,37
PP,16
PB,26
PB,31
DM,33
PB,28
PP,12
DM,39
PB,31
PB,22
PB,21
PP,23
PP,16
PP,13
PP,13
PB,14
PB,26
PP,19
PP,14
PB,26
PB,24
PP,14
PB,33
PP,14
OT,18
DM,43
PP,14
PP,20
DM,53
PB,20
PP,16
DM,45
DM,48
PP,16
OT,40
PP,16
DM,51
PP,19
PP,15
PP,10
PP,16
OT,29
PP,14
PP,16
DM,40
PB,38
PB,23
PP,14
DM,53
PB,27
PB,32
DO,39
OT,20
PB,36
PP,17
PP,16
DO,50
PP,16
PB,17
PB,29
PP,17
PB,29
PP,18
PB,29
PB,34
PB,22
PB,19
PB,19
PP,17
PB,24
OT,30
DM,45
PP,17
PP,14
PP,13
DM,47
PP,12
DM,29
PP,20
PP,23
PP,14
PP,12
PP,17
PP,14
PP,16
PP,15
SH,51
PP,13
PP,16
PB,27
OT,15
PE,20
PB,26
PP,13
PP,14
PP,13
PP,13
PB,23
PB,25
PP,14
DM,39
PP,17
PP,11
PB,47
PB,31
PP,17
PP,14
PP,15
PB,25
PB,29
SH,130
DO,58
DM,39
PP,22
DM,36
PB,35
PP,25
PB,24
DM,49
NL,175
PP,11
PP,19
PP,14
PB,27
PP,19
PB,34
PB,34
PB,31
PB,38
PB,27
PP,16
PB,29
PB,34
DM,42
PP,14
DM,46
DM,45
DO,47
PP,18
PP,15
DM,51
PB,25
PB,29
PB,31
PB,33
PB,35
PB,30
PB,27
PB,31
PB,32
PB,28
PP,17
PP,17
PB,39
PP,15
PB,35
PP,16
PB,25
PB,41
PB,28
PB,19
PB,31
PB,31
PB,32
PB,28
PB,31
PB,35
PB,30
PB,24
PB,24
PB,22
PP,16
PB,29
PB,29
PB,26
PP,21
PB,29
PP,19
DM,32
DM,40
PP,31
PP,15
OT,22
DM,42
DO,51
PP,20
PP,18
PB,25
PB,42
PP,16
PP,14
PP,14
PB,48
PB,34
PP,17
PP,15
PP,15
PB,31
PP,19
PB,32
OT,32
PP,17
DM,43
PB,32
DM,49
DM,45
PP,22
PP,17
DO,55
PP,15
OT,24
PP,16
PP,15
PP,17
NL,173
PP,13
PP,15
PP,18
PP,15
PB,37
PB,35
OT,25
PB,32
PB,30
OT,21
PB,40
PB,29
PB,34
PB,28
PB,43
PB,25
PB,34
DM,56
PB,31
PP,13
PB,28
PB,30
PB,30
PB,22
PB,30
PB,28
PB,30
PP,16
PB,35
PB,22
DM,43
DM,47
PP,14
DM,38
OT,24
PP,19
OT,31
DM,45
PP,25
DO,59
PP,16
PP,15
PB,32
OT,25
PB,31
PP,16
PB,31
PB,30
PB,31
PB,34
PB,31
PB,29
PP,13
PP,15
PB,26
PB,31
PB,31
DM,43
DM,44
OT,20
PP,12
PB,29
PB,31
PB,27
PB,19
PP,14
PB,31
PB,31
PP,14
PP,13
PB,28
OT,26
PP,18
PB,25
PP,13
PB,27
PP,13
PB,31
PB,30
OT,24
PP,14
PB,30
DM,53
DM,41
PP,14
DM,44
DM,46
PP,15
DM,39
PP,15
DM,51
DM,46
PB,33
DO,46
PB,28
PP,14
PP,18
DM,37
OT,23
PB,28
OT,19
PP,14
DO,51
DO,49
PB,26
PB,31
PB,24
PP,14
PB,29
PB,27
PB,22
PB,27
PP,16
OT,19
PP,14
DM,31
OT,22
DM,39
DM,45
DM,45
PP,15
PP,15
DM,25
DM,39
OT,34
PP,18
PP,14
OT,30
PP,16
PP,15
PP,16
PP,15
DM,38
DM,39
PB,42
OT,19
PB,26
DM,42
DO,50
PB,26
OT,25
PB,29
PP,17
NL,171
PB,43
PB,31
PB,33
OT,25
PB,31
DM,45
PP,15
OT,30
PP,17
PB,30
PP,17
DM,41
OT,29
OT,23
DM,47
DO,51
NL,164
PB,35
PB,30
PB,27
PP,13
PP,16
PB,26
PB,29
PB,37
OT,16
PB,33
DM,42
DM,43
DM,43
PB,30
DM,34
DM,42
OT,27
DM,47
DM,47
OT,26
PB,16
OT,29
PB,26
PB,25
NL,184
DM,52
PP,27
PB,33
PB,35
DM,42
PB,28
PB,27
PB,25
PB,26
PB,29
PB,29
PE,22
PP,16
PB,28
PB,29
OT,27
PB,32
PB,32
PB,32
PB,30
DM,46
DM,43
DM,41
DM,29
DM,39
PB,30
PB,27
RM,8
PB,28
PP,13
OT,24
OT,23
PB,30
PB,30
PB,29
DM,41
PB,28
OT,23
DM,41
DM,46
DM,42
PP,14
OT,26
PB,27
DM,43
PP,15
DO,46
DO,51
DO,46
OT,22
OT,24
PB,30
PE,18
PB,33
PB,28
DM,42
DM,46
OT,35
OT,23
DM,42
DM,49
OT,20
OT,24
PP,14
PP,15
PB,30
OT,20
PM,11
OT,27
DO,51
DO,51
PB,46
DM,40
PB,28
PE,24
DM,41
PB,34
PB,33
DM,43
NL,200
NL,228
RM,12
OT,26
PE,23
OT,30
DM,47
OT,26
OT,21
PB,25
DM,38
DM,44
DO,55
NL,190
PB,36
PB,26
PB,30
PB,34
PB,32
PB,30
DM,47
OT,22
DM,45
DM,42
DM,42
DM,42
DM,49
PB,33
PB,33
PB,30
PB,28
OT,22
PB,28
PB,32
PB,29
PB,29
RM,9
PB,27
NL,158
OT,25
PB,32
PB,31
PB,29
PE,20
PB,28
PB,32
PE,23
DM,43
DM,44
DM,43
OT,25
PB,30
DM,44
OT,25
OT,22
PB,25
PB,30
DO,50
OT,23
DM,37
OT,24
PP,13
PB,28
DM,39
DM,42
DM,43
OT,27
OT,22
OT,28
DM,42
PB,28
OT,25
DO,45
OT,23
DO,49
DO,49
OT,22
PB,29
PP,12
PB,30
OT,19
DM,47
DM,40
OT,32
DM,39
DM,35
DM,41
PP,11
OT,25
PE,16
PE,20
RM,10
RM,10
RM,8
DM,38
DO,52
PB,26
OT,24
PB,25
DM,38
DM,41
DM,42
DM,43
PB,46
PB,38
OT,25
OT,28
PB,41
OT,28
PB,34
DM,44
NL,173
OT,22
OT,26
DO,54
DM,45
NL,212
PB,43
PB,28
PB,30
PB,38
PB,35
DM,50
DM,42
DM,43
DM,47
OT,22
DM,48
OT,27
DM,45
OT,21
OT,24
PB,28
PB,29
PB,30
PB,29
PB,28
PB,34
PB,32
PB,36
OT,24
OT,21
PE,23
PB,42
PB,30
PB,28
OT,29
PB,35
DM,54
DM,48
PB,32
OT,24
OT,25
OT,22
PB,31
OT,24
OT,21
OT,23
PB,33
PB,27
DM,39
DM,50
OT,25
DM,43
DM,44
DM,43
DM,41
OT,24
PB,31
OT,21
OT,21
DO,47
DO,46
PP,12
PB,32
OT,23
PB,32
DM,52
DM,39
OT,25
OT,19
PB,25
DM,43
PB,44
DO,53
OT,27
RM,11
NL,121
DM,44
PB,42
PB,41
NL,158
DO,54
DM,49
OT,21
DM,43
PB,27
PB,42
PP,11
PB,29
OT,23
DM,49
DM,48
DM,43
DM,41
OT,26
DM,41
OT,20
PB,36
PB,40
PB,32
PB,25
PB,27
PB,30
PB,27
PB,29
PB,29
OT,26
DO,47
PB,40
PB,30
PB,40
OT,25
OT,25
PB,29
PB,36
OT,22
DM,48
OT,24
OT,26
PM,27
PB,29
PB,30
PB,35
DM,45
DM,54
DM,46
DM,41
DM,42
DM,44
DM,48
DM,49
PB,31
PB,36
PP,12
DM,36
DM,41
DM,47
DM,42
DM,40
DM,50
OT,22
PB,36
PB,25
DM,45
PB,41
OT,24
PB,40
RM,16
PB,27
RM,17
PB,40
PB,33
DM,58
RM,8
OT,27
DM,41
DM,40
OT,25
PB,31
PB,43
PB,27
PB,35
PB,41
PB,35
PB,30
NL,109
RM,11
DM,45
PB,39
DM,50
PB,33
PB,40
DM,39
DM,55
PP,14
PB,29
DM,58
DM,50
DM,51
PP,14
DM,50
DM,54
DM,45
DM,52
PB,44
PB,39
DM,53
DM,49
DM,44
DM,44
PP,14
OT,24
PB,29
DM,47
PP,16
PB,40
DM,53
DM,60
DM,47
DM,48
NL,252
PP,20
OT,24
DM,58
NL,207
PB,46
RM,15
DM,55
OT,26
DM,48
DM,48
PP,13
DM,45
DM,56
DM,45
PB,40
PB,34
PB,36
PB,48
PB,37
PP,21
PB,34
PB,36
PB,44
PF,8
OT,29
PB,49
DM,51
PB,42
OT,30
PB,37
DM,51
DM,53
OT,29
DM,47
DM,51
DM,52
DM,51
OT,32
PP,15
PP,21
PP,21
PP,16
PM,22
PP,16
PP,20
PB,39
PB,44
PP,13
PP,16
DM,50
DM,48
PP,21
DM,54
PP,22
DM,54
PP,20
PP,16
DM,59
PP,19
PP,13
OT,42
PP,26
PB,30
PP,19
DM,49
PB,24
PP,22
DO,68
PP,21
DM,47
NL,145
PP,24
DM,52
PP,21
DO,54
PP,24
DO,60
PP,23
DM,57
DO,76
PP,16
PE,22
PB,50
PB,50
PB,17
DM,50
PP,18
PP,20
DM,49
DM,49
DM,37
OT,28
DM,50
DM,50
DM,50
PB,39
PB,37
PB,38
NL,218
PB,35
PB,54
PB,34
PB,37
PB,37
PB,35
PF,7
PB,33
PB,35
DM,53
OT,27
PB,40
PB,34
OT,32
DM,53
DM,55
PB,39
PP,23
PB,46
PP,20
PP,22
PB,49
SH,132
DM,49
OT,26
DM,49
OT,14
PP,18
PP,17
DM,52
PP,21
DM,47
DM,53
DO,59
DO,59
PP,19
DM,53
DM,49
PF,7
DM,56
DM,46
DO,52
PM,31
DM,55
OT,29
PP,20
PP,18
PF,9
PP,23
PP,22
PP,21
PP,21
PP,29
NL,94
DO,55
PB,31
DM,48
PP,20
DO,68
NL,171
SH,79
NL,135
PP,17
DO,49
DO,27
DM,48
PE,20
NL,204
PB,27
PB,36
PB,30
PB,33
PB,40
PB,31
PE,23
PB,31
PB,29
DM,52
DM,48
DM,46
DM,41
DM,47
PP,19
DM,47
DM,49
NL,127
PB,44
PB,31
PB,39
PB,35
NL,115
PB,25
PB,32
NL,205
NL,200
NL,146
DO,51
PB,37
OT,25
OT,35
PB,30
PF,8
DM,51
DM,52
DM,36
DM,49
PB,39
PP,18
SH,86
PB,33
SH,123
PB,18
PB,40
OT,34
PB,44
OT,14
DM,55
DM,48
PP,13
DM,50
DM,48
PP,16
DM,52
PP,18
DM,50
DM,50
DM,40
DM,49
PB,34
PB,40
PP,20
DO,59
PB,34
OT,32
OT,31
PP,17
PP,21
PB,26
PB,29
DM,25
DO,56
DM,58
DM,47
DM,50
PP,19
DM,36
DM,55
DM,46
DM,41
PP,13
NL,80
PB,40
PP,19
PP,21
PF,8
PE,19
PB,38
PB,29
DO,54
PP,12
PP,20
PP,21
DO,26
PP,25
PB,39
NL,159
PP,22
PP,16
PP,17
SH,92
PB,36
NL,173
PP,24
DM,30
DO,43
PP,19
DO,53
DM,48
DM,33
PP,19
PP,15
NL,221
PB,40
PB,22
PB,42
PB,42
PF,7
PB,34
PB,18
PP,18
DM,29
PP,10
DM,51
DM,47
DM,40
PB,37
DM,46
DM,43
DM,50
DM,50
DM,30
DM,46
PB,26
PB,41
PB,33
PB,32
DM,56
PP,17
PB,39
PB,24
PB,34
PB,26
PB,41
PB,19
PB,20
PB,37
PB,29
PF,8
PP,16
PB,19
PB,17
PE,12
PP,20
NL,168
PF,7
PE,17
PP,18
PB,37
PB,32
PP,17
PB,20
PB,21
PB,37
PB,39
PB,33
PB,27
OT,31
PP,13
PB,30
PP,15
DM,49
PF,9
PB,29
PB,22
PP,17
PP,19
PP,18
PP,18
PF,9
PB,34
PB,25
PP,16
PB,29
PP,15
PB,31
PP,21
SH,28
PB,24
PB,19
PB,29
PP,17
PP,17
PB,26
PP,25
DM,47
DM,42
PP,18
DM,59
PP,17
OT,27
DM,49
DM,48
NL,95
PP,11
DM,43
DM,25
DM,42
DM,25
PP,21
PP,19
PB,27
PP,16
DO,53
PB,22
PP,13
PP,9
PP,17
DO,46
PB,21
DO,61
PP,15
PB,23
PB,33
OT,27
PB,27
PB,39
PB,43
PP,20
PB,33
PB,43
PP,13
DM,25
DM,47
DM,47
DM,54
DO,45
PP,18
DM,48
PP,16
PP,13
PB,14
OT,35
PP,20
PB,29
PP,17
PP,20
PP,17
PB,30
PP,21
PP,21
NL,146
PP,16
PP,16
PP,18
PE,18
PP,16
PB,40
PP,20
PB,42
PB,33
DO,50
PB,34
PB,20
PP,16
PP,14
DM,39
DO,54
PP,17
DO,57
PP,19
PP,17
DM,49
PB,32
OT,25
OT,23
OT,31
DM,46
PP,18
OT,26
OT,23
NL,193
OT,25
PP,19
DM,50
PP,25
DO,58
PP,19
PP,41
DM,47
OT,20
DO,57
PP,16
PP,17
NL,195
NL,171
PB,31
PP,20
PP,19
PB,28
PP,17
PF,9
PB,30
PB,26
PB,30
PB,44
PB,30
PF,11
PP,16
PB,34
DM,41
PP,20
DM,50
PF,16
PP,15
DM,49
PB,35
DM,36
PB,26
DM,44
PB,42
DM,43
PB,30
PB,31
PB,44
PP,18
PB,27
PP,20
PB,28
OT,21
PB,31
PE,24
PE,22
PB,28
PB,31
PB,30
PB,36
PB,39
PB,33
PB,23
PB,32
PB,37
PB,36
PB,31
PB,37
PB,29
PB,33
OT,20
PP,20
PP,17
PB,38
PB,33
PB,36
PB,35
PP,21
PP,18
PP,18
PB,27
PP,19
PP,16
PP,22
PB,32
PP,15
PP,15
PB,40
PB,33
PB,34
OT,24
PB,42
PB,28
PB,42
DM,51
PB,37
PP,21
PB,40
DM,48
PB,20
PP,18
PF,8
PP,16
PB,28
PB,28
PB,27
PP,17
PB,30
PB,24
PB,37
PP,17
OT,20
PB,24
PB,31
PB,29
PP,20
PP,16
OT,21
PP,15
PB,23
PB,28
PB,21
PB,31
PP,16
DM,49
DM,28
PB,18
PP,18
DM,44
DM,46
OT,24
OT,27
PB,30
PE,18
OT,20
DM,50
DM,45
DM,49
DM,41
DM,44
PP,17
PP,15
DM,24
OT,25
PP,13
OT,30
PB,32
PP,21
DO,59
OT,19
PB,25
OT,22
PP,18
PP,19
PB,30
PP,15
PP,16
PB,34
PP,13
DO,64
PP,16
PP,16
PP,16
PP,18
PB,31
PB,33
OT,17
OT,24
PB,40
OT,21
PB,28
DM,51
PB,29
DM,38
DM,31
DM,45
DM,33
DM,46
DM,44
PP,13
DM,51
PP,15
PP,16
PP,18
PB,34
PP,17
PB,32
DM,42
PB,26
PP,19
DO,58
PB,30
PP,19
PB,43
PP,18
NL,187
OT,24
PP,20
PB,40
DM,24
OT,23
PB,34
DM,47
DM,43
PP,19
DM,50
PP,18
PP,17
PP,21
PP,17
PP,15
DO,58
PP,19
DM,45
DM,49
DO,60
PE,21
PP,18
PB,30
PB,30
PB,27
PP,16
PB,41
OT,21
PP,16
PB,42
PP,20
PB,25
PB,43
PB,29
PB,32
PB,30
PB,25
PB,27
PB,25
PB,31
DM,44
PB,33
PP,18
DM,57
DM,48
DM,26
PB,41
DM,49
PB,29
PP,17
PP,18
DM,21
PB,32
PB,32
OT,20
PB,28
PB,37
NL,191
PP,15
PB,34
PB,29
PP,18
PB,34
PB,31
PB,30
PB,33
PB,38
PB,30
PB,32
PB,33
PB,32
PB,39
OT,22
PB,36
PB,33
PB,30
PB,26
PB,40
PP,17
DM,56
PB,32
PB,26
DM,50
PB,28
OT,19
PP,16
PP,19
PP,16
PP,16
PF,6
NL,197
NL,185
OT,21
OT,24
PP,15
PP,14
PB,35
PB,34
PB,35
PB,28
PB,40
PP,15
PB,49
DO,53
PB,41
PB,27
OT,30
PI,17
PP,14
PP,12
DO,57
PB,43
DM,47
PF,10
DM,24
DM,52
PP,20
PB,24
DM,23
PB,29
PP,15
PB,32
PB,31
PB,30
PB,28
OT,23
PB,25
PB,31
PB,34
PB,26
PB,32
DM,52
OT,20
OT,22
PP,17
PB,20
DM,51
PB,29
PB,32
PB,26
OT,18
DM,47
DM,51
DM,41
PP,19
OT,23
DM,42
PP,15
DM,47
PP,24
PB,34
PP,15
PP,15
PB,27
PB,31
PP,16
PP,20
PP,15
DO,53
PP,16
DO,60
PB,35
PP,17
PB,33
OT,18
PB,32
PB,28
PB,41
PP,17
PB,35
PB,47
PP,14
PB,42
DM,27
DM,45
DM,52
PP,13
DM,39
DM,21
DM,30
DM,43
OT,24
DM,26
PP,13
PB,27
PP,15
PB,33
PB,27
PB,32
OT,24
PE,16
PP,36
OT,21
PB,26
PP,17
PP,18
PB,27
PB,26
DO,58
DM,44
PP,17
PB,29
PB,30
PB,31
NL,188
PE,31
SH,101
NL,72
OT,26
PP,19
OT,21
OT,22
OT,26
PP,19
PB,41
PB,32
DM,47
DM,46
OT,22
PP,16
DO,52
DM,49
OT,26
OT,21
DO,59
OT,27
PP,18
DM,47
OT,22
PB,30
PB,27
PP,17
PB,44
OT,26
PP,16
PP,20
PB,30
PP,17
PB,30
PF,8
PB,26
PB,26
PB,26
DM,43
DM,34
PB,31
OT,21
PB,41
DM,45
OT,25
DM,51
PB,26
DM,47
PP,32
PB,41
OT,22
PB,30
PB,30
DM,57
PB,27
PB,30
PB,31
PB,29
PB,26
PB,35
PB,37
PB,32
PB,35
PB,30
PB,29
PB,35
PE,19
PB,35
PB,31
PB,26
PE,20
OT,22
NL,187
OT,23
PB,32
PE,22
PF,7
PB,28
OT,22
OT,22
PB,29
OT,25
PP,15
PB,49
PI,19
PB,35
PB,42
DO,55
PB,34
PB,37
DM,60
PB,30
OT,25
DM,39
DO,37
PF,7
PF,9
DM,53
DM,48
PB,44
DO,50
PF,7
PP,19
PB,23
PB,48
PF,8
PF,8
DM,37
PB,26
PB,31
NL,178
PB,29
PB,27
PB,29
PB,34
PB,26
PB,30
PP,16
PB,32
OT,22
OT,27
PB,34
PB,29
OT,21
OT,28
PB,30
PB,31
PB,31
OT,24
DM,42
DM,59
PP,16
PP,18
PP,20
PB,32
DM,41
DM,50
DM,48
DM,22
DM,38
DM,41
DM,48
DM,41
PP,18
OT,25
OT,22
DM,44
OT,37
DM,22
DO,57
DO,53
DO,59
PB,25
PP,12
DO,34
DO,55
PB,31
OT,26
PB,26
DO,47
PP,15
DM,40
PB,36
PB,33
OT,26
PB,47
PB,28
PB,33
PF,14
PB,33
PB,40
PB,44
OT,19
DM,37
DM,48
DM,36
DM,50
DM,49
DM,45
DM,30
OT,24
NL,174
PP,14
PP,14
OT,14
OT,14
OT,20
PB,28
PP,14
PB,35
OT,23
PB,28
OT,23
OT,24
DO,59
PB,39
PB,31
DM,42
PP,18
DO,33
DM,48
OT,21
SH,65
DO,46
PB,32
PE,21
OT,25
PP,16
DM,47
PE,22
PB,41
PB,35
PB,31
NL,119
NL,213
DO,46
DO,54
DM,45
DO,55
PE,22
OT,20
DO,61
NL,280
PP,19
PB,44
PB,27
OT,21
PB,51
OT,22
PB,29
PB,29
PE,18
PB,30
PB,49
PB,27
PB,25
PB,25
PB,29
PB,30
PB,29
PB,41
DM,48
DM,44
DM,44
DM,50
PB,32
OT,22
NL,158
PB,31
PB,27
PB,30
PE,21
PE,22
PB,36
PB,35
NL,96
NL,186
PB,30
PB,36
PB,29
PB,30
PB,33
PB,29
PB,31
PB,31
PB,34
PB,41
PB,31
DM,50
PB,29
PB,27
OT,22
OT,20
PB,41
PP,20
PP,17
PE,18
RM,9
PE,23
PE,18
OT,23
RM,9
NL,175
PB,29
PB,32
DM,52
PB,47
OT,24
OT,22
PE,24
OT,26
PF,7
PB,37
PB,30
PB,32
PB,34
PB,38
DM,42
PP,15
DO,51
DM,31
DO,39
DM,45
DO,45
PB,52
PB,24
DO,36
DM,40
DM,30
DM,43
PB,47
DM,48
DM,49
PE,18
PB,30
PB,26
PB,26
PB,34
PB,31
PB,35
OT,27
PB,30
PB,33
PP,17
OT,22
PB,32
OT,24
DM,44
DO,42
DO,51
PB,29
DM,35
DM,59
PB,32
PB,27
DM,43
OT,23
OT,19
DM,43
DM,38
DM,48
OT,20
DM,46
DM,45
PB,33
OT,23
OT,23
PB,31
PB,26
DO,52
DO,54
DM,38
DO,42
DO,58
PB,27
OT,23
PE,20
PB,31
PB,34
PB,48
OT,20
PB,50
OT,18
PB,27
DM,36
DM,45
OT,23
DM,45
DM,41
NL,184
OT,19
PB,38
PB,29
DM,55
OT,18
OT,25
PB,30
DO,46
PB,23
PB,40
DO,59
DO,46
DM,44
DO,41
NL,231
PP,17
OT,23
PE,20
OT,23
DO,45
PE,22
DM,45
DO,52
DM,48
PB,43
PB,34
NL,126
NL,198
DM,39
DO,52
DO,60
DM,46
DO,55
PB,51
PB,30
OT,22
PB,43
PB,27
PE,14
OT,21
PB,29
PB,29
OT,24
PB,50
PB,31
SH,50
PB,25
RM,16
RM,12
PB,32
PB,26
PB,28
PB,29
DM,46
DM,51
OT,22
OT,19
DM,46
DM,43
PB,45
PB,32
NL,156
PB,43
OT,24
DM,51
OT,22
PB,32
PP,14
PB,30
PB,35
PB,30
PB,30
PB,27
PB,35
PB,29
PB,29
PB,30
PB,31
RM,9
PE,18
RM,8
PE,22
SH,43
PB,33
PB,35
RM,11
RM,8
PB,28
PB,30
PB,31
PE,24
PE,23
RM,10
PB,44
OT,21
OT,19
PP,16
DM,44
DO,58
PB,45
DO,29
OT,26
OT,24
OT,22
DM,47
DO,51
PE,23
OT,18
OT,25
OT,22
DO,46
DM,45
PB,47
PB,30
DO,24
PE,15
DO,26
DO,47
DM,40
DO,55
PE,23
DM,45
PB,51
PB,46
PP,13
PB,30
PE,17
OT,24
OT,22
PB,30
PB,28
OT,20
PB,28
PB,32
PB,44
PB,26
PB,27
PB,26
OT,18
DM,49
PB,31
DM,47
PB,27
DM,48
DM,42
PE,18
DM,51
PB,39
PB,30
PB,32
PB,30
PB,30
PB,30
PB,28
PB,37
PB,29
RO,8
DO,35
PB,48
DO,60
DM,47
DO,40
OT,26
PB,54
RM,8
DO,49
DO,52
PB,41
PB,49
DM,46
PE,25
PP,17
SH,57
PB,31
NL,120
PB,44
DM,48
PB,26
DM,54
OT,24
PB,28
PB,55
DM,49
DM,47
DO,51
DM,52
PB,41
PE,24
PF,8
PB,32
DO,49
OT,30
PB,32
DO,53
DM,52
PM,19
PE,20
PE,22
DM,46
DO,52
DO,58
DM,44
PP,17
DM,49
PB,47
OT,25
PB,31
DM,50
DM,46
DM,46
NL,154
RM,12
PB,51
PB,29
PB,32
PB,25
PB,28
RM,12
PB,30
PB,27
PB,31
PB,49
PB,42
OT,22
PE,18
DM,52
PB,38
PB,30
DM,40
PB,48
PB,30
PB,41
PB,27
PB,30
PB,43
PB,31
PB,40
PB,34
PB,29
RM,10
PB,33
PB,29
PB,41
PB,33
OT,24
PE,20
RM,11
PE,24
DM,53
DM,51
DM,42
DM,50
DO,45
PB,50
PB,48
PB,25
PB,28
PB,25
PB,26
PB,35
PB,32
PB,35
DO,53
DO,56
OT,25
PB,29
PB,35
NL,180
DM,55
DM,48
DM,39
DO,46
DM,45
DM,42
DO,55
DM,42
DM,53
DM,46
DM,46
DM,42
DO,55
PB,29
PP,16
PB,35
PB,26
DO,52
DO,60
DM,41
DO,51
PB,25
DO,59
PF,7
OT,22
PB,48
PB,39
OT,19
PB,37
PB,49
PP,15
DM,48
DM,39
OT,21
DM,44
DM,46
NL,222
PB,31
RM,7
RM,10
PB,45
RO,9
RM,9
PB,25
DM,38
DO,51
RM,8
DO,50
DO,52
DO,51
RO,8
DM,42
DO,62
DO,55
DO,47
DO,54
DO,46
DO,52
PP,20
DM,50
DO,46
PB,44
DO,63
PP,20
DM,43
DM,55
DM,50
DO,56
NL,136
PP,23
OT,23
NL,196
DO,55
PB,32
DO,57
PP,16
DO,63
DO,32
DM,44
PP,23
PE,20
PB,45
PP,19
PB,34
PB,28
PB,49
PB,36
PB,28
PB,27
RM,11
OT,24
PB,32
DM,50
DM,50
PB,36
DM,47
OT,32
DM,47
PP,17
DM,46
DM,45
DM,46
OT,26
DM,47
PB,28
PB,32
PB,42
DM,40
PB,25
DM,52
PB,34
PB,30
NL,168
PB,32
PB,27
PB,39
PB,31
NL,204
PB,41
PB,34
PB,31
PB,30
PB,31
PB,32
DO,56
PB,31
DM,50
PF,8
PB,55
PB,41
DO,53
PB,40
DM,51
PB,39
PF,8
DO,31
DO,30
PF,8
DM,50
PB,32
PB,49
DO,46
PB,26
DO,54
DM,52
DM,53
NL,188
PB,34
PB,30
OT,25
PB,33
PB,25
PB,34
PB,37
PB,27
OT,26
DO,53
PB,32
PB,34
SH,64
DO,59
DM,49
DM,42
DM,47
DM,45
DM,51
PP,18
DM,59
DM,48
DO,63
PB,30
OT,29
DO,54
DO,54
DM,46
DM,47
DM,49
DM,52
OT,30
PE,23
PB,37
DM,42
PB,26
DO,61
PB,32
PP,15
DO,58
PB,26
DO,55
DO,61
PP,18
DO,53
PB,38
PB,45
OT,23
PF,7
DM,48
PP,19
DM,36
DM,50
OT,25
DM,42
DM,48
PP,17
PP,15
PB,34
PB,43
RM,7
PP,21
DO,51
DO,44
PP,18
NL,227
DM,32
PP,17
DM,48
DO,58
PB,40
PP,17
PP,15
DO,52
PB,38
PE,31
PP,17
OT,26
PP,16
PB,34
DO,35
PB,32
PP,20
DO,56
PB,43
DO,54
PB,36
PB,36
PB,43
PP,19
DM,45
DO,51
DO,48
DO,42
PP,16
PI,18
PP,17
DM,44
PP,17
DO,54
DM,46
DO,34
DO,46
DO,61
DO,34
PB,31
DM,43
DO,56
DM,57
PP,20
DO,62
PP,20
DO,53
PP,18
PP,15
DO,55
DO,54
DM,40
DO,62
PP,20
PP,20
PP,18
PB,35
PP,21
PP,14
DO,64
DO,51
PP,21
PB,17
PB,44
PB,38
OT,24
OT,22
PB,36
PB,30
PB,15
PB,36
OT,26
PB,35
PB,48
PP,17
PB,37
PB,27
PP,15
PP,17
PB,49
PB,31
PB,31
OT,27
PB,31
PB,35
DM,46
PB,34
DO,38
DO,50
NL,190
OT,25
SH,79
OT,29
PB,42
DM,51
PP,14
DM,30
PP,22
PP,17
NL,149
DM,50
DM,43
PP,21
DO,47
PB,51
PB,38
PB,39
PB,34
PB,39
DO,53
PP,21
DO,56
PP,16
PB,32
PP,15
OT,31
DO,60
DM,47
PP,16
DO,30
DO,56
PF,8
PF,7
DM,52
PB,35
OT,28
PB,24
PP,18
DM,55
PB,48
DM,57
DM,50
PP,17
PP,17
OT,26
PP,24
DM,48
DM,45
PP,16
PP,19
DM,56
DM,48
OT,27
DM,43
DM,43
PP,21
OT,24
DM,49
DM,43
DM,47
DM,27
DM,50
SH,51
PP,17
PP,18
PB,43
PB,23
SH,55
PP,15
PP,20
PP,18
PB,19
PB,40
PB,36
PB,33
PB,30
PB,31
PB,39
PB,41
PB,34
PB,35
PB,34
PB,39
NL,170
PP,19
DM,50
PP,15
PB,47
DM,56
DM,48
DM,47
PP,20
NL,174
PP,15
DO,51
PP,20
PP,15
PB,23
PB,25
PB,39
DM,47
DM,35
PP,17
DO,37
PB,43
DO,52
NL,205
NL,138
OT,27
PE,16
PB,17
PB,19
PB,41
PP,22
DM,41
PP,20
DO,52
PB,19
PE,21
PB,34
PP,18
NL,188
DO,45
DO,47
DM,53
PP,24
PP,21
PP,20
PE,24
PP,17
DM,44
DO,63
PP,19
PE,23
PP,18
DO,51
PP,20
PB,17
PB,17
PB,45
PP,21
PB,36
PB,34
PP,13
PB,33
PP,17
PP,18
PB,20
PB,31
PB,33
PB,45
PB,30
PB,13
PB,20
PB,16
PB,35
DM,41
DM,54
DM,46
PB,35
PP,19
PP,18
DM,51
DM,47
PB,45
DM,46
NL,169
PB,14
PB,16
RM,10
PB,17
PB,36
PB,35
OT,26
PB,38
PB,41
NL,171
PB,32
PB,36
PB,13
PB,31
PB,37
PB,21
PB,39
PB,15
PB,30
PB,41
PB,30
DM,26
DM,49
PB,17
PB,16
PB,32
PB,35
PB,37
PB,29
PE,11
PE,20
PE,24
PP,16
PP,19
PB,17
DO,55
DM,48
PB,39
PP,21
PP,20
PB,48
PB,32
PB,18
PF,9
PP,17
PP,20
DM,55
PB,37
PB,39
DO,52
PP,18
DO,32
DO,29
DM,50
DM,48
DM,46
PB,18
PF,7
PP,17
PP,22
DO,50
DM,49
DM,51
PB,22
DO,50
PB,32
DO,55
PB,29
DO,24
PB,35
PB,32
DO,55
PB,32
PB,32
DO,44
PB,17
SH,75
PP,21
PB,17
PP,20
PB,19
PP,20
DO,24
PB,23
PP,22
PB,36
PB,36
PP,17
DM,46
PE,27
PB,31
DO,52
DO,37
DO,56
DO,45
PE,22
PP,20
DO,37
DM,49
DM,45
PP,20
PP,18
PP,18
DM,45
PP,17
OT,26
DM,48
DM,25
DM,64
PP,20
PP,21
DO,60
PB,12
DM,42
DM,43
DO,47
DO,49
PP,18
OT,11
PB,29
PP,17
PP,13
PP,12
DO,44
PB,46
PB,18
PB,14
DO,44
DO,57
PB,40
OT,23
PB,41
PB,23
PB,26
PB,26
PB,42
DM,36
PP,18
DM,48
DM,47
DM,42
DM,37
DM,47
DM,48
DM,52
PP,15
PB,24
PB,33
PP,20
PP,18
PP,20
PB,23
RM,11
PB,35
DO,52
PE,13
PB,36
DO,39
PB,29
PB,30
PP,11
PP,23
PP,21
PP,17
PP,23
DM,49
PB,30
DM,45
PB,43
DM,50
PP,9
PE,25
PB,32
PB,45
PP,22
NL,139
DM,50
PP,22
DO,47
PP,21
PP,18
DO,52
PE,23
PP,19
DO,54
PP,18
OT,35
PB,24
PP,17
PP,18
PP,18
PB,31
PP,18
PP,18
PB,23
PB,34
PB,23
PB,43
PP,18
PB,35
PB,26
PB,24
PB,25
PB,35
PB,29
PB,39
PB,23
PB,25
PB,34
PB,28
PB,19
PB,25
PB,23
PB,18
PB,33
PB,20
PB,20
PB,45
PB,20
PB,33
PB,47
DM,50
PB,24
DM,50
DO,50
PP,13
PB,38
PP,17
PB,28
DM,50
PB,25
DM,51
DM,26
PB,20
PB,30
PB,22
PB,33
PB,21
PB,40
PB,28
PB,23
PB,33
PB,32
PB,21
PB,31
PB,22
PB,40
PB,42
PB,33
PB,29
NL,164
PE,15
NL,139
RM,7
RM,9
PP,23
PP,18
PP,27
PP,16
DO,55
PB,32
DM,44
PP,12
PP,11
PB,34
PP,18
PI,21
PB,36
DM,53
PP,16
PB,34
PB,23
PP,18
PP,15
PP,20
DM,46
PB,28
PB,48
DO,50
DM,50
PB,27
PE,22
PP,16
PB,38
PP,8
PB,36
PP,17
PB,28
PP,15
DO,43
PP,19
PP,18
PB,33
DM,33
PB,22
PB,29
DO,50
DO,41
DO,49
PP,19
OT,23
DO,40
DO,43
PP,10
PP,20
DO,44
PP,20
PP,9
DM,25
PP,17
DM,48
DM,48
DM,41
PP,17
PP,10
DM,22
PP,11
PP,18
DM,42
DO,49
DO,36
DO,48
PP,9
PB,21
DO,51
DO,26
PB,21
PB,36
PP,21
DO,55
DO,45
PB,18
PP,11
PP,21
PP,18
DO,51
PB,26
PE,19
PB,41
PB,42
PB,30
DO,41
PB,31
PB,26
PB,27
PB,37
DM,46
DM,46
PP,17
PP,9
DM,38
DM,46
OT,23
DM,47
DM,46
NL,203
PB,37
PP,10
PB,17
PB,26
PP,19
PB,19
DM,35
PB,29
PB,17
PB,16
PP,16
PP,22
PB,26
PP,18
PF,5
PB,24
OT,24
PB,23
PB,27
PE,17
PP,15
DO,40
PB,28
PP,17
PB,23
DM,39
PP,18
PB,44
DM,50
PP,15
PP,21
PP,16
PP,15
PP,22
PB,34
PP,12
PE,22
PB,26
DM,46
PB,35
PP,13
DO,49
PP,18
PP,13
PP,15
DM,47
DO,52
DO,51
PP,10
PP,18
PI,20
NL,164
PP,21
PB,23
PP,14
PE,23
PP,23
PB,34
DO,56
PP,74
PB,30
PP,17
PP,10
PB,49
PB,34
PB,37
OT,34
PP,18
PP,20
PB,24
PB,30
PB,20
PB,31
PB,27
PB,24
PB,25
PB,35
SH,70
PB,23
PB,25
PB,25
PB,23
PB,31
OT,27
PB,28
DM,54
PP,11
PB,27
DM,49
DM,42
PP,16
PP,16
PB,26
PB,33
PP,16
DM,52
PB,25
PB,24
PP,15
PB,41
PB,29
PB,30
PP,13
PE,15
PB,40
PB,36
PB,36
PB,24
PB,33
PB,31
PB,27
PB,24
PB,26
PB,24
PB,30
PB,26
PB,31
PB,27
PB,20
PB,30
PB,26
PB,29
RO,11
DM,48
PE,23
OT,25
PP,17
PP,15
PP,20
PB,16
PP,15
PE,25
PP,15
RM,7
NL,90
SH,74
PB,34
DM,54
PB,34
OT,28
PP,15
PB,42
OT,28
PP,13
PP,17
PP,18
PB,27
PB,33
PP,16
PB,31
PB,35
PP,16
PB,30
PI,20
PB,25
PP,20
DM,47
PP,15
PB,30
PB,20
DM,54
PP,17
PF,7
PP,17
PB,26
PP,12
PP,19
PP,15
PB,26
PB,42
PP,11
PP,19
PB,22
PB,38
DO,51
PB,26
DO,39
PB,31
PB,26
PB,29
PP,18
PB,30
PB,34
DO,42
PP,13
DO,45
DO,52
PB,33
DO,54
PP,21
PP,14
PP,18
PP,13
PP,12
DO,39
OT,20
PP,19
PP,13
PP,18
OT,23
PP,17
PP,13
DO,47
PP,16
DM,46
PE,21
DM,60
PP,13
OT,25
PP,12
DM,35
PB,13
DO,52
PP,14
DO,47
DM,52
PP,16
DO,47
OT,19
DO,53
PP,13
DO,40
PP,12
PP,12
PP,16
PB,37
OT,21
PP,16
PB,21
PB,42
PB,29
PB,41
PP,11
PB,31
PP,13
PB,39
PB,31
PP,13
PB,25
PP,19
DM,40
DM,50
PP,12
PP,13
DM,47
DM,37
PP,14
DM,41
PP,15
PB,25
PP,17
PP,17
PB,29
PB,29
DM,42
PP,18
PB,29
PB,29
SH,57
PB,23
PP,17
OT,39
PP,16
RM,7
PE,16
PP,15
DM,45
DO,51
PP,18
DM,45
PI,21
DO,57
DM,60
NL,210
PB,33
PP,18
PB,36
PB,29
PB,38
PB,30
DM,50
PB,31
DM,47
NL,162
PB,48
NL,202
PB,36
PB,28
PB,30
PB,33
PP,21
PP,19
PP,18
PB,37
OT,31
PB,32
PB,38
DM,55
DM,50
DM,40
PP,17
DM,52
PP,20
PB,42
OT,26
PB,47
DO,64
PB,33
DO,62
PP,18
PP,14
PP,15
PP,18
DM,50
DM,48
PP,18
PP,17
PP,13
PP,19
PP,19
PB,37
DM,45
OT,11
DO,51
PB,46
PB,45
PP,13
PP,18
PB,29
PP,15
DO,57
DO,53
PP,17
PB,31
PP,17
PB,36
PB,35
PP,20
PB,36
PP,19
PB,31
OT,15
PB,36
OT,25
DO,40
PB,35
PB,12
PP,10
PP,17
PP,18
PB,26
PP,18
PP,15
PP,22
PP,20
PP,16
DO,51
PP,17
PB,28
PP,16
PP,18
PB,21
PB,27
PB,42
PB,27
OL,27
PB,38
PB,40
NL,226
PB,32
PB,39
PB,29
PP,15
DM,52
DM,20
DM,54
DM,50
PP,16
PP,15
NL,200
PB,55
PB,34
PB,29
PB,33
PB,29
PB,31
PB,30
PB,31
PB,30
PB,29
PB,32
PB,27
OT,30
PE,25
PB,21
PB,35
PP,17
PP,15
PB,35
PB,40
PP,13
OT,22
DO,54
PP,17
PB,26
DM,49
DO,57
PP,15
PP,15
DM,50
NL,200
PB,36
PB,36
PB,29
PB,32
PB,24
PB,30
PP,16
DM,57
PB,30
PB,36
PB,33
PB,42
PB,43
PB,26
PB,32
PB,43
PB,31
PB,29
PB,40
PB,35
PB,28
PB,32
PB,30
PB,45
DM,36
PB,45
PB,31
PB,36
PB,48
NL,190
PP,19
PP,17
DM,55
NL,194
PE,23
PE,20
PB,40
PB,48
PB,32
PB,36
PB,34
OL,24
PB,33
PB,15
PB,39
PP,17
PP,13
PB,44
PB,17
PB,28
PP,13
PF,10
PP,17
PB,43
PB,25
PP,19
PB,28
PP,17
PB,35
DO,48
PP,20
PP,15
PB,21
PB,39
PB,26
PB,29
PB,41
PB,30
PB,31
PB,36
PB,34
PP,19
OT,33
PP,16
DO,32
DO,50
DM,50
PB,42
OT,24
DM,41
PP,20
DM,51
PP,15
PP,17
PP,17
DM,50
DO,61
PB,36
OT,23
PP,19
PP,18
DO,56
PP,14
DO,60
PP,16
DM,46
PB,22
PB,32
PB,31
PB,33
PP,16
PB,27
PB,35
DM,45
PE,28
PP,19
DM,44
DM,52
DM,54
DM,55
DM,33
DM,52
DM,32
OT,19
PP,17
PP,16
PP,17
DM,43
DM,46
PB,27
PB,43
PB,29
PB,42
PB,34
DO,60
PB,47
PB,32
DO,64
PP,18
PP,20
OT,22
PP,20
PB,35
PP,14
PE,24
PB,45
PP,18
PP,17
OT,28
PP,18
PP,16
PP,16
PB,31
PP,18
OT,23
DO,51
PB,27
OT,24
PP,14
DM,55
PB,44
DM,45
PP,15
PB,27
NL,238
OT,30
PB,32
PB,38
PB,30
DM,47
DM,44
PB,44
PB,29
OT,27
PB,31
PB,25
DM,46
PB,24
PB,29
PE,22
PB,35
PB,48
PE,18
PB,29
PB,29
PB,31
PB,30
PB,30
PB,35
PP,13
OT,12
PP,15
PP,18
PB,31
PB,24
PB,34
PP,17
DO,54
DO,38
OT,24
PB,51
SF,92
DM,51
PB,31
NL,188
PB,43
PB,30
PB,34
PB,29
PB,43
PB,27
PB,23
PB,36
PB,26
PB,31
PB,45
PB,30
PB,35
PB,28
PB,42
PB,30
PB,25
PB,40
PB,32
PB,45
PB,28
PB,49
PB,25
PB,38
PB,26
PB,29
PE,24
OT,13
PB,36
PB,48
PB,44
RM,16
PB,30
PE,23
PE,30
PB,24
PB,34
RM,14
PE,30
PB,45
PB,31
PB,39
DO,61
PP,14
PB,25
DO,46
OT,23
DM,32
DM,32
PP,15
PP,17
PP,17
OL,27
OT,21
PP,15
DO,62
PB,33
PP,17
DO,56
OT,26
DM,41
OT,26
DM,49
PF,7
PB,38
PB,49
PB,28
PB,23
PB,30
PB,25
PB,33
PB,49
PB,45
PB,44
PP,18
PB,24
DO,41
PP,14
DO,40
PP,17
DO,60
PB,28
DO,50
PB,46
PP,14
OT,21
PB,30
PB,39
PB,26
PB,46
PB,28
PP,17
PB,30
PB,24
OT,22
DM,47
DM,48
OL,21
PB,28
DM,53
OT,25
PB,37
DO,62
PB,24
DO,57
PB,27
OT,20
DO,63
PP,14
DO,43
PB,35
PB,22
PB,44
DO,57
PB,53
PB,36
OT,18
PB,43
PB,18
PB,20
DO,65
OT,26
PB,34
OT,23
DM,45
DM,53
DM,52
DM,43
DM,50
DM,51
DM,44
PF,7
PB,27
PB,31
DO,42
PB,36
PB,33
PB,30
PB,22
PB,38
DO,56
PB,31
PP,18
PB,29
OT,24
DO,42
OT,17
PB,37
OT,14
DO,24
OT,19
PB,14
PB,22
DO,42
DO,30
DO,45
OT,13
NL,196
DO,49
PE,28
PP,14
PB,27
OT,19
PB,28
PB,28
PB,38
PB,43
PE,21
DM,48
PB,41
NL,248
OT,25
DM,46
PB,29
PB,30
DM,46
DM,40
DM,44
PB,30
PB,38
PB,31
PB,31
PB,28
PB,33
PB,23
PB,28
PB,31
PB,28
PB,29
NL,154
PB,34
PB,51
PB,25
PB,32
PB,38
PP,13
PB,34
PB,31
DM,46
DO,52
DM,33
DO,48
PB,30
DM,46
PB,43
PP,14
PE,23
NL,212
PB,24
PB,37
PB,39
DM,41
PB,27
PB,35
PB,32
PB,43
PB,34
PB,41
PB,27
PB,37
PB,26
PB,31
PB,30
PB,34
PB,29
OT,23
PB,26
PB,34
PB,47
PB,24
PB,27
PB,38
PP,15
PB,27
OT,23
PP,15
OT,28
PE,25
NL,225
PB,26
PB,38
PB,29
PB,36
PB,49
PB,30
PB,25
PB,43
PB,26
PB,34
PB,46
PP,14
DO,33
DO,45
PB,24
PB,29
PF,6
PP,14
DO,54
DO,52
OT,21
OT,22
OT,21
PF,6
PB,27
DO,50
PB,45
PB,30
PB,30
PB,27
PB,26
PB,38
PB,33
PB,45
DO,49
OT,24
PB,37
PB,32
DM,41
PP,18
DO,53
DM,38
OL,27
PP,16
OT,23
PB,32
PP,17
PB,26
SF,82
DO,59
PB,30
OT,25
DM,48
DM,52
DM,49
DM,42
OT,28
PB,24
DM,50
PB,24
DO,63
DO,60
DO,51
PB,25
DO,57
DO,44
PB,27
PB,26
OT,21
PB,30
PB,33
PB,36
PB,49
DO,39
OT,22
PB,42
DO,56
PB,35
DM,49
DM,48
DM,50
DM,53
DM,41
DM,47
DM,50
PB,38
PB,25
PE,20
PB,36
PB,31
PB,38
PB,29
PB,32
PB,30
PB,30
PP,19
OT,22
PB,48
OT,22
DO,53
DO,52
DO,52
DO,40
PP,19
PB,49
OT,23
PB,46
DM,34
PB,27
PB,29
PB,36
PP,14
RO,12
PB,39
PB,26
PB,44
PB,37
PP,13
PB,30
DM,48
DO,58
DM,36
DO,49
DO,51
NL,200
PB,26
SF,45
PP,15
PB,35
RO,10
PB,35
PB,33
PB,26
PP,16
PE,22
PB,30
PB,32
PB,29
PB,49
PB,29
PB,25
PB,28
PB,27
PB,30
NL,150
DM,32
DM,42
PB,31
PB,29
DM,44
DM,47
PB,30
PB,38
DM,47
DM,39
PB,33
PB,29
PB,45
PB,42
PB,25
PB,47
PB,29
PB,26
PB,45
PB,32
NL,148
PB,29
PB,42
PB,26
PB,31
PB,35
PB,30
PB,27
PB,26
PB,35
DM,41
PB,46
PB,26
PB,39
PB,39
OL,26
SF,50
PB,36
PB,30
NL,224
OT,23
PB,31
DO,47
DO,61
OT,26
DO,46
RO,13
PE,23
PB,24
PE,19
PB,46
PB,26
PB,34
PB,43
OT,27
DO,53
DO,47
PB,28
PB,28
DO,48
PP,16
DO,32
PB,27
OT,24
PF,8
PB,36
PB,35
PB,47
PB,30
PP,18
DO,52
DM,42
DO,38
DM,49
SF,36
DM,48
DM,45
DM,44
PB,27
OL,26
OT,24
DO,43
PB,25
DM,43
DM,48
DM,56
DM,53
DM,42
DM,46
PB,31
SF,68
PB,23
PB,31
PB,29
PB,34
RM,14
DO,51
